x,y,z
-5.0,-5.0,12.642411176571153
-4.9,-5.0,12.816406058863894
-4.8,-5.0,13.289394880814854
-4.7,-5.0,13.72745258839417
-4.6,-5.0,13.96660076036068
-4.5,-5.0,13.993625032942882
-4.4,-5.0,13.820456370551573
-4.3,-5.0,13.435255205909508
-4.2,-5.0,12.851327347181748
-4.1,-5.0,12.232742753298032
-4.0,-5.0,11.913518152857637
-3.9,-5.0,12.089880735310784
-3.8,-5.0,12.565713630021115
-3.7,-5.0,13.007110411955244
-3.5999999999999996,-5.0,13.250111393651359
-3.5,-5.0,13.281520986270928
-3.4,-5.0,13.11328889946921
-3.3,-5.0,12.73359420315658
-3.2,-5.0,12.155761148466503
-3.0999999999999996,-5.0,11.543877848911533
-3.0,-5.0,11.231978796979323
-2.9,-5.0,11.41630844481025
-2.8,-5.0,11.900766564610436
-2.6999999999999997,-5.0,12.351462627713314
-2.5999999999999996,-5.0,12.604451962243326
-2.5,-5.0,12.646552972638574
-2.4,-5.0,12.48972819138796
-2.3,-5.0,12.122168186856864
-2.1999999999999997,-5.0,11.557207225514446
-2.0999999999999996,-5.0,10.958941790747236
-2.0,-5.0,10.661412934927588
-1.9,-5.0,10.860869695011637
-1.7999999999999998,-5.0,11.361214289168212
-1.6999999999999997,-5.0,11.828556335406152
-1.5999999999999996,-5.0,12.098948854400351
-1.5,-5.0,12.159205342190257
-1.4,-5.0,12.021280685664069
-1.2999999999999998,-5.0,11.673354947363217
-1.1999999999999997,-5.0,11.128748920637596
-1.0999999999999996,-5.0,10.551542560057083
-1.0,-5.0,10.275757266411311
-0.8999999999999995,-5.0,10.497619259112426
-0.7999999999999998,-5.0,11.021004755847796
-0.7000000000000002,-5.0,11.511994202528943
-0.5999999999999996,-5.0,11.806608317475751
-0.5,-5.0,11.891625236838896
-0.39999999999999947,-5.0,11.778961535028547
-0.2999999999999998,-5.0,11.456756147008575
-0.1999999999999993,-5.0,10.938286093236474
-0.09999999999999964,-5.0,10.38758511129848
0.0,-5.0,10.138626172095204
0.10000000000000053,-5.0,10.387585111298483
0.20000000000000018,-5.0,10.938286093236478
0.3000000000000007,-5.0,11.456756147008578
0.40000000000000036,-5.0,11.778961535028547
0.5,-5.0,11.891625236838896
0.6000000000000005,-5.0,11.80660831747575
0.7000000000000002,-5.0,11.511994202528943
0.8000000000000007,-5.0,11.021004755847793
0.9000000000000004,-5.0,10.497619259112424
1.0,-5.0,10.275757266411311
1.1000000000000005,-5.0,10.551542560057086
1.2000000000000002,-5.0,11.128748920637598
1.3000000000000007,-5.0,11.67335494736322
1.4000000000000004,-5.0,12.021280685664069
1.5,-5.0,12.159205342190257
1.6000000000000005,-5.0,12.098948854400351
1.7000000000000002,-5.0,11.82855633540615
1.8000000000000007,-5.0,11.361214289168206
1.9000000000000004,-5.0,10.860869695011635
2.0,-5.0,10.661412934927588
2.1000000000000005,-5.0,10.95894179074724
2.2,-5.0,11.55720722551445
2.3000000000000007,-5.0,12.12216818685687
2.4000000000000004,-5.0,12.489728191387961
2.5,-5.0,12.646552972638574
2.6000000000000005,-5.0,12.604451962243326
2.7,-5.0,12.351462627713314
2.8000000000000007,-5.0,11.900766564610432
2.9000000000000004,-5.0,11.416308444810248
3.0,-5.0,11.231978796979323
3.0999999999999996,-5.0,11.543877848911533
3.200000000000001,-5.0,12.155761148466508
3.3000000000000007,-5.0,12.733594203156581
3.4000000000000004,-5.0,13.113288899469211
3.5,-5.0,13.281520986270928
3.5999999999999996,-5.0,13.250111393651359
3.700000000000001,-5.0,13.007110411955242
3.8000000000000007,-5.0,12.565713630021115
3.9000000000000004,-5.0,12.089880735310782
4.0,-5.0,11.913518152857637
4.1,-5.0,12.232742753298032
4.200000000000001,-5.0,12.851327347181755
4.300000000000001,-5.0,13.435255205909511
4.4,-5.0,13.820456370551573
4.5,-5.0,13.993625032942882
4.600000000000001,-5.0,13.966600760360677
4.700000000000001,-5.0,13.727452588394167
4.800000000000001,-5.0,13.289394880814852
4.9,-5.0,12.816406058863894
5.0,-5.0,12.642411176571153
-5.0,-4.9,12.816406058863894
-4.9,-4.9,12.96636048522906
-4.8,-4.9,13.388059428250815
-4.7,-4.9,13.777993740082389
-4.6,-4.9,13.987123441535804
-4.5,-4.9,14.00344218755902
-4.4,-4.9,13.837799135826392
-4.3,-4.9,13.479438053889444
-4.2,-4.9,12.94045827096013
-4.1,-4.9,12.369992866955641
-4.0,-4.9,12.071644262058816
-3.9,-4.9,12.223774664555384
-3.8,-4.9,12.648134832132694
-3.7,-4.9,13.04123530662636
-3.5999999999999996,-4.9,13.25405596047521
-3.5,-4.9,13.27461039795686
-3.4,-4.9,13.113767751719742
-3.3,-4.9,12.760791709666094
-3.2,-4.9,12.22780137790864
-3.0999999999999996,-4.9,11.663949372137065
-3.0,-4.9,11.372857300427192
-2.9,-4.9,11.532906095121056
-2.8,-4.9,11.965864648935696
-2.6999999999999997,-4.9,12.368260915385157
-2.5999999999999996,-4.9,12.591091312018698
-2.5,-4.9,12.622384969954577
-2.4,-4.9,12.473025370816334
-2.3,-4.9,12.132289206920035
-2.1999999999999997,-4.9,11.612307071449166
-2.0999999999999996,-4.9,11.062241372201772
-2.0,-4.9,10.785721633436843
-1.9,-4.9,10.961134645194747
-1.7999999999999998,-4.9,11.41025291724919
-1.6999999999999997,-4.9,11.82960560002262
-1.5999999999999996,-4.9,12.070187713449783
-1.5,-4.9,12.120024229962667
-1.4,-4.9,11.98999155557894
-1.2999999999999998,-4.9,11.669356247957392
-1.1999999999999997,-4.9,11.170235581261307
-1.0999999999999996,-4.9,10.641775354547256
-1.0,-4.9,10.38758511129848
-0.8999999999999995,-4.9,10.5860282324521
-0.7999999999999998,-4.9,11.058850362851524
-0.7000000000000002,-4.9,11.502550335943113
-0.5999999999999996,-4.9,11.768089439814789
-0.5,-4.9,11.843455572404405
-0.39999999999999947,-4.9,11.739484830976744
-0.2999999999999998,-4.9,11.445400375242658
-0.1999999999999993,-4.9,10.973273173807671
-0.09999999999999964,-4.9,10.47220002981044
0.0,-4.9,10.245739051787993
0.10000000000000053,-4.9,10.472200029810443
0.20000000000000018,-4.9,10.973273173807675
0.3000000000000007,-4.9,11.445400375242661
0.40000000000000036,-4.9,11.739484830976746
0.5,-4.9,11.843455572404405
0.6000000000000005,-4.9,11.768089439814787
0.7000000000000002,-4.9,11.502550335943113
0.8000000000000007,-4.9,11.058850362851521
0.9000000000000004,-4.9,10.586028232452096
1.0,-4.9,10.38758511129848
1.1000000000000005,-4.9,10.64177535454726
1.2000000000000002,-4.9,11.17023558126131
1.3000000000000007,-4.9,11.669356247957396
1.4000000000000004,-4.9,11.98999155557894
1.5,-4.9,12.120024229962667
1.6000000000000005,-4.9,12.070187713449782
1.7000000000000002,-4.9,11.829605600022617
1.8000000000000007,-4.9,11.410252917249185
1.9000000000000004,-4.9,10.961134645194745
2.0,-4.9,10.785721633436843
2.1000000000000005,-4.9,11.062241372201777
2.2,-4.9,11.61230707144917
2.3000000000000007,-4.9,12.132289206920039
2.4000000000000004,-4.9,12.473025370816334
2.5,-4.9,12.622384969954577
2.6000000000000005,-4.9,12.591091312018696
2.7,-4.9,12.368260915385157
2.8000000000000007,-4.9,11.965864648935693
2.9000000000000004,-4.9,11.532906095121056
3.0,-4.9,11.372857300427192
3.0999999999999996,-4.9,11.663949372137065
3.200000000000001,-4.9,12.227801377908646
3.3000000000000007,-4.9,12.760791709666098
3.4000000000000004,-4.9,13.113767751719742
3.5,-4.9,13.27461039795686
3.5999999999999996,-4.9,13.25405596047521
3.700000000000001,-4.9,13.041235306626358
3.8000000000000007,-4.9,12.648134832132694
3.9000000000000004,-4.9,12.223774664555382
4.0,-4.9,12.071644262058816
4.1,-4.9,12.369992866955641
4.200000000000001,-4.9,12.94045827096014
4.300000000000001,-4.9,13.47943805388945
4.4,-4.9,13.837799135826392
4.5,-4.9,14.00344218755902
4.600000000000001,-4.9,13.987123441535804
4.700000000000001,-4.9,13.777993740082385
4.800000000000001,-4.9,13.388059428250815
4.9,-4.9,12.96636048522906
5.0,-4.9,12.816406058863894
-5.0,-4.8,13.289394880814854
-4.9,-4.8,13.388059428250815
-4.8,-4.8,13.698338590858068
-4.7,-4.8,13.983868433194651
-4.6,-4.8,14.128586219463543
-4.5,-4.8,14.123151620106317
-4.4,-4.8,13.976024707652575
-4.3,-4.8,13.678839791867256
-4.2,-4.8,13.241031656272629
-4.1,-4.8,12.778757632597346
-4.0,-4.8,12.528476461737933
-3.9,-4.8,12.629110284181985
-3.8,-4.8,12.941852545084206
-3.7,-4.8,13.230360098037075
-3.5999999999999996,-4.8,13.378591221582944
-3.5,-4.8,13.37722676137425
-3.4,-4.8,13.234748053148879
-3.3,-4.8,12.942810676080974
-3.2,-4.8,12.510870598140745
-3.0999999999999996,-4.8,12.055106149626608
-3.0,-4.8,11.811996773136192
-2.9,-4.8,11.920484892695903
-2.8,-4.8,12.241783687120098
-2.6999999999999997,-4.8,12.539569051652467
-2.5999999999999996,-4.8,12.697817462101638
-2.5,-4.8,12.70722695472031
-2.4,-4.8,12.576294877539464
-2.3,-4.8,12.29669146348693
-2.1999999999999997,-4.8,11.877885787939839
-2.0999999999999996,-4.8,11.43606754815603
-2.0,-4.8,11.207725614414796
-1.9,-4.8,11.33180969744345
-1.7999999999999998,-4.8,11.669537919355358
-1.6999999999999997,-4.8,11.98458857460212
-1.5999999999999996,-4.8,12.160937797885913
-1.5,-4.8,12.18928035527811
-1.4,-4.8,12.078107217482845
-1.2999999999999998,-4.8,11.819078968988451
-1.1999999999999997,-4.8,11.421651619300084
-1.0999999999999996,-4.8,11.001998257304807
-1.0,-4.8,10.79658750218871
-0.8999999999999995,-4.8,10.944345098965712
-0.7999999999999998,-4.8,11.306461449123569
-0.7000000000000002,-4.8,11.646583365864393
-0.5999999999999996,-4.8,11.848651773450097
-0.5,-4.8,11.903322568951221
-0.39999999999999947,-4.8,11.8190443067809
-0.2999999999999998,-4.8,11.58743176050487
-0.1999999999999993,-4.8,11.217891928102452
-0.09999999999999964,-4.8,10.826545920892473
0.0,-4.8,10.649807687858152
0.10000000000000053,-4.8,10.826545920892476
0.20000000000000018,-4.8,11.217891928102455
0.3000000000000007,-4.8,11.587431760504874
0.40000000000000036,-4.8,11.819044306780901
0.5,-4.8,11.903322568951221
0.6000000000000005,-4.8,11.848651773450095
0.7000000000000002,-4.8,11.646583365864393
0.8000000000000007,-4.8,11.306461449123566
0.9000000000000004,-4.8,10.944345098965709
1.0,-4.8,10.79658750218871
1.1000000000000005,-4.8,11.00199825730481
1.2000000000000002,-4.8,11.421651619300086
1.3000000000000007,-4.8,11.819078968988455
1.4000000000000004,-4.8,12.078107217482845
1.5,-4.8,12.18928035527811
1.6000000000000005,-4.8,12.16093779788591
1.7000000000000002,-4.8,11.984588574602117
1.8000000000000007,-4.8,11.669537919355353
1.9000000000000004,-4.8,11.33180969744345
2.0,-4.8,11.207725614414796
2.1000000000000005,-4.8,11.436067548156036
2.2,-4.8,11.87788578793984
2.3000000000000007,-4.8,12.296691463486933
2.4000000000000004,-4.8,12.576294877539466
2.5,-4.8,12.70722695472031
2.6000000000000005,-4.8,12.697817462101636
2.7,-4.8,12.539569051652467
2.8000000000000007,-4.8,12.241783687120096
2.9000000000000004,-4.8,11.920484892695901
3.0,-4.8,11.811996773136192
3.0999999999999996,-4.8,12.055106149626608
3.200000000000001,-4.8,12.51087059814075
3.3000000000000007,-4.8,12.942810676080978
3.4000000000000004,-4.8,13.23474805314888
3.5,-4.8,13.37722676137425
3.5999999999999996,-4.8,13.378591221582944
3.700000000000001,-4.8,13.230360098037071
3.8000000000000007,-4.8,12.941852545084206
3.9000000000000004,-4.8,12.629110284181984
4.0,-4.8,12.528476461737933
4.1,-4.8,12.778757632597346
4.200000000000001,-4.8,13.241031656272634
4.300000000000001,-4.8,13.678839791867258
4.4,-4.8,13.976024707652575
4.5,-4.8,14.123151620106317
4.600000000000001,-4.8,14.128586219463541
4.700000000000001,-4.8,13.983868433194647
4.800000000000001,-4.8,13.698338590858068
4.9,-4.8,13.388059428250815
5.0,-4.8,13.289394880814854
-5.0,-4.7,13.72745258839417
-4.9,-4.7,13.777993740082389
-4.8,-4.7,13.983868433194651
-4.7,-4.7,14.171556828099627
-4.6,-4.7,14.255861007020663
-4.5,-4.7,14.229935872734975
-4.4,-4.7,14.100005450257079
-4.3,-4.7,13.859941471421998
-4.2,-4.7,13.516684875814516
-4.1,-4.7,13.15552959315828
-4.0,-4.7,12.950091725805953
-3.9,-4.7,13.002379800646597
-3.8,-4.7,13.210503455895235
-3.7,-4.7,13.400964777582184
-3.5999999999999996,-4.7,13.488588068848792
-3.5,-4.7,13.466550684516909
-3.4,-4.7,13.341099259564164
-3.3,-4.7,13.10612821083811
-3.2,-4.7,12.768601144905887
-3.0999999999999996,-4.7,12.41383453665301
-3.0,-4.7,12.215466796839795
-2.9,-4.7,12.27552839758725
-2.8,-4.7,12.492150421024224
-2.6999999999999997,-4.7,12.691855745816266
-2.5999999999999996,-4.7,12.789488654748451
-2.5,-4.7,12.778245496085745
-2.4,-4.7,12.66439072781851
-2.3,-4.7,12.441835224849362
-2.1999999999999997,-4.7,12.117557483016572
-2.0999999999999996,-4.7,11.776887085866496
-2.0,-4.7,11.593473554004662
-1.9,-4.7,11.669356247957396
-1.7999999999999998,-4.7,11.902672692084916
-1.6999999999999997,-4.7,12.119949536926221
-1.5999999999999996,-4.7,12.236031946150806
-1.5,-4.7,12.24411404416646
-1.4,-4.7,12.150454757106958
-1.2999999999999998,-4.7,11.948955931115906
-1.1999999999999997,-4.7,11.646583365864393
-1.0999999999999996,-4.7,11.328650133364013
-1.0,-4.7,11.168785306070118
-0.8999999999999995,-4.7,11.26900376928578
-0.7999999999999998,-4.7,11.52741448928528
-0.7000000000000002,-4.7,11.770511458093958
-0.5999999999999996,-4.7,11.91310310420886
-0.5,-4.7,11.948342807847796
-0.39999999999999947,-4.7,11.88244485529976
-0.2999999999999998,-4.7,11.70926271734541
-0.1999999999999993,-4.7,11.435710289851565
-0.09999999999999964,-4.7,11.147045465813184
0.0,-4.7,11.01683916105473
0.10000000000000053,-4.7,11.147045465813186
0.20000000000000018,-4.7,11.435710289851569
0.3000000000000007,-4.7,11.709262717345412
0.40000000000000036,-4.7,11.882444855299761
0.5,-4.7,11.948342807847796
0.6000000000000005,-4.7,11.913103104208858
0.7000000000000002,-4.7,11.770511458093958
0.8000000000000007,-4.7,11.527414489285276
0.9000000000000004,-4.7,11.269003769285778
1.0,-4.7,11.168785306070118
1.1000000000000005,-4.7,11.328650133364015
1.2000000000000002,-4.7,11.646583365864394
1.3000000000000007,-4.7,11.948955931115908
1.4000000000000004,-4.7,12.150454757106958
1.5,-4.7,12.24411404416646
1.6000000000000005,-4.7,12.236031946150806
1.7000000000000002,-4.7,12.11994953692622
1.8000000000000007,-4.7,11.902672692084915
1.9000000000000004,-4.7,11.669356247957394
2.0,-4.7,11.593473554004662
2.1000000000000005,-4.7,11.7768870858665
2.2,-4.7,12.117557483016574
2.3000000000000007,-4.7,12.441835224849363
2.4000000000000004,-4.7,12.66439072781851
2.5,-4.7,12.778245496085745
2.6000000000000005,-4.7,12.78948865474845
2.7,-4.7,12.691855745816266
2.8000000000000007,-4.7,12.492150421024224
2.9000000000000004,-4.7,12.275528397587248
3.0,-4.7,12.215466796839795
3.0999999999999996,-4.7,12.41383453665301
3.200000000000001,-4.7,12.76860114490589
3.3000000000000007,-4.7,13.106128210838111
3.4000000000000004,-4.7,13.341099259564166
3.5,-4.7,13.466550684516909
3.5999999999999996,-4.7,13.488588068848792
3.700000000000001,-4.7,13.40096477758218
3.8000000000000007,-4.7,13.210503455895235
3.9000000000000004,-4.7,13.002379800646596
4.0,-4.7,12.950091725805953
4.1,-4.7,13.15552959315828
4.200000000000001,-4.7,13.51668487581452
4.300000000000001,-4.7,13.859941471422001
4.4,-4.7,14.100005450257079
4.5,-4.7,14.229935872734975
4.600000000000001,-4.7,14.255861007020663
4.700000000000001,-4.7,14.171556828099627
4.800000000000001,-4.7,13.98386843319465
4.9,-4.7,13.777993740082389
5.0,-4.7,13.72745258839417
-5.0,-4.6,13.96660076036068
-4.9,-4.6,13.987123441535804
-4.8,-4.6,14.128586219463543
-4.7,-4.6,14.255861007020663
-4.6,-4.6,14.302605427560742
-4.5,-4.6,14.263498889145335
-4.4,-4.6,14.143399606965417
-4.3,-4.6,13.937546402401589
-4.2,-4.6,13.651357004469064
-4.1,-4.6,13.351271126396904
-4.0,-4.6,13.172514487383365
-3.9,-4.6,13.194545412812955
-3.8,-4.6,13.338026267570076
-3.7,-4.6,13.467852062192243
-3.5999999999999996,-4.6,13.517703889875085
-3.5,-4.6,13.482284937455805
-3.4,-4.6,13.366477434863732
-3.3,-4.6,13.16554437079141
-3.2,-4.6,12.884927699662484
-3.0999999999999996,-4.6,12.591091312018696
-3.0,-4.6,12.419284937803003
-2.9,-4.6,12.448990615345037
-2.8,-4.6,12.600893980315227
-2.6999999999999997,-4.6,12.73991271416121
-2.5999999999999996,-4.6,12.799749809979318
-2.5,-4.6,12.775129399090964
-2.4,-4.6,12.670953503192347
-2.3,-4.6,12.482503540482004
-2.1999999999999997,-4.6,12.21523831179895
-2.0999999999999996,-4.6,11.935636740187787
-2.0,-4.6,11.778961535028548
-1.9,-4.6,11.824705415588861
-1.7999999999999998,-4.6,11.99356215072322
-1.6999999999999997,-4.6,12.150454757106958
-1.5999999999999996,-4.6,12.229088517243087
-1.5,-4.6,12.224186564192438
-1.4,-4.6,12.140646401939234
-1.2999999999999998,-4.6,11.973741194155105
-1.1999999999999997,-4.6,11.728917552001095
-1.0999999999999996,-4.6,11.472638099154787
-1.0,-4.6,11.34014499003266
-0.8999999999999995,-4.6,11.410906020840436
-0.7999999999999998,-4.6,11.605585594761106
-0.7000000000000002,-4.6,11.789072887919405
-0.5999999999999996,-4.6,11.89503488112822
-0.5,-4.6,11.918152007500282
-0.39999999999999947,-4.6,11.863274787190702
-0.2999999999999998,-4.6,11.725625283474233
-0.1999999999999993,-4.6,11.510595111211648
-0.09999999999999964,-4.6,11.28458827519347
0.0,-4.6,11.182785012462768
0.10000000000000053,-4.6,11.284588275193471
0.20000000000000018,-4.6,11.51059511121165
0.3000000000000007,-4.6,11.725625283474233
0.40000000000000036,-4.6,11.863274787190702
0.5,-4.6,11.918152007500282
0.6000000000000005,-4.6,11.89503488112822
0.7000000000000002,-4.6,11.789072887919405
0.8000000000000007,-4.6,11.605585594761104
0.9000000000000004,-4.6,11.410906020840434
1.0,-4.6,11.34014499003266
1.1000000000000005,-4.6,11.47263809915479
1.2000000000000002,-4.6,11.728917552001096
1.3000000000000007,-4.6,11.973741194155107
1.4000000000000004,-4.6,12.140646401939234
1.5,-4.6,12.224186564192438
1.6000000000000005,-4.6,12.229088517243088
1.7000000000000002,-4.6,12.150454757106958
1.8000000000000007,-4.6,11.99356215072322
1.9000000000000004,-4.6,11.82470541558886
2.0,-4.6,11.778961535028548
2.1000000000000005,-4.6,11.935636740187789
2.2,-4.6,12.215238311798952
2.3000000000000007,-4.6,12.482503540482007
2.4000000000000004,-4.6,12.670953503192349
2.5,-4.6,12.775129399090964
2.6000000000000005,-4.6,12.799749809979316
2.7,-4.6,12.73991271416121
2.8000000000000007,-4.6,12.600893980315227
2.9000000000000004,-4.6,12.448990615345036
3.0,-4.6,12.419284937803003
3.0999999999999996,-4.6,12.591091312018696
3.200000000000001,-4.6,12.884927699662486
3.3000000000000007,-4.6,13.16554437079141
3.4000000000000004,-4.6,13.366477434863732
3.5,-4.6,13.482284937455805
3.5999999999999996,-4.6,13.517703889875085
3.700000000000001,-4.6,13.467852062192241
3.8000000000000007,-4.6,13.338026267570074
3.9000000000000004,-4.6,13.194545412812953
4.0,-4.6,13.172514487383365
4.1,-4.6,13.351271126396904
4.200000000000001,-4.6,13.651357004469066
4.300000000000001,-4.6,13.93754640240159
4.4,-4.6,14.143399606965417
4.5,-4.6,14.263498889145335
4.600000000000001,-4.6,14.30260542756074
4.700000000000001,-4.6,14.25586100702066
4.800000000000001,-4.6,14.128586219463541
4.9,-4.6,13.987123441535804
5.0,-4.6,13.96660076036068
-5.0,-4.5,13.993625032942882
-4.9,-4.5,14.00344218755902
-4.8,-4.5,14.123151620106317
-4.7,-4.5,14.229935872734975
-4.6,-4.5,14.263498889145335
-4.5,-4.5,14.21900919247562
-4.4,-4.5,14.100887389399437
-4.3,-4.5,13.904811081548651
-4.2,-4.5,13.635710070773184
-4.1,-4.5,13.353978970163466
-4.0,-4.5,13.182534138149894
-3.9,-4.5,13.19360385625669
-3.8,-4.5,13.315082988555455
-3.7,-4.5,13.424178379747518
-3.5999999999999996,-4.5,13.460618732529399
-3.5,-4.5,13.419597723783458
-3.4,-4.5,13.305561436612068
-3.3,-4.5,13.11421318851135
-3.2,-4.5,12.850508641391484
-3.0999999999999996,-4.5,12.574868304597981
-3.0,-4.5,12.410234347531583
-2.9,-4.5,12.428860641807093
-2.8,-4.5,12.558667270467385
-2.6999999999999997,-4.5,12.676885760792441
-2.5999999999999996,-4.5,12.723268781143453
-2.5,-4.5,12.693033061382796
-2.4,-4.5,12.590646614140013
-2.3,-4.5,12.411833337766517
-2.1999999999999997,-4.5,12.161567887569356
-2.0999999999999996,-4.5,11.900287927739168
-2.0,-4.5,11.750950682245877
-1.9,-4.5,11.785822706766414
-1.7999999999999998,-4.5,11.932834121758058
-1.6999999999999997,-4.5,12.069223566303913
-1.5999999999999996,-4.5,12.134747616749658
-1.5,-4.5,12.12462343373197
-1.4,-4.5,12.043315719379581
-1.2999999999999998,-4.5,11.886541070442133
-1.1999999999999997,-4.5,11.659262619180687
-1.0999999999999996,-4.5,11.421902079916581
-1.0,-4.5,11.29739612511602
-0.8999999999999995,-4.5,11.357986018664553
-0.7999999999999998,-4.5,11.531571751865492
-0.7000000000000002,-4.5,11.69535694686973
-0.5999999999999996,-4.5,11.789058276118006
-0.5,-4.5,11.807848165256003
-0.39999999999999947,-4.5,11.756141864283189
-0.2999999999999998,-4.5,11.629601974625285
-0.1999999999999993,-4.5,11.433133324710278
-0.09999999999999964,-4.5,11.227095311388446
0.0,-4.5,11.134358629140673
0.10000000000000053,-4.5,11.227095311388448
0.20000000000000018,-4.5,11.43313332471028
0.3000000000000007,-4.5,11.629601974625285
0.40000000000000036,-4.5,11.756141864283189
0.5,-4.5,11.807848165256003
0.6000000000000005,-4.5,11.789058276118006
0.7000000000000002,-4.5,11.69535694686973
0.8000000000000007,-4.5,11.53157175186549
0.9000000000000004,-4.5,11.357986018664555
1.0,-4.5,11.29739612511602
1.1000000000000005,-4.5,11.421902079916583
1.2000000000000002,-4.5,11.659262619180689
1.3000000000000007,-4.5,11.886541070442135
1.4000000000000004,-4.5,12.043315719379581
1.5,-4.5,12.12462343373197
1.6000000000000005,-4.5,12.134747616749658
1.7000000000000002,-4.5,12.069223566303911
1.8000000000000007,-4.5,11.932834121758056
1.9000000000000004,-4.5,11.785822706766414
2.0,-4.5,11.750950682245877
2.1000000000000005,-4.5,11.900287927739171
2.2,-4.5,12.161567887569358
2.3000000000000007,-4.5,12.411833337766518
2.4000000000000004,-4.5,12.590646614140013
2.5,-4.5,12.693033061382796
2.6000000000000005,-4.5,12.723268781143455
2.7,-4.5,12.676885760792441
2.8000000000000007,-4.5,12.558667270467383
2.9000000000000004,-4.5,12.428860641807091
3.0,-4.5,12.410234347531583
3.0999999999999996,-4.5,12.574868304597981
3.200000000000001,-4.5,12.850508641391485
3.3000000000000007,-4.5,13.11421318851135
3.4000000000000004,-4.5,13.305561436612068
3.5,-4.5,13.419597723783458
3.5999999999999996,-4.5,13.460618732529399
3.700000000000001,-4.5,13.424178379747516
3.8000000000000007,-4.5,13.315082988555453
3.9000000000000004,-4.5,13.19360385625669
4.0,-4.5,13.182534138149894
4.1,-4.5,13.353978970163466
4.200000000000001,-4.5,13.635710070773188
4.300000000000001,-4.5,13.904811081548655
4.4,-4.5,14.100887389399437
4.5,-4.5,14.21900919247562
4.600000000000001,-4.5,14.263498889145334
4.700000000000001,-4.5,14.229935872734973
4.800000000000001,-4.5,14.123151620106317
4.9,-4.5,14.00344218755902
5.0,-4.5,13.993625032942882
-5.0,-4.4,13.820456370551573
-4.9,-4.4,13.837799135826392
-4.8,-4.4,13.976024707652575
-4.7,-4.4,14.100005450257079
-4.6,-4.4,14.143399606965417
-4.5,-4.4,14.100887389399437
-4.4,-4.4,13.977328015619397
-4.3,-4.4,13.76796152562839
-4.2,-4.4,13.4782070999397
-4.1,-4.4,13.174506153894054
-4.0,-4.4,12.992086377686364
-3.9,-4.4,13.0104083552832
-3.8,-4.4,13.150137016736451
-3.7,-4.4,13.276170263479322
-3.5999999999999996,-4.4,13.322192424429634
-3.5,-4.4,13.28291028580722
-3.4,-4.4,13.163210058898997
-3.3,-4.4,12.958359113233314
-3.2,-4.4,12.673804199909675
-3.0999999999999996,-4.4,12.376014436837139
-3.0,-4.4,12.200245224950908
-2.9,-4.4,12.22598472776895
-2.8,-4.4,12.37392516807629
-2.6999999999999997,-4.4,12.508991280742732
-2.5999999999999996,-4.4,12.564893579095557
-2.5,-4.4,12.53636417757149
-2.4,-4.4,12.428313534966906
-2.3,-4.4,12.236031946150804
-2.1999999999999997,-4.4,11.964987507758176
-2.0999999999999996,-4.4,11.681668830807583
-2.0,-4.4,11.521348670970847
-1.9,-4.4,11.563530111026314
-1.7999999999999998,-4.4,11.728917552001096
-1.6999999999999997,-4.4,11.882444855299761
-1.5999999999999996,-4.4,11.957828297119285
-1.5,-4.4,11.94980208233464
-1.4,-4.4,11.863274787190704
-1.2999999999999998,-4.4,11.693530564190352
-1.1999999999999997,-4.4,11.446026840655572
-1.0999999999999996,-4.4,11.187236790197588
-1.0,-4.4,11.052412754318881
-0.8999999999999995,-4.4,11.121032255220586
-0.7999999999999998,-4.4,11.313768862728287
-0.7000000000000002,-4.4,11.495520263706112
-0.5999999999999996,-4.4,11.599961200780774
-0.5,-4.4,11.621779032309227
-0.39999999999999947,-4.4,11.565830286684008
-0.2999999999999998,-4.4,11.427342046927453
-0.1999999999999993,-4.4,11.211709898234961
-0.09999999999999964,-4.4,10.985340717362144
0.0,-4.4,10.88341647911267
0.10000000000000053,-4.4,10.985340717362146
0.20000000000000018,-4.4,11.211709898234963
0.3000000000000007,-4.4,11.427342046927455
0.40000000000000036,-4.4,11.565830286684008
0.5,-4.4,11.621779032309227
0.6000000000000005,-4.4,11.599961200780774
0.7000000000000002,-4.4,11.495520263706112
0.8000000000000007,-4.4,11.313768862728285
0.9000000000000004,-4.4,11.121032255220584
1.0,-4.4,11.052412754318881
1.1000000000000005,-4.4,11.18723679019759
1.2000000000000002,-4.4,11.446026840655573
1.3000000000000007,-4.4,11.693530564190354
1.4000000000000004,-4.4,11.863274787190704
1.5,-4.4,11.94980208233464
1.6000000000000005,-4.4,11.957828297119285
1.7000000000000002,-4.4,11.88244485529976
1.8000000000000007,-4.4,11.728917552001098
1.9000000000000004,-4.4,11.563530111026312
2.0,-4.4,11.521348670970847
2.1000000000000005,-4.4,11.681668830807585
2.2,-4.4,11.964987507758178
2.3000000000000007,-4.4,12.236031946150808
2.4000000000000004,-4.4,12.428313534966906
2.5,-4.4,12.53636417757149
2.6000000000000005,-4.4,12.564893579095557
2.7,-4.4,12.508991280742732
2.8000000000000007,-4.4,12.373925168076289
2.9000000000000004,-4.4,12.225984727768948
3.0,-4.4,12.200245224950908
3.0999999999999996,-4.4,12.376014436837139
3.200000000000001,-4.4,12.673804199909679
3.3000000000000007,-4.4,12.958359113233316
3.4000000000000004,-4.4,13.163210058898997
3.5,-4.4,13.28291028580722
3.5999999999999996,-4.4,13.322192424429634
3.700000000000001,-4.4,13.27617026347932
3.8000000000000007,-4.4,13.150137016736453
3.9000000000000004,-4.4,13.010408355283198
4.0,-4.4,12.992086377686364
4.1,-4.4,13.174506153894054
4.200000000000001,-4.4,13.478207099939704
4.300000000000001,-4.4,13.767961525628394
4.4,-4.4,13.977328015619397
4.5,-4.4,14.100887389399437
4.600000000000001,-4.4,14.143399606965417
4.700000000000001,-4.4,14.100005450257077
4.800000000000001,-4.4,13.976024707652574
4.9,-4.4,13.837799135826392
5.0,-4.4,13.820456370551573
-5.0,-4.3,13.435255205909508
-4.9,-4.3,13.479438053889444
-4.8,-4.3,13.678839791867256
-4.7,-4.3,13.859941471421998
-4.6,-4.3,13.937546402401589
-4.5,-4.3,13.904811081548651
-4.4,-4.3,13.76796152562839
-4.3,-4.3,13.520871888915071
-4.2,-4.3,13.17048599839465
-4.1,-4.3,12.802101171674614
-4.0,-4.3,12.589337436080216
-3.9,-4.3,12.634207818047004
-3.8,-4.3,12.834827068018635
-3.7,-4.3,13.017703035356364
-3.5999999999999996,-4.3,13.097666475995185
-3.5,-4.3,13.06790192487644
-3.4,-4.3,12.934663961281323
-3.3,-4.3,12.691855745816264
-3.2,-4.3,12.346450461287702
-3.0999999999999996,-4.3,11.98377502134242
-3.0,-4.3,11.777479164266289
-2.9,-4.3,11.829605600022619
-2.8,-4.3,12.038298574801619
-2.6999999999999997,-4.3,12.230095066780427
-2.5999999999999996,-4.3,12.31985439519711
-2.5,-4.3,12.300788874361974
-2.4,-4.3,12.179179840604089
-2.3,-4.3,11.948955931115904
-2.1999999999999997,-4.3,11.617114247545386
-2.0999999999999996,-4.3,11.269003769285776
-2.0,-4.3,11.078294135453417
-1.9,-4.3,11.147045465813184
-1.7999999999999998,-4.3,11.373416587732407
-1.6999999999999997,-4.3,11.583955886342967
-1.5999999999999996,-4.3,11.69353056419035
-1.5,-4.3,11.69535694686973
-1.4,-4.3,11.59571616820675
-1.2999999999999998,-4.3,11.388532120144331
-1.1999999999999997,-4.3,11.080792306945439
-1.0999999999999996,-4.3,10.757830975875695
-1.0,-4.3,10.593297650878881
-0.8999999999999995,-4.3,10.68922674715834
-0.7999999999999998,-4.3,10.94374564131905
-0.7000000000000002,-4.3,11.183365421506904
-0.5999999999999996,-4.3,11.322910110506015
-0.5,-4.3,11.355547004131918
-0.39999999999999947,-4.3,11.287502463203348
-0.2999999999999998,-4.3,11.112640047609474
-0.1999999999999993,-4.3,10.837881633839796
-0.09999999999999964,-4.3,10.548490888110662
0.0,-4.3,10.418042219649955
0.10000000000000053,-4.3,10.548490888110663
0.20000000000000018,-4.3,10.8378816338398
0.3000000000000007,-4.3,11.112640047609476
0.40000000000000036,-4.3,11.28750246320335
0.5,-4.3,11.355547004131918
0.6000000000000005,-4.3,11.322910110506015
0.7000000000000002,-4.3,11.183365421506904
0.8000000000000007,-4.3,10.943745641319047
0.9000000000000004,-4.3,10.689226747158337
1.0,-4.3,10.593297650878881
1.1000000000000005,-4.3,10.757830975875699
1.2000000000000002,-4.3,11.080792306945444
1.3000000000000007,-4.3,11.388532120144333
1.4000000000000004,-4.3,11.59571616820675
1.5,-4.3,11.69535694686973
1.6000000000000005,-4.3,11.693530564190349
1.7000000000000002,-4.3,11.583955886342967
1.8000000000000007,-4.3,11.373416587732406
1.9000000000000004,-4.3,11.147045465813182
2.0,-4.3,11.078294135453417
2.1000000000000005,-4.3,11.269003769285778
2.2,-4.3,11.617114247545388
2.3000000000000007,-4.3,11.948955931115908
2.4000000000000004,-4.3,12.179179840604089
2.5,-4.3,12.300788874361974
2.6000000000000005,-4.3,12.319854395197108
2.7,-4.3,12.230095066780429
2.8000000000000007,-4.3,12.038298574801617
2.9000000000000004,-4.3,11.829605600022617
3.0,-4.3,11.777479164266289
3.0999999999999996,-4.3,11.98377502134242
3.200000000000001,-4.3,12.346450461287706
3.3000000000000007,-4.3,12.691855745816266
3.4000000000000004,-4.3,12.934663961281323
3.5,-4.3,13.06790192487644
3.5999999999999996,-4.3,13.097666475995185
3.700000000000001,-4.3,13.017703035356362
3.8000000000000007,-4.3,12.834827068018635
3.9000000000000004,-4.3,12.634207818047003
4.0,-4.3,12.589337436080216
4.1,-4.3,12.802101171674614
4.200000000000001,-4.3,13.170485998394652
4.300000000000001,-4.3,13.520871888915071
4.4,-4.3,13.76796152562839
4.5,-4.3,13.904811081548651
4.600000000000001,-4.3,13.937546402401589
4.700000000000001,-4.3,13.859941471421998
4.800000000000001,-4.3,13.678839791867254
4.9,-4.3,13.479438053889444
5.0,-4.3,13.435255205909508
-5.0,-4.2,12.851327347181748
-4.9,-4.2,12.94045827096013
-4.8,-4.2,13.241031656272629
-4.7,-4.2,13.516684875814516
-4.6,-4.2,13.651357004469064
-4.5,-4.2,13.635710070773184
-4.4,-4.2,13.4782070999397
-4.3,-4.2,13.17048599839465
-4.2,-4.2,12.721985841778714
-4.1,-4.2,12.24886900278673
-4.0,-4.2,11.987600067193831
-3.9,-4.2,12.07710788071455
-3.8,-4.2,12.37859351150878
-3.7,-4.2,12.655722411916361
-3.5999999999999996,-4.2,12.792462492916265
-3.5,-4.2,12.77950532356714
-3.4,-4.2,12.62534410984039
-3.3,-4.2,12.321647501537491
-3.2,-4.2,11.87788578793984
-3.0999999999999996,-4.2,11.410252917249185
-3.0,-4.2,11.155245286860811
-2.9,-4.2,11.251823645848871
-2.8,-4.2,11.561220893286661
-2.6999999999999997,-4.2,11.847134054911105
-2.5999999999999996,-4.2,11.993562150723221
-2.5,-4.2,11.991227165101856
-2.4,-4.2,11.848651773450095
-2.3,-4.2,11.557532874030468
-2.1999999999999997,-4.2,11.127367486031233
-2.0999999999999996,-4.2,10.674374449821167
-2.0,-4.2,10.435072877916316
-1.9,-4.2,10.54844370017495
-1.7999999999999998,-4.2,10.87573708970344
-1.6999999999999997,-4.2,11.180664055621982
-1.5999999999999996,-4.2,11.347233919742399
-1.5,-4.2,11.366174894036602
-1.4,-4.2,11.246011419050754
-1.2999999999999998,-4.2,10.978437318853052
-1.1999999999999997,-4.2,10.572941341210006
-1.0999999999999996,-4.2,10.145728527206732
-1.0,-4.2,9.933298367539354
-0.8999999999999995,-4.2,10.074606097945257
-0.7999999999999998,-4.2,10.430869929204487
-0.7000000000000002,-4.2,10.76576250653337
-0.5999999999999996,-4.2,10.963248323507111
-0.5,-4.2,11.014004314560632
-0.39999999999999947,-4.2,10.926497292148268
-0.2999999999999998,-4.2,10.692357288511621
-0.1999999999999993,-4.2,10.321003373257257
-0.09999999999999964,-4.2,9.9285653913689
0.0,-4.2,9.751462577014422
0.10000000000000053,-4.2,9.928565391368904
0.20000000000000018,-4.2,10.32100337325726
0.3000000000000007,-4.2,10.692357288511625
0.40000000000000036,-4.2,10.926497292148268
0.5,-4.2,11.014004314560632
0.6000000000000005,-4.2,10.963248323507111
0.7000000000000002,-4.2,10.76576250653337
0.8000000000000007,-4.2,10.430869929204484
0.9000000000000004,-4.2,10.074606097945253
1.0,-4.2,9.933298367539354
1.1000000000000005,-4.2,10.145728527206735
1.2000000000000002,-4.2,10.57294134121001
1.3000000000000007,-4.2,10.978437318853057
1.4000000000000004,-4.2,11.246011419050754
1.5,-4.2,11.366174894036602
1.6000000000000005,-4.2,11.347233919742399
1.7000000000000002,-4.2,11.18066405562198
1.8000000000000007,-4.2,10.875737089703435
1.9000000000000004,-4.2,10.54844370017495
2.0,-4.2,10.435072877916316
2.1000000000000005,-4.2,10.674374449821173
2.2,-4.2,11.127367486031236
2.3000000000000007,-4.2,11.557532874030473
2.4000000000000004,-4.2,11.848651773450095
2.5,-4.2,11.991227165101856
2.6000000000000005,-4.2,11.99356215072322
2.7,-4.2,11.847134054911105
2.8000000000000007,-4.2,11.56122089328666
2.9000000000000004,-4.2,11.251823645848871
3.0,-4.2,11.155245286860811
3.0999999999999996,-4.2,11.410252917249185
3.200000000000001,-4.2,11.877885787939846
3.3000000000000007,-4.2,12.321647501537491
3.4000000000000004,-4.2,12.62534410984039
3.5,-4.2,12.77950532356714
3.5999999999999996,-4.2,12.792462492916265
3.700000000000001,-4.2,12.655722411916358
3.8000000000000007,-4.2,12.378593511508779
3.9000000000000004,-4.2,12.077107880714548
4.0,-4.2,11.987600067193831
4.1,-4.2,12.24886900278673
4.200000000000001,-4.2,12.721985841778718
4.300000000000001,-4.2,13.17048599839465
4.4,-4.2,13.4782070999397
4.5,-4.2,13.635710070773184
4.600000000000001,-4.2,13.65135700446906
4.700000000000001,-4.2,13.516684875814512
4.800000000000001,-4.2,13.241031656272627
4.9,-4.2,12.94045827096013
5.0,-4.2,12.851327347181748
-5.0,-4.1,12.232742753298032
-4.9,-4.1,12.369992866955641
-4.8,-4.1,12.778757632597346
-4.7,-4.1,13.15552959315828
-4.6,-4.1,13.351271126396904
-4.5,-4.1,13.353978970163466
-4.4,-4.1,13.174506153894054
-4.3,-4.1,12.802101171674614
-4.2,-4.1,12.24886900278673
-4.1,-4.1,11.66394937213706
-4.0,-4.1,11.350952413520297
-3.9,-4.1,11.488249193085121
-3.8,-4.1,11.897600547697504
-3.7,-4.1,12.275528397587244
-3.5999999999999996,-4.1,12.473025370816334
-3.5,-4.1,12.478119281787029
-3.4,-4.1,12.301695003308392
-3.3,-4.1,11.933033566126925
-3.2,-4.1,11.38427309033644
-3.0999999999999996,-4.1,10.804586939532868
-3.0,-4.1,10.49761925911242
-2.9,-4.1,10.641775354547255
-2.8,-4.1,11.058850362851523
-2.6999999999999997,-4.1,11.445400375242656
-2.5999999999999996,-4.1,11.652451847310076
-2.5,-4.1,11.668065837900736
-2.4,-4.1,11.503159615521366
-2.3,-4.1,11.14704546581318
-2.1999999999999997,-4.1,10.611891304620118
-2.0999999999999996,-4.1,10.046898488169226
-2.0,-4.1,9.755736983056257
-1.9,-4.1,9.91683535390002
-1.7999999999999998,-4.1,10.352009024731267
-1.6999999999999997,-4.1,10.757830975875697
-1.5999999999999996,-4.1,10.985340717362144
-1.5,-4.1,11.022608085787878
-1.4,-4.1,10.880554410177023
-1.2999999999999998,-4.1,10.54849088811066
-1.1999999999999997,-4.1,10.03857878528882
-1.0999999999999996,-4.1,9.500006859479054
-1.0,-4.1,9.236426181605154
-0.8999999999999995,-4.1,9.42623982229766
-0.7999999999999998,-4.1,9.891230870546554
-0.7000000000000002,-4.1,10.327932956578366
-0.5999999999999996,-4.1,10.587339129769472
-0.5,-4.1,10.65746564733067
-0.39999999999999947,-4.1,10.54917322671665
-0.2999999999999998,-4.1,10.251705608672975
-0.1999999999999993,-4.1,9.77715004756332
-0.09999999999999964,-4.1,9.274615130949007
0.0,-4.1,9.047666099488636
0.10000000000000053,-4.1,9.27461513094901
0.20000000000000018,-4.1,9.777150047563325
0.3000000000000007,-4.1,10.251705608672978
0.40000000000000036,-4.1,10.549173226716652
0.5,-4.1,10.65746564733067
0.6000000000000005,-4.1,10.58733912976947
0.7000000000000002,-4.1,10.327932956578366
0.8000000000000007,-4.1,9.891230870546549
0.9000000000000004,-4.1,9.426239822297656
1.0,-4.1,9.236426181605154
1.1000000000000005,-4.1,9.500006859479058
1.2000000000000002,-4.1,10.038578785288824
1.3000000000000007,-4.1,10.548490888110665
1.4000000000000004,-4.1,10.880554410177023
1.5,-4.1,11.022608085787878
1.6000000000000005,-4.1,10.985340717362142
1.7000000000000002,-4.1,10.757830975875695
1.8000000000000007,-4.1,10.352009024731261
1.9000000000000004,-4.1,9.91683535390002
2.0,-4.1,9.755736983056257
2.1000000000000005,-4.1,10.04689848816923
2.2,-4.1,10.611891304620121
2.3000000000000007,-4.1,11.147045465813186
2.4000000000000004,-4.1,11.503159615521366
2.5,-4.1,11.668065837900736
2.6000000000000005,-4.1,11.652451847310074
2.7,-4.1,11.44540037524266
2.8000000000000007,-4.1,11.05885036285152
2.9000000000000004,-4.1,10.641775354547253
3.0,-4.1,10.49761925911242
3.0999999999999996,-4.1,10.804586939532868
3.200000000000001,-4.1,11.384273090336446
3.3000000000000007,-4.1,11.933033566126927
3.4000000000000004,-4.1,12.301695003308396
3.5,-4.1,12.478119281787029
3.5999999999999996,-4.1,12.473025370816334
3.700000000000001,-4.1,12.275528397587243
3.8000000000000007,-4.1,11.897600547697502
3.9000000000000004,-4.1,11.48824919308512
4.0,-4.1,11.350952413520297
4.1,-4.1,11.66394937213706
4.200000000000001,-4.1,12.248869002786735
4.300000000000001,-4.1,12.802101171674616
4.4,-4.1,13.174506153894054
4.5,-4.1,13.353978970163466
4.600000000000001,-4.1,13.351271126396902
4.700000000000001,-4.1,13.155529593158274
4.800000000000001,-4.1,12.778757632597344
4.9,-4.1,12.369992866955641
5.0,-4.1,12.232742753298032
-5.0,-4.0,11.913518152857637
-4.9,-4.0,12.071644262058816
-4.8,-4.0,12.528476461737933
-4.7,-4.0,12.950091725805953
-4.6,-4.0,13.172514487383365
-4.5,-4.0,13.182534138149894
-4.4,-4.0,12.992086377686364
-4.3,-4.0,12.589337436080216
-4.2,-4.0,11.987600067193831
-4.1,-4.0,11.350952413520297
-4.0,-4.0,11.013420717655569
-3.9,-4.0,11.171243108611156
-3.8,-4.0,11.628315177979497
-3.7,-4.0,12.05074458396844
-3.5999999999999996,-4.0,12.274587442075271
-3.5,-4.0,12.286665784156442
-3.4,-4.0,12.09894885440035
-3.3,-4.0,11.699637263854715
-3.2,-4.0,11.102078899201125
-3.0999999999999996,-4.0,10.470387684925932
-3.0,-4.0,10.138626172095204
-2.9,-4.0,10.303069180122469
-2.8,-4.0,10.767649204730962
-2.6999999999999997,-4.0,11.19851082839044
-2.5999999999999996,-4.0,11.431746890395582
-2.5,-4.0,11.454215696941548
-2.4,-4.0,11.277922038586928
-2.3,-4.0,10.89110103601335
-2.1999999999999997,-4.0,10.307133709508022
-2.0999999999999996,-4.0,9.690165371637631
-2.0,-4.0,9.374287817340646
-1.9,-4.0,9.55580253966367
-1.7999999999999998,-4.0,10.038665687111669
-1.6999999999999997,-4.0,10.489042002697248
-1.5999999999999996,-4.0,10.743040506787825
-1.5,-4.0,10.787531210229893
-1.4,-4.0,10.63452563248979
-1.2999999999999998,-4.0,10.272260154284908
-1.1999999999999997,-4.0,9.714111109852599
-1.0999999999999996,-4.0,9.124212729082625
-1.0,-4.0,8.836638915350669
-0.8999999999999995,-4.0,9.04766609948864
-0.7999999999999998,-4.0,9.561217898350028
-0.7000000000000002,-4.0,10.043418830436499
-0.5999999999999996,-4.0,10.330329862517042
-0.5,-4.0,10.408765084522413
-0.39999999999999947,-4.0,10.290672296726807
-0.2999999999999998,-4.0,9.964216545934788
-0.1999999999999993,-4.0,9.442695520570044
-0.09999999999999964,-4.0,8.890157916741204
0.0,-4.0,8.640585759756158
0.10000000000000053,-4.0,8.890157916741208
0.20000000000000018,-4.0,9.44269552057005
0.3000000000000007,-4.0,9.964216545934791
0.40000000000000036,-4.0,10.290672296726811
0.5,-4.0,10.408765084522413
0.6000000000000005,-4.0,10.33032986251704
0.7000000000000002,-4.0,10.043418830436499
0.8000000000000007,-4.0,9.561217898350025
0.9000000000000004,-4.0,9.047666099488637
1.0,-4.0,8.836638915350669
1.1000000000000005,-4.0,9.124212729082629
1.2000000000000002,-4.0,9.7141111098526
1.3000000000000007,-4.0,10.272260154284911
1.4000000000000004,-4.0,10.63452563248979
1.5,-4.0,10.787531210229893
1.6000000000000005,-4.0,10.743040506787825
1.7000000000000002,-4.0,10.489042002697246
1.8000000000000007,-4.0,10.038665687111662
1.9000000000000004,-4.0,9.555802539663668
2.0,-4.0,9.374287817340646
2.1000000000000005,-4.0,9.690165371637635
2.2,-4.0,10.307133709508026
2.3000000000000007,-4.0,10.891101036013355
2.4000000000000004,-4.0,11.27792203858693
2.5,-4.0,11.454215696941548
2.6000000000000005,-4.0,11.43174689039558
2.7,-4.0,11.19851082839044
2.8000000000000007,-4.0,10.76764920473096
2.9000000000000004,-4.0,10.303069180122467
3.0,-4.0,10.138626172095204
3.0999999999999996,-4.0,10.470387684925932
3.200000000000001,-4.0,11.102078899201134
3.3000000000000007,-4.0,11.699637263854717
3.4000000000000004,-4.0,12.098948854400353
3.5,-4.0,12.286665784156442
3.5999999999999996,-4.0,12.274587442075271
3.700000000000001,-4.0,12.050744583968434
3.8000000000000007,-4.0,11.628315177979495
3.9000000000000004,-4.0,11.171243108611154
4.0,-4.0,11.013420717655569
4.1,-4.0,11.350952413520297
4.200000000000001,-4.0,11.987600067193839
4.300000000000001,-4.0,12.58933743608022
4.4,-4.0,12.992086377686364
4.5,-4.0,13.182534138149894
4.600000000000001,-4.0,13.17251448738336
4.700000000000001,-4.0,12.950091725805947
4.800000000000001,-4.0,12.528476461737931
4.9,-4.0,12.071644262058816
5.0,-4.0,11.913518152857637
-5.0,-3.9,12.089880735310784
-4.9,-3.9,12.223774664555384
-4.8,-3.9,12.629110284181985
-4.7,-3.9,13.002379800646597
-4.6,-3.9,13.194545412812955
-4.5,-3.9,13.19360385625669
-4.4,-3.9,13.0104083552832
-4.3,-3.9,12.634207818047004
-4.2,-3.9,12.07710788071455
-4.1,-3.9,11.488249193085121
-4.0,-3.9,11.171243108611156
-3.9,-3.9,11.304462236152585
-3.8,-3.9,11.709669308092664
-3.7,-3.9,12.083388524096756
-3.5999999999999996,-3.9,12.27661520790338
-3.5,-3.9,12.277380319164852
-3.4,-3.9,12.096572359596248
-3.3,-3.9,11.72347650701164
-3.2,-3.9,11.17023558126131
-3.0999999999999996,-3.9,10.586028232452097
-3.0,-3.9,10.274504512276984
-2.9,-3.9,10.414076283621183
-2.8,-3.9,10.826545920892475
-2.6999999999999997,-3.9,11.208477458215668
-2.5999999999999996,-3.9,11.410906020840436
-2.5,-3.9,11.421902079916583
-2.4,-3.9,11.252393068299567
-2.3,-3.9,10.891702189739703
-2.1999999999999997,-3.9,10.352009024731267
-2.0999999999999996,-3.9,9.782527323282947
-2.0,-3.9,9.486940146071044
-1.9,-3.9,9.643689810678055
-1.7999999999999998,-3.9,10.074606097945258
-1.6999999999999997,-3.9,10.476276879344418
-1.5999999999999996,-3.9,10.699757005791632
-1.5,-3.9,10.73313200454002
-1.4,-3.9,10.587339129769472
-1.2999999999999998,-3.9,10.251705608672976
-1.1999999999999997,-3.9,9.738408697209588
-1.0999999999999996,-3.9,9.19665294801564
-1.0,-3.9,8.930104865309243
-0.8999999999999995,-3.9,9.117182417730554
-0.7999999999999998,-3.9,9.579682878886214
-0.7000000000000002,-3.9,10.014153171292758
-0.5999999999999996,-3.9,10.271598568456287
-0.5,-3.9,10.340046314980931
-0.39999999999999947,-3.9,10.23036672190403
-0.2999999999999998,-3.9,9.931811588338583
-0.1999999999999993,-3.9,9.456474569984072
-0.09999999999999964,-3.9,8.953468899973888
0.0,-3.9,8.726362636039752
0.10000000000000053,-3.9,8.953468899973892
0.20000000000000018,-3.9,9.456474569984076
0.3000000000000007,-3.9,9.931811588338586
0.40000000000000036,-3.9,10.23036672190403
0.5,-3.9,10.340046314980931
0.6000000000000005,-3.9,10.271598568456286
0.7000000000000002,-3.9,10.014153171292758
0.8000000000000007,-3.9,9.57968287888621
0.9000000000000004,-3.9,9.11718241773055
1.0,-3.9,8.930104865309243
1.1000000000000005,-3.9,9.196652948015645
1.2000000000000002,-3.9,9.73840869720959
1.3000000000000007,-3.9,10.25170560867298
1.4000000000000004,-3.9,10.587339129769472
1.5,-3.9,10.73313200454002
1.6000000000000005,-3.9,10.699757005791634
1.7000000000000002,-3.9,10.476276879344416
1.8000000000000007,-3.9,10.074606097945253
1.9000000000000004,-3.9,9.643689810678055
2.0,-3.9,9.486940146071044
2.1000000000000005,-3.9,9.782527323282952
2.2,-3.9,10.352009024731268
2.3000000000000007,-3.9,10.891702189739709
2.4000000000000004,-3.9,11.252393068299567
2.5,-3.9,11.421902079916583
2.6000000000000005,-3.9,11.410906020840434
2.7,-3.9,11.208477458215672
2.8000000000000007,-3.9,10.826545920892471
2.9000000000000004,-3.9,10.414076283621183
3.0,-3.9,10.274504512276984
3.0999999999999996,-3.9,10.586028232452097
3.200000000000001,-3.9,11.170235581261316
3.3000000000000007,-3.9,11.723476507011641
3.4000000000000004,-3.9,12.096572359596252
3.5,-3.9,12.277380319164852
3.5999999999999996,-3.9,12.27661520790338
3.700000000000001,-3.9,12.083388524096751
3.8000000000000007,-3.9,11.709669308092664
3.9000000000000004,-3.9,11.304462236152581
4.0,-3.9,11.171243108611156
4.1,-3.9,11.488249193085121
4.200000000000001,-3.9,12.077107880714559
4.300000000000001,-3.9,12.634207818047006
4.4,-3.9,13.0104083552832
4.5,-3.9,13.19360385625669
4.600000000000001,-3.9,13.19454541281295
4.700000000000001,-3.9,13.002379800646592
4.800000000000001,-3.9,12.629110284181984
4.9,-3.9,12.223774664555384
5.0,-3.9,12.089880735310784
-5.0,-3.8,12.565713630021115
-4.9,-3.8,12.648134832132694
-4.8,-3.8,12.941852545084206
-4.7,-3.8,13.210503455895235
-4.6,-3.8,13.338026267570076
-4.5,-3.8,13.315082988555455
-4.4,-3.8,13.150137016736451
-4.3,-3.8,12.834827068018635
-4.2,-3.8,12.37859351150878
-4.1,-3.8,11.897600547697504
-4.0,-3.8,11.628315177979497
-3.9,-3.8,11.709669308092664
-3.8,-3.8,12.002867770162124
-3.7,-3.8,12.271580546727733
-3.5999999999999996,-3.8,12.399780909959585
-3.5,-3.8,12.378166687924
-3.4,-3.8,12.21523831179895
-3.3,-3.8,11.902672692084915
-3.2,-3.8,11.449949483664277
-3.0999999999999996,-3.8,10.973273173807675
-3.0,-3.8,10.709151939031262
-2.9,-3.8,10.796559610855823
-2.8,-3.8,11.096743532563528
-2.6999999999999997,-3.8,11.373416587732407
-2.5999999999999996,-3.8,11.51059511121165
-2.5,-3.8,11.499019891997392
-2.4,-3.8,11.347233919742399
-2.3,-3.8,11.046955921133057
-2.1999999999999997,-3.8,10.60770624466182
-2.0999999999999996,-3.8,10.145728527206733
-2.0,-3.8,9.897568088439073
-1.9,-3.8,10.00223339420788
-1.7999999999999998,-3.8,10.321003373257263
-1.6999999999999997,-3.8,10.617618871659264
-1.5999999999999996,-3.8,10.77611996073831
-1.5,-3.8,10.78726631471475
-1.4,-3.8,10.659614318330213
-1.2999999999999998,-3.8,10.384889961034435
-1.1999999999999997,-3.8,9.972614088410754
-1.0999999999999996,-3.8,9.539023458107879
-1.0,-3.8,9.320648561668245
-0.8999999999999995,-3.8,9.456474569984078
-0.7999999999999998,-3.8,9.807748204120509
-0.7000000000000002,-3.8,10.138168833549859
-0.5999999999999996,-3.8,10.331725534888722
-0.5,-3.8,10.379117343628922
-0.39999999999999947,-3.8,10.288830373575722
-0.2999999999999998,-3.8,10.052510872432084
-0.1999999999999993,-3.8,9.67959079272173
-0.09999999999999964,-3.8,9.286209329812824
0.0,-3.8,9.10879138835294
0.10000000000000053,-3.8,9.286209329812827
0.20000000000000018,-3.8,9.679590792721735
0.3000000000000007,-3.8,10.052510872432086
0.40000000000000036,-3.8,10.288830373575724
0.5,-3.8,10.379117343628922
0.6000000000000005,-3.8,10.33172553488872
0.7000000000000002,-3.8,10.138168833549859
0.8000000000000007,-3.8,9.807748204120506
0.9000000000000004,-3.8,9.456474569984074
1.0,-3.8,9.320648561668245
1.1000000000000005,-3.8,9.539023458107884
1.2000000000000002,-3.8,9.972614088410756
1.3000000000000007,-3.8,10.38488996103444
1.4000000000000004,-3.8,10.659614318330217
1.5,-3.8,10.78726631471475
1.6000000000000005,-3.8,10.776119960738308
1.7000000000000002,-3.8,10.617618871659262
1.8000000000000007,-3.8,10.321003373257259
1.9000000000000004,-3.8,10.002233394207877
2.0,-3.8,9.897568088439073
2.1000000000000005,-3.8,10.145728527206737
2.2,-3.8,10.607706244661822
2.3000000000000007,-3.8,11.046955921133058
2.4000000000000004,-3.8,11.3472339197424
2.5,-3.8,11.499019891997392
2.6000000000000005,-3.8,11.510595111211648
2.7,-3.8,11.37341658773241
2.8000000000000007,-3.8,11.096743532563526
2.9000000000000004,-3.8,10.796559610855821
3.0,-3.8,10.709151939031262
3.0999999999999996,-3.8,10.973273173807675
3.200000000000001,-3.8,11.449949483664282
3.3000000000000007,-3.8,11.902672692084918
3.4000000000000004,-3.8,12.215238311798952
3.5,-3.8,12.378166687924
3.5999999999999996,-3.8,12.399780909959585
3.700000000000001,-3.8,12.271580546727732
3.8000000000000007,-3.8,12.002867770162123
3.9000000000000004,-3.8,11.709669308092662
4.0,-3.8,11.628315177979497
4.1,-3.8,11.897600547697504
4.200000000000001,-3.8,12.378593511508786
4.300000000000001,-3.8,12.834827068018638
4.4,-3.8,13.150137016736451
4.5,-3.8,13.315082988555455
4.600000000000001,-3.8,13.338026267570074
4.700000000000001,-3.8,13.210503455895234
4.800000000000001,-3.8,12.941852545084206
4.9,-3.8,12.648134832132694
5.0,-3.8,12.565713630021115
-5.0,-3.7,13.007110411955244
-4.9,-3.7,13.04123530662636
-4.8,-3.7,13.230360098037075
-4.7,-3.7,13.400964777582184
-4.6,-3.7,13.467852062192243
-4.5,-3.7,13.424178379747518
-4.4,-3.7,13.276170263479322
-4.3,-3.7,13.017703035356364
-4.2,-3.7,12.655722411916361
-4.1,-3.7,12.275528397587244
-4.0,-3.7,12.05074458396844
-3.9,-3.7,12.083388524096756
-3.8,-3.7,12.271580546727733
-3.7,-3.7,12.441835224849363
-3.5999999999999996,-3.7,12.508991280742732
-3.5,-3.7,12.466242559046028
-3.4,-3.7,12.319854395197108
-3.3,-3.7,12.063742257056518
-3.2,-3.7,11.704893290775477
-3.0999999999999996,-3.7,11.328650133364011
-3.0,-3.7,11.108680107661714
-2.9,-3.7,11.147045465813186
-2.8,-3.7,11.34191204323811
-2.6999999999999997,-3.7,11.519840534204107
-2.5999999999999996,-3.7,11.595716168206751
-2.5,-3.7,11.562779415587256
-2.4,-3.7,11.427342046927453
-2.3,-3.7,11.183365421506904
-2.1999999999999997,-3.7,10.8378816338398
-2.0999999999999996,-3.7,10.476276879344416
-2.0,-3.7,10.27226015428491
-1.9,-3.7,10.327932956578369
-1.7999999999999998,-3.7,10.541497351226187
-1.6999999999999997,-3.7,10.739546614755238
-1.5999999999999996,-3.7,10.836994242880627
-1.5,-3.7,10.82710395675922
-1.4,-3.7,10.716205041407164
-1.2999999999999998,-3.7,10.498269902801718
-1.1999999999999997,-3.7,10.180334486152212
-1.0999999999999996,-3.7,9.847780932024211
-1.0,-3.7,9.67430560306814
-0.8999999999999995,-3.7,9.761988167219673
-0.7999999999999998,-3.7,10.00899912161027
-0.7000000000000002,-3.7,10.241889992654045
-0.5999999999999996,-3.7,10.375522017466752
-0.5,-3.7,10.40309596193932
-0.39999999999999947,-3.7,10.330867427064698
-0.2999999999999998,-3.7,10.152724545161544
-0.1999999999999993,-3.7,9.875608719743012
-0.09999999999999964,-3.7,9.584797792241199
0.0,-3.7,9.45387476939589
0.10000000000000053,-3.7,9.5847977922412
0.20000000000000018,-3.7,9.875608719743013
0.3000000000000007,-3.7,10.152724545161545
0.40000000000000036,-3.7,10.3308674270647
0.5,-3.7,10.40309596193932
0.6000000000000005,-3.7,10.37552201746675
0.7000000000000002,-3.7,10.241889992654045
0.8000000000000007,-3.7,10.008999121610268
0.9000000000000004,-3.7,9.761988167219673
1.0,-3.7,9.67430560306814
1.1000000000000005,-3.7,9.847780932024213
1.2000000000000002,-3.7,10.180334486152212
1.3000000000000007,-3.7,10.49826990280172
1.4000000000000004,-3.7,10.716205041407164
1.5,-3.7,10.82710395675922
1.6000000000000005,-3.7,10.836994242880625
1.7000000000000002,-3.7,10.739546614755236
1.8000000000000007,-3.7,10.541497351226184
1.9000000000000004,-3.7,10.327932956578367
2.0,-3.7,10.27226015428491
2.1000000000000005,-3.7,10.476276879344418
2.2,-3.7,10.837881633839801
2.3000000000000007,-3.7,11.183365421506906
2.4000000000000004,-3.7,11.427342046927455
2.5,-3.7,11.562779415587256
2.6000000000000005,-3.7,11.59571616820675
2.7,-3.7,11.519840534204107
2.8000000000000007,-3.7,11.34191204323811
2.9000000000000004,-3.7,11.147045465813184
3.0,-3.7,11.108680107661714
3.0999999999999996,-3.7,11.328650133364011
3.200000000000001,-3.7,11.70489329077548
3.3000000000000007,-3.7,12.063742257056521
3.4000000000000004,-3.7,12.31985439519711
3.5,-3.7,12.466242559046028
3.5999999999999996,-3.7,12.508991280742732
3.700000000000001,-3.7,12.44183522484936
3.8000000000000007,-3.7,12.271580546727733
3.9000000000000004,-3.7,12.083388524096755
4.0,-3.7,12.05074458396844
4.1,-3.7,12.275528397587244
4.200000000000001,-3.7,12.655722411916365
4.300000000000001,-3.7,13.017703035356366
4.4,-3.7,13.276170263479322
4.5,-3.7,13.424178379747518
4.600000000000001,-3.7,13.467852062192245
4.700000000000001,-3.7,13.40096477758218
4.800000000000001,-3.7,13.230360098037073
4.9,-3.7,13.04123530662636
5.0,-3.7,13.007110411955244
-5.0,-3.5999999999999996,13.250111393651359
-4.9,-3.5999999999999996,13.25405596047521
-4.8,-3.5999999999999996,13.378591221582944
-4.7,-3.5999999999999996,13.488588068848792
-4.6,-3.5999999999999996,13.517703889875085
-4.5,-3.5999999999999996,13.460618732529399
-4.4,-3.5999999999999996,13.322192424429634
-4.3,-3.5999999999999996,13.097666475995185
-4.2,-3.5999999999999996,12.792462492916265
-4.1,-3.5999999999999996,12.473025370816334
-4.0,-3.5999999999999996,12.274587442075271
-3.9,-3.5999999999999996,12.27661520790338
-3.8,-3.5999999999999996,12.399780909959585
-3.7,-3.5999999999999996,12.508991280742732
-3.5999999999999996,-3.5999999999999996,12.537941130051593
-3.5,-3.5999999999999996,12.48134950968983
-3.4,-3.5999999999999996,12.344116819686436
-3.3,-3.5999999999999996,12.121526682264992
-3.2,-3.5999999999999996,11.819044306780901
-3.0999999999999996,-3.5999999999999996,11.503159615521366
-3.0,-3.5999999999999996,11.309151297216179
-2.9,-3.5999999999999996,11.316533418009344
-2.8,-3.5999999999999996,11.446026840655572
-2.6999999999999997,-3.5999999999999996,11.562587787498886
-2.5999999999999996,-3.5999999999999996,11.599961200780772
-2.5,-3.5999999999999996,11.5529166387166
-2.4,-3.5999999999999996,11.42640506699602
-2.3,-3.5999999999999996,11.215760368588107
-2.1999999999999997,-3.5999999999999996,10.926497292148268
-2.0999999999999996,-3.5999999999999996,10.625154106628905
-2.0,-3.5999999999999996,10.447056127506299
-1.9,-3.5999999999999996,10.471761744049985
-1.7999999999999998,-3.5999999999999996,10.620033199462359
-1.6999999999999997,-3.5999999999999996,10.756864462185495
-1.5999999999999996,-3.5999999999999996,10.816033846626945
-1.5,-3.5999999999999996,10.792339128685308
-1.4,-3.5999999999999996,10.690753525148487
-1.2999999999999998,-3.5999999999999996,10.50662637191568
-1.1999999999999997,-3.5999999999999996,10.245480236156231
-1.0999999999999996,-3.5999999999999996,9.973852747549207
-1.0,-3.5999999999999996,9.827059334123716
-0.8999999999999995,-3.5999999999999996,9.884638514477325
-0.7999999999999998,-3.5999999999999996,10.067322022292789
-0.7000000000000002,-3.5999999999999996,10.240062126594996
-0.5999999999999996,-3.5999999999999996,10.336583831327632
-0.5,-3.5999999999999996,10.351619724110252
-0.39999999999999947,-3.5999999999999996,10.290065865728334
-0.2999999999999998,-3.5999999999999996,10.147182574565253
-0.1999999999999993,-3.5999999999999996,9.928391855906339
-0.09999999999999964,-3.5999999999999996,9.700119770496615
0.0,-3.5999999999999996,9.597559930562054
0.10000000000000053,-3.5999999999999996,9.700119770496617
0.20000000000000018,-3.5999999999999996,9.92839185590634
0.3000000000000007,-3.5999999999999996,10.147182574565253
0.40000000000000036,-3.5999999999999996,10.290065865728334
0.5,-3.5999999999999996,10.351619724110252
0.6000000000000005,-3.5999999999999996,10.336583831327632
0.7000000000000002,-3.5999999999999996,10.240062126594996
0.8000000000000007,-3.5999999999999996,10.067322022292787
0.9000000000000004,-3.5999999999999996,9.884638514477325
1.0,-3.5999999999999996,9.827059334123716
1.1000000000000005,-3.5999999999999996,9.97385274754921
1.2000000000000002,-3.5999999999999996,10.245480236156233
1.3000000000000007,-3.5999999999999996,10.506626371915683
1.4000000000000004,-3.5999999999999996,10.690753525148487
1.5,-3.5999999999999996,10.792339128685308
1.6000000000000005,-3.5999999999999996,10.816033846626945
1.7000000000000002,-3.5999999999999996,10.756864462185495
1.8000000000000007,-3.5999999999999996,10.62003319946236
1.9000000000000004,-3.5999999999999996,10.471761744049985
2.0,-3.5999999999999996,10.447056127506299
2.1000000000000005,-3.5999999999999996,10.625154106628907
2.2,-3.5999999999999996,10.92649729214827
2.3000000000000007,-3.5999999999999996,11.215760368588109
2.4000000000000004,-3.5999999999999996,11.42640506699602
2.5,-3.5999999999999996,11.5529166387166
2.6000000000000005,-3.5999999999999996,11.599961200780774
2.7,-3.5999999999999996,11.562587787498886
2.8000000000000007,-3.5999999999999996,11.446026840655572
2.9000000000000004,-3.5999999999999996,11.316533418009342
3.0,-3.5999999999999996,11.309151297216179
3.0999999999999996,-3.5999999999999996,11.503159615521366
3.200000000000001,-3.5999999999999996,11.819044306780903
3.3000000000000007,-3.5999999999999996,12.121526682264992
3.4000000000000004,-3.5999999999999996,12.344116819686436
3.5,-3.5999999999999996,12.48134950968983
3.5999999999999996,-3.5999999999999996,12.537941130051593
3.700000000000001,-3.5999999999999996,12.50899128074273
3.8000000000000007,-3.5999999999999996,12.399780909959583
3.9000000000000004,-3.5999999999999996,12.276615207903378
4.0,-3.5999999999999996,12.274587442075271
4.1,-3.5999999999999996,12.473025370816334
4.200000000000001,-3.5999999999999996,12.792462492916266
4.300000000000001,-3.5999999999999996,13.097666475995185
4.4,-3.5999999999999996,13.322192424429634
4.5,-3.5999999999999996,13.460618732529399
4.600000000000001,-3.5999999999999996,13.517703889875083
4.700000000000001,-3.5999999999999996,13.488588068848793
4.800000000000001,-3.5999999999999996,13.378591221582942
4.9,-3.5999999999999996,13.25405596047521
5.0,-3.5999999999999996,13.250111393651359
-5.0,-3.5,13.281520986270928
-4.9,-3.5,13.27461039795686
-4.8,-3.5,13.37722676137425
-4.7,-3.5,13.466550684516909
-4.6,-3.5,13.482284937455805
-4.5,-3.5,13.419597723783458
-4.4,-3.5,13.28291028580722
-4.3,-3.5,13.06790192487644
-4.2,-3.5,12.77950532356714
-4.1,-3.5,12.478119281787029
-4.0,-3.5,12.286665784156442
-3.9,-3.5,12.277380319164852
-3.8,-3.5,12.378166687924
-3.7,-3.5,12.466242559046028
-3.5999999999999996,-3.5,12.48134950968983
-3.5,-3.5,12.418696311459412
-3.4,-3.5,12.28274653702723
-3.3,-3.5,12.069223566303913
-3.2,-3.5,11.7831058760142
-3.0999999999999996,-3.5,11.484839721569946
-3.0,-3.5,11.29739612511602
-2.9,-3.5,11.293061086471308
-2.8,-3.5,11.399790250734858
-2.6999999999999997,-3.5,11.4948542848017
-2.5999999999999996,-3.5,11.518048698376289
-2.5,-3.5,11.464636863626962
-2.4,-3.5,11.3391373048441
-2.3,-3.5,11.137328332591196
-2.1999999999999997,-3.5,10.864242902238876
-2.0999999999999996,-3.5,10.580380802388234
-2.0,-3.5,10.408765084522413
-1.9,-3.5,10.421731649219304
-1.7999999999999998,-3.5,10.547283222786822
-1.6999999999999997,-3.5,10.662733978495279
-1.5999999999999996,-3.5,10.707918542132802
-1.5,-3.5,10.67813414273597
-1.4,-3.5,10.577926989470404
-1.2999999999999998,-3.5,10.403095961939318
-1.1999999999999997,-3.5,10.15868650995667
-1.0999999999999996,-3.5,9.90520188784804
-1.0,-3.5,9.765658657473033
-0.8999999999999995,-3.5,9.812375401143406
-0.7999999999999998,-3.5,9.973325906590075
-0.7000000000000002,-3.5,10.12578310811754
-0.5999999999999996,-3.5,10.209527554290007
-0.5,-3.5,10.219789193034934
-0.39999999999999947,-3.5,10.161033583170218
-0.2999999999999998,-3.5,10.028965644132747
-0.1999999999999993,-3.5,9.828523859356839
-0.09999999999999964,-3.5,9.620092071213044
0.0,-3.5,9.526555806697585
0.10000000000000053,-3.5,9.620092071213046
0.20000000000000018,-3.5,9.82852385935684
0.3000000000000007,-3.5,10.028965644132747
0.40000000000000036,-3.5,10.161033583170218
0.5,-3.5,10.219789193034934
0.6000000000000005,-3.5,10.209527554290007
0.7000000000000002,-3.5,10.12578310811754
0.8000000000000007,-3.5,9.973325906590073
0.9000000000000004,-3.5,9.812375401143406
1.0,-3.5,9.765658657473033
1.1000000000000005,-3.5,9.905201887848044
1.2000000000000002,-3.5,10.158686509956672
1.3000000000000007,-3.5,10.40309596193932
1.4000000000000004,-3.5,10.577926989470404
1.5,-3.5,10.67813414273597
1.6000000000000005,-3.5,10.707918542132804
1.7000000000000002,-3.5,10.662733978495279
1.8000000000000007,-3.5,10.547283222786824
1.9000000000000004,-3.5,10.421731649219304
2.0,-3.5,10.408765084522413
2.1000000000000005,-3.5,10.580380802388238
2.2,-3.5,10.864242902238878
2.3000000000000007,-3.5,11.137328332591197
2.4000000000000004,-3.5,11.3391373048441
2.5,-3.5,11.464636863626962
2.6000000000000005,-3.5,11.518048698376289
2.7,-3.5,11.4948542848017
2.8000000000000007,-3.5,11.399790250734856
2.9000000000000004,-3.5,11.293061086471306
3.0,-3.5,11.29739612511602
3.0999999999999996,-3.5,11.484839721569946
3.200000000000001,-3.5,11.783105876014204
3.3000000000000007,-3.5,12.069223566303913
3.4000000000000004,-3.5,12.28274653702723
3.5,-3.5,12.418696311459412
3.5999999999999996,-3.5,12.48134950968983
3.700000000000001,-3.5,12.466242559046028
3.8000000000000007,-3.5,12.378166687924
3.9000000000000004,-3.5,12.277380319164852
4.0,-3.5,12.286665784156442
4.1,-3.5,12.478119281787029
4.200000000000001,-3.5,12.779505323567143
4.300000000000001,-3.5,13.06790192487644
4.4,-3.5,13.28291028580722
4.5,-3.5,13.419597723783458
4.600000000000001,-3.5,13.482284937455805
4.700000000000001,-3.5,13.466550684516907
4.800000000000001,-3.5,13.377226761374247
4.9,-3.5,13.27461039795686
5.0,-3.5,13.281520986270928
-5.0,-3.4,13.11328889946921
-4.9,-3.4,13.113767751719742
-4.8,-3.4,13.234748053148879
-4.7,-3.4,13.341099259564164
-4.6,-3.4,13.366477434863732
-4.5,-3.4,13.305561436612068
-4.4,-3.4,13.163210058898997
-4.3,-3.4,12.934663961281323
-4.2,-3.4,12.62534410984039
-4.1,-3.4,12.301695003308392
-4.0,-3.4,12.09894885440035
-3.9,-3.4,12.096572359596248
-3.8,-3.4,12.21523831179895
-3.7,-3.4,12.319854395197108
-3.5999999999999996,-3.4,12.344116819686436
-3.5,-3.4,12.28274653702723
-3.4,-3.4,12.140646401939234
-3.3,-3.4,11.913103104208858
-3.2,-3.4,11.605585594761104
-3.0999999999999996,-3.4,11.284588275193467
-3.0,-3.4,11.085395117068146
-2.9,-3.4,11.087526339981066
-2.8,-3.4,11.211709898234961
-2.6999999999999997,-3.4,11.322910110506015
-2.5999999999999996,-3.4,11.354881084629913
-2.5,-3.4,11.302402674250713
-2.4,-3.4,11.170437325006798
-2.3,-3.4,10.954331630862606
-2.1999999999999997,-3.4,10.659614318330213
-2.0999999999999996,-3.4,10.35283892337316
-2.0,-3.4,10.169347323384653
-1.9,-3.4,10.188715750503826
-1.7999999999999998,-3.4,10.331725534888722
-1.6999999999999997,-3.4,10.463390913112105
-1.5999999999999996,-3.4,10.517511557032654
-1.5,-3.4,10.488907566035849
-1.4,-3.4,10.382575289847138
-1.2999999999999998,-3.4,10.193887815831244
-1.1999999999999997,-3.4,9.928391855906339
-1.0999999999999996,-3.4,9.652649319489845
-1.0,-3.4,9.501999760699064
-0.8999999999999995,-3.4,9.556005355835193
-0.7999999999999998,-3.4,9.735420692914012
-0.7000000000000002,-3.4,9.905219744069578
-0.5999999999999996,-3.4,9.99914771317772
-0.5,-3.4,10.011955538438098
-0.39999999999999947,-3.4,9.948555452072616
-0.2999999999999998,-3.4,9.8042214622031
-0.1999999999999993,-3.4,9.5843865173939
-0.09999999999999964,-3.4,9.355484657919519
0.0,-3.4,9.252714350203341
0.10000000000000053,-3.4,9.355484657919519
0.20000000000000018,-3.4,9.584386517393904
0.3000000000000007,-3.4,9.804221462203103
0.40000000000000036,-3.4,9.948555452072616
0.5,-3.4,10.011955538438098
0.6000000000000005,-3.4,9.99914771317772
0.7000000000000002,-3.4,9.905219744069578
0.8000000000000007,-3.4,9.73542069291401
0.9000000000000004,-3.4,9.556005355835193
1.0,-3.4,9.501999760699064
1.1000000000000005,-3.4,9.652649319489846
1.2000000000000002,-3.4,9.928391855906339
1.3000000000000007,-3.4,10.193887815831246
1.4000000000000004,-3.4,10.382575289847138
1.5,-3.4,10.488907566035849
1.6000000000000005,-3.4,10.517511557032654
1.7000000000000002,-3.4,10.463390913112105
1.8000000000000007,-3.4,10.331725534888719
1.9000000000000004,-3.4,10.188715750503826
2.0,-3.4,10.169347323384653
2.1000000000000005,-3.4,10.352838923373161
2.2,-3.4,10.659614318330213
2.3000000000000007,-3.4,10.954331630862608
2.4000000000000004,-3.4,11.170437325006798
2.5,-3.4,11.302402674250713
2.6000000000000005,-3.4,11.354881084629913
2.7,-3.4,11.322910110506015
2.8000000000000007,-3.4,11.211709898234961
2.9000000000000004,-3.4,11.087526339981064
3.0,-3.4,11.085395117068146
3.0999999999999996,-3.4,11.284588275193467
3.200000000000001,-3.4,11.60558559476111
3.3000000000000007,-3.4,11.91310310420886
3.4000000000000004,-3.4,12.140646401939234
3.5,-3.4,12.28274653702723
3.5999999999999996,-3.4,12.344116819686436
3.700000000000001,-3.4,12.319854395197106
3.8000000000000007,-3.4,12.21523831179895
3.9000000000000004,-3.4,12.096572359596248
4.0,-3.4,12.09894885440035
4.1,-3.4,12.301695003308392
4.200000000000001,-3.4,12.625344109840391
4.300000000000001,-3.4,12.934663961281327
4.4,-3.4,13.163210058898997
4.5,-3.4,13.305561436612068
4.600000000000001,-3.4,13.366477434863734
4.700000000000001,-3.4,13.341099259564162
4.800000000000001,-3.4,13.234748053148882
4.9,-3.4,13.113767751719742
5.0,-3.4,13.11328889946921
-5.0,-3.3,12.73359420315658
-4.9,-3.3,12.760791709666094
-4.8,-3.3,12.942810676080974
-4.7,-3.3,13.10612821083811
-4.6,-3.3,13.16554437079141
-4.5,-3.3,13.11421318851135
-4.4,-3.3,12.958359113233314
-4.3,-3.3,12.691855745816264
-4.2,-3.3,12.321647501537491
-4.1,-3.3,11.933033566126925
-4.0,-3.3,11.699637263854715
-3.9,-3.3,11.72347650701164
-3.8,-3.3,11.902672692084915
-3.7,-3.3,12.063742257056518
-3.5999999999999996,-3.3,12.121526682264992
-3.5,-3.3,12.069223566303913
-3.4,-3.3,11.913103104208858
-3.3,-3.3,11.647086845436064
-3.2,-3.3,11.278169362183865
-3.0999999999999996,-3.3,10.891702189739702
-3.0,-3.3,10.661363153475818
-2.9,-3.3,10.689226747158338
-2.8,-3.3,10.8734729227119
-2.6999999999999997,-3.3,11.040678500237671
-2.5999999999999996,-3.3,11.105746974668186
-2.5,-3.3,11.06193934411685
-2.4,-3.3,10.91559028050887
-2.3,-3.3,10.660686513234712
-2.1999999999999997,-3.3,10.30428804972347
-2.0999999999999996,-3.3,9.931811588338581
-2.0,-3.3,9.716999232642321
-1.9,-3.3,9.761988167219672
-1.7999999999999998,-3.3,9.965018652299001
-1.6999999999999997,-3.3,10.15272454516154
-1.5999999999999996,-3.3,10.240062126594996
-1.5,-3.3,10.220339862606652
-1.4,-3.3,10.09993343103149
-1.2999999999999998,-3.3,9.872862897279223
-1.1999999999999997,-3.3,9.546212681542388
-1.0999999999999996,-3.3,9.205413696528204
-1.0,-3.3,9.024210793748885
-0.8999999999999995,-3.3,9.104731212683062
-0.7999999999999998,-3.3,9.345191428758302
-0.7000000000000002,-3.3,9.57218665051253
-0.5999999999999996,-3.3,9.70061878885165
-0.5,-3.3,9.723725573810617
-0.39999999999999947,-3.3,9.647795192045301
-0.2999999999999998,-3.3,9.466743368890246
-0.1999999999999993,-3.3,9.187533570356942
-0.09999999999999964,-3.3,8.895459728146632
0.0,-3.3,8.764114638412899
0.10000000000000053,-3.3,8.895459728146635
0.20000000000000018,-3.3,9.187533570356944
0.3000000000000007,-3.3,9.466743368890247
0.40000000000000036,-3.3,9.647795192045301
0.5,-3.3,9.723725573810617
0.6000000000000005,-3.3,9.70061878885165
0.7000000000000002,-3.3,9.57218665051253
0.8000000000000007,-3.3,9.345191428758302
0.9000000000000004,-3.3,9.104731212683058
1.0,-3.3,9.024210793748885
1.1000000000000005,-3.3,9.205413696528208
1.2000000000000002,-3.3,9.54621268154239
1.3000000000000007,-3.3,9.872862897279225
1.4000000000000004,-3.3,10.09993343103149
1.5,-3.3,10.220339862606652
1.6000000000000005,-3.3,10.240062126594994
1.7000000000000002,-3.3,10.15272454516154
1.8000000000000007,-3.3,9.965018652298998
1.9000000000000004,-3.3,9.761988167219672
2.0,-3.3,9.716999232642321
2.1000000000000005,-3.3,9.931811588338586
2.2,-3.3,10.304288049723471
2.3000000000000007,-3.3,10.660686513234717
2.4000000000000004,-3.3,10.91559028050887
2.5,-3.3,11.06193934411685
2.6000000000000005,-3.3,11.105746974668184
2.7,-3.3,11.040678500237673
2.8000000000000007,-3.3,10.8734729227119
2.9000000000000004,-3.3,10.689226747158337
3.0,-3.3,10.661363153475818
3.0999999999999996,-3.3,10.891702189739702
3.200000000000001,-3.3,11.278169362183867
3.3000000000000007,-3.3,11.647086845436066
3.4000000000000004,-3.3,11.91310310420886
3.5,-3.3,12.069223566303913
3.5999999999999996,-3.3,12.121526682264992
3.700000000000001,-3.3,12.063742257056518
3.8000000000000007,-3.3,11.902672692084915
3.9000000000000004,-3.3,11.723476507011638
4.0,-3.3,11.699637263854715
4.1,-3.3,11.933033566126925
4.200000000000001,-3.3,12.321647501537493
4.300000000000001,-3.3,12.691855745816266
4.4,-3.3,12.958359113233314
4.5,-3.3,13.11421318851135
4.600000000000001,-3.3,13.165544370791409
4.700000000000001,-3.3,13.106128210838111
4.800000000000001,-3.3,12.942810676080974
4.9,-3.3,12.760791709666094
5.0,-3.3,12.73359420315658
-5.0,-3.2,12.155761148466503
-4.9,-3.2,12.22780137790864
-4.8,-3.2,12.510870598140745
-4.7,-3.2,12.768601144905887
-4.6,-3.2,12.884927699662484
-4.5,-3.2,12.850508641391484
-4.4,-3.2,12.673804199909675
-4.3,-3.2,12.346450461287702
-4.2,-3.2,11.87788578793984
-4.1,-3.2,11.38427309033644
-4.0,-3.2,11.102078899201125
-3.9,-3.2,11.17023558126131
-3.8,-3.2,11.449949483664277
-3.7,-3.2,11.704893290775477
-3.5999999999999996,-3.2,11.819044306780901
-3.5,-3.2,11.7831058760142
-3.4,-3.2,11.605585594761104
-3.3,-3.2,11.278169362183865
-3.2,-3.2,10.810347829499335
-3.0999999999999996,-3.2,10.318338680406827
-3.0,-3.2,10.038665687111667
-2.9,-3.2,10.110320879904068
-2.8,-3.2,10.394572609682998
-2.6999999999999997,-3.2,10.655157780803686
-2.5999999999999996,-3.2,10.77611996073831
-2.5,-3.2,10.748230570997283
-2.4,-3.2,10.580066805143797
-2.3,-3.2,10.26338531332277
-2.1999999999999997,-3.2,9.807748204120509
-2.0999999999999996,-3.2,9.329444788616396
-2.0,-3.2,9.065070003379446
-1.9,-3.2,9.153685843765416
-1.7999999999999998,-3.2,9.456628581830133
-1.6999999999999997,-3.2,9.7377000433228
-1.5999999999999996,-3.2,9.881004650203115
-1.5,-3.2,9.877369436720931
-1.4,-3.2,9.735420692914012
-1.2999999999999998,-3.2,9.44695628817118
-1.1999999999999997,-3.2,9.021570244794962
-1.0999999999999996,-3.2,8.575573011962705
-1.0,-3.2,8.345568409077359
-0.8999999999999995,-3.2,8.47061360874602
-0.7999999999999998,-3.2,8.812024978743555
-0.7000000000000002,-3.2,9.133568107641537
-0.5999999999999996,-3.2,9.319293774403848
-0.5,-3.2,9.359957125399049
-0.39999999999999947,-3.2,9.26409376705111
-0.2999999999999998,-3.2,9.023391877092898
-0.1999999999999993,-3.2,8.647316947379228
-0.09999999999999964,-3.2,8.252032641121996
0.0,-3.2,8.073978752420263
0.10000000000000053,-3.2,8.252032641121998
0.20000000000000018,-3.2,8.647316947379235
0.3000000000000007,-3.2,9.0233918770929
0.40000000000000036,-3.2,9.26409376705111
0.5,-3.2,9.359957125399049
0.6000000000000005,-3.2,9.319293774403848
0.7000000000000002,-3.2,9.133568107641537
0.8000000000000007,-3.2,8.812024978743551
0.9000000000000004,-3.2,8.470613608746017
1.0,-3.2,8.345568409077359
1.1000000000000005,-3.2,8.575573011962708
1.2000000000000002,-3.2,9.021570244794964
1.3000000000000007,-3.2,9.446956288171183
1.4000000000000004,-3.2,9.735420692914014
1.5,-3.2,9.877369436720931
1.6000000000000005,-3.2,9.881004650203115
1.7000000000000002,-3.2,9.737700043322802
1.8000000000000007,-3.2,9.456628581830127
1.9000000000000004,-3.2,9.153685843765416
2.0,-3.2,9.065070003379446
2.1000000000000005,-3.2,9.329444788616401
2.2,-3.2,9.80774820412051
2.3000000000000007,-3.2,10.263385313322773
2.4000000000000004,-3.2,10.580066805143797
2.5,-3.2,10.748230570997283
2.6000000000000005,-3.2,10.776119960738308
2.7,-3.2,10.655157780803686
2.8000000000000007,-3.2,10.394572609682996
2.9000000000000004,-3.2,10.110320879904066
3.0,-3.2,10.038665687111667
3.0999999999999996,-3.2,10.318338680406827
3.200000000000001,-3.2,10.810347829499342
3.3000000000000007,-3.2,11.278169362183867
3.4000000000000004,-3.2,11.605585594761106
3.5,-3.2,11.7831058760142
3.5999999999999996,-3.2,11.819044306780901
3.700000000000001,-3.2,11.704893290775473
3.8000000000000007,-3.2,11.449949483664275
3.9000000000000004,-3.2,11.170235581261307
4.0,-3.2,11.102078899201125
4.1,-3.2,11.38427309033644
4.200000000000001,-3.2,11.877885787939846
4.300000000000001,-3.2,12.346450461287706
4.4,-3.2,12.673804199909675
4.5,-3.2,12.850508641391484
4.600000000000001,-3.2,12.88492769966248
4.700000000000001,-3.2,12.768601144905883
4.800000000000001,-3.2,12.510870598140743
4.9,-3.2,12.22780137790864
5.0,-3.2,12.155761148466503
-5.0,-3.0999999999999996,11.543877848911533
-4.9,-3.0999999999999996,11.663949372137065
-4.8,-3.0999999999999996,12.055106149626608
-4.7,-3.0999999999999996,12.41383453665301
-4.6,-3.0999999999999996,12.591091312018696
-4.5,-3.0999999999999996,12.574868304597981
-4.4,-3.0999999999999996,12.376014436837139
-4.3,-3.0999999999999996,11.98377502134242
-4.2,-3.0999999999999996,11.410252917249185
-4.1,-3.0999999999999996,10.804586939532868
-4.0,-3.0999999999999996,10.470387684925932
-3.9,-3.0999999999999996,10.586028232452097
-3.8,-3.0999999999999996,10.973273173807675
-3.7,-3.0999999999999996,11.328650133364011
-3.5999999999999996,-3.0999999999999996,11.503159615521366
-3.5,-3.0999999999999996,11.484839721569946
-3.4,-3.0999999999999996,11.284588275193467
-3.3,-3.0999999999999996,10.891702189739702
-3.2,-3.0999999999999996,10.318338680406827
-3.0999999999999996,-3.0999999999999996,9.713693710363557
-3.0,-3.0999999999999996,9.381437829667005
-2.9,-3.0999999999999996,9.500006859479056
-2.8,-3.0999999999999996,9.891230870546554
-2.6999999999999997,-3.0999999999999996,10.251705608672975
-2.5999999999999996,-3.0999999999999996,10.432502197079403
-2.5,-3.0999999999999996,10.421731649219302
-2.4,-3.0999999999999996,10.230366721904028
-2.3,-3.0999999999999996,9.847780932024206
-2.1999999999999997,-3.0999999999999996,9.286209329812818
-2.0999999999999996,-3.0999999999999996,8.694926407381532
-2.0,-3.0999999999999996,8.377681291404887
-1.9,-3.0999999999999996,8.51298766325213
-1.7999999999999998,-3.0999999999999996,8.922751847732208
-1.6999999999999997,-3.0999999999999996,9.303643217518635
-1.5999999999999996,-3.0999999999999996,9.506802740485595
-1.5,-3.0999999999999996,9.52040620480482
-1.4,-3.0999999999999996,9.355484657919517
-1.2999999999999998,-3.0999999999999996,9.001461894951461
-1.1999999999999997,-3.0999999999999996,8.470613608746016
-1.0999999999999996,-3.0999999999999996,7.9122436073566735
-1.0,-3.0999999999999996,7.630117283280271
-0.8999999999999995,-3.0999999999999996,7.80274982171051
-0.7999999999999998,-3.0999999999999996,8.252032641121994
-0.7000000000000002,-3.0999999999999996,8.674602272594502
-0.5999999999999996,-3.0999999999999996,8.921547569952326
-0.5,-3.0999999999999996,8.98097185347005
-0.39999999999999947,-3.0999999999999996,8.863812591065727
-0.2999999999999998,-3.0999999999999996,8.559378516491222
-0.1999999999999993,-3.0999999999999996,8.079808852676583
-0.09999999999999964,-3.0999999999999996,7.574250089714695
0.0,-3.0999999999999996,7.346290529180795
0.10000000000000053,-3.0999999999999996,7.574250089714699
0.20000000000000018,-3.0999999999999996,8.079808852676589
0.3000000000000007,-3.0999999999999996,8.559378516491225
0.40000000000000036,-3.0999999999999996,8.863812591065729
0.5,-3.0999999999999996,8.98097185347005
0.6000000000000005,-3.0999999999999996,8.921547569952324
0.7000000000000002,-3.0999999999999996,8.674602272594502
0.8000000000000007,-3.0999999999999996,8.252032641121989
0.9000000000000004,-3.0999999999999996,7.802749821710506
1.0,-3.0999999999999996,7.630117283280271
1.1000000000000005,-3.0999999999999996,7.912243607356679
1.2000000000000002,-3.0999999999999996,8.470613608746017
1.3000000000000007,-3.0999999999999996,9.001461894951467
1.4000000000000004,-3.0999999999999996,9.355484657919519
1.5,-3.0999999999999996,9.52040620480482
1.6000000000000005,-3.0999999999999996,9.506802740485595
1.7000000000000002,-3.0999999999999996,9.303643217518633
1.8000000000000007,-3.0999999999999996,8.922751847732203
1.9000000000000004,-3.0999999999999996,8.51298766325213
2.0,-3.0999999999999996,8.377681291404887
2.1000000000000005,-3.0999999999999996,8.694926407381537
2.2,-3.0999999999999996,9.286209329812824
2.3000000000000007,-3.0999999999999996,9.847780932024213
2.4000000000000004,-3.0999999999999996,10.23036672190403
2.5,-3.0999999999999996,10.421731649219302
2.6000000000000005,-3.0999999999999996,10.432502197079401
2.7,-3.0999999999999996,10.251705608672975
2.8000000000000007,-3.0999999999999996,9.89123087054655
2.9000000000000004,-3.0999999999999996,9.500006859479054
3.0,-3.0999999999999996,9.381437829667005
3.0999999999999996,-3.0999999999999996,9.713693710363557
3.200000000000001,-3.0999999999999996,10.318338680406832
3.3000000000000007,-3.0999999999999996,10.891702189739703
3.4000000000000004,-3.0999999999999996,11.284588275193471
3.5,-3.0999999999999996,11.484839721569946
3.5999999999999996,-3.0999999999999996,11.503159615521366
3.700000000000001,-3.0999999999999996,11.328650133364008
3.8000000000000007,-3.0999999999999996,10.973273173807671
3.9000000000000004,-3.0999999999999996,10.586028232452094
4.0,-3.0999999999999996,10.470387684925932
4.1,-3.0999999999999996,10.804586939532868
4.200000000000001,-3.0999999999999996,11.410252917249192
4.300000000000001,-3.0999999999999996,11.983775021342423
4.4,-3.0999999999999996,12.376014436837139
4.5,-3.0999999999999996,12.574868304597981
4.600000000000001,-3.0999999999999996,12.591091312018694
4.700000000000001,-3.0999999999999996,12.413834536653006
4.800000000000001,-3.0999999999999996,12.055106149626607
4.9,-3.0999999999999996,11.663949372137065
5.0,-3.0999999999999996,11.543877848911533
-5.0,-3.0,11.231978796979323
-4.9,-3.0,11.372857300427192
-4.8,-3.0,11.811996773136192
-4.7,-3.0,12.215466796839795
-4.6,-3.0,12.419284937803003
-4.5,-3.0,12.410234347531583
-4.4,-3.0,12.200245224950908
-4.3,-3.0,11.777479164266289
-4.2,-3.0,11.155245286860811
-4.1,-3.0,10.49761925911242
-4.0,-3.0,10.138626172095204
-3.9,-3.0,10.274504512276984
-3.8,-3.0,10.709151939031262
-3.7,-3.0,11.108680107661714
-3.5999999999999996,-3.0,11.309151297216179
-3.5,-3.0,11.29739612511602
-3.4,-3.0,11.085395117068146
-3.3,-3.0,10.661363153475818
-3.2,-3.0,10.038665687111667
-3.0999999999999996,-3.0,9.381437829667005
-3.0,-3.0,9.023767278119472
-2.9,-3.0,9.16195830417461
-2.8,-3.0,9.599977515837239
-2.6999999999999997,-3.0,10.004008622083424
-2.5999999999999996,-3.0,10.210188951178694
-2.5,-3.0,10.205426994925144
-2.4,-3.0,10.00178373658643
-2.3,-3.0,9.587556772108428
-2.1999999999999997,-3.0,8.976196107093754
-2.0999999999999996,-3.0,8.331922714401253
-2.0,-3.0,7.9889108105187
-1.9,-3.0,8.143551061644452
-1.7999999999999998,-3.0,8.599895417367302
-1.6999999999999997,-3.0,9.024210793748887
-1.5999999999999996,-3.0,9.252714350203341
-1.5,-3.0,9.272389630493437
-1.4,-3.0,9.095366329113357
-1.2999999999999998,-3.0,8.710002703047355
-1.1999999999999997,-3.0,8.129799529934058
-1.0999999999999996,-3.0,7.51901672549921
-1.0,-3.0,7.211853616762058
-0.8999999999999995,-3.0,7.404710131179545
-0.7999999999999998,-3.0,7.901629659606394
-0.7000000000000002,-3.0,8.368850884729529
-0.5999999999999996,-3.0,8.642541397272915
-0.5,-3.0,8.709612453424612
-0.39999999999999947,-3.0,8.582097719312344
-0.2999999999999998,-3.0,8.248235103818025
-0.1999999999999993,-3.0,7.721380653497359
-0.09999999999999964,-3.0,7.165625681057591
0.0,-3.0,6.914978162949289
0.10000000000000053,-3.0,7.165625681057595
0.20000000000000018,-3.0,7.721380653497363
0.3000000000000007,-3.0,8.248235103818029
0.40000000000000036,-3.0,8.582097719312344
0.5,-3.0,8.709612453424612
0.6000000000000005,-3.0,8.642541397272915
0.7000000000000002,-3.0,8.368850884729529
0.8000000000000007,-3.0,7.901629659606391
0.9000000000000004,-3.0,7.404710131179543
1.0,-3.0,7.211853616762058
1.1000000000000005,-3.0,7.519016725499213
1.2000000000000002,-3.0,8.12979952993406
1.3000000000000007,-3.0,8.710002703047358
1.4000000000000004,-3.0,9.095366329113357
1.5,-3.0,9.272389630493437
1.6000000000000005,-3.0,9.252714350203343
1.7000000000000002,-3.0,9.024210793748885
1.8000000000000007,-3.0,8.599895417367295
1.9000000000000004,-3.0,8.14355106164445
2.0,-3.0,7.9889108105187
2.1000000000000005,-3.0,8.331922714401259
2.2,-3.0,8.976196107093756
2.3000000000000007,-3.0,9.587556772108432
2.4000000000000004,-3.0,10.00178373658643
2.5,-3.0,10.205426994925144
2.6000000000000005,-3.0,10.210188951178694
2.7,-3.0,10.004008622083424
2.8000000000000007,-3.0,9.599977515837235
2.9000000000000004,-3.0,9.16195830417461
3.0,-3.0,9.023767278119472
3.0999999999999996,-3.0,9.381437829667005
3.200000000000001,-3.0,10.038665687111674
3.3000000000000007,-3.0,10.661363153475822
3.4000000000000004,-3.0,11.085395117068147
3.5,-3.0,11.29739612511602
3.5999999999999996,-3.0,11.309151297216179
3.700000000000001,-3.0,11.108680107661709
3.8000000000000007,-3.0,10.709151939031258
3.9000000000000004,-3.0,10.274504512276982
4.0,-3.0,10.138626172095204
4.1,-3.0,10.49761925911242
4.200000000000001,-3.0,11.15524528686082
4.300000000000001,-3.0,11.777479164266293
4.4,-3.0,12.200245224950908
4.5,-3.0,12.410234347531583
4.600000000000001,-3.0,12.419284937802999
4.700000000000001,-3.0,12.21546679683979
4.800000000000001,-3.0,11.81199677313619
4.9,-3.0,11.372857300427192
5.0,-3.0,11.231978796979323
-5.0,-2.9,11.41630844481025
-4.9,-2.9,11.532906095121056
-4.8,-2.9,11.920484892695903
-4.7,-2.9,12.27552839758725
-4.6,-2.9,12.448990615345037
-4.5,-2.9,12.428860641807093
-4.4,-2.9,12.22598472776895
-4.3,-2.9,11.829605600022619
-4.2,-2.9,11.251823645848871
-4.1,-2.9,10.641775354547255
-4.0,-2.9,10.303069180122469
-3.9,-2.9,10.414076283621183
-3.8,-2.9,10.796559610855823
-3.7,-2.9,11.147045465813186
-3.5999999999999996,-2.9,11.316533418009344
-3.5,-2.9,11.293061086471308
-3.4,-2.9,11.087526339981066
-3.3,-2.9,10.689226747158338
-3.2,-2.9,10.110320879904068
-3.0999999999999996,-2.9,9.500006859479056
-3.0,-2.9,9.16195830417461
-2.9,-2.9,9.274615130949012
-2.8,-2.9,9.659812659581345
-2.6999999999999997,-2.9,10.01415317129276
-2.5999999999999996,-2.9,10.188715750503828
-2.5,-2.9,10.171620941516107
-2.4,-2.9,9.97385274754921
-2.3,-2.9,9.584797792241197
-2.1999999999999997,-2.9,9.016706232531963
-2.0999999999999996,-2.9,8.41886979670524
-2.0,-2.9,8.095057090524662
-1.9,-2.9,8.22380360783229
-1.7999999999999998,-2.9,8.627039878903823
-1.6999999999999997,-2.9,9.001461894951467
-1.5999999999999996,-2.9,9.198239626762888
-1.5,-2.9,9.20558016287427
-1.4,-2.9,9.034547994225413
-1.2999999999999998,-2.9,8.674602272594504
-1.1999999999999997,-2.9,8.13805564841979
-1.0999999999999996,-2.9,7.574250089714699
-1.0,-2.9,7.286989865674517
-0.8999999999999995,-2.9,7.454829185749507
-0.7999999999999998,-2.9,7.8996979959221765
-0.7000000000000002,-2.9,8.31827015238725
-0.5999999999999996,-2.9,8.56166988394034
-0.5,-2.9,8.618033170116218
-0.39999999999999947,-2.9,8.498326667440132
-0.2999999999999998,-2.9,8.19188411446696
-0.1999999999999993,-2.9,7.710864915764356
-0.09999999999999964,-2.9,7.204430384955733
0.0,-2.9,6.97617788546243
0.10000000000000053,-2.9,7.204430384955737
0.20000000000000018,-2.9,7.710864915764359
0.3000000000000007,-2.9,8.191884114466964
0.40000000000000036,-2.9,8.498326667440136
0.5,-2.9,8.618033170116218
0.6000000000000005,-2.9,8.56166988394034
0.7000000000000002,-2.9,8.31827015238725
0.8000000000000007,-2.9,7.899697995922173
0.9000000000000004,-2.9,7.454829185749503
1.0,-2.9,7.286989865674517
1.1000000000000005,-2.9,7.574250089714706
1.2000000000000002,-2.9,8.138055648419792
1.3000000000000007,-2.9,8.674602272594507
1.4000000000000004,-2.9,9.034547994225413
1.5,-2.9,9.20558016287427
1.6000000000000005,-2.9,9.198239626762888
1.7000000000000002,-2.9,9.001461894951467
1.8000000000000007,-2.9,8.627039878903815
1.9000000000000004,-2.9,8.223803607832291
2.0,-2.9,8.095057090524662
2.1000000000000005,-2.9,8.418869796705243
2.2,-2.9,9.016706232531964
2.3000000000000007,-2.9,9.584797792241202
2.4000000000000004,-2.9,9.97385274754921
2.5,-2.9,10.171620941516107
2.6000000000000005,-2.9,10.188715750503826
2.7,-2.9,10.01415317129276
2.8000000000000007,-2.9,9.659812659581341
2.9000000000000004,-2.9,9.27461513094901
3.0,-2.9,9.16195830417461
3.0999999999999996,-2.9,9.500006859479056
3.200000000000001,-2.9,10.110320879904075
3.3000000000000007,-2.9,10.689226747158344
3.4000000000000004,-2.9,11.08752633998107
3.5,-2.9,11.293061086471308
3.5999999999999996,-2.9,11.316533418009344
3.700000000000001,-2.9,11.14704546581318
3.8000000000000007,-2.9,10.79655961085582
3.9000000000000004,-2.9,10.414076283621183
4.0,-2.9,10.303069180122469
4.1,-2.9,10.641775354547255
4.200000000000001,-2.9,11.25182364584888
4.300000000000001,-2.9,11.82960560002262
4.4,-2.9,12.22598472776895
4.5,-2.9,12.428860641807093
4.600000000000001,-2.9,12.448990615345036
4.700000000000001,-2.9,12.275528397587244
4.800000000000001,-2.9,11.920484892695903
4.9,-2.9,11.532906095121056
5.0,-2.9,11.41630844481025
-5.0,-2.8,11.900766564610436
-4.9,-2.8,11.965864648935696
-4.8,-2.8,12.241783687120098
-4.7,-2.8,12.492150421024224
-4.6,-2.8,12.600893980315227
-4.5,-2.8,12.558667270467385
-4.4,-2.8,12.37392516807629
-4.3,-2.8,12.038298574801619
-4.2,-2.8,11.561220893286661
-4.1,-2.8,11.058850362851523
-4.0,-2.8,10.767649204730962
-3.9,-2.8,10.826545920892475
-3.8,-2.8,11.096743532563528
-3.7,-2.8,11.34191204323811
-3.5999999999999996,-2.8,11.446026840655572
-3.5,-2.8,11.399790250734858
-3.4,-2.8,11.211709898234961
-3.3,-2.8,10.8734729227119
-3.2,-2.8,10.394572609682998
-3.0999999999999996,-2.8,9.891230870546554
-3.0,-2.8,9.599977515837239
-2.9,-2.8,9.659812659581345
-2.8,-2.8,9.932015033384012
-2.6999999999999997,-2.8,10.180334486152208
-2.5999999999999996,-2.8,10.288830373575724
-2.5,-2.8,10.24829303835954
-2.4,-2.8,10.067322022292787
-2.3,-2.8,9.7377000433228
-2.1999999999999997,-2.8,9.269019280491591
-2.0999999999999996,-2.8,8.777603381756515
-2.0,-2.8,8.500086119607872
-1.9,-2.8,8.575573011962708
-1.7999999999999998,-2.8,8.865448666823855
-1.6999999999999997,-2.8,9.133568107641535
-1.5999999999999996,-2.8,9.26409376705111
-1.5,-2.8,9.247915337715117
-1.4,-2.8,9.093726115250725
-1.2999999999999998,-2.8,8.793394868713994
-1.1999999999999997,-2.8,8.35658979462317
-1.0999999999999996,-2.8,7.899697995922175
-1.0,-2.8,7.659401452659608
-0.8999999999999995,-2.8,7.7748358609535195
-0.7999999999999998,-2.8,8.107395175979894
-0.7000000000000002,-2.8,8.42092021109175
-0.5999999999999996,-2.8,8.599533092094088
-0.5,-2.8,8.63405487944
-0.39999999999999947,-2.8,8.533080124674852
-0.2999999999999998,-2.8,8.288347528072588
-0.1999999999999993,-2.8,7.909363376374374
-0.09999999999999964,-2.8,7.512321306823406
0.0,-2.8,7.3336794412210615
0.10000000000000053,-2.8,7.512321306823409
0.20000000000000018,-2.8,7.909363376374378
0.3000000000000007,-2.8,8.28834752807259
0.40000000000000036,-2.8,8.533080124674854
0.5,-2.8,8.63405487944
0.6000000000000005,-2.8,8.599533092094086
0.7000000000000002,-2.8,8.42092021109175
0.8000000000000007,-2.8,8.10739517597989
0.9000000000000004,-2.8,7.774835860953516
1.0,-2.8,7.659401452659608
1.1000000000000005,-2.8,7.899697995922178
1.2000000000000002,-2.8,8.356589794623172
1.3000000000000007,-2.8,8.793394868714
1.4000000000000004,-2.8,9.093726115250726
1.5,-2.8,9.247915337715117
1.6000000000000005,-2.8,9.26409376705111
1.7000000000000002,-2.8,9.133568107641537
1.8000000000000007,-2.8,8.865448666823854
1.9000000000000004,-2.8,8.575573011962707
2.0,-2.8,8.500086119607872
2.1000000000000005,-2.8,8.777603381756519
2.2,-2.8,9.269019280491593
2.3000000000000007,-2.8,9.737700043322805
2.4000000000000004,-2.8,10.067322022292789
2.5,-2.8,10.24829303835954
2.6000000000000005,-2.8,10.288830373575722
2.7,-2.8,10.180334486152208
2.8000000000000007,-2.8,9.93201503338401
2.9000000000000004,-2.8,9.659812659581343
3.0,-2.8,9.599977515837239
3.0999999999999996,-2.8,9.891230870546554
3.200000000000001,-2.8,10.394572609683003
3.3000000000000007,-2.8,10.873472922711903
3.4000000000000004,-2.8,11.211709898234963
3.5,-2.8,11.399790250734858
3.5999999999999996,-2.8,11.446026840655572
3.700000000000001,-2.8,11.341912043238107
3.8000000000000007,-2.8,11.096743532563526
3.9000000000000004,-2.8,10.826545920892473
4.0,-2.8,10.767649204730962
4.1,-2.8,11.058850362851523
4.200000000000001,-2.8,11.561220893286666
4.300000000000001,-2.8,12.038298574801622
4.4,-2.8,12.37392516807629
4.5,-2.8,12.558667270467385
4.600000000000001,-2.8,12.600893980315227
4.700000000000001,-2.8,12.492150421024224
4.800000000000001,-2.8,12.241783687120096
4.9,-2.8,11.965864648935696
5.0,-2.8,11.900766564610436
-5.0,-2.6999999999999997,12.351462627713314
-4.9,-2.6999999999999997,12.368260915385157
-4.8,-2.6999999999999997,12.539569051652467
-4.7,-2.6999999999999997,12.691855745816266
-4.6,-2.6999999999999997,12.73991271416121
-4.5,-2.6999999999999997,12.676885760792441
-4.4,-2.6999999999999997,12.508991280742732
-4.3,-2.6999999999999997,12.230095066780427
-4.2,-2.6999999999999997,11.847134054911105
-4.1,-2.6999999999999997,11.445400375242656
-4.0,-2.6999999999999997,11.19851082839044
-3.9,-2.6999999999999997,11.208477458215668
-3.8,-2.6999999999999997,11.373416587732407
-3.7,-2.6999999999999997,11.519840534204107
-3.5999999999999996,-2.6999999999999997,11.562587787498886
-3.5,-2.6999999999999997,11.4948542848017
-3.4,-2.6999999999999997,11.322910110506015
-3.3,-2.6999999999999997,11.040678500237671
-3.2,-2.6999999999999997,10.655157780803686
-3.0999999999999996,-2.6999999999999997,10.251705608672975
-3.0,-2.6999999999999997,10.004008622083424
-2.9,-2.6999999999999997,10.01415317129276
-2.8,-2.6999999999999997,10.180334486152208
-2.6999999999999997,-2.6999999999999997,10.329148487790253
-2.5999999999999996,-2.6999999999999997,10.375522017466752
-2.5,-2.6999999999999997,10.312744102724311
-2.4,-2.6999999999999997,10.147182574565253
-2.3,-2.6999999999999997,9.872862897279223
-2.1999999999999997,-2.6999999999999997,9.496889823122046
-2.0999999999999996,-2.6999999999999997,9.10473121268306
-2.0,-2.6999999999999997,8.870187112337815
-1.9,-2.6999999999999997,8.895459728146633
-1.7999999999999998,-2.6999999999999997,9.078861629506022
-1.6999999999999997,-2.6999999999999997,9.247106363837366
-1.5999999999999996,-2.6999999999999997,9.315237231719074
-1.5,-2.6999999999999997,9.276656822701279
-1.4,-2.6999999999999997,9.137841611782825
-1.2999999999999998,-2.6999999999999997,8.892918473365231
-1.1999999999999997,-2.6999999999999997,8.549083732149862
-1.0999999999999996,-2.6999999999999997,8.19188411446696
-1.0,-2.6999999999999997,7.995182732693772
-0.8999999999999995,-2.6999999999999997,8.06122580477239
-0.7999999999999998,-2.6999999999999997,8.288347528072588
-0.7000000000000002,-2.6999999999999997,8.503257398628575
-0.5999999999999996,-2.6999999999999997,8.620965857343638
-0.5,-2.6999999999999997,8.634811014363803
-0.39999999999999947,-2.6999999999999997,8.55117091509709
-0.2999999999999998,-2.6999999999999997,8.364038371912427
-0.1999999999999993,-2.6999999999999997,8.080439140872578
-0.09999999999999964,-2.6999999999999997,7.785712946956275
0.0,-2.6999999999999997,7.65348059740295
0.10000000000000053,-2.6999999999999997,7.785712946956277
0.20000000000000018,-2.6999999999999997,8.080439140872581
0.3000000000000007,-2.6999999999999997,8.364038371912429
0.40000000000000036,-2.6999999999999997,8.551170915097092
0.5,-2.6999999999999997,8.634811014363803
0.6000000000000005,-2.6999999999999997,8.620965857343636
0.7000000000000002,-2.6999999999999997,8.503257398628575
0.8000000000000007,-2.6999999999999997,8.288347528072586
0.9000000000000004,-2.6999999999999997,8.061225804772388
1.0,-2.6999999999999997,7.995182732693772
1.1000000000000005,-2.6999999999999997,8.191884114466962
1.2000000000000002,-2.6999999999999997,8.549083732149862
1.3000000000000007,-2.6999999999999997,8.892918473365235
1.4000000000000004,-2.6999999999999997,9.137841611782825
1.5,-2.6999999999999997,9.276656822701279
1.6000000000000005,-2.6999999999999997,9.315237231719072
1.7000000000000002,-2.6999999999999997,9.247106363837364
1.8000000000000007,-2.6999999999999997,9.078861629506019
1.9000000000000004,-2.6999999999999997,8.895459728146633
2.0,-2.6999999999999997,8.870187112337815
2.1000000000000005,-2.6999999999999997,9.104731212683062
2.2,-2.6999999999999997,9.496889823122046
2.3000000000000007,-2.6999999999999997,9.872862897279225
2.4000000000000004,-2.6999999999999997,10.147182574565253
2.5,-2.6999999999999997,10.312744102724311
2.6000000000000005,-2.6999999999999997,10.37552201746675
2.7,-2.6999999999999997,10.329148487790253
2.8000000000000007,-2.6999999999999997,10.18033448615221
2.9000000000000004,-2.6999999999999997,10.014153171292758
3.0,-2.6999999999999997,10.004008622083424
3.0999999999999996,-2.6999999999999997,10.251705608672975
3.200000000000001,-2.6999999999999997,10.65515778080369
3.3000000000000007,-2.6999999999999997,11.040678500237675
3.4000000000000004,-2.6999999999999997,11.322910110506017
3.5,-2.6999999999999997,11.4948542848017
3.5999999999999996,-2.6999999999999997,11.562587787498886
3.700000000000001,-2.6999999999999997,11.519840534204105
3.8000000000000007,-2.6999999999999997,11.373416587732407
3.9000000000000004,-2.6999999999999997,11.20847745821567
4.0,-2.6999999999999997,11.19851082839044
4.1,-2.6999999999999997,11.445400375242656
4.200000000000001,-2.6999999999999997,11.84713405491111
4.300000000000001,-2.6999999999999997,12.23009506678043
4.4,-2.6999999999999997,12.508991280742732
4.5,-2.6999999999999997,12.676885760792441
4.600000000000001,-2.6999999999999997,12.73991271416121
4.700000000000001,-2.6999999999999997,12.691855745816264
4.800000000000001,-2.6999999999999997,12.539569051652464
4.9,-2.6999999999999997,12.368260915385157
5.0,-2.6999999999999997,12.351462627713314
-5.0,-2.5999999999999996,12.604451962243326
-4.9,-2.5999999999999996,12.591091312018698
-4.8,-2.5999999999999996,12.697817462101638
-4.7,-2.5999999999999996,12.789488654748451
-4.6,-2.5999999999999996,12.799749809979318
-4.5,-2.5999999999999996,12.723268781143453
-4.4,-2.5999999999999996,12.564893579095557
-4.3,-2.5999999999999996,12.31985439519711
-4.2,-2.5999999999999996,11.993562150723221
-4.1,-2.5999999999999996,11.652451847310076
-4.0,-2.5999999999999996,11.431746890395582
-3.9,-2.5999999999999996,11.410906020840436
-3.8,-2.5999999999999996,11.51059511121165
-3.7,-2.5999999999999996,11.595716168206751
-3.5999999999999996,-2.5999999999999996,11.599961200780772
-3.5,-2.5999999999999996,11.518048698376289
-3.4,-2.5999999999999996,11.354881084629913
-3.3,-2.5999999999999996,11.105746974668186
-3.2,-2.5999999999999996,10.77611996073831
-3.0999999999999996,-2.5999999999999996,10.432502197079403
-3.0,-2.5999999999999996,10.210188951178694
-2.9,-2.5999999999999996,10.188715750503828
-2.8,-2.5999999999999996,10.288830373575724
-2.6999999999999997,-2.5999999999999996,10.375522017466752
-2.5999999999999996,-2.5999999999999996,10.382575289847138
-2.5,-2.5999999999999996,10.304806756221065
-2.4,-2.5999999999999996,10.147222391384867
-2.3,-2.5999999999999996,9.90521974406958
-2.1999999999999997,-2.5999999999999996,9.584386517393902
-2.0999999999999996,-2.5999999999999996,9.251343810896605
-2.0,-2.5999999999999996,9.041510163258279
-1.9,-2.5999999999999996,9.034547994225415
-1.7999999999999998,-2.5999999999999996,9.151334662149697
-1.6999999999999997,-2.5999999999999996,9.256990435975872
-1.5999999999999996,-2.5999999999999996,9.285430997318942
-1.5,-2.5999999999999996,9.231602173703148
-1.4,-2.5999999999999996,9.1006352281155
-1.2999999999999998,-2.5999999999999996,8.888046499063638
-1.1999999999999997,-2.5999999999999996,8.599533092094086
-1.0999999999999996,-2.5999999999999996,8.30181288438196
-1.0,-2.5999999999999996,8.130385019387075
-0.8999999999999995,-2.5999999999999996,8.16497255423591
-0.7999999999999998,-2.5999999999999996,8.326489569978596
-0.7000000000000002,-2.5999999999999996,8.480065168629991
-0.5999999999999996,-2.5999999999999996,8.55959212848425
-0.5,-2.5999999999999996,8.559958101833585
-0.39999999999999947,-2.5999999999999996,8.48619788345729
-0.2999999999999998,-2.5999999999999996,8.33369075673531
-0.1999999999999993,-2.5999999999999996,8.107954826411403
-0.09999999999999964,-2.5999999999999996,7.875486786553239
0.0,-2.5999999999999996,7.771523448872303
0.10000000000000053,-2.5999999999999996,7.875486786553241
0.20000000000000018,-2.5999999999999996,8.107954826411405
0.3000000000000007,-2.5999999999999996,8.333690756735312
0.40000000000000036,-2.5999999999999996,8.48619788345729
0.5,-2.5999999999999996,8.559958101833585
0.6000000000000005,-2.5999999999999996,8.55959212848425
0.7000000000000002,-2.5999999999999996,8.480065168629991
0.8000000000000007,-2.5999999999999996,8.326489569978595
0.9000000000000004,-2.5999999999999996,8.16497255423591
1.0,-2.5999999999999996,8.130385019387075
1.1000000000000005,-2.5999999999999996,8.301812884381961
1.2000000000000002,-2.5999999999999996,8.599533092094088
1.3000000000000007,-2.5999999999999996,8.888046499063643
1.4000000000000004,-2.5999999999999996,9.1006352281155
1.5,-2.5999999999999996,9.231602173703148
1.6000000000000005,-2.5999999999999996,9.285430997318944
1.7000000000000002,-2.5999999999999996,9.256990435975872
1.8000000000000007,-2.5999999999999996,9.151334662149697
1.9000000000000004,-2.5999999999999996,9.034547994225413
2.0,-2.5999999999999996,9.041510163258279
2.1000000000000005,-2.5999999999999996,9.251343810896609
2.2,-2.5999999999999996,9.584386517393904
2.3000000000000007,-2.5999999999999996,9.905219744069583
2.4000000000000004,-2.5999999999999996,10.147222391384869
2.5,-2.5999999999999996,10.304806756221065
2.6000000000000005,-2.5999999999999996,10.382575289847138
2.7,-2.5999999999999996,10.375522017466752
2.8000000000000007,-2.5999999999999996,10.288830373575722
2.9000000000000004,-2.5999999999999996,10.188715750503826
3.0,-2.5999999999999996,10.210188951178694
3.0999999999999996,-2.5999999999999996,10.432502197079403
3.200000000000001,-2.5999999999999996,10.776119960738315
3.3000000000000007,-2.5999999999999996,11.105746974668186
3.4000000000000004,-2.5999999999999996,11.354881084629913
3.5,-2.5999999999999996,11.518048698376289
3.5999999999999996,-2.5999999999999996,11.599961200780772
3.700000000000001,-2.5999999999999996,11.595716168206751
3.8000000000000007,-2.5999999999999996,11.510595111211648
3.9000000000000004,-2.5999999999999996,11.410906020840434
4.0,-2.5999999999999996,11.431746890395582
4.1,-2.5999999999999996,11.652451847310076
4.200000000000001,-2.5999999999999996,11.993562150723223
4.300000000000001,-2.5999999999999996,12.31985439519711
4.4,-2.5999999999999996,12.564893579095557
4.5,-2.5999999999999996,12.723268781143453
4.600000000000001,-2.5999999999999996,12.799749809979318
4.700000000000001,-2.5999999999999996,12.78948865474845
4.800000000000001,-2.5999999999999996,12.697817462101636
4.9,-2.5999999999999996,12.591091312018698
5.0,-2.5999999999999996,12.604451962243326
-5.0,-2.5,12.646552972638574
-4.9,-2.5,12.622384969954577
-4.8,-2.5,12.70722695472031
-4.7,-2.5,12.778245496085745
-4.6,-2.5,12.775129399090964
-4.5,-2.5,12.693033061382796
-4.4,-2.5,12.53636417757149
-4.3,-2.5,12.300788874361974
-4.2,-2.5,11.991227165101856
-4.1,-2.5,11.668065837900736
-4.0,-2.5,11.454215696941548
-3.9,-2.5,11.421902079916583
-3.8,-2.5,11.499019891997392
-3.7,-2.5,11.562779415587256
-3.5999999999999996,-2.5,11.5529166387166
-3.5,-2.5,11.464636863626962
-3.4,-2.5,11.302402674250713
-3.3,-2.5,11.06193934411685
-3.2,-2.5,10.748230570997283
-3.0999999999999996,-2.5,10.421731649219302
-3.0,-2.5,10.205426994925144
-2.9,-2.5,10.171620941516107
-2.8,-2.5,10.24829303835954
-2.6999999999999997,-2.5,10.312744102724311
-2.5999999999999996,-2.5,10.304806756221065
-2.5,-2.5,10.219789193034934
-2.4,-2.5,10.062263241342016
-2.3,-2.5,9.828069778695092
-2.1999999999999997,-2.5,9.522314363193232
-2.0999999999999996,-2.5,9.20558016287427
-2.0,-2.5,9.000985066063066
-1.9,-2.5,8.980971853470052
-1.7999999999999998,-2.5,9.073662625290313
-1.6999999999999997,-2.5,9.156503691030474
-1.5999999999999996,-2.5,9.169474610262895
-1.5,-2.5,9.10803008998326
-1.4,-2.5,8.976885762968559
-1.2999999999999998,-2.5,8.77202087961411
-1.1999999999999997,-2.5,8.498670760424016
-1.0999999999999996,-2.5,8.217536096371129
-1.0,-2.5,8.051836010271778
-0.8999999999999995,-2.5,8.074093822189706
-0.7999999999999998,-2.5,8.212486811538799
-0.7000000000000002,-2.5,8.344486323904936
-0.5999999999999996,-2.5,8.41006209284403
-0.5,-2.5,8.404619703200854
-0.39999999999999947,-2.5,8.332782472362906
-0.2999999999999998,-2.5,8.190391052280406
-0.1999999999999993,-2.5,7.982493870349952
-0.09999999999999964,-2.5,7.7695557461489955
0.0,-2.5,7.674511801927853
0.10000000000000053,-2.5,7.7695557461489955
0.20000000000000018,-2.5,7.982493870349954
0.3000000000000007,-2.5,8.190391052280406
0.40000000000000036,-2.5,8.332782472362906
0.5,-2.5,8.404619703200854
0.6000000000000005,-2.5,8.41006209284403
0.7000000000000002,-2.5,8.344486323904936
0.8000000000000007,-2.5,8.212486811538797
0.9000000000000004,-2.5,8.074093822189706
1.0,-2.5,8.051836010271778
1.1000000000000005,-2.5,8.21753609637113
1.2000000000000002,-2.5,8.498670760424021
1.3000000000000007,-2.5,8.772020879614113
1.4000000000000004,-2.5,8.976885762968559
1.5,-2.5,9.10803008998326
1.6000000000000005,-2.5,9.169474610262897
1.7000000000000002,-2.5,9.156503691030473
1.8000000000000007,-2.5,9.07366262529031
1.9000000000000004,-2.5,8.980971853470052
2.0,-2.5,9.000985066063066
2.1000000000000005,-2.5,9.20558016287427
2.2,-2.5,9.522314363193233
2.3000000000000007,-2.5,9.828069778695093
2.4000000000000004,-2.5,10.062263241342016
2.5,-2.5,10.219789193034934
2.6000000000000005,-2.5,10.304806756221067
2.7,-2.5,10.312744102724311
2.8000000000000007,-2.5,10.24829303835954
2.9000000000000004,-2.5,10.171620941516105
3.0,-2.5,10.205426994925144
3.0999999999999996,-2.5,10.421731649219302
3.200000000000001,-2.5,10.748230570997285
3.3000000000000007,-2.5,11.06193934411685
3.4000000000000004,-2.5,11.302402674250716
3.5,-2.5,11.464636863626962
3.5999999999999996,-2.5,11.5529166387166
3.700000000000001,-2.5,11.562779415587256
3.8000000000000007,-2.5,11.499019891997392
3.9000000000000004,-2.5,11.421902079916581
4.0,-2.5,11.454215696941548
4.1,-2.5,11.668065837900736
4.200000000000001,-2.5,11.99122716510186
4.300000000000001,-2.5,12.300788874361976
4.4,-2.5,12.53636417757149
4.5,-2.5,12.693033061382796
4.600000000000001,-2.5,12.775129399090966
4.700000000000001,-2.5,12.778245496085743
4.800000000000001,-2.5,12.70722695472031
4.9,-2.5,12.622384969954577
5.0,-2.5,12.646552972638574
-5.0,-2.4,12.48972819138796
-4.9,-2.4,12.473025370816334
-4.8,-2.4,12.576294877539464
-4.7,-2.4,12.66439072781851
-4.6,-2.4,12.670953503192347
-4.5,-2.4,12.590646614140013
-4.4,-2.4,12.428313534966906
-4.3,-2.4,12.179179840604089
-4.2,-2.4,11.848651773450095
-4.1,-2.4,11.503159615521366
-4.0,-2.4,11.277922038586928
-3.9,-2.4,11.252393068299567
-3.8,-2.4,11.347233919742399
-3.7,-2.4,11.427342046927453
-3.5999999999999996,-2.4,11.42640506699602
-3.5,-2.4,11.3391373048441
-3.4,-2.4,11.170437325006798
-3.3,-2.4,10.91559028050887
-3.2,-2.4,10.580066805143797
-3.0999999999999996,-2.4,10.230366721904028
-3.0,-2.4,10.00178373658643
-2.9,-2.4,9.97385274754921
-2.8,-2.4,10.067322022292787
-2.6999999999999997,-2.4,10.147182574565253
-2.5999999999999996,-2.4,10.147222391384867
-2.5,-2.4,10.062263241342016
-2.4,-2.4,9.897318413128207
-2.3,-2.4,9.647795192045301
-2.1999999999999997,-2.4,9.319293774403848
-2.0999999999999996,-2.4,8.978450860908744
-2.0,-2.4,8.760704061019062
-1.9,-2.4,8.745738696693321
-1.7999999999999998,-2.4,8.85445920833693
-1.6999999999999997,-2.4,8.9520174442528
-1.5999999999999996,-2.4,8.972365427485173
-1.5,-2.4,8.910490275153007
-1.4,-2.4,8.771569565628367
-1.2999999999999998,-2.4,8.55117091509709
-1.1999999999999997,-2.4,8.255047430620694
-1.0999999999999996,-2.4,7.949977268767995
-1.0,-2.4,7.771523448872303
-0.8999999999999995,-2.4,7.799475564267457
-0.7999999999999998,-2.4,7.954815695439699
-0.7000000000000002,-2.4,8.102740960286065
-0.5999999999999996,-2.4,8.177210505390581
-0.5,-2.4,8.173174878084922
-0.39999999999999947,-2.4,8.095726386190927
-0.2999999999999998,-2.4,7.94029455038525
-0.1999999999999993,-2.4,7.712438669259885
-0.09999999999999964,-2.4,7.478686060139037
0.0,-2.4,7.374292407379153
0.10000000000000053,-2.4,7.478686060139037
0.20000000000000018,-2.4,7.712438669259887
0.3000000000000007,-2.4,7.940294550385252
0.40000000000000036,-2.4,8.095726386190927
0.5,-2.4,8.173174878084922
0.6000000000000005,-2.4,8.177210505390581
0.7000000000000002,-2.4,8.102740960286065
0.8000000000000007,-2.4,7.954815695439697
0.9000000000000004,-2.4,7.799475564267453
1.0,-2.4,7.771523448872303
1.1000000000000005,-2.4,7.949977268767995
1.2000000000000002,-2.4,8.255047430620694
1.3000000000000007,-2.4,8.551170915097092
1.4000000000000004,-2.4,8.771569565628367
1.5,-2.4,8.910490275153007
1.6000000000000005,-2.4,8.972365427485174
1.7000000000000002,-2.4,8.952017444252798
1.8000000000000007,-2.4,8.854459208336927
1.9000000000000004,-2.4,8.745738696693323
2.0,-2.4,8.760704061019062
2.1000000000000005,-2.4,8.978450860908747
2.2,-2.4,9.31929377440385
2.3000000000000007,-2.4,9.647795192045303
2.4000000000000004,-2.4,9.897318413128207
2.5,-2.4,10.062263241342016
2.6000000000000005,-2.4,10.147222391384869
2.7,-2.4,10.147182574565253
2.8000000000000007,-2.4,10.067322022292787
2.9000000000000004,-2.4,9.97385274754921
3.0,-2.4,10.00178373658643
3.0999999999999996,-2.4,10.230366721904028
3.200000000000001,-2.4,10.580066805143801
3.3000000000000007,-2.4,10.915590280508873
3.4000000000000004,-2.4,11.170437325006798
3.5,-2.4,11.3391373048441
3.5999999999999996,-2.4,11.42640506699602
3.700000000000001,-2.4,11.427342046927453
3.8000000000000007,-2.4,11.347233919742399
3.9000000000000004,-2.4,11.252393068299565
4.0,-2.4,11.277922038586928
4.1,-2.4,11.503159615521366
4.200000000000001,-2.4,11.8486517734501
4.300000000000001,-2.4,12.179179840604093
4.4,-2.4,12.428313534966906
4.5,-2.4,12.590646614140013
4.600000000000001,-2.4,12.670953503192347
4.700000000000001,-2.4,12.664390727818507
4.800000000000001,-2.4,12.576294877539464
4.9,-2.4,12.473025370816334
5.0,-2.4,12.48972819138796
-5.0,-2.3,12.122168186856864
-4.9,-2.3,12.132289206920035
-4.8,-2.3,12.29669146348693
-4.7,-2.3,12.441835224849362
-4.6,-2.3,12.482503540482004
-4.5,-2.3,12.411833337766517
-4.4,-2.3,12.236031946150804
-4.3,-2.3,11.948955931115904
-4.2,-2.3,11.557532874030468
-4.1,-2.3,11.14704546581318
-4.0,-2.3,10.89110103601335
-3.9,-2.3,10.891702189739703
-3.8,-2.3,11.046955921133057
-3.7,-2.3,11.183365421506904
-3.5999999999999996,-2.3,11.215760368588107
-3.5,-2.3,11.137328332591196
-3.4,-2.3,10.954331630862606
-3.3,-2.3,10.660686513234712
-3.2,-2.3,10.26338531332277
-3.0999999999999996,-2.3,9.847780932024206
-3.0,-2.3,9.587556772108428
-2.9,-2.3,9.584797792241197
-2.8,-2.3,9.7377000433228
-2.6999999999999997,-2.3,9.872862897279223
-2.5999999999999996,-2.3,9.90521974406958
-2.5,-2.3,9.828069778695092
-2.4,-2.3,9.647795192045301
-2.3,-2.3,9.358440625131527
-2.1999999999999997,-2.3,8.967135493885348
-2.0999999999999996,-2.3,8.559378516491222
-2.0,-2.3,8.309007520924567
-1.9,-2.3,8.31827015238725
-1.7999999999999998,-2.3,8.48553278725378
-1.6999999999999997,-2.3,8.637571800133344
-1.5999999999999996,-2.3,8.689502890122688
-1.5,-2.3,8.634811014363802
-1.4,-2.3,8.48006516862999
-1.2999999999999998,-2.3,8.21949480515499
-1.1999999999999997,-2.3,7.860408437452271
-1.0999999999999996,-2.3,7.488473727684552
-1.0,-2.3,7.27768212978917
-0.8999999999999995,-2.3,7.330413747685446
-0.7999999999999998,-2.3,7.545139811243571
-0.7000000000000002,-2.3,7.748707080017855
-0.5999999999999996,-2.3,7.856260118909761
-0.5,-2.3,7.8612643080628
-0.39999999999999947,-2.3,7.77021421009027
-0.2999999999999998,-2.3,7.577204520409985
-0.1999999999999993,-2.3,7.289344610451387
-0.09999999999999964,-2.3,6.992036406400942
0.0,-2.3,6.858939066884243
0.10000000000000053,-2.3,6.992036406400944
0.20000000000000018,-2.3,7.289344610451391
0.3000000000000007,-2.3,7.577204520409989
0.40000000000000036,-2.3,7.770214210090272
0.5,-2.3,7.8612643080628
0.6000000000000005,-2.3,7.856260118909761
0.7000000000000002,-2.3,7.748707080017855
0.8000000000000007,-2.3,7.545139811243567
0.9000000000000004,-2.3,7.330413747685446
1.0,-2.3,7.27768212978917
1.1000000000000005,-2.3,7.488473727684555
1.2000000000000002,-2.3,7.860408437452271
1.3000000000000007,-2.3,8.219494805154996
1.4000000000000004,-2.3,8.48006516862999
1.5,-2.3,8.634811014363802
1.6000000000000005,-2.3,8.68950289012269
1.7000000000000002,-2.3,8.637571800133342
1.8000000000000007,-2.3,8.485532787253778
1.9000000000000004,-2.3,8.318270152387248
2.0,-2.3,8.309007520924567
2.1000000000000005,-2.3,8.559378516491225
2.2,-2.3,8.96713549388535
2.3000000000000007,-2.3,9.35844062513153
2.4000000000000004,-2.3,9.647795192045301
2.5,-2.3,9.828069778695092
2.6000000000000005,-2.3,9.90521974406958
2.7,-2.3,9.872862897279223
2.8000000000000007,-2.3,9.737700043322802
2.9000000000000004,-2.3,9.584797792241197
3.0,-2.3,9.587556772108428
3.0999999999999996,-2.3,9.847780932024206
3.200000000000001,-2.3,10.263385313322777
3.3000000000000007,-2.3,10.660686513234715
3.4000000000000004,-2.3,10.954331630862606
3.5,-2.3,11.137328332591196
3.5999999999999996,-2.3,11.215760368588107
3.700000000000001,-2.3,11.183365421506902
3.8000000000000007,-2.3,11.046955921133055
3.9000000000000004,-2.3,10.891702189739702
4.0,-2.3,10.89110103601335
4.1,-2.3,11.14704546581318
4.200000000000001,-2.3,11.557532874030473
4.300000000000001,-2.3,11.948955931115906
4.4,-2.3,12.236031946150804
4.5,-2.3,12.411833337766517
4.600000000000001,-2.3,12.482503540482004
4.700000000000001,-2.3,12.44183522484936
4.800000000000001,-2.3,12.296691463486928
4.9,-2.3,12.132289206920035
5.0,-2.3,12.122168186856864
-5.0,-2.1999999999999997,11.557207225514446
-4.9,-2.1999999999999997,11.612307071449166
-4.8,-2.1999999999999997,11.877885787939839
-4.7,-2.1999999999999997,12.117557483016572
-4.6,-2.1999999999999997,12.21523831179895
-4.5,-2.1999999999999997,12.161567887569356
-4.4,-2.1999999999999997,11.964987507758176
-4.3,-2.1999999999999997,11.617114247545386
-4.2,-2.1999999999999997,11.127367486031233
-4.1,-2.1999999999999997,10.611891304620118
-4.0,-2.1999999999999997,10.307133709508022
-3.9,-2.1999999999999997,10.352009024731267
-3.8,-2.1999999999999997,10.60770624466182
-3.7,-2.1999999999999997,10.8378816338398
-3.5999999999999996,-2.1999999999999997,10.926497292148268
-3.5,-2.1999999999999997,10.864242902238876
-3.4,-2.1999999999999997,10.659614318330213
-3.3,-2.1999999999999997,10.30428804972347
-3.2,-2.1999999999999997,9.807748204120509
-3.0999999999999996,-2.1999999999999997,9.286209329812818
-3.0,-2.1999999999999997,8.976196107093754
-2.9,-2.1999999999999997,9.016706232531963
-2.8,-2.1999999999999997,9.269019280491591
-2.6999999999999997,-2.1999999999999997,9.496889823122046
-2.5999999999999996,-2.1999999999999997,9.584386517393902
-2.5,-2.1999999999999997,9.522314363193232
-2.4,-2.1999999999999997,9.319293774403848
-2.3,-2.1999999999999997,8.967135493885348
-2.1999999999999997,-2.1999999999999997,8.475467888697477
-2.0999999999999996,-2.1999999999999997,7.960660028483536
-2.0,-2.1999999999999997,7.659401452659607
-1.9,-2.1999999999999997,7.710864915764358
-1.7999999999999998,-2.1999999999999997,7.976514830727549
-1.6999999999999997,-2.1999999999999997,8.220299616030381
-1.5999999999999996,-2.1999999999999997,8.326489569978595
-1.5,-2.1999999999999997,8.286097382336123
-1.4,-2.1999999999999997,8.107954826411403
-1.2999999999999998,-2.1999999999999997,7.784084564062741
-1.1999999999999997,-2.1999999999999997,7.324323509993192
-1.0999999999999996,-2.1999999999999997,6.845241087715452
-1.0,-2.1999999999999997,6.58371324568434
-0.8999999999999995,-2.1999999999999997,6.679078535610479
-0.7999999999999998,-2.1999999999999997,6.992939052947042
-0.7000000000000002,-2.1999999999999997,7.289344610451389
-0.5999999999999996,-2.1999999999999997,7.4526220312796685
-0.5,-2.1999999999999997,7.473787039973924
-0.39999999999999947,-2.1999999999999997,7.361612763187145
-0.2999999999999998,-2.1999999999999997,7.107994323779163
-0.1999999999999993,-2.1999999999999997,6.72256657432624
-0.09999999999999964,-2.1999999999999997,6.32161890176878
0.0,-2.1999999999999997,6.141668510722198
0.10000000000000053,-2.1999999999999997,6.321618901768783
0.20000000000000018,-2.1999999999999997,6.722566574326244
0.3000000000000007,-2.1999999999999997,7.107994323779167
0.40000000000000036,-2.1999999999999997,7.361612763187146
0.5,-2.1999999999999997,7.473787039973924
0.6000000000000005,-2.1999999999999997,7.452622031279667
0.7000000000000002,-2.1999999999999997,7.289344610451389
0.8000000000000007,-2.1999999999999997,6.9929390529470385
0.9000000000000004,-2.1999999999999997,6.679078535610476
1.0,-2.1999999999999997,6.58371324568434
1.1000000000000005,-2.1999999999999997,6.845241087715454
1.2000000000000002,-2.1999999999999997,7.324323509993194
1.3000000000000007,-2.1999999999999997,7.784084564062747
1.4000000000000004,-2.1999999999999997,8.107954826411406
1.5,-2.1999999999999997,8.286097382336123
1.6000000000000005,-2.1999999999999997,8.326489569978593
1.7000000000000002,-2.1999999999999997,8.22029961603038
1.8000000000000007,-2.1999999999999997,7.976514830727547
1.9000000000000004,-2.1999999999999997,7.710864915764356
2.0,-2.1999999999999997,7.659401452659607
2.1000000000000005,-2.1999999999999997,7.960660028483542
2.2,-2.1999999999999997,8.47546788869748
2.3000000000000007,-2.1999999999999997,8.967135493885351
2.4000000000000004,-2.1999999999999997,9.319293774403848
2.5,-2.1999999999999997,9.522314363193232
2.6000000000000005,-2.1999999999999997,9.584386517393902
2.7,-2.1999999999999997,9.496889823122046
2.8000000000000007,-2.1999999999999997,9.269019280491591
2.9000000000000004,-2.1999999999999997,9.016706232531961
3.0,-2.1999999999999997,8.976196107093754
3.0999999999999996,-2.1999999999999997,9.286209329812818
3.200000000000001,-2.1999999999999997,9.807748204120514
3.3000000000000007,-2.1999999999999997,10.304288049723473
3.4000000000000004,-2.1999999999999997,10.659614318330215
3.5,-2.1999999999999997,10.864242902238876
3.5999999999999996,-2.1999999999999997,10.926497292148268
3.700000000000001,-2.1999999999999997,10.8378816338398
3.8000000000000007,-2.1999999999999997,10.607706244661818
3.9000000000000004,-2.1999999999999997,10.352009024731265
4.0,-2.1999999999999997,10.307133709508022
4.1,-2.1999999999999997,10.611891304620118
4.200000000000001,-2.1999999999999997,11.127367486031238
4.300000000000001,-2.1999999999999997,11.617114247545388
4.4,-2.1999999999999997,11.964987507758176
4.5,-2.1999999999999997,12.161567887569356
4.600000000000001,-2.1999999999999997,12.215238311798952
4.700000000000001,-2.1999999999999997,12.11755748301657
4.800000000000001,-2.1999999999999997,11.877885787939839
4.9,-2.1999999999999997,11.612307071449166
5.0,-2.1999999999999997,11.557207225514446
-5.0,-2.0999999999999996,10.958941790747236
-4.9,-2.0999999999999996,11.062241372201772
-4.8,-2.0999999999999996,11.43606754815603
-4.7,-2.0999999999999996,11.776887085866496
-4.6,-2.0999999999999996,11.935636740187787
-4.5,-2.0999999999999996,11.900287927739168
-4.4,-2.0999999999999996,11.681668830807583
-4.3,-2.0999999999999996,11.269003769285776
-4.2,-2.0999999999999996,10.674374449821167
-4.1,-2.0999999999999996,10.046898488169226
-4.0,-2.0999999999999996,9.690165371637631
-3.9,-2.0999999999999996,9.782527323282947
-3.8,-2.0999999999999996,10.145728527206733
-3.7,-2.0999999999999996,10.476276879344416
-3.5999999999999996,-2.0999999999999996,10.625154106628905
-3.5,-2.0999999999999996,10.580380802388234
-3.4,-2.0999999999999996,10.35283892337316
-3.3,-2.0999999999999996,9.931811588338581
-3.2,-2.0999999999999996,9.329444788616396
-3.0999999999999996,-2.0999999999999996,8.694926407381532
-3.0,-2.0999999999999996,8.331922714401253
-2.9,-2.0999999999999996,8.41886979670524
-2.8,-2.0999999999999996,8.777603381756515
-2.6999999999999997,-2.0999999999999996,9.10473121268306
-2.5999999999999996,-2.0999999999999996,9.251343810896605
-2.5,-2.0999999999999996,9.20558016287427
-2.4,-2.0999999999999996,8.978450860908744
-2.3,-2.0999999999999996,8.559378516491222
-2.1999999999999997,-2.0999999999999996,7.960660028483536
-2.0999999999999996,-2.0999999999999996,7.331646065955912
-2.0,-2.0999999999999996,6.976177885462429
-1.9,-2.0999999999999996,7.072878884303151
-1.7999999999999998,-2.0999999999999996,7.443784274044356
-1.6999999999999997,-2.0999999999999996,7.785712946956277
-1.5999999999999996,-2.0999999999999996,7.949977268767993
-1.5,-2.0999999999999996,7.924947218354333
-1.4,-2.0999999999999996,7.721871276411317
-1.2999999999999998,-2.0999999999999996,7.330413747685444
-1.1999999999999997,-2.0999999999999996,6.763112967085966
-1.0999999999999996,-2.0999999999999996,6.169555632715635
-1.0,-2.0999999999999996,5.8538073009703915
-0.8999999999999995,-2.0999999999999996,5.994696414455138
-0.7999999999999998,-2.0999999999999996,6.414435294906092
-0.7000000000000002,-2.0999999999999996,6.809982326308539
-0.5999999999999996,-2.0999999999999996,7.032741341878172
-0.5,-2.0999999999999996,7.071115058820983
-0.39999999999999947,-2.0999999999999996,6.936315530868034
-0.2999999999999998,-2.0999999999999996,6.617891998136944
-0.1999999999999993,-2.0999999999999996,6.12818136622694
-0.09999999999999964,-2.0999999999999996,5.616477362263279
0.0,-2.0999999999999996,5.3864591488239135
0.10000000000000053,-2.0999999999999996,5.616477362263279
0.20000000000000018,-2.0999999999999996,6.1281813662269435
0.3000000000000007,-2.0999999999999996,6.6178919981369475
0.40000000000000036,-2.0999999999999996,6.936315530868036
0.5,-2.0999999999999996,7.071115058820983
0.6000000000000005,-2.0999999999999996,7.03274134187817
0.7000000000000002,-2.0999999999999996,6.809982326308539
0.8000000000000007,-2.0999999999999996,6.414435294906092
0.9000000000000004,-2.0999999999999996,5.9946964144551345
1.0,-2.0999999999999996,5.8538073009703915
1.1000000000000005,-2.0999999999999996,6.169555632715639
1.2000000000000002,-2.0999999999999996,6.763112967085968
1.3000000000000007,-2.0999999999999996,7.33041374768545
1.4000000000000004,-2.0999999999999996,7.721871276411317
1.5,-2.0999999999999996,7.924947218354333
1.6000000000000005,-2.0999999999999996,7.949977268767993
1.7000000000000002,-2.0999999999999996,7.785712946956274
1.8000000000000007,-2.0999999999999996,7.443784274044351
1.9000000000000004,-2.0999999999999996,7.072878884303151
2.0,-2.0999999999999996,6.976177885462429
2.1000000000000005,-2.0999999999999996,7.331646065955917
2.2,-2.0999999999999996,7.960660028483542
2.3000000000000007,-2.0999999999999996,8.559378516491227
2.4000000000000004,-2.0999999999999996,8.978450860908746
2.5,-2.0999999999999996,9.20558016287427
2.6000000000000005,-2.0999999999999996,9.251343810896609
2.7,-2.0999999999999996,9.10473121268306
2.8000000000000007,-2.0999999999999996,8.777603381756514
2.9000000000000004,-2.0999999999999996,8.418869796705238
3.0,-2.0999999999999996,8.331922714401253
3.0999999999999996,-2.0999999999999996,8.694926407381532
3.200000000000001,-2.0999999999999996,9.329444788616405
3.3000000000000007,-2.0999999999999996,9.931811588338586
3.4000000000000004,-2.0999999999999996,10.352838923373161
3.5,-2.0999999999999996,10.580380802388234
3.5999999999999996,-2.0999999999999996,10.625154106628905
3.700000000000001,-2.0999999999999996,10.476276879344411
3.8000000000000007,-2.0999999999999996,10.145728527206732
3.9000000000000004,-2.0999999999999996,9.782527323282947
4.0,-2.0999999999999996,9.690165371637631
4.1,-2.0999999999999996,10.046898488169226
4.200000000000001,-2.0999999999999996,10.674374449821176
4.300000000000001,-2.0999999999999996,11.269003769285778
4.4,-2.0999999999999996,11.681668830807583
4.5,-2.0999999999999996,11.900287927739168
4.600000000000001,-2.0999999999999996,11.935636740187785
4.700000000000001,-2.0999999999999996,11.776887085866495
4.800000000000001,-2.0999999999999996,11.43606754815603
4.9,-2.0999999999999996,11.062241372201772
5.0,-2.0999999999999996,10.958941790747236
-5.0,-2.0,10.661412934927588
-4.9,-2.0,10.785721633436843
-4.8,-2.0,11.207725614414796
-4.7,-2.0,11.593473554004662
-4.6,-2.0,11.778961535028548
-4.5,-2.0,11.750950682245877
-4.4,-2.0,11.521348670970847
-4.3,-2.0,11.078294135453417
-4.2,-2.0,10.435072877916316
-4.1,-2.0,9.755736983056257
-4.0,-2.0,9.374287817340646
-3.9,-2.0,9.486940146071044
-3.8,-2.0,9.897568088439073
-3.7,-2.0,10.27226015428491
-3.5999999999999996,-2.0,10.447056127506299
-3.5,-2.0,10.408765084522413
-3.4,-2.0,10.169347323384653
-3.3,-2.0,9.716999232642321
-3.2,-2.0,9.065070003379446
-3.0999999999999996,-2.0,8.377681291404887
-3.0,-2.0,7.9889108105187
-2.9,-2.0,8.095057090524662
-2.8,-2.0,8.500086119607872
-2.6999999999999997,-2.0,8.870187112337815
-2.5999999999999996,-2.0,9.041510163258279
-2.5,-2.0,9.000985066063066
-2.4,-2.0,8.760704061019062
-2.3,-2.0,8.309007520924567
-2.1999999999999997,-2.0,7.659401452659607
-2.0999999999999996,-2.0,6.976177885462429
-2.0,-2.0,6.593599079287213
-1.9,-2.0,6.70816272517375
-1.7999999999999998,-2.0,7.1240487788031945
-1.6999999999999997,-2.0,7.507675070978017
-1.5999999999999996,-2.0,7.695434336568752
-1.5,-2.0,7.674511801927853
-1.4,-2.0,7.457265933108943
-1.2999999999999998,-2.0,7.032311178760182
-1.1999999999999997,-2.0,6.413431400658993
-1.0999999999999996,-2.0,5.765194885166018
-1.0,-2.0,5.422131717799509
-0.8999999999999995,-2.0,5.580990595934757
-0.7999999999999998,-2.0,6.046175712033957
-0.7000000000000002,-2.0,6.484290968460787
-0.5999999999999996,-2.0,6.731864446075958
-0.5,-2.0,6.776152740106655
-0.39999999999999947,-2.0,6.629508444783962
-0.2999999999999998,-2.0,6.280450492300837
-0.1999999999999993,-2.0,5.742567056939848
-0.09999999999999964,-2.0,5.180122999883604
0.0,-2.0,4.927233671124704
0.10000000000000053,-2.0,5.180122999883611
0.20000000000000018,-2.0,5.742567056939855
0.3000000000000007,-2.0,6.28045049230084
0.40000000000000036,-2.0,6.629508444783966
0.5,-2.0,6.776152740106655
0.6000000000000005,-2.0,6.7318644460759565
0.7000000000000002,-2.0,6.484290968460787
0.8000000000000007,-2.0,6.046175712033953
0.9000000000000004,-2.0,5.580990595934754
1.0,-2.0,5.422131717799509
1.1000000000000005,-2.0,5.765194885166025
1.2000000000000002,-2.0,6.413431400658997
1.3000000000000007,-2.0,7.032311178760185
1.4000000000000004,-2.0,7.457265933108944
1.5,-2.0,7.674511801927853
1.6000000000000005,-2.0,7.69543433656875
1.7000000000000002,-2.0,7.507675070978015
1.8000000000000007,-2.0,7.124048778803189
1.9000000000000004,-2.0,6.70816272517375
2.0,-2.0,6.593599079287213
2.1000000000000005,-2.0,6.976177885462434
2.2,-2.0,7.659401452659608
2.3000000000000007,-2.0,8.309007520924574
2.4000000000000004,-2.0,8.760704061019062
2.5,-2.0,9.000985066063066
2.6000000000000005,-2.0,9.041510163258277
2.7,-2.0,8.870187112337815
2.8000000000000007,-2.0,8.50008611960787
2.9000000000000004,-2.0,8.09505709052466
3.0,-2.0,7.9889108105187
3.0999999999999996,-2.0,8.377681291404887
3.200000000000001,-2.0,9.065070003379454
3.3000000000000007,-2.0,9.716999232642324
3.4000000000000004,-2.0,10.169347323384654
3.5,-2.0,10.408765084522413
3.5999999999999996,-2.0,10.447056127506299
3.700000000000001,-2.0,10.272260154284906
3.8000000000000007,-2.0,9.897568088439073
3.9000000000000004,-2.0,9.486940146071042
4.0,-2.0,9.374287817340646
4.1,-2.0,9.755736983056257
4.200000000000001,-2.0,10.435072877916326
4.300000000000001,-2.0,11.07829413545342
4.4,-2.0,11.521348670970847
4.5,-2.0,11.750950682245877
4.600000000000001,-2.0,11.778961535028547
4.700000000000001,-2.0,11.593473554004657
4.800000000000001,-2.0,11.207725614414795
4.9,-2.0,10.785721633436843
5.0,-2.0,10.661412934927588
-5.0,-1.9,10.860869695011637
-4.9,-1.9,10.961134645194747
-4.8,-1.9,11.33180969744345
-4.7,-1.9,11.669356247957396
-4.6,-1.9,11.824705415588861
-4.5,-1.9,11.785822706766414
-4.4,-1.9,11.563530111026314
-4.3,-1.9,11.147045465813184
-4.2,-1.9,10.54844370017495
-4.1,-1.9,9.91683535390002
-4.0,-1.9,9.55580253966367
-3.9,-1.9,9.643689810678055
-3.8,-1.9,10.00223339420788
-3.7,-1.9,10.327932956578369
-3.5999999999999996,-1.9,10.471761744049985
-3.5,-1.9,10.421731649219304
-3.4,-1.9,10.188715750503826
-3.3,-1.9,9.761988167219672
-3.2,-1.9,9.153685843765416
-3.0999999999999996,-1.9,8.51298766325213
-3.0,-1.9,8.143551061644452
-2.9,-1.9,8.22380360783229
-2.8,-1.9,8.575573011962708
-2.6999999999999997,-1.9,8.895459728146633
-2.5999999999999996,-1.9,9.034547994225415
-2.5,-1.9,8.980971853470052
-2.4,-1.9,8.745738696693321
-2.3,-1.9,8.31827015238725
-2.1999999999999997,-1.9,7.710864915764358
-2.0999999999999996,-1.9,7.072878884303151
-2.0,-1.9,6.70816272517375
-1.9,-1.9,6.7953542780099365
-1.7999999999999998,-1.9,7.15650917343603
-1.6999999999999997,-1.9,7.488473727684557
-1.5999999999999996,-1.9,7.642595822657384
-1.5,-1.9,7.6072901525476
-1.4,-1.9,7.393860180241074
-1.2999999999999998,-1.9,6.992036406400944
-1.1999999999999997,-1.9,6.414435294906092
-1.0999999999999996,-1.9,5.810733966451014
-1.0,-1.9,5.485100544286222
-0.8999999999999995,-1.9,5.616477362263282
-0.7999999999999998,-1.9,6.027200315165587
-0.7000000000000002,-1.9,6.414358458018473
-0.5999999999999996,-1.9,6.629489814550475
-0.5,-1.9,6.661130283171939
-0.39999999999999947,-1.9,6.520618780319179
-0.2999999999999998,-1.9,6.197619308723322
-0.1999999999999993,-1.9,5.704565617719048
-0.09999999999999964,-1.9,5.190825025601686
0.0,-1.9,4.960122726645917
0.10000000000000053,-1.9,5.1908250256016935
0.20000000000000018,-1.9,5.704565617719052
0.3000000000000007,-1.9,6.197619308723326
0.40000000000000036,-1.9,6.520618780319179
0.5,-1.9,6.661130283171939
0.6000000000000005,-1.9,6.629489814550475
0.7000000000000002,-1.9,6.414358458018473
0.8000000000000007,-1.9,6.027200315165583
0.9000000000000004,-1.9,5.616477362263279
1.0,-1.9,5.485100544286222
1.1000000000000005,-1.9,5.810733966451021
1.2000000000000002,-1.9,6.414435294906095
1.3000000000000007,-1.9,6.992036406400947
1.4000000000000004,-1.9,7.3938601802410755
1.5,-1.9,7.6072901525476
1.6000000000000005,-1.9,7.642595822657388
1.7000000000000002,-1.9,7.488473727684555
1.8000000000000007,-1.9,7.156509173436024
1.9000000000000004,-1.9,6.795354278009935
2.0,-1.9,6.70816272517375
2.1000000000000005,-1.9,7.072878884303156
2.2,-1.9,7.710864915764359
2.3000000000000007,-1.9,8.318270152387255
2.4000000000000004,-1.9,8.745738696693323
2.5,-1.9,8.980971853470052
2.6000000000000005,-1.9,9.034547994225413
2.7,-1.9,8.895459728146637
2.8000000000000007,-1.9,8.575573011962707
2.9000000000000004,-1.9,8.22380360783229
3.0,-1.9,8.143551061644452
3.0999999999999996,-1.9,8.51298766325213
3.200000000000001,-1.9,9.153685843765427
3.3000000000000007,-1.9,9.761988167219675
3.4000000000000004,-1.9,10.188715750503828
3.5,-1.9,10.421731649219304
3.5999999999999996,-1.9,10.471761744049985
3.700000000000001,-1.9,10.327932956578367
3.8000000000000007,-1.9,10.002233394207876
3.9000000000000004,-1.9,9.643689810678053
4.0,-1.9,9.55580253966367
4.1,-1.9,9.91683535390002
4.200000000000001,-1.9,10.548443700174959
4.300000000000001,-1.9,11.147045465813186
4.4,-1.9,11.563530111026314
4.5,-1.9,11.785822706766414
4.600000000000001,-1.9,11.82470541558886
4.700000000000001,-1.9,11.66935624795739
4.800000000000001,-1.9,11.331809697443449
4.9,-1.9,10.961134645194747
5.0,-1.9,10.860869695011637
-5.0,-1.7999999999999998,11.361214289168212
-4.9,-1.7999999999999998,11.41025291724919
-4.8,-1.7999999999999998,11.669537919355358
-4.7,-1.7999999999999998,11.902672692084916
-4.6,-1.7999999999999998,11.99356215072322
-4.5,-1.7999999999999998,11.932834121758058
-4.4,-1.7999999999999998,11.728917552001096
-4.3,-1.7999999999999998,11.373416587732407
-4.2,-1.7999999999999998,10.87573708970344
-4.1,-1.7999999999999998,10.352009024731267
-4.0,-1.7999999999999998,10.038665687111669
-3.9,-1.7999999999999998,10.074606097945258
-3.8,-1.7999999999999998,10.321003373257263
-3.7,-1.7999999999999998,10.541497351226187
-3.5999999999999996,-1.7999999999999998,10.620033199462359
-3.5,-1.7999999999999998,10.547283222786822
-3.4,-1.7999999999999998,10.331725534888722
-3.3,-1.7999999999999998,9.965018652299001
-3.2,-1.7999999999999998,9.456628581830133
-3.0999999999999996,-1.7999999999999998,8.922751847732208
-3.0,-1.7999999999999998,8.599895417367302
-2.9,-1.7999999999999998,8.627039878903823
-2.8,-1.7999999999999998,8.865448666823855
-2.6999999999999997,-1.7999999999999998,9.078861629506022
-2.5999999999999996,-1.7999999999999998,9.151334662149697
-2.5,-1.7999999999999998,9.073662625290313
-2.4,-1.7999999999999998,8.85445920833693
-2.3,-1.7999999999999998,8.48553278725378
-2.1999999999999997,-1.7999999999999998,7.976514830727549
-2.0999999999999996,-1.7999999999999998,7.443784274044356
-2.0,-1.7999999999999998,7.1240487788031945
-1.9,-1.7999999999999998,7.15650917343603
-1.7999999999999998,-1.7999999999999998,7.40266978893969
-1.6999999999999997,-1.7999999999999998,7.626532874149232
-1.5999999999999996,-1.7999999999999998,7.712438669259887
-1.5,-1.7999999999999998,7.651488172793533
-1.4,-1.7999999999999998,7.45262203127967
-1.2999999999999998,-1.7999999999999998,7.107994323779165
-1.1999999999999997,-1.7999999999999998,6.627597475267404
-1.0999999999999996,-1.7999999999999998,6.1281813662269435
-1.0,-1.7999999999999998,5.846827196795235
-0.8999999999999995,-1.7999999999999998,5.923102071774462
-0.7999999999999998,-1.7999999999999998,6.218856780162753
-0.7000000000000002,-1.7999999999999998,6.498404874881178
-0.5999999999999996,-1.7999999999999998,6.646344801156108
-0.5,-1.7999999999999998,6.6539626134591465
-0.39999999999999947,-1.7999999999999998,6.530289617480168
-0.2999999999999998,-1.7999999999999998,6.267455042863787
-0.1999999999999993,-1.7999999999999998,5.875291696273511
-0.09999999999999964,-1.7999999999999998,5.470239630578856
0.0,-1.7999999999999998,5.288910397660626
0.10000000000000053,-1.7999999999999998,5.47023963057886
0.20000000000000018,-1.7999999999999998,5.875291696273514
0.3000000000000007,-1.7999999999999998,6.267455042863791
0.40000000000000036,-1.7999999999999998,6.530289617480172
0.5,-1.7999999999999998,6.6539626134591465
0.6000000000000005,-1.7999999999999998,6.646344801156108
0.7000000000000002,-1.7999999999999998,6.498404874881178
0.8000000000000007,-1.7999999999999998,6.218856780162749
0.9000000000000004,-1.7999999999999998,5.9231020717744585
1.0,-1.7999999999999998,5.846827196795235
1.1000000000000005,-1.7999999999999998,6.128181366226947
1.2000000000000002,-1.7999999999999998,6.627597475267404
1.3000000000000007,-1.7999999999999998,7.10799432377917
1.4000000000000004,-1.7999999999999998,7.452622031279672
1.5,-1.7999999999999998,7.651488172793533
1.6000000000000005,-1.7999999999999998,7.712438669259887
1.7000000000000002,-1.7999999999999998,7.62653287414923
1.8000000000000007,-1.7999999999999998,7.402669788939686
1.9000000000000004,-1.7999999999999998,7.156509173436028
2.0,-1.7999999999999998,7.1240487788031945
2.1000000000000005,-1.7999999999999998,7.443784274044361
2.2,-1.7999999999999998,7.976514830727552
2.3000000000000007,-1.7999999999999998,8.485532787253785
2.4000000000000004,-1.7999999999999998,8.85445920833693
2.5,-1.7999999999999998,9.073662625290313
2.6000000000000005,-1.7999999999999998,9.151334662149697
2.7,-1.7999999999999998,9.078861629506022
2.8000000000000007,-1.7999999999999998,8.865448666823855
2.9000000000000004,-1.7999999999999998,8.62703987890382
3.0,-1.7999999999999998,8.599895417367302
3.0999999999999996,-1.7999999999999998,8.922751847732208
3.200000000000001,-1.7999999999999998,9.456628581830138
3.3000000000000007,-1.7999999999999998,9.965018652299003
3.4000000000000004,-1.7999999999999998,10.331725534888722
3.5,-1.7999999999999998,10.547283222786822
3.5999999999999996,-1.7999999999999998,10.620033199462359
3.700000000000001,-1.7999999999999998,10.541497351226184
3.8000000000000007,-1.7999999999999998,10.32100337325726
3.9000000000000004,-1.7999999999999998,10.074606097945257
4.0,-1.7999999999999998,10.038665687111669
4.1,-1.7999999999999998,10.352009024731267
4.200000000000001,-1.7999999999999998,10.875737089703446
4.300000000000001,-1.7999999999999998,11.373416587732411
4.4,-1.7999999999999998,11.728917552001096
4.5,-1.7999999999999998,11.932834121758058
4.600000000000001,-1.7999999999999998,11.993562150723221
4.700000000000001,-1.7999999999999998,11.902672692084915
4.800000000000001,-1.7999999999999998,11.669537919355356
4.9,-1.7999999999999998,11.41025291724919
5.0,-1.7999999999999998,11.361214289168212
-5.0,-1.6999999999999997,11.828556335406152
-4.9,-1.6999999999999997,11.82960560002262
-4.8,-1.6999999999999997,11.98458857460212
-4.7,-1.6999999999999997,12.119949536926221
-4.6,-1.6999999999999997,12.150454757106958
-4.5,-1.6999999999999997,12.069223566303913
-4.4,-1.6999999999999997,11.882444855299761
-4.3,-1.6999999999999997,11.583955886342967
-4.2,-1.6999999999999997,11.180664055621982
-4.1,-1.6999999999999997,10.757830975875697
-4.0,-1.6999999999999997,10.489042002697248
-3.9,-1.6999999999999997,10.476276879344418
-3.8,-1.6999999999999997,10.617618871659264
-3.7,-1.6999999999999997,10.739546614755238
-3.5999999999999996,-1.6999999999999997,10.756864462185495
-3.5,-1.6999999999999997,10.662733978495279
-3.4,-1.6999999999999997,10.463390913112105
-3.3,-1.6999999999999997,10.15272454516154
-3.2,-1.6999999999999997,9.7377000433228
-3.0999999999999996,-1.6999999999999997,9.303643217518635
-3.0,-1.6999999999999997,9.024210793748887
-2.9,-1.6999999999999997,9.001461894951467
-2.8,-1.6999999999999997,9.133568107641535
-2.6999999999999997,-1.6999999999999997,9.247106363837366
-2.5999999999999996,-1.6999999999999997,9.256990435975872
-2.5,-1.6999999999999997,9.156503691030474
-2.4,-1.6999999999999997,8.9520174442528
-2.3,-1.6999999999999997,8.637571800133344
-2.1999999999999997,-1.6999999999999997,8.220299616030381
-2.0999999999999996,-1.6999999999999997,7.785712946956277
-2.0,-1.6999999999999997,7.507675070978017
-1.9,-1.6999999999999997,7.488473727684557
-1.7999999999999998,-1.6999999999999997,7.626532874149232
-1.6999999999999997,-1.6999999999999997,7.748707080017853
-1.5999999999999996,-1.6999999999999997,7.770214210090272
-1.5,-1.6999999999999997,7.684668840117141
-1.4,-1.6999999999999997,7.498800485068065
-1.2999999999999998,-1.6999999999999997,7.2070331980578874
-1.1999999999999997,-1.6999999999999997,6.816906774965339
-1.0999999999999996,-1.6999999999999997,6.414358458018473
-1.0,-1.6999999999999997,6.173687728457043
-0.8999999999999995,-1.6999999999999997,6.197619308723322
-0.7999999999999998,-1.6999999999999997,6.385001232175437
-0.7000000000000002,-1.6999999999999997,6.563081819198722
-0.5999999999999996,-1.6999999999999997,6.647421213878136
-0.5,-1.6999999999999997,6.631900359541806
-0.39999999999999947,-1.6999999999999997,6.523412476935405
-0.2999999999999998,-1.6999999999999997,6.316415212878653
-0.1999999999999993,-1.6999999999999997,6.018325906751233
-0.09999999999999964,-1.6999999999999997,5.7147815299606926
0.0,-1.6999999999999997,5.579588708473942
0.10000000000000053,-1.6999999999999997,5.7147815299606926
0.20000000000000018,-1.6999999999999997,6.018325906751233
0.3000000000000007,-1.6999999999999997,6.316415212878656
0.40000000000000036,-1.6999999999999997,6.523412476935405
0.5,-1.6999999999999997,6.631900359541806
0.6000000000000005,-1.6999999999999997,6.64742121387814
0.7000000000000002,-1.6999999999999997,6.563081819198722
0.8000000000000007,-1.6999999999999997,6.3850012321754335
0.9000000000000004,-1.6999999999999997,6.197619308723322
1.0,-1.6999999999999997,6.173687728457043
1.1000000000000005,-1.6999999999999997,6.414358458018473
1.2000000000000002,-1.6999999999999997,6.816906774965341
1.3000000000000007,-1.6999999999999997,7.207033198057891
1.4000000000000004,-1.6999999999999997,7.498800485068067
1.5,-1.6999999999999997,7.684668840117141
1.6000000000000005,-1.6999999999999997,7.770214210090273
1.7000000000000002,-1.6999999999999997,7.748707080017855
1.8000000000000007,-1.6999999999999997,7.626532874149229
1.9000000000000004,-1.6999999999999997,7.488473727684557
2.0,-1.6999999999999997,7.507675070978017
2.1000000000000005,-1.6999999999999997,7.785712946956279
2.2,-1.6999999999999997,8.220299616030383
2.3000000000000007,-1.6999999999999997,8.637571800133351
2.4000000000000004,-1.6999999999999997,8.9520174442528
2.5,-1.6999999999999997,9.156503691030474
2.6000000000000005,-1.6999999999999997,9.256990435975872
2.7,-1.6999999999999997,9.247106363837366
2.8000000000000007,-1.6999999999999997,9.133568107641537
2.9000000000000004,-1.6999999999999997,9.001461894951467
3.0,-1.6999999999999997,9.024210793748887
3.0999999999999996,-1.6999999999999997,9.303643217518635
3.200000000000001,-1.6999999999999997,9.737700043322809
3.3000000000000007,-1.6999999999999997,10.152724545161545
3.4000000000000004,-1.6999999999999997,10.463390913112107
3.5,-1.6999999999999997,10.662733978495279
3.5999999999999996,-1.6999999999999997,10.756864462185495
3.700000000000001,-1.6999999999999997,10.739546614755234
3.8000000000000007,-1.6999999999999997,10.617618871659262
3.9000000000000004,-1.6999999999999997,10.476276879344416
4.0,-1.6999999999999997,10.489042002697248
4.1,-1.6999999999999997,10.757830975875697
4.200000000000001,-1.6999999999999997,11.180664055621985
4.300000000000001,-1.6999999999999997,11.583955886342968
4.4,-1.6999999999999997,11.882444855299761
4.5,-1.6999999999999997,12.069223566303913
4.600000000000001,-1.6999999999999997,12.150454757106958
4.700000000000001,-1.6999999999999997,12.11994953692622
4.800000000000001,-1.6999999999999997,11.984588574602117
4.9,-1.6999999999999997,11.82960560002262
5.0,-1.6999999999999997,11.828556335406152
-5.0,-1.5999999999999996,12.098948854400351
-4.9,-1.5999999999999996,12.070187713449783
-4.8,-1.5999999999999996,12.160937797885913
-4.7,-1.5999999999999996,12.236031946150806
-4.6,-1.5999999999999996,12.229088517243087
-4.5,-1.5999999999999996,12.134747616749658
-4.4,-1.5999999999999996,11.957828297119285
-4.3,-1.5999999999999996,11.69353056419035
-4.2,-1.5999999999999996,11.347233919742399
-4.1,-1.5999999999999996,10.985340717362144
-4.0,-1.5999999999999996,10.743040506787825
-3.9,-1.5999999999999996,10.699757005791632
-3.8,-1.5999999999999996,10.77611996073831
-3.7,-1.5999999999999996,10.836994242880627
-3.5999999999999996,-1.5999999999999996,10.816033846626945
-3.5,-1.5999999999999996,10.707918542132802
-3.4,-1.5999999999999996,10.517511557032654
-3.3,-1.5999999999999996,10.240062126594996
-3.2,-1.5999999999999996,9.881004650203115
-3.0999999999999996,-1.5999999999999996,9.506802740485595
-3.0,-1.5999999999999996,9.252714350203341
-2.9,-1.5999999999999996,9.198239626762888
-2.8,-1.5999999999999996,9.26409376705111
-2.6999999999999997,-1.5999999999999996,9.315237231719074
-2.5999999999999996,-1.5999999999999996,9.285430997318942
-2.5,-1.5999999999999996,9.169474610262895
-2.4,-1.5999999999999996,8.972365427485173
-2.3,-1.5999999999999996,8.689502890122688
-2.1999999999999997,-1.5999999999999996,8.326489569978595
-2.0999999999999996,-1.5999999999999996,7.949977268767993
-2.0,-1.5999999999999996,7.695434336568752
-1.9,-1.5999999999999996,7.642595822657384
-1.7999999999999998,-1.5999999999999996,7.712438669259887
-1.6999999999999997,-1.5999999999999996,7.770214210090272
-1.5999999999999996,-1.5999999999999996,7.750005507777205
-1.5,-1.5999999999999996,7.646967088580309
-1.4,-1.5999999999999996,7.466485176629368
-1.2999999999999998,-1.5999999999999996,7.204381898464865
-1.1999999999999997,-1.5999999999999996,6.866714716512341
-1.0999999999999996,-1.5999999999999996,6.520618780319175
-1.0,-1.5999999999999996,6.302067672277303
-0.8999999999999995,-1.5999999999999996,6.2913134104384945
-0.7999999999999998,-1.5999999999999996,6.409847182875282
-0.7000000000000002,-1.5999999999999996,6.523412476935405
-0.5999999999999996,-1.5999999999999996,6.566537850223739
-0.5,-1.5999999999999996,6.534747138487347
-0.39999999999999947,-1.5999999999999996,6.43368618162382
-0.2999999999999998,-1.5999999999999996,6.259291424550362
-0.1999999999999993,-1.5999999999999996,6.017554479587549
-0.09999999999999964,-1.5999999999999996,5.775333943590905
0.0,-1.5999999999999996,5.668093929283909
0.10000000000000053,-1.5999999999999996,5.775333943590905
0.20000000000000018,-1.5999999999999996,6.017554479587549
0.3000000000000007,-1.5999999999999996,6.259291424550366
0.40000000000000036,-1.5999999999999996,6.433686181623823
0.5,-1.5999999999999996,6.534747138487347
0.6000000000000005,-1.5999999999999996,6.566537850223735
0.7000000000000002,-1.5999999999999996,6.523412476935405
0.8000000000000007,-1.5999999999999996,6.409847182875282
0.9000000000000004,-1.5999999999999996,6.2913134104384945
1.0,-1.5999999999999996,6.302067672277303
1.1000000000000005,-1.5999999999999996,6.520618780319179
1.2000000000000002,-1.5999999999999996,6.8667147165123446
1.3000000000000007,-1.5999999999999996,7.204381898464868
1.4000000000000004,-1.5999999999999996,7.466485176629368
1.5,-1.5999999999999996,7.646967088580309
1.6000000000000005,-1.5999999999999996,7.7500055077772085
1.7000000000000002,-1.5999999999999996,7.770214210090272
1.8000000000000007,-1.5999999999999996,7.712438669259887
1.9000000000000004,-1.5999999999999996,7.642595822657388
2.0,-1.5999999999999996,7.695434336568752
2.1000000000000005,-1.5999999999999996,7.949977268767997
2.2,-1.5999999999999996,8.326489569978596
2.3000000000000007,-1.5999999999999996,8.689502890122691
2.4000000000000004,-1.5999999999999996,8.972365427485174
2.5,-1.5999999999999996,9.169474610262895
2.6000000000000005,-1.5999999999999996,9.285430997318944
2.7,-1.5999999999999996,9.315237231719074
2.8000000000000007,-1.5999999999999996,9.26409376705111
2.9000000000000004,-1.5999999999999996,9.198239626762888
3.0,-1.5999999999999996,9.252714350203341
3.0999999999999996,-1.5999999999999996,9.506802740485595
3.200000000000001,-1.5999999999999996,9.881004650203119
3.3000000000000007,-1.5999999999999996,10.240062126594998
3.4000000000000004,-1.5999999999999996,10.517511557032654
3.5,-1.5999999999999996,10.707918542132802
3.5999999999999996,-1.5999999999999996,10.816033846626945
3.700000000000001,-1.5999999999999996,10.836994242880627
3.8000000000000007,-1.5999999999999996,10.776119960738308
3.9000000000000004,-1.5999999999999996,10.699757005791634
4.0,-1.5999999999999996,10.743040506787825
4.1,-1.5999999999999996,10.985340717362144
4.200000000000001,-1.5999999999999996,11.347233919742402
4.300000000000001,-1.5999999999999996,11.693530564190354
4.4,-1.5999999999999996,11.957828297119285
4.5,-1.5999999999999996,12.134747616749658
4.600000000000001,-1.5999999999999996,12.229088517243088
4.700000000000001,-1.5999999999999996,12.236031946150806
4.800000000000001,-1.5999999999999996,12.160937797885913
4.9,-1.5999999999999996,12.070187713449783
5.0,-1.5999999999999996,12.098948854400351
-5.0,-1.5,12.159205342190257
-4.9,-1.5,12.120024229962667
-4.8,-1.5,12.18928035527811
-4.7,-1.5,12.24411404416646
-4.6,-1.5,12.224186564192438
-4.5,-1.5,12.12462343373197
-4.4,-1.5,11.94980208233464
-4.3,-1.5,11.69535694686973
-4.2,-1.5,11.366174894036602
-4.1,-1.5,11.022608085787878
-4.0,-1.5,10.787531210229893
-3.9,-1.5,10.73313200454002
-3.8,-1.5,10.78726631471475
-3.7,-1.5,10.82710395675922
-3.5999999999999996,-1.5,10.792339128685308
-3.5,-1.5,10.67813414273597
-3.4,-1.5,10.488907566035849
-3.3,-1.5,10.220339862606652
-3.2,-1.5,9.877369436720931
-3.0999999999999996,-1.5,9.52040620480482
-3.0,-1.5,9.272389630493437
-2.9,-1.5,9.20558016287427
-2.8,-1.5,9.247915337715117
-2.6999999999999997,-1.5,9.276656822701279
-2.5999999999999996,-1.5,9.231602173703148
-2.5,-1.5,9.10803008998326
-2.4,-1.5,8.910490275153007
-2.3,-1.5,8.634811014363802
-2.1999999999999997,-1.5,8.286097382336123
-2.0999999999999996,-1.5,7.924947218354333
-2.0,-1.5,7.674511801927853
-1.9,-1.5,7.6072901525476
-1.7999999999999998,-1.5,7.651488172793533
-1.6999999999999997,-1.5,7.684668840117141
-1.5999999999999996,-1.5,7.646967088580309
-1.5,-1.5,7.534037973653245
-1.4,-1.5,7.350848939795968
-1.2999999999999998,-1.5,7.093688895493431
-1.1999999999999997,-1.5,6.7681664588420105
-1.0999999999999996,-1.5,6.435423790729725
-1.0,-1.5,6.219192055519926
-0.8999999999999995,-1.5,6.1925763865734
-0.7999999999999998,-1.5,6.284400449034724
-0.7000000000000002,-1.5,6.372835740005989
-0.5999999999999996,-1.5,6.398588493304878
-0.5,-1.5,6.357812613746894
-0.39999999999999947,-1.5,6.255860262125712
-0.2999999999999998,-1.5,6.0892448949661215
-0.1999999999999993,-1.5,5.863592683543089
-0.09999999999999964,-1.5,5.6398136114449855
0.0,-1.5,5.5411239587646826
0.10000000000000053,-1.5,5.6398136114449855
0.20000000000000018,-1.5,5.863592683543093
0.3000000000000007,-1.5,6.089244894966129
0.40000000000000036,-1.5,6.255860262125715
0.5,-1.5,6.357812613746894
0.6000000000000005,-1.5,6.398588493304878
0.7000000000000002,-1.5,6.372835740005989
0.8000000000000007,-1.5,6.284400449034724
0.9000000000000004,-1.5,6.1925763865734
1.0,-1.5,6.219192055519926
1.1000000000000005,-1.5,6.435423790729729
1.2000000000000002,-1.5,6.7681664588420105
1.3000000000000007,-1.5,7.093688895493434
1.4000000000000004,-1.5,7.350848939795968
1.5,-1.5,7.534037973653245
1.6000000000000005,-1.5,7.646967088580313
1.7000000000000002,-1.5,7.684668840117141
1.8000000000000007,-1.5,7.651488172793533
1.9000000000000004,-1.5,7.6072901525476
2.0,-1.5,7.674511801927853
2.1000000000000005,-1.5,7.924947218354335
2.2,-1.5,8.286097382336125
2.3000000000000007,-1.5,8.634811014363805
2.4000000000000004,-1.5,8.910490275153007
2.5,-1.5,9.10803008998326
2.6000000000000005,-1.5,9.231602173703148
2.7,-1.5,9.276656822701279
2.8000000000000007,-1.5,9.247915337715115
2.9000000000000004,-1.5,9.205580162874268
3.0,-1.5,9.272389630493437
3.0999999999999996,-1.5,9.52040620480482
3.200000000000001,-1.5,9.877369436720933
3.3000000000000007,-1.5,10.220339862606652
3.4000000000000004,-1.5,10.488907566035849
3.5,-1.5,10.67813414273597
3.5999999999999996,-1.5,10.792339128685308
3.700000000000001,-1.5,10.827103956759219
3.8000000000000007,-1.5,10.78726631471475
3.9000000000000004,-1.5,10.733132004540018
4.0,-1.5,10.787531210229893
4.1,-1.5,11.022608085787878
4.200000000000001,-1.5,11.366174894036606
4.300000000000001,-1.5,11.69535694686973
4.4,-1.5,11.94980208233464
4.5,-1.5,12.12462343373197
4.600000000000001,-1.5,12.22418656419244
4.700000000000001,-1.5,12.244114044166459
4.800000000000001,-1.5,12.189280355278107
4.9,-1.5,12.120024229962667
5.0,-1.5,12.159205342190257
-5.0,-1.4,12.021280685664069
-4.9,-1.4,11.98999155557894
-4.8,-1.4,12.078107217482845
-4.7,-1.4,12.150454757106958
-4.6,-1.4,12.140646401939234
-4.5,-1.4,12.043315719379581
-4.4,-1.4,11.863274787190704
-4.3,-1.4,11.59571616820675
-4.2,-1.4,11.246011419050754
-4.1,-1.4,10.880554410177023
-4.0,-1.4,10.63452563248979
-3.9,-1.4,10.587339129769472
-3.8,-1.4,10.659614318330213
-3.7,-1.4,10.716205041407164
-3.5999999999999996,-1.4,10.690753525148487
-3.5,-1.4,10.577926989470404
-3.4,-1.4,10.382575289847138
-3.3,-1.4,10.09993343103149
-3.2,-1.4,9.735420692914012
-3.0999999999999996,-1.4,9.355484657919517
-3.0,-1.4,9.095366329113357
-2.9,-1.4,9.034547994225413
-2.8,-1.4,9.093726115250725
-2.6999999999999997,-1.4,9.137841611782825
-2.5999999999999996,-1.4,9.1006352281155
-2.5,-1.4,8.976885762968559
-2.4,-1.4,8.771569565628367
-2.3,-1.4,8.48006516862999
-2.1999999999999997,-1.4,8.107954826411403
-2.0999999999999996,-1.4,7.721871276411317
-2.0,-1.4,7.457265933108943
-1.9,-1.4,7.393860180241074
-1.7999999999999998,-1.4,7.45262203127967
-1.6999999999999997,-1.4,7.498800485068065
-1.5999999999999996,-1.4,7.466485176629368
-1.5,-1.4,7.350848939795968
-1.4,-1.4,7.157311420136516
-1.2999999999999998,-1.4,6.881747201018332
-1.1999999999999997,-1.4,6.530289617480168
-1.0999999999999996,-1.4,6.17017774476529
-1.0,-1.4,5.937521668699251
-0.8999999999999995,-1.4,5.912746314888839
-0.7999999999999998,-1.4,6.017554479587552
-0.7000000000000002,-1.4,6.117939665494255
-0.5999999999999996,-1.4,6.148714783081065
-0.5,-1.4,6.105713421940262
-0.39999999999999947,-1.4,5.994902127106666
-0.2999999999999998,-1.4,5.8125292595753955
-0.1999999999999993,-1.4,5.564865983828
-0.09999999999999964,-1.4,5.318993469517409
0.0,-1.4,5.210519555961234
0.10000000000000053,-1.4,5.318993469517409
0.20000000000000018,-1.4,5.564865983828003
0.3000000000000007,-1.4,5.8125292595753955
0.40000000000000036,-1.4,5.994902127106666
0.5,-1.4,6.105713421940262
0.6000000000000005,-1.4,6.148714783081065
0.7000000000000002,-1.4,6.117939665494255
0.8000000000000007,-1.4,6.017554479587549
0.9000000000000004,-1.4,5.912746314888835
1.0,-1.4,5.937521668699251
1.1000000000000005,-1.4,6.170177744765294
1.2000000000000002,-1.4,6.530289617480172
1.3000000000000007,-1.4,6.881747201018333
1.4000000000000004,-1.4,7.157311420136516
1.5,-1.4,7.350848939795968
1.6000000000000005,-1.4,7.466485176629371
1.7000000000000002,-1.4,7.498800485068065
1.8000000000000007,-1.4,7.4526220312796685
1.9000000000000004,-1.4,7.3938601802410755
2.0,-1.4,7.457265933108943
2.1000000000000005,-1.4,7.721871276411317
2.2,-1.4,8.107954826411408
2.3000000000000007,-1.4,8.480065168629993
2.4000000000000004,-1.4,8.771569565628367
2.5,-1.4,8.976885762968559
2.6000000000000005,-1.4,9.100635228115502
2.7,-1.4,9.137841611782825
2.8000000000000007,-1.4,9.093726115250726
2.9000000000000004,-1.4,9.034547994225413
3.0,-1.4,9.095366329113357
3.0999999999999996,-1.4,9.355484657919517
3.200000000000001,-1.4,9.735420692914017
3.3000000000000007,-1.4,10.099933431031493
3.4000000000000004,-1.4,10.382575289847138
3.5,-1.4,10.577926989470404
3.5999999999999996,-1.4,10.690753525148487
3.700000000000001,-1.4,10.71620504140716
3.8000000000000007,-1.4,10.659614318330215
3.9000000000000004,-1.4,10.587339129769472
4.0,-1.4,10.63452563248979
4.1,-1.4,10.880554410177023
4.200000000000001,-1.4,11.246011419050761
4.300000000000001,-1.4,11.595716168206753
4.4,-1.4,11.863274787190704
4.5,-1.4,12.043315719379581
4.600000000000001,-1.4,12.140646401939234
4.700000000000001,-1.4,12.150454757106957
4.800000000000001,-1.4,12.078107217482845
4.9,-1.4,11.98999155557894
5.0,-1.4,12.021280685664069
-5.0,-1.2999999999999998,11.673354947363217
-4.9,-1.2999999999999998,11.669356247957392
-4.8,-1.2999999999999998,11.819078968988451
-4.7,-1.2999999999999998,11.948955931115906
-4.6,-1.2999999999999998,11.973741194155105
-4.5,-1.2999999999999998,11.886541070442133
-4.4,-1.2999999999999998,11.693530564190352
-4.3,-1.2999999999999998,11.388532120144331
-4.2,-1.2999999999999998,10.978437318853052
-4.1,-1.2999999999999998,10.54849088811066
-4.0,-1.2999999999999998,10.272260154284908
-3.9,-1.2999999999999998,10.251705608672976
-3.8,-1.2999999999999998,10.384889961034435
-3.7,-1.2999999999999998,10.498269902801718
-3.5999999999999996,-1.2999999999999998,10.50662637191568
-3.5,-1.2999999999999998,10.403095961939318
-3.4,-1.2999999999999998,10.193887815831244
-3.3,-1.2999999999999998,9.872862897279223
-3.2,-1.2999999999999998,9.44695628817118
-3.0999999999999996,-1.2999999999999998,9.001461894951461
-3.0,-1.2999999999999998,8.710002703047355
-2.9,-1.2999999999999998,8.674602272594504
-2.8,-1.2999999999999998,8.793394868713994
-2.6999999999999997,-1.2999999999999998,8.892918473365231
-2.5999999999999996,-1.2999999999999998,8.888046499063638
-2.5,-1.2999999999999998,8.77202087961411
-2.4,-1.2999999999999998,8.55117091509709
-2.3,-1.2999999999999998,8.21949480515499
-2.1999999999999997,-1.2999999999999998,7.784084564062741
-2.0999999999999996,-1.2999999999999998,7.330413747685444
-2.0,-1.2999999999999998,7.032311178760182
-1.9,-1.2999999999999998,6.992036406400944
-1.7999999999999998,-1.2999999999999998,7.107994323779165
-1.6999999999999997,-1.2999999999999998,7.2070331980578874
-1.5999999999999996,-1.2999999999999998,7.204381898464865
-1.5,-1.2999999999999998,7.093688895493431
-1.4,-1.2999999999999998,6.881747201018332
-1.2999999999999998,-1.2999999999999998,6.563081819198718
-1.1999999999999997,-1.2999999999999998,6.14537981382724
-1.0999999999999996,-1.2999999999999998,5.7147815299606854
-1.0,-1.2999999999999998,5.445854873288045
-0.8999999999999995,-1.2999999999999998,5.441666638230597
-0.7999999999999998,-1.2999999999999998,5.601486084929821
-0.7000000000000002,-1.2999999999999998,5.7530624164203985
-0.5999999999999996,-1.2999999999999998,5.8125292595753955
-0.5,-1.2999999999999998,5.774396540359781
-0.39999999999999947,-1.2999999999999998,5.646213125621511
-0.2999999999999998,-1.2999999999999998,5.423078470536456
-0.1999999999999993,-1.2999999999999998,5.1129884761609645
-0.09999999999999964,-1.2999999999999998,4.802042957768112
0.0,-1.2999999999999998,4.664348445428665
0.10000000000000053,-1.2999999999999998,4.802042957768116
0.20000000000000018,-1.2999999999999998,5.112988476160968
0.3000000000000007,-1.2999999999999998,5.42307847053646
0.40000000000000036,-1.2999999999999998,5.6462131256215145
0.5,-1.2999999999999998,5.774396540359781
0.6000000000000005,-1.2999999999999998,5.812529259575392
0.7000000000000002,-1.2999999999999998,5.7530624164203985
0.8000000000000007,-1.2999999999999998,5.601486084929817
0.9000000000000004,-1.2999999999999998,5.441666638230593
1.0,-1.2999999999999998,5.445854873288045
1.1000000000000005,-1.2999999999999998,5.7147815299606926
1.2000000000000002,-1.2999999999999998,6.145379813827244
1.3000000000000007,-1.2999999999999998,6.563081819198722
1.4000000000000004,-1.2999999999999998,6.881747201018332
1.5,-1.2999999999999998,7.093688895493431
1.6000000000000005,-1.2999999999999998,7.204381898464868
1.7000000000000002,-1.2999999999999998,7.207033198057886
1.8000000000000007,-1.2999999999999998,7.107994323779163
1.9000000000000004,-1.2999999999999998,6.992036406400942
2.0,-1.2999999999999998,7.032311178760182
2.1000000000000005,-1.2999999999999998,7.330413747685448
2.2,-1.2999999999999998,7.784084564062743
2.3000000000000007,-1.2999999999999998,8.219494805154996
2.4000000000000004,-1.2999999999999998,8.55117091509709
2.5,-1.2999999999999998,8.77202087961411
2.6000000000000005,-1.2999999999999998,8.88804649906364
2.7,-1.2999999999999998,8.892918473365233
2.8000000000000007,-1.2999999999999998,8.793394868713994
2.9000000000000004,-1.2999999999999998,8.674602272594502
3.0,-1.2999999999999998,8.710002703047355
3.0999999999999996,-1.2999999999999998,9.001461894951461
3.200000000000001,-1.2999999999999998,9.446956288171183
3.3000000000000007,-1.2999999999999998,9.872862897279223
3.4000000000000004,-1.2999999999999998,10.193887815831244
3.5,-1.2999999999999998,10.403095961939318
3.5999999999999996,-1.2999999999999998,10.50662637191568
3.700000000000001,-1.2999999999999998,10.498269902801717
3.8000000000000007,-1.2999999999999998,10.384889961034435
3.9000000000000004,-1.2999999999999998,10.251705608672975
4.0,-1.2999999999999998,10.272260154284908
4.1,-1.2999999999999998,10.54849088811066
4.200000000000001,-1.2999999999999998,10.978437318853057
4.300000000000001,-1.2999999999999998,11.388532120144331
4.4,-1.2999999999999998,11.693530564190352
4.5,-1.2999999999999998,11.886541070442133
4.600000000000001,-1.2999999999999998,11.973741194155103
4.700000000000001,-1.2999999999999998,11.948955931115904
4.800000000000001,-1.2999999999999998,11.81907896898845
4.9,-1.2999999999999998,11.669356247957392
5.0,-1.2999999999999998,11.673354947363217
-5.0,-1.1999999999999997,11.128748920637596
-4.9,-1.1999999999999997,11.170235581261307
-4.8,-1.1999999999999997,11.421651619300084
-4.7,-1.1999999999999997,11.646583365864393
-4.6,-1.1999999999999997,11.728917552001095
-4.5,-1.1999999999999997,11.659262619180687
-4.4,-1.1999999999999997,11.446026840655572
-4.3,-1.1999999999999997,11.080792306945439
-4.2,-1.1999999999999997,10.572941341210006
-4.1,-1.1999999999999997,10.03857878528882
-4.0,-1.1999999999999997,9.714111109852599
-3.9,-1.1999999999999997,9.738408697209588
-3.8,-1.1999999999999997,9.972614088410754
-3.7,-1.1999999999999997,10.180334486152212
-3.5999999999999996,-1.1999999999999997,10.245480236156231
-3.5,-1.1999999999999997,10.15868650995667
-3.4,-1.1999999999999997,9.928391855906339
-3.3,-1.1999999999999997,9.546212681542388
-3.2,-1.1999999999999997,9.021570244794962
-3.0999999999999996,-1.1999999999999997,8.470613608746016
-3.0,-1.1999999999999997,8.129799529934058
-2.9,-1.1999999999999997,8.13805564841979
-2.8,-1.1999999999999997,8.35658979462317
-2.6999999999999997,-1.1999999999999997,8.549083732149862
-2.5999999999999996,-1.1999999999999997,8.599533092094086
-2.5,-1.1999999999999997,8.498670760424016
-2.4,-1.1999999999999997,8.255047430620694
-2.3,-1.1999999999999997,7.860408437452271
-2.1999999999999997,-1.1999999999999997,7.324323509993192
-2.0999999999999996,-1.1999999999999997,6.763112967085966
-2.0,-1.1999999999999997,6.413431400658993
-1.9,-1.1999999999999997,6.414435294906092
-1.7999999999999998,-1.1999999999999997,6.627597475267404
-1.6999999999999997,-1.1999999999999997,6.816906774965339
-1.5999999999999996,-1.1999999999999997,6.866714716512341
-1.5,-1.1999999999999997,6.7681664588420105
-1.4,-1.1999999999999997,6.530289617480168
-1.2999999999999998,-1.1999999999999997,6.14537981382724
-1.1999999999999997,-1.1999999999999997,5.623639089029236
-1.0999999999999996,-1.1999999999999997,5.082109841251079
-1.0,-1.1999999999999997,4.758263956770861
-0.8999999999999995,-1.1999999999999997,4.792171533823613
-0.7999999999999998,-1.1999999999999997,5.046309234254689
-0.7000000000000002,-1.1999999999999997,5.285742959725059
-0.5999999999999996,-1.1999999999999997,5.3959423581738655
-0.5,-1.1999999999999997,5.369160185989447
-0.39999999999999947,-1.1999999999999997,5.215447231772011
-0.2999999999999998,-1.1999999999999997,4.927941901071961
-0.1999999999999993,-1.1999999999999997,4.517395959349489
-0.09999999999999964,-1.1999999999999997,4.100990791711677
0.0,-1.1999999999999997,3.9158211937893235
0.10000000000000053,-1.1999999999999997,4.100990791711681
0.20000000000000018,-1.1999999999999997,4.517395959349493
0.3000000000000007,-1.1999999999999997,4.927941901071961
0.40000000000000036,-1.1999999999999997,5.215447231772014
0.5,-1.1999999999999997,5.369160185989447
0.6000000000000005,-1.1999999999999997,5.395942358173862
0.7000000000000002,-1.1999999999999997,5.285742959725059
0.8000000000000007,-1.1999999999999997,5.046309234254686
0.9000000000000004,-1.1999999999999997,4.792171533823609
1.0,-1.1999999999999997,4.758263956770861
1.1000000000000005,-1.1999999999999997,5.082109841251082
1.2000000000000002,-1.1999999999999997,5.623639089029236
1.3000000000000007,-1.1999999999999997,6.1453798138272475
1.4000000000000004,-1.1999999999999997,6.530289617480172
1.5,-1.1999999999999997,6.7681664588420105
1.6000000000000005,-1.1999999999999997,6.866714716512341
1.7000000000000002,-1.1999999999999997,6.816906774965338
1.8000000000000007,-1.1999999999999997,6.627597475267397
1.9000000000000004,-1.1999999999999997,6.414435294906095
2.0,-1.1999999999999997,6.413431400658993
2.1000000000000005,-1.1999999999999997,6.76311296708597
2.2,-1.1999999999999997,7.324323509993194
2.3000000000000007,-1.1999999999999997,7.860408437452275
2.4000000000000004,-1.1999999999999997,8.255047430620694
2.5,-1.1999999999999997,8.498670760424016
2.6000000000000005,-1.1999999999999997,8.599533092094084
2.7,-1.1999999999999997,8.549083732149864
2.8000000000000007,-1.1999999999999997,8.35658979462317
2.9000000000000004,-1.1999999999999997,8.138055648419789
3.0,-1.1999999999999997,8.129799529934058
3.0999999999999996,-1.1999999999999997,8.470613608746016
3.200000000000001,-1.1999999999999997,9.021570244794969
3.3000000000000007,-1.1999999999999997,9.546212681542391
3.4000000000000004,-1.1999999999999997,9.928391855906339
3.5,-1.1999999999999997,10.15868650995667
3.5999999999999996,-1.1999999999999997,10.245480236156231
3.700000000000001,-1.1999999999999997,10.180334486152208
3.8000000000000007,-1.1999999999999997,9.972614088410754
3.9000000000000004,-1.1999999999999997,9.738408697209586
4.0,-1.1999999999999997,9.714111109852599
4.1,-1.1999999999999997,10.03857878528882
4.200000000000001,-1.1999999999999997,10.572941341210013
4.300000000000001,-1.1999999999999997,11.080792306945444
4.4,-1.1999999999999997,11.446026840655572
4.5,-1.1999999999999997,11.659262619180687
4.600000000000001,-1.1999999999999997,11.728917552001096
4.700000000000001,-1.1999999999999997,11.64658336586439
4.800000000000001,-1.1999999999999997,11.421651619300082
4.9,-1.1999999999999997,11.170235581261307
5.0,-1.1999999999999997,11.128748920637596
-5.0,-1.0999999999999996,10.551542560057083
-4.9,-1.0999999999999996,10.641775354547256
-4.8,-1.0999999999999996,11.001998257304807
-4.7,-1.0999999999999996,11.328650133364013
-4.6,-1.0999999999999996,11.472638099154787
-4.5,-1.0999999999999996,11.421902079916581
-4.4,-1.0999999999999996,11.187236790197588
-4.3,-1.0999999999999996,10.757830975875695
-4.2,-1.0999999999999996,10.145728527206732
-4.1,-1.0999999999999996,9.500006859479054
-4.0,-1.0999999999999996,9.124212729082625
-3.9,-1.0999999999999996,9.19665294801564
-3.8,-1.0999999999999996,9.539023458107879
-3.7,-1.0999999999999996,9.847780932024211
-3.5999999999999996,-1.0999999999999996,9.973852747549207
-3.5,-1.0999999999999996,9.90520188784804
-3.4,-1.0999999999999996,9.652649319489845
-3.3,-1.0999999999999996,9.205413696528204
-3.2,-1.0999999999999996,8.575573011962705
-3.0999999999999996,-1.0999999999999996,7.9122436073566735
-3.0,-1.0999999999999996,7.51901672549921
-2.9,-1.0999999999999996,7.574250089714699
-2.8,-1.0999999999999996,7.899697995922175
-2.6999999999999997,-1.0999999999999996,8.19188411446696
-2.5999999999999996,-1.0999999999999996,8.30181288438196
-2.5,-1.0999999999999996,8.217536096371129
-2.4,-1.0999999999999996,7.949977268767995
-2.3,-1.0999999999999996,7.488473727684552
-2.1999999999999997,-1.0999999999999996,6.845241087715452
-2.0999999999999996,-1.0999999999999996,6.169555632715635
-2.0,-1.0999999999999996,5.765194885166018
-1.9,-1.0999999999999996,5.810733966451014
-1.7999999999999998,-1.0999999999999996,6.1281813662269435
-1.6999999999999997,-1.0999999999999996,6.414358458018473
-1.5999999999999996,-1.0999999999999996,6.520618780319175
-1.5,-1.0999999999999996,6.435423790729725
-1.4,-1.0999999999999996,6.17017774476529
-1.2999999999999998,-1.0999999999999996,5.7147815299606854
-1.1999999999999997,-1.0999999999999996,5.082109841251079
-1.0999999999999996,-1.0999999999999996,4.422206503007477
-1.0,-1.0999999999999996,4.039736929294705
-0.8999999999999995,-1.0999999999999996,4.114293138716672
-0.7999999999999998,-1.0999999999999996,4.469031542322231
-0.7000000000000002,-1.0999999999999996,4.802042957768112
-0.5999999999999996,-1.0999999999999996,4.966044485126595
-0.5,-1.0999999999999996,4.950902643748197
-0.39999999999999947,-1.0999999999999996,4.769383777309365
-0.2999999999999998,-1.0999999999999996,4.4125884476098705
-0.1999999999999993,-1.0999999999999996,3.8942784330520297
-0.09999999999999964,-1.0999999999999996,3.3649059771033336
0.0,-1.0999999999999996,3.1289099595308123
0.10000000000000053,-1.0999999999999996,3.364905977103337
0.20000000000000018,-1.0999999999999996,3.8942784330520333
0.3000000000000007,-1.0999999999999996,4.412588447609878
0.40000000000000036,-1.0999999999999996,4.769383777309368
0.5,-1.0999999999999996,4.950902643748197
0.6000000000000005,-1.0999999999999996,4.9660444851265915
0.7000000000000002,-1.0999999999999996,4.802042957768112
0.8000000000000007,-1.0999999999999996,4.469031542322227
0.9000000000000004,-1.0999999999999996,4.114293138716668
1.0,-1.0999999999999996,4.039736929294705
1.1000000000000005,-1.0999999999999996,4.422206503007484
1.2000000000000002,-1.0999999999999996,5.082109841251082
1.3000000000000007,-1.0999999999999996,5.7147815299606926
1.4000000000000004,-1.0999999999999996,6.17017774476529
1.5,-1.0999999999999996,6.435423790729725
1.6000000000000005,-1.0999999999999996,6.520618780319179
1.7000000000000002,-1.0999999999999996,6.414358458018469
1.8000000000000007,-1.0999999999999996,6.12818136622694
1.9000000000000004,-1.0999999999999996,5.810733966451014
2.0,-1.0999999999999996,5.765194885166018
2.1000000000000005,-1.0999999999999996,6.169555632715639
2.2,-1.0999999999999996,6.845241087715454
2.3000000000000007,-1.0999999999999996,7.488473727684557
2.4000000000000004,-1.0999999999999996,7.949977268767995
2.5,-1.0999999999999996,8.217536096371129
2.6000000000000005,-1.0999999999999996,8.301812884381961
2.7,-1.0999999999999996,8.19188411446696
2.8000000000000007,-1.0999999999999996,7.899697995922171
2.9000000000000004,-1.0999999999999996,7.574250089714699
3.0,-1.0999999999999996,7.51901672549921
3.0999999999999996,-1.0999999999999996,7.9122436073566735
3.200000000000001,-1.0999999999999996,8.575573011962714
3.3000000000000007,-1.0999999999999996,9.205413696528208
3.4000000000000004,-1.0999999999999996,9.652649319489846
3.5,-1.0999999999999996,9.90520188784804
3.5999999999999996,-1.0999999999999996,9.973852747549207
3.700000000000001,-1.0999999999999996,9.847780932024207
3.8000000000000007,-1.0999999999999996,9.539023458107877
3.9000000000000004,-1.0999999999999996,9.19665294801564
4.0,-1.0999999999999996,9.124212729082625
4.1,-1.0999999999999996,9.500006859479054
4.200000000000001,-1.0999999999999996,10.145728527206739
4.300000000000001,-1.0999999999999996,10.757830975875699
4.4,-1.0999999999999996,11.187236790197588
4.5,-1.0999999999999996,11.421902079916581
4.600000000000001,-1.0999999999999996,11.472638099154786
4.700000000000001,-1.0999999999999996,11.328650133364008
4.800000000000001,-1.0999999999999996,11.001998257304805
4.9,-1.0999999999999996,10.641775354547256
5.0,-1.0999999999999996,10.551542560057083
-5.0,-1.0,10.275757266411311
-4.9,-1.0,10.38758511129848
-4.8,-1.0,10.79658750218871
-4.7,-1.0,11.168785306070118
-4.6,-1.0,11.34014499003266
-4.5,-1.0,11.29739612511602
-4.4,-1.0,11.052412754318881
-4.3,-1.0,10.593297650878881
-4.2,-1.0,9.933298367539354
-4.1,-1.0,9.236426181605154
-4.0,-1.0,8.836638915350669
-3.9,-1.0,8.930104865309243
-3.8,-1.0,9.320648561668245
-3.7,-1.0,9.67430560306814
-3.5999999999999996,-1.0,9.827059334123716
-3.5,-1.0,9.765658657473033
-3.4,-1.0,9.501999760699064
-3.3,-1.0,9.024210793748885
-3.2,-1.0,8.345568409077359
-3.0999999999999996,-1.0,7.630117283280271
-3.0,-1.0,7.211853616762058
-2.9,-1.0,7.286989865674517
-2.8,-1.0,7.659401452659608
-2.6999999999999997,-1.0,7.995182732693772
-2.5999999999999996,-1.0,8.130385019387075
-2.5,-1.0,8.051836010271778
-2.4,-1.0,7.771523448872303
-2.3,-1.0,7.27768212978917
-2.1999999999999997,-1.0,6.58371324568434
-2.0999999999999996,-1.0,5.8538073009703915
-2.0,-1.0,5.422131717799509
-1.9,-1.0,5.485100544286222
-1.7999999999999998,-1.0,5.846827196795235
-1.6999999999999997,-1.0,6.173687728457043
-1.5999999999999996,-1.0,6.302067672277303
-1.5,-1.0,6.219192055519926
-1.4,-1.0,5.937521668699251
-1.2999999999999998,-1.0,5.445854873288045
-1.1999999999999997,-1.0,4.758263956770861
-1.0999999999999996,-1.0,4.039736929294705
-1.0,-1.0,3.6253849384403622
-0.8999999999999995,-1.0,3.712730724175959
-0.7999999999999998,-1.0,4.107175440712883
-0.7000000000000002,-1.0,4.476565432737381
-0.5999999999999996,-1.0,4.658923242132129
-0.5,-1.0,4.643230857993107
-0.39999999999999947,-1.0,4.443735450734856
-0.2999999999999998,-1.0,4.0509068375662345
-0.1999999999999993,-1.0,3.48017532858492
-0.09999999999999964,-1.0,2.8973379216549624
0.0,-1.0,2.637531092108304
0.10000000000000053,-1.0,2.8973379216549695
0.20000000000000018,-1.0,3.4801753285849273
0.3000000000000007,-1.0,4.050906837566238
0.40000000000000036,-1.0,4.443735450734856
0.5,-1.0,4.643230857993107
0.6000000000000005,-1.0,4.658923242132133
0.7000000000000002,-1.0,4.476565432737381
0.8000000000000007,-1.0,4.107175440712879
0.9000000000000004,-1.0,3.712730724175959
1.0,-1.0,3.6253849384403622
1.1000000000000005,-1.0,4.039736929294715
1.2000000000000002,-1.0,4.758263956770865
1.3000000000000007,-1.0,5.445854873288052
1.4000000000000004,-1.0,5.937521668699251
1.5,-1.0,6.219192055519926
1.6000000000000005,-1.0,6.302067672277303
1.7000000000000002,-1.0,6.17368772845704
1.8000000000000007,-1.0,5.846827196795232
1.9000000000000004,-1.0,5.485100544286222
2.0,-1.0,5.422131717799509
2.1000000000000005,-1.0,5.853807300970399
2.2,-1.0,6.583713245684347
2.3000000000000007,-1.0,7.277682129789175
2.4000000000000004,-1.0,7.771523448872303
2.5,-1.0,8.051836010271778
2.6000000000000005,-1.0,8.130385019387075
2.7,-1.0,7.995182732693772
2.8000000000000007,-1.0,7.659401452659607
2.9000000000000004,-1.0,7.286989865674515
3.0,-1.0,7.211853616762058
3.0999999999999996,-1.0,7.630117283280271
3.200000000000001,-1.0,8.34556840907737
3.3000000000000007,-1.0,9.024210793748887
3.4000000000000004,-1.0,9.501999760699068
3.5,-1.0,9.765658657473033
3.5999999999999996,-1.0,9.827059334123716
3.700000000000001,-1.0,9.674305603068138
3.8000000000000007,-1.0,9.320648561668243
3.9000000000000004,-1.0,8.930104865309241
4.0,-1.0,8.836638915350669
4.1,-1.0,9.236426181605154
4.200000000000001,-1.0,9.933298367539363
4.300000000000001,-1.0,10.593297650878883
4.4,-1.0,11.052412754318881
4.5,-1.0,11.29739612511602
4.600000000000001,-1.0,11.34014499003266
4.700000000000001,-1.0,11.168785306070113
4.800000000000001,-1.0,10.79658750218871
4.9,-1.0,10.38758511129848
5.0,-1.0,10.275757266411311
-5.0,-0.8999999999999995,10.497619259112426
-4.9,-0.8999999999999995,10.5860282324521
-4.8,-0.8999999999999995,10.944345098965712
-4.7,-0.8999999999999995,11.26900376928578
-4.6,-0.8999999999999995,11.410906020840436
-4.5,-0.8999999999999995,11.357986018664553
-4.4,-0.8999999999999995,11.121032255220586
-4.3,-0.8999999999999995,10.68922674715834
-4.2,-0.8999999999999995,10.074606097945257
-4.1,-0.8999999999999995,9.42623982229766
-4.0,-0.8999999999999995,9.04766609948864
-3.9,-0.8999999999999995,9.117182417730554
-3.8,-0.8999999999999995,9.456474569984078
-3.7,-0.8999999999999995,9.761988167219673
-3.5999999999999996,-0.8999999999999995,9.884638514477325
-3.5,-0.8999999999999995,9.812375401143406
-3.4,-0.8999999999999995,9.556005355835193
-3.3,-0.8999999999999995,9.104731212683062
-3.2,-0.8999999999999995,8.47061360874602
-3.0999999999999996,-0.8999999999999995,7.80274982171051
-3.0,-0.8999999999999995,7.404710131179545
-2.9,-0.8999999999999995,7.454829185749507
-2.8,-0.8999999999999995,7.7748358609535195
-2.6999999999999997,-0.8999999999999995,8.06122580477239
-2.5999999999999996,-0.8999999999999995,8.16497255423591
-2.5,-0.8999999999999995,8.074093822189706
-2.4,-0.8999999999999995,7.799475564267457
-2.3,-0.8999999999999995,7.330413747685446
-2.1999999999999997,-0.8999999999999995,6.679078535610479
-2.0999999999999996,-0.8999999999999995,5.994696414455138
-2.0,-0.8999999999999995,5.580990595934757
-1.9,-0.8999999999999995,5.616477362263282
-1.7999999999999998,-0.8999999999999995,5.923102071774462
-1.6999999999999997,-0.8999999999999995,6.197619308723322
-1.5999999999999996,-0.8999999999999995,6.2913134104384945
-1.5,-0.8999999999999995,6.1925763865734
-1.4,-0.8999999999999995,5.912746314888839
-1.2999999999999998,-0.8999999999999995,5.441666638230597
-1.1999999999999997,-0.8999999999999995,4.792171533823613
-1.0999999999999996,-0.8999999999999995,4.114293138716672
-1.0,-0.8999999999999995,3.712730724175959
-0.8999999999999995,-0.8999999999999995,3.767178234031615
-0.7999999999999998,-0.8999999999999995,4.100990791711684
-0.7000000000000002,-0.8999999999999995,4.412588447609878
-0.5999999999999996,-0.8999999999999995,4.555182554089686
-0.5,-0.8999999999999995,4.519325035190263
-0.39999999999999947,-0.8999999999999995,4.31866141294563
-0.2999999999999998,-0.8999999999999995,3.9453249154039334
-0.1999999999999993,-0.8999999999999995,3.4141641078521587
-0.09999999999999964,-0.8999999999999995,2.8766143933574106
0.0,-0.8999999999999995,2.6378088097580203
0.10000000000000053,-0.8999999999999995,2.876614393357414
0.20000000000000018,-0.8999999999999995,3.4141641078521623
0.3000000000000007,-0.8999999999999995,3.945324915403937
0.40000000000000036,-0.8999999999999995,4.318661412945634
0.5,-0.8999999999999995,4.519325035190263
0.6000000000000005,-0.8999999999999995,4.555182554089683
0.7000000000000002,-0.8999999999999995,4.412588447609878
0.8000000000000007,-0.8999999999999995,4.100990791711681
0.9000000000000004,-0.8999999999999995,3.767178234031615
1.0,-0.8999999999999995,3.712730724175959
1.1000000000000005,-0.8999999999999995,4.114293138716679
1.2000000000000002,-0.8999999999999995,4.792171533823616
1.3000000000000007,-0.8999999999999995,5.4416666382306005
1.4000000000000004,-0.8999999999999995,5.912746314888839
1.5,-0.8999999999999995,6.1925763865734
1.6000000000000005,-0.8999999999999995,6.2913134104384945
1.7000000000000002,-0.8999999999999995,6.197619308723322
1.8000000000000007,-0.8999999999999995,5.9231020717744585
1.9000000000000004,-0.8999999999999995,5.616477362263282
2.0,-0.8999999999999995,5.580990595934757
2.1000000000000005,-0.8999999999999995,5.994696414455142
2.2,-0.8999999999999995,6.679078535610483
2.3000000000000007,-0.8999999999999995,7.330413747685453
2.4000000000000004,-0.8999999999999995,7.799475564267457
2.5,-0.8999999999999995,8.074093822189706
2.6000000000000005,-0.8999999999999995,8.16497255423591
2.7,-0.8999999999999995,8.06122580477239
2.8000000000000007,-0.8999999999999995,7.7748358609535195
2.9000000000000004,-0.8999999999999995,7.454829185749505
3.0,-0.8999999999999995,7.404710131179545
3.0999999999999996,-0.8999999999999995,7.80274982171051
3.200000000000001,-0.8999999999999995,8.470613608746028
3.3000000000000007,-0.8999999999999995,9.104731212683065
3.4000000000000004,-0.8999999999999995,9.556005355835195
3.5,-0.8999999999999995,9.812375401143406
3.5999999999999996,-0.8999999999999995,9.884638514477325
3.700000000000001,-0.8999999999999995,9.761988167219673
3.8000000000000007,-0.8999999999999995,9.456474569984076
3.9000000000000004,-0.8999999999999995,9.117182417730552
4.0,-0.8999999999999995,9.04766609948864
4.1,-0.8999999999999995,9.42623982229766
4.200000000000001,-0.8999999999999995,10.074606097945264
4.300000000000001,-0.8999999999999995,10.689226747158346
4.4,-0.8999999999999995,11.121032255220586
4.5,-0.8999999999999995,11.357986018664553
4.600000000000001,-0.8999999999999995,11.410906020840438
4.700000000000001,-0.8999999999999995,11.269003769285776
4.800000000000001,-0.8999999999999995,10.944345098965712
4.9,-0.8999999999999995,10.5860282324521
5.0,-0.8999999999999995,10.497619259112426
-5.0,-0.7999999999999998,11.021004755847796
-4.9,-0.7999999999999998,11.058850362851524
-4.8,-0.7999999999999998,11.306461449123569
-4.7,-0.7999999999999998,11.52741448928528
-4.6,-0.7999999999999998,11.605585594761106
-4.5,-0.7999999999999998,11.531571751865492
-4.4,-0.7999999999999998,11.313768862728287
-4.3,-0.7999999999999998,10.94374564131905
-4.2,-0.7999999999999998,10.430869929204487
-4.1,-0.7999999999999998,9.891230870546554
-4.0,-0.7999999999999998,9.561217898350028
-3.9,-0.7999999999999998,9.579682878886214
-3.8,-0.7999999999999998,9.807748204120509
-3.7,-0.7999999999999998,10.00899912161027
-3.5999999999999996,-0.7999999999999998,10.067322022292789
-3.5,-0.7999999999999998,9.973325906590075
-3.4,-0.7999999999999998,9.735420692914012
-3.3,-0.7999999999999998,9.345191428758302
-3.2,-0.7999999999999998,8.812024978743555
-3.0999999999999996,-0.7999999999999998,8.252032641121994
-3.0,-0.7999999999999998,7.901629659606394
-2.9,-0.7999999999999998,7.8996979959221765
-2.8,-0.7999999999999998,8.107395175979894
-2.6999999999999997,-0.7999999999999998,8.288347528072588
-2.5999999999999996,-0.7999999999999998,8.326489569978596
-2.5,-0.7999999999999998,8.212486811538799
-2.4,-0.7999999999999998,7.954815695439699
-2.3,-0.7999999999999998,7.545139811243571
-2.1999999999999997,-0.7999999999999998,6.992939052947042
-2.0999999999999996,-0.7999999999999998,6.414435294906092
-2.0,-0.7999999999999998,6.046175712033957
-1.9,-0.7999999999999998,6.027200315165587
-1.7999999999999998,-0.7999999999999998,6.218856780162753
-1.6999999999999997,-0.7999999999999998,6.385001232175437
-1.5999999999999996,-0.7999999999999998,6.409847182875282
-1.5,-0.7999999999999998,6.284400449034724
-1.4,-0.7999999999999998,6.017554479587552
-1.2999999999999998,-0.7999999999999998,5.601486084929821
-1.1999999999999997,-0.7999999999999998,5.046309234254689
-1.0999999999999996,-0.7999999999999998,4.469031542322231
-1.0,-0.7999999999999998,4.107175440712883
-0.8999999999999995,-0.7999999999999998,4.100990791711684
-0.7999999999999998,-0.7999999999999998,4.313320531036084
-0.7000000000000002,-0.7999999999999998,4.5098530375312365
-0.5999999999999996,-0.7999999999999998,4.577012137495942
-0.5,-0.7999999999999998,4.508401206825106
-0.39999999999999947,-0.7999999999999998,4.315841317730726
-0.2999999999999998,-0.7999999999999998,3.9945980132770025
-0.1999999999999993,-0.7999999999999998,3.5577131909328514
-0.09999999999999964,-0.7999999999999998,3.124483332004729
0.0,-0.7999999999999998,2.9335206723767584
0.10000000000000053,-0.7999999999999998,3.1244833320047327
0.20000000000000018,-0.7999999999999998,3.557713190932855
0.3000000000000007,-0.7999999999999998,3.9945980132770096
0.40000000000000036,-0.7999999999999998,4.315841317730726
0.5,-0.7999999999999998,4.508401206825106
0.6000000000000005,-0.7999999999999998,4.577012137495945
0.7000000000000002,-0.7999999999999998,4.5098530375312365
0.8000000000000007,-0.7999999999999998,4.313320531036084
0.9000000000000004,-0.7999999999999998,4.100990791711681
1.0,-0.7999999999999998,4.107175440712883
1.1000000000000005,-0.7999999999999998,4.469031542322234
1.2000000000000002,-0.7999999999999998,5.046309234254689
1.3000000000000007,-0.7999999999999998,5.601486084929828
1.4000000000000004,-0.7999999999999998,6.017554479587552
1.5,-0.7999999999999998,6.284400449034724
1.6000000000000005,-0.7999999999999998,6.409847182875286
1.7000000000000002,-0.7999999999999998,6.3850012321754335
1.8000000000000007,-0.7999999999999998,6.218856780162749
1.9000000000000004,-0.7999999999999998,6.027200315165587
2.0,-0.7999999999999998,6.046175712033957
2.1000000000000005,-0.7999999999999998,6.414435294906099
2.2,-0.7999999999999998,6.992939052947044
2.3000000000000007,-0.7999999999999998,7.545139811243576
2.4000000000000004,-0.7999999999999998,7.9548156954397005
2.5,-0.7999999999999998,8.212486811538799
2.6000000000000005,-0.7999999999999998,8.326489569978596
2.7,-0.7999999999999998,8.288347528072588
2.8000000000000007,-0.7999999999999998,8.107395175979894
2.9000000000000004,-0.7999999999999998,7.899697995922175
3.0,-0.7999999999999998,7.901629659606394
3.0999999999999996,-0.7999999999999998,8.252032641121994
3.200000000000001,-0.7999999999999998,8.81202497874356
3.3000000000000007,-0.7999999999999998,9.345191428758305
3.4000000000000004,-0.7999999999999998,9.735420692914015
3.5,-0.7999999999999998,9.973325906590075
3.5999999999999996,-0.7999999999999998,10.067322022292789
3.700000000000001,-0.7999999999999998,10.00899912161027
3.8000000000000007,-0.7999999999999998,9.80774820412051
3.9000000000000004,-0.7999999999999998,9.579682878886212
4.0,-0.7999999999999998,9.561217898350028
4.1,-0.7999999999999998,9.891230870546554
4.200000000000001,-0.7999999999999998,10.430869929204492
4.300000000000001,-0.7999999999999998,10.943745641319053
4.4,-0.7999999999999998,11.313768862728287
4.5,-0.7999999999999998,11.531571751865492
4.600000000000001,-0.7999999999999998,11.605585594761104
4.700000000000001,-0.7999999999999998,11.527414489285277
4.800000000000001,-0.7999999999999998,11.30646144912357
4.9,-0.7999999999999998,11.058850362851524
5.0,-0.7999999999999998,11.021004755847796
-5.0,-0.7000000000000002,11.511994202528943
-4.9,-0.7000000000000002,11.502550335943113
-4.8,-0.7000000000000002,11.646583365864393
-4.7,-0.7000000000000002,11.770511458093958
-4.6,-0.7000000000000002,11.789072887919405
-4.5,-0.7000000000000002,11.69535694686973
-4.4,-0.7000000000000002,11.495520263706112
-4.3,-0.7000000000000002,11.183365421506904
-4.2,-0.7000000000000002,10.76576250653337
-4.1,-0.7000000000000002,10.327932956578366
-4.0,-0.7000000000000002,10.043418830436499
-3.9,-0.7000000000000002,10.014153171292758
-3.8,-0.7000000000000002,10.138168833549859
-3.7,-0.7000000000000002,10.241889992654045
-3.5999999999999996,-0.7000000000000002,10.240062126594996
-3.5,-0.7000000000000002,10.12578310811754
-3.4,-0.7000000000000002,9.905219744069578
-3.3,-0.7000000000000002,9.57218665051253
-3.2,-0.7000000000000002,9.133568107641537
-3.0999999999999996,-0.7000000000000002,8.674602272594502
-3.0,-0.7000000000000002,8.368850884729529
-2.9,-0.7000000000000002,8.31827015238725
-2.8,-0.7000000000000002,8.42092021109175
-2.6999999999999997,-0.7000000000000002,8.503257398628575
-2.5999999999999996,-0.7000000000000002,8.480065168629991
-2.5,-0.7000000000000002,8.344486323904936
-2.4,-0.7000000000000002,8.102740960286065
-2.3,-0.7000000000000002,7.748707080017855
-2.1999999999999997,-0.7000000000000002,7.289344610451389
-2.0999999999999996,-0.7000000000000002,6.809982326308539
-2.0,-0.7000000000000002,6.484290968460787
-1.9,-0.7000000000000002,6.414358458018473
-1.7999999999999998,-0.7000000000000002,6.498404874881178
-1.6999999999999997,-0.7000000000000002,6.563081819198722
-1.5999999999999996,-0.7000000000000002,6.523412476935405
-1.5,-0.7000000000000002,6.372835740005989
-1.4,-0.7000000000000002,6.117939665494255
-1.2999999999999998,-0.7000000000000002,5.7530624164203985
-1.1999999999999997,-0.7000000000000002,5.285742959725059
-1.0999999999999996,-0.7000000000000002,4.802042957768112
-1.0,-0.7000000000000002,4.476565432737381
-0.8999999999999995,-0.7000000000000002,4.412588447609878
-0.7999999999999998,-0.7000000000000002,4.5098530375312365
-0.7000000000000002,-0.7000000000000002,4.596948827293932
-0.5999999999999996,-0.7000000000000002,4.591345691151446
-0.5,-0.7000000000000002,4.489512886420172
-0.39999999999999947,-0.7000000000000002,4.301664915304013
-0.2999999999999998,-0.7000000000000002,4.026234224967311
-0.1999999999999993,-0.7000000000000002,3.6749539080645555
-0.09999999999999964,-0.7000000000000002,3.3375080510521116
0.0,-0.7000000000000002,3.190652088997691
0.10000000000000053,-0.7000000000000002,3.337508051052115
0.20000000000000018,-0.7000000000000002,3.6749539080645626
0.3000000000000007,-0.7000000000000002,4.026234224967311
0.40000000000000036,-0.7000000000000002,4.301664915304013
0.5,-0.7000000000000002,4.489512886420172
0.6000000000000005,-0.7000000000000002,4.591345691151442
0.7000000000000002,-0.7000000000000002,4.596948827293932
0.8000000000000007,-0.7000000000000002,4.5098530375312365
0.9000000000000004,-0.7000000000000002,4.412588447609874
1.0,-0.7000000000000002,4.476565432737381
1.1000000000000005,-0.7000000000000002,4.802042957768116
1.2000000000000002,-0.7000000000000002,5.285742959725059
1.3000000000000007,-0.7000000000000002,5.753062416420402
1.4000000000000004,-0.7000000000000002,6.117939665494255
1.5,-0.7000000000000002,6.372835740005989
1.6000000000000005,-0.7000000000000002,6.523412476935409
1.7000000000000002,-0.7000000000000002,6.563081819198722
1.8000000000000007,-0.7000000000000002,6.498404874881178
1.9000000000000004,-0.7000000000000002,6.414358458018469
2.0,-0.7000000000000002,6.484290968460787
2.1000000000000005,-0.7000000000000002,6.809982326308544
2.2,-0.7000000000000002,7.289344610451391
2.3000000000000007,-0.7000000000000002,7.748707080017857
2.4000000000000004,-0.7000000000000002,8.102740960286066
2.5,-0.7000000000000002,8.344486323904936
2.6000000000000005,-0.7000000000000002,8.48006516862999
2.7,-0.7000000000000002,8.503257398628577
2.8000000000000007,-0.7000000000000002,8.420920211091747
2.9000000000000004,-0.7000000000000002,8.31827015238725
3.0,-0.7000000000000002,8.368850884729529
3.0999999999999996,-0.7000000000000002,8.674602272594502
3.200000000000001,-0.7000000000000002,9.13356810764154
3.3000000000000007,-0.7000000000000002,9.572186650512533
3.4000000000000004,-0.7000000000000002,9.905219744069582
3.5,-0.7000000000000002,10.12578310811754
3.5999999999999996,-0.7000000000000002,10.240062126594996
3.700000000000001,-0.7000000000000002,10.241889992654043
3.8000000000000007,-0.7000000000000002,10.138168833549857
3.9000000000000004,-0.7000000000000002,10.014153171292756
4.0,-0.7000000000000002,10.043418830436499
4.1,-0.7000000000000002,10.327932956578366
4.200000000000001,-0.7000000000000002,10.765762506533376
4.300000000000001,-0.7000000000000002,11.183365421506906
4.4,-0.7000000000000002,11.495520263706112
4.5,-0.7000000000000002,11.69535694686973
4.600000000000001,-0.7000000000000002,11.789072887919403
4.700000000000001,-0.7000000000000002,11.770511458093958
4.800000000000001,-0.7000000000000002,11.646583365864391
4.9,-0.7000000000000002,11.502550335943113
5.0,-0.7000000000000002,11.511994202528943
-5.0,-0.5999999999999996,11.806608317475751
-4.9,-0.5999999999999996,11.768089439814789
-4.8,-0.5999999999999996,11.848651773450097
-4.7,-0.5999999999999996,11.91310310420886
-4.6,-0.5999999999999996,11.89503488112822
-4.5,-0.5999999999999996,11.789058276118006
-4.4,-0.5999999999999996,11.599961200780774
-4.3,-0.5999999999999996,11.322910110506015
-4.2,-0.5999999999999996,10.963248323507111
-4.1,-0.5999999999999996,10.587339129769472
-4.0,-0.5999999999999996,10.330329862517042
-3.9,-0.5999999999999996,10.271598568456287
-3.8,-0.5999999999999996,10.331725534888722
-3.7,-0.5999999999999996,10.375522017466752
-3.5999999999999996,-0.5999999999999996,10.336583831327632
-3.5,-0.5999999999999996,10.209527554290007
-3.4,-0.5999999999999996,9.99914771317772
-3.3,-0.5999999999999996,9.70061878885165
-3.2,-0.5999999999999996,9.319293774403848
-3.0999999999999996,-0.5999999999999996,8.921547569952326
-3.0,-0.5999999999999996,8.642541397272915
-2.9,-0.5999999999999996,8.56166988394034
-2.8,-0.5999999999999996,8.599533092094088
-2.6999999999999997,-0.5999999999999996,8.620965857343638
-2.5999999999999996,-0.5999999999999996,8.55959212848425
-2.5,-0.5999999999999996,8.41006209284403
-2.4,-0.5999999999999996,8.177210505390581
-2.3,-0.5999999999999996,7.856260118909761
-2.1999999999999997,-0.5999999999999996,7.4526220312796685
-2.0999999999999996,-0.5999999999999996,7.032741341878172
-2.0,-0.5999999999999996,6.731864446075958
-1.9,-0.5999999999999996,6.629489814550475
-1.7999999999999998,-0.5999999999999996,6.646344801156108
-1.6999999999999997,-0.5999999999999996,6.647421213878136
-1.5999999999999996,-0.5999999999999996,6.566537850223739
-1.5,-0.5999999999999996,6.398588493304878
-1.4,-0.5999999999999996,6.148714783081065
-1.2999999999999998,-0.5999999999999996,5.8125292595753955
-1.1999999999999997,-0.5999999999999996,5.3959423581738655
-1.0999999999999996,-0.5999999999999996,4.966044485126595
-1.0,-0.5999999999999996,4.658923242132129
-0.8999999999999995,-0.5999999999999996,4.555182554089686
-0.7999999999999998,-0.5999999999999996,4.577012137495942
-0.7000000000000002,-0.5999999999999996,4.591345691151446
-0.5999999999999996,-0.5999999999999996,4.534577514907873
-0.5,-0.5999999999999996,4.404983701591924
-0.39999999999999947,-0.5999999999999996,4.21204104912065
-0.2999999999999998,-0.5999999999999996,3.9566573935561102
-0.1999999999999993,-0.5999999999999996,3.6506681732432966
-0.09999999999999964,-0.5999999999999996,3.366823929419624
0.0,-0.5999999999999996,3.24513262032821
0.10000000000000053,-0.5999999999999996,3.366823929419624
0.20000000000000018,-0.5999999999999996,3.6506681732433
0.3000000000000007,-0.5999999999999996,3.9566573935561102
0.40000000000000036,-0.5999999999999996,4.2120410491206535
0.5,-0.5999999999999996,4.404983701591924
0.6000000000000005,-0.5999999999999996,4.534577514907873
0.7000000000000002,-0.5999999999999996,4.591345691151446
0.8000000000000007,-0.5999999999999996,4.577012137495942
0.9000000000000004,-0.5999999999999996,4.555182554089683
1.0,-0.5999999999999996,4.658923242132129
1.1000000000000005,-0.5999999999999996,4.966044485126595
1.2000000000000002,-0.5999999999999996,5.3959423581738655
1.3000000000000007,-0.5999999999999996,5.8125292595753955
1.4000000000000004,-0.5999999999999996,6.1487147830810684
1.5,-0.5999999999999996,6.398588493304878
1.6000000000000005,-0.5999999999999996,6.566537850223735
1.7000000000000002,-0.5999999999999996,6.64742121387814
1.8000000000000007,-0.5999999999999996,6.646344801156108
1.9000000000000004,-0.5999999999999996,6.629489814550475
2.0,-0.5999999999999996,6.731864446075958
2.1000000000000005,-0.5999999999999996,7.0327413418781735
2.2,-0.5999999999999996,7.452622031279672
2.3000000000000007,-0.5999999999999996,7.856260118909766
2.4000000000000004,-0.5999999999999996,8.177210505390581
2.5,-0.5999999999999996,8.41006209284403
2.6000000000000005,-0.5999999999999996,8.55959212848425
2.7,-0.5999999999999996,8.620965857343638
2.8000000000000007,-0.5999999999999996,8.599533092094088
2.9000000000000004,-0.5999999999999996,8.561669883940342
3.0,-0.5999999999999996,8.642541397272915
3.0999999999999996,-0.5999999999999996,8.921547569952326
3.200000000000001,-0.5999999999999996,9.319293774403853
3.3000000000000007,-0.5999999999999996,9.700618788851651
3.4000000000000004,-0.5999999999999996,9.99914771317772
3.5,-0.5999999999999996,10.209527554290007
3.5999999999999996,-0.5999999999999996,10.336583831327632
3.700000000000001,-0.5999999999999996,10.375522017466752
3.8000000000000007,-0.5999999999999996,10.33172553488872
3.9000000000000004,-0.5999999999999996,10.271598568456286
4.0,-0.5999999999999996,10.330329862517042
4.1,-0.5999999999999996,10.587339129769472
4.200000000000001,-0.5999999999999996,10.963248323507115
4.300000000000001,-0.5999999999999996,11.322910110506017
4.4,-0.5999999999999996,11.599961200780774
4.5,-0.5999999999999996,11.789058276118006
4.600000000000001,-0.5999999999999996,11.895034881128222
4.700000000000001,-0.5999999999999996,11.91310310420886
4.800000000000001,-0.5999999999999996,11.848651773450097
4.9,-0.5999999999999996,11.768089439814789
5.0,-0.5999999999999996,11.806608317475751
-5.0,-0.5,11.891625236838896
-4.9,-0.5,11.843455572404405
-4.8,-0.5,11.903322568951221
-4.7,-0.5,11.948342807847796
-4.6,-0.5,11.918152007500282
-4.5,-0.5,11.807848165256003
-4.4,-0.5,11.621779032309227
-4.3,-0.5,11.355547004131918
-4.2,-0.5,11.014004314560632
-4.1,-0.5,10.65746564733067
-4.0,-0.5,10.408765084522413
-3.9,-0.5,10.340046314980931
-3.8,-0.5,10.379117343628922
-3.7,-0.5,10.40309596193932
-3.5999999999999996,-0.5,10.351619724110252
-3.5,-0.5,10.219789193034934
-3.4,-0.5,10.011955538438098
-3.3,-0.5,9.723725573810617
-3.2,-0.5,9.359957125399049
-3.0999999999999996,-0.5,8.98097185347005
-3.0,-0.5,8.709612453424612
-2.9,-0.5,8.618033170116218
-2.8,-0.5,8.63405487944
-2.6999999999999997,-0.5,8.634811014363803
-2.5999999999999996,-0.5,8.559958101833585
-2.5,-0.5,8.404619703200854
-2.4,-0.5,8.173174878084922
-2.3,-0.5,7.8612643080628
-2.1999999999999997,-0.5,7.473787039973924
-2.0999999999999996,-0.5,7.071115058820983
-2.0,-0.5,6.776152740106655
-1.9,-0.5,6.661130283171939
-1.7999999999999998,-0.5,6.6539626134591465
-1.6999999999999997,-0.5,6.631900359541806
-1.5999999999999996,-0.5,6.534747138487347
-1.5,-0.5,6.357812613746894
-1.4,-0.5,6.105713421940262
-1.2999999999999998,-0.5,5.774396540359781
-1.1999999999999997,-0.5,5.369160185989447
-1.0999999999999996,-0.5,4.950902643748197
-1.0,-0.5,4.643230857993107
-0.8999999999999995,-0.5,4.519325035190263
-0.7999999999999998,-0.5,4.508401206825106
-0.7000000000000002,-0.5,4.489512886420172
-0.5999999999999996,-0.5,4.404983701591924
-0.5,-0.5,4.253654026568412
-0.39999999999999947,-0.5,4.04503819359563
-0.2999999999999998,-0.5,3.7816578808912062
-0.1999999999999993,-0.5,3.477008874026261
-0.09999999999999964,-0.5,3.200803965931719
0.0,-0.5,3.0836533599911533
0.10000000000000053,-0.5,3.200803965931719
0.20000000000000018,-0.5,3.4770088740262644
0.3000000000000007,-0.5,3.78165788089121
0.40000000000000036,-0.5,4.045038193595637
0.5,-0.5,4.253654026568412
0.6000000000000005,-0.5,4.40498370159192
0.7000000000000002,-0.5,4.489512886420172
0.8000000000000007,-0.5,4.508401206825106
0.9000000000000004,-0.5,4.519325035190267
1.0,-0.5,4.643230857993107
1.1000000000000005,-0.5,4.950902643748201
1.2000000000000002,-0.5,5.369160185989447
1.3000000000000007,-0.5,5.774396540359785
1.4000000000000004,-0.5,6.105713421940266
1.5,-0.5,6.357812613746894
1.6000000000000005,-0.5,6.534747138487347
1.7000000000000002,-0.5,6.6319003595418025
1.8000000000000007,-0.5,6.6539626134591465
1.9000000000000004,-0.5,6.661130283171939
2.0,-0.5,6.776152740106655
2.1000000000000005,-0.5,7.071115058820986
2.2,-0.5,7.47378703997393
2.3000000000000007,-0.5,7.861264308062804
2.4000000000000004,-0.5,8.173174878084922
2.5,-0.5,8.404619703200854
2.6000000000000005,-0.5,8.559958101833585
2.7,-0.5,8.634811014363803
2.8000000000000007,-0.5,8.63405487944
2.9000000000000004,-0.5,8.618033170116217
3.0,-0.5,8.709612453424612
3.0999999999999996,-0.5,8.98097185347005
3.200000000000001,-0.5,9.35995712539905
3.3000000000000007,-0.5,9.723725573810617
3.4000000000000004,-0.5,10.011955538438098
3.5,-0.5,10.219789193034934
3.5999999999999996,-0.5,10.351619724110252
3.700000000000001,-0.5,10.403095961939322
3.8000000000000007,-0.5,10.379117343628923
3.9000000000000004,-0.5,10.340046314980935
4.0,-0.5,10.408765084522413
4.1,-0.5,10.65746564733067
4.200000000000001,-0.5,11.014004314560633
4.300000000000001,-0.5,11.355547004131918
4.4,-0.5,11.621779032309227
4.5,-0.5,11.807848165256003
4.600000000000001,-0.5,11.918152007500286
4.700000000000001,-0.5,11.948342807847796
4.800000000000001,-0.5,11.90332256895122
4.9,-0.5,11.843455572404405
5.0,-0.5,11.891625236838896
-5.0,-0.39999999999999947,11.778961535028547
-4.9,-0.39999999999999947,11.739484830976744
-4.8,-0.39999999999999947,11.8190443067809
-4.7,-0.39999999999999947,11.88244485529976
-4.6,-0.39999999999999947,11.863274787190702
-4.5,-0.39999999999999947,11.756141864283189
-4.4,-0.39999999999999947,11.565830286684008
-4.3,-0.39999999999999947,11.287502463203348
-4.2,-0.39999999999999947,10.926497292148268
-4.1,-0.39999999999999947,10.54917322671665
-4.0,-0.39999999999999947,10.290672296726807
-3.9,-0.39999999999999947,10.23036672190403
-3.8,-0.39999999999999947,10.288830373575722
-3.7,-0.39999999999999947,10.330867427064698
-3.5999999999999996,-0.39999999999999947,10.290065865728334
-3.5,-0.39999999999999947,10.161033583170218
-3.4,-0.39999999999999947,9.948555452072616
-3.3,-0.39999999999999947,9.647795192045301
-3.2,-0.39999999999999947,9.26409376705111
-3.0999999999999996,-0.39999999999999947,8.863812591065727
-3.0,-0.39999999999999947,8.582097719312344
-2.9,-0.39999999999999947,8.498326667440132
-2.8,-0.39999999999999947,8.533080124674852
-2.6999999999999997,-0.39999999999999947,8.55117091509709
-2.5999999999999996,-0.39999999999999947,8.48619788345729
-2.5,-0.39999999999999947,8.332782472362906
-2.4,-0.39999999999999947,8.095726386190927
-2.3,-0.39999999999999947,7.77021421009027
-2.1999999999999997,-0.39999999999999947,7.361612763187145
-2.0999999999999996,-0.39999999999999947,6.936315530868034
-2.0,-0.39999999999999947,6.629508444783962
-1.9,-0.39999999999999947,6.520618780319179
-1.7999999999999998,-0.39999999999999947,6.530289617480168
-1.6999999999999997,-0.39999999999999947,6.523412476935405
-1.5999999999999996,-0.39999999999999947,6.43368618162382
-1.5,-0.39999999999999947,6.255860262125712
-1.4,-0.39999999999999947,5.994902127106666
-1.2999999999999998,-0.39999999999999947,5.646213125621511
-1.1999999999999997,-0.39999999999999947,5.215447231772011
-1.0999999999999996,-0.39999999999999947,4.769383777309365
-1.0,-0.39999999999999947,4.443735450734856
-0.8999999999999995,-0.39999999999999947,4.31866141294563
-0.7999999999999998,-0.39999999999999947,4.315841317730726
-0.7000000000000002,-0.39999999999999947,4.301664915304013
-0.5999999999999996,-0.39999999999999947,4.21204104912065
-0.5,-0.39999999999999947,4.04503819359563
-0.39999999999999947,-0.39999999999999947,3.8106593215183047
-0.2999999999999998,-0.39999999999999947,3.5118825183493634
-0.1999999999999993,-0.39999999999999947,3.1652222170573303
-0.09999999999999964,-0.39999999999999947,2.8511235265697756
0.0,-0.39999999999999947,2.7180481650584944
0.10000000000000053,-0.39999999999999947,2.8511235265697756
0.20000000000000018,-0.39999999999999947,3.1652222170573374
0.3000000000000007,-0.39999999999999947,3.511882518349367
0.40000000000000036,-0.39999999999999947,3.810659321518308
0.5,-0.39999999999999947,4.04503819359563
0.6000000000000005,-0.39999999999999947,4.21204104912065
0.7000000000000002,-0.39999999999999947,4.301664915304013
0.8000000000000007,-0.39999999999999947,4.315841317730722
0.9000000000000004,-0.39999999999999947,4.318661412945634
1.0,-0.39999999999999947,4.443735450734856
1.1000000000000005,-0.39999999999999947,4.769383777309368
1.2000000000000002,-0.39999999999999947,5.215447231772011
1.3000000000000007,-0.39999999999999947,5.6462131256215145
1.4000000000000004,-0.39999999999999947,5.994902127106666
1.5,-0.39999999999999947,6.255860262125712
1.6000000000000005,-0.39999999999999947,6.433686181623823
1.7000000000000002,-0.39999999999999947,6.523412476935402
1.8000000000000007,-0.39999999999999947,6.530289617480168
1.9000000000000004,-0.39999999999999947,6.520618780319179
2.0,-0.39999999999999947,6.629508444783962
2.1000000000000005,-0.39999999999999947,6.936315530868038
2.2,-0.39999999999999947,7.361612763187148
2.3000000000000007,-0.39999999999999947,7.770214210090273
2.4000000000000004,-0.39999999999999947,8.09572638619093
2.5,-0.39999999999999947,8.332782472362906
2.6000000000000005,-0.39999999999999947,8.486197883457288
2.7,-0.39999999999999947,8.55117091509709
2.8000000000000007,-0.39999999999999947,8.533080124674854
2.9000000000000004,-0.39999999999999947,8.498326667440132
3.0,-0.39999999999999947,8.582097719312344
3.0999999999999996,-0.39999999999999947,8.863812591065727
3.200000000000001,-0.39999999999999947,9.264093767051113
3.3000000000000007,-0.39999999999999947,9.647795192045301
3.4000000000000004,-0.39999999999999947,9.948555452072616
3.5,-0.39999999999999947,10.161033583170218
3.5999999999999996,-0.39999999999999947,10.290065865728334
3.700000000000001,-0.39999999999999947,10.3308674270647
3.8000000000000007,-0.39999999999999947,10.288830373575722
3.9000000000000004,-0.39999999999999947,10.23036672190403
4.0,-0.39999999999999947,10.290672296726807
4.1,-0.39999999999999947,10.54917322671665
4.200000000000001,-0.39999999999999947,10.926497292148271
4.300000000000001,-0.39999999999999947,11.28750246320335
4.4,-0.39999999999999947,11.565830286684008
4.5,-0.39999999999999947,11.756141864283189
4.600000000000001,-0.39999999999999947,11.863274787190704
4.700000000000001,-0.39999999999999947,11.88244485529976
4.800000000000001,-0.39999999999999947,11.819044306780897
4.9,-0.39999999999999947,11.739484830976744
5.0,-0.39999999999999947,11.778961535028547
-5.0,-0.2999999999999998,11.456756147008575
-4.9,-0.2999999999999998,11.445400375242658
-4.8,-0.2999999999999998,11.58743176050487
-4.7,-0.2999999999999998,11.70926271734541
-4.6,-0.2999999999999998,11.725625283474233
-4.5,-0.2999999999999998,11.629601974625285
-4.4,-0.2999999999999998,11.427342046927453
-4.3,-0.2999999999999998,11.112640047609474
-4.2,-0.2999999999999998,10.692357288511621
-4.1,-0.2999999999999998,10.251705608672975
-4.0,-0.2999999999999998,9.964216545934788
-3.9,-0.2999999999999998,9.931811588338583
-3.8,-0.2999999999999998,10.052510872432084
-3.7,-0.2999999999999998,10.152724545161544
-3.5999999999999996,-0.2999999999999998,10.147182574565253
-3.5,-0.2999999999999998,10.028965644132747
-3.4,-0.2999999999999998,9.8042214622031
-3.3,-0.2999999999999998,9.466743368890246
-3.2,-0.2999999999999998,9.023391877092898
-3.0999999999999996,-0.2999999999999998,8.559378516491222
-3.0,-0.2999999999999998,8.248235103818025
-2.9,-0.2999999999999998,8.19188411446696
-2.8,-0.2999999999999998,8.288347528072588
-2.6999999999999997,-0.2999999999999998,8.364038371912427
-2.5999999999999996,-0.2999999999999998,8.33369075673531
-2.5,-0.2999999999999998,8.190391052280406
-2.4,-0.2999999999999998,7.94029455038525
-2.3,-0.2999999999999998,7.577204520409985
-2.1999999999999997,-0.2999999999999998,7.107994323779163
-2.0999999999999996,-0.2999999999999998,6.617891998136944
-2.0,-0.2999999999999998,6.280450492300837
-1.9,-0.2999999999999998,6.197619308723322
-1.7999999999999998,-0.2999999999999998,6.267455042863787
-1.6999999999999997,-0.2999999999999998,6.316415212878653
-1.5999999999999996,-0.2999999999999998,6.259291424550362
-1.5,-0.2999999999999998,6.0892448949661215
-1.4,-0.2999999999999998,5.8125292595753955
-1.2999999999999998,-0.2999999999999998,5.423078470536456
-1.1999999999999997,-0.2999999999999998,4.927941901071961
-1.0999999999999996,-0.2999999999999998,4.4125884476098705
-1.0,-0.2999999999999998,4.0509068375662345
-0.8999999999999995,-0.2999999999999998,3.9453249154039334
-0.7999999999999998,-0.2999999999999998,3.9945980132770025
-0.7000000000000002,-0.2999999999999998,4.026234224967311
-0.5999999999999996,-0.2999999999999998,3.9566573935561102
-0.5,-0.2999999999999998,3.7816578808912062
-0.39999999999999947,-0.2999999999999998,3.5118825183493634
-0.2999999999999998,-0.2999999999999998,3.1488228635850746
-0.1999999999999993,-0.2999999999999998,2.712522069833039
-0.09999999999999964,-0.2999999999999998,2.3089784414283123
0.0,-0.2999999999999998,2.136377759810241
0.10000000000000053,-0.2999999999999998,2.308978441428316
0.20000000000000018,-0.2999999999999998,2.712522069833046
0.3000000000000007,-0.2999999999999998,3.1488228635850746
0.40000000000000036,-0.2999999999999998,3.511882518349367
0.5,-0.2999999999999998,3.7816578808912062
0.6000000000000005,-0.2999999999999998,3.9566573935561067
0.7000000000000002,-0.2999999999999998,4.026234224967311
0.8000000000000007,-0.2999999999999998,3.9945980132770025
0.9000000000000004,-0.2999999999999998,3.94532491540393
1.0,-0.2999999999999998,4.0509068375662345
1.1000000000000005,-0.2999999999999998,4.412588447609878
1.2000000000000002,-0.2999999999999998,4.927941901071961
1.3000000000000007,-0.2999999999999998,5.42307847053646
1.4000000000000004,-0.2999999999999998,5.8125292595753955
1.5,-0.2999999999999998,6.0892448949661215
1.6000000000000005,-0.2999999999999998,6.259291424550362
1.7000000000000002,-0.2999999999999998,6.316415212878653
1.8000000000000007,-0.2999999999999998,6.267455042863787
1.9000000000000004,-0.2999999999999998,6.197619308723322
2.0,-0.2999999999999998,6.280450492300837
2.1000000000000005,-0.2999999999999998,6.6178919981369475
2.2,-0.2999999999999998,7.107994323779167
2.3000000000000007,-0.2999999999999998,7.577204520409991
2.4000000000000004,-0.2999999999999998,7.940294550385252
2.5,-0.2999999999999998,8.190391052280406
2.6000000000000005,-0.2999999999999998,8.333690756735308
2.7,-0.2999999999999998,8.364038371912427
2.8000000000000007,-0.2999999999999998,8.288347528072588
2.9000000000000004,-0.2999999999999998,8.191884114466959
3.0,-0.2999999999999998,8.248235103818025
3.0999999999999996,-0.2999999999999998,8.559378516491222
3.200000000000001,-0.2999999999999998,9.0233918770929
3.3000000000000007,-0.2999999999999998,9.466743368890246
3.4000000000000004,-0.2999999999999998,9.804221462203103
3.5,-0.2999999999999998,10.028965644132747
3.5999999999999996,-0.2999999999999998,10.147182574565253
3.700000000000001,-0.2999999999999998,10.152724545161542
3.8000000000000007,-0.2999999999999998,10.052510872432082
3.9000000000000004,-0.2999999999999998,9.931811588338583
4.0,-0.2999999999999998,9.964216545934788
4.1,-0.2999999999999998,10.251705608672975
4.200000000000001,-0.2999999999999998,10.692357288511626
4.300000000000001,-0.2999999999999998,11.112640047609478
4.4,-0.2999999999999998,11.427342046927453
4.5,-0.2999999999999998,11.629601974625285
4.600000000000001,-0.2999999999999998,11.725625283474232
4.700000000000001,-0.2999999999999998,11.709262717345412
4.800000000000001,-0.2999999999999998,11.587431760504868
4.9,-0.2999999999999998,11.445400375242658
5.0,-0.2999999999999998,11.456756147008575
-5.0,-0.1999999999999993,10.938286093236474
-4.9,-0.1999999999999993,10.973273173807671
-4.8,-0.1999999999999993,11.217891928102452
-4.7,-0.1999999999999993,11.435710289851565
-4.6,-0.1999999999999993,11.510595111211648
-4.5,-0.1999999999999993,11.433133324710278
-4.4,-0.1999999999999993,11.211709898234961
-4.3,-0.1999999999999993,10.837881633839796
-4.2,-0.1999999999999993,10.321003373257257
-4.1,-0.1999999999999993,9.77715004756332
-4.0,-0.1999999999999993,9.442695520570044
-3.9,-0.1999999999999993,9.456474569984072
-3.8,-0.1999999999999993,9.67959079272173
-3.7,-0.1999999999999993,9.875608719743012
-3.5999999999999996,-0.1999999999999993,9.928391855906339
-3.5,-0.1999999999999993,9.828523859356839
-3.4,-0.1999999999999993,9.5843865173939
-3.3,-0.1999999999999993,9.187533570356942
-3.2,-0.1999999999999993,8.647316947379228
-3.0999999999999996,-0.1999999999999993,8.079808852676583
-3.0,-0.1999999999999993,7.721380653497359
-2.9,-0.1999999999999993,7.710864915764356
-2.8,-0.1999999999999993,7.909363376374374
-2.6999999999999997,-0.1999999999999993,8.080439140872578
-2.5999999999999996,-0.1999999999999993,8.107954826411403
-2.5,-0.1999999999999993,7.982493870349952
-2.4,-0.1999999999999993,7.712438669259885
-2.3,-0.1999999999999993,7.289344610451387
-2.1999999999999997,-0.1999999999999993,6.72256657432624
-2.0999999999999996,-0.1999999999999993,6.12818136622694
-2.0,-0.1999999999999993,5.742567056939848
-1.9,-0.1999999999999993,5.704565617719048
-1.7999999999999998,-0.1999999999999993,5.875291696273511
-1.6999999999999997,-0.1999999999999993,6.018325906751233
-1.5999999999999996,-0.1999999999999993,6.017554479587549
-1.5,-0.1999999999999993,5.863592683543089
-1.4,-0.1999999999999993,5.564865983828
-1.2999999999999998,-0.1999999999999993,5.1129884761609645
-1.1999999999999997,-0.1999999999999993,4.517395959349489
-1.0999999999999996,-0.1999999999999993,3.8942784330520297
-1.0,-0.1999999999999993,3.48017532858492
-0.8999999999999995,-0.1999999999999993,3.4141641078521587
-0.7999999999999998,-0.1999999999999993,3.5577131909328514
-0.7000000000000002,-0.1999999999999993,3.6749539080645555
-0.5999999999999996,-0.1999999999999993,3.6506681732432966
-0.5,-0.1999999999999993,3.477008874026261
-0.39999999999999947,-0.1999999999999993,3.1652222170573303
-0.2999999999999998,-0.1999999999999993,2.712522069833039
-0.1999999999999993,-0.1999999999999993,2.1404075273138368
-0.09999999999999964,-0.1999999999999993,1.59188951671646
0.0,-0.1999999999999993,1.3518456108914592
0.10000000000000053,-0.1999999999999993,1.591889516716467
0.20000000000000018,-0.1999999999999993,2.1404075273138403
0.3000000000000007,-0.1999999999999993,2.712522069833046
0.40000000000000036,-0.1999999999999993,3.165222217057334
0.5,-0.1999999999999993,3.477008874026261
0.6000000000000005,-0.1999999999999993,3.6506681732432966
0.7000000000000002,-0.1999999999999993,3.6749539080645555
0.8000000000000007,-0.1999999999999993,3.5577131909328514
0.9000000000000004,-0.1999999999999993,3.4141641078521587
1.0,-0.1999999999999993,3.48017532858492
1.1000000000000005,-0.1999999999999993,3.894278433052037
1.2000000000000002,-0.1999999999999993,4.517395959349489
1.3000000000000007,-0.1999999999999993,5.112988476160972
1.4000000000000004,-0.1999999999999993,5.564865983828
1.5,-0.1999999999999993,5.863592683543089
1.6000000000000005,-0.1999999999999993,6.017554479587549
1.7000000000000002,-0.1999999999999993,6.01832590675123
1.8000000000000007,-0.1999999999999993,5.875291696273507
1.9000000000000004,-0.1999999999999993,5.704565617719048
2.0,-0.1999999999999993,5.742567056939848
2.1000000000000005,-0.1999999999999993,6.1281813662269435
2.2,-0.1999999999999993,6.722566574326244
2.3000000000000007,-0.1999999999999993,7.289344610451394
2.4000000000000004,-0.1999999999999993,7.712438669259887
2.5,-0.1999999999999993,7.982493870349952
2.6000000000000005,-0.1999999999999993,8.107954826411405
2.7,-0.1999999999999993,8.080439140872578
2.8000000000000007,-0.1999999999999993,7.909363376374376
2.9000000000000004,-0.1999999999999993,7.710864915764354
3.0,-0.1999999999999993,7.721380653497359
3.0999999999999996,-0.1999999999999993,8.079808852676583
3.200000000000001,-0.1999999999999993,8.647316947379235
3.3000000000000007,-0.1999999999999993,9.187533570356944
3.4000000000000004,-0.1999999999999993,9.584386517393904
3.5,-0.1999999999999993,9.828523859356839
3.5999999999999996,-0.1999999999999993,9.928391855906339
3.700000000000001,-0.1999999999999993,9.875608719743012
3.8000000000000007,-0.1999999999999993,9.67959079272173
3.9000000000000004,-0.1999999999999993,9.45647456998407
4.0,-0.1999999999999993,9.442695520570044
4.1,-0.1999999999999993,9.77715004756332
4.200000000000001,-0.1999999999999993,10.321003373257263
4.300000000000001,-0.1999999999999993,10.837881633839803
4.4,-0.1999999999999993,11.211709898234961
4.5,-0.1999999999999993,11.433133324710278
4.600000000000001,-0.1999999999999993,11.510595111211646
4.700000000000001,-0.1999999999999993,11.435710289851562
4.800000000000001,-0.1999999999999993,11.217891928102452
4.9,-0.1999999999999993,10.973273173807671
5.0,-0.1999999999999993,10.938286093236474
-5.0,-0.09999999999999964,10.38758511129848
-4.9,-0.09999999999999964,10.47220002981044
-4.8,-0.09999999999999964,10.826545920892473
-4.7,-0.09999999999999964,11.147045465813184
-4.6,-0.09999999999999964,11.28458827519347
-4.5,-0.09999999999999964,11.227095311388446
-4.4,-0.09999999999999964,10.985340717362144
-4.3,-0.09999999999999964,10.548490888110662
-4.2,-0.09999999999999964,9.9285653913689
-4.1,-0.09999999999999964,9.274615130949007
-4.0,-0.09999999999999964,8.890157916741204
-3.9,-0.09999999999999964,8.953468899973888
-3.8,-0.09999999999999964,9.286209329812824
-3.7,-0.09999999999999964,9.584797792241199
-3.5999999999999996,-0.09999999999999964,9.700119770496615
-3.5,-0.09999999999999964,9.620092071213044
-3.4,-0.09999999999999964,9.355484657919519
-3.3,-0.09999999999999964,8.895459728146632
-3.2,-0.09999999999999964,8.252032641121996
-3.0999999999999996,-0.09999999999999964,7.574250089714695
-3.0,-0.09999999999999964,7.165625681057591
-2.9,-0.09999999999999964,7.204430384955733
-2.8,-0.09999999999999964,7.512321306823406
-2.6999999999999997,-0.09999999999999964,7.785712946956275
-2.5999999999999996,-0.09999999999999964,7.875486786553239
-2.5,-0.09999999999999964,7.7695557461489955
-2.4,-0.09999999999999964,7.478686060139037
-2.3,-0.09999999999999964,6.992036406400942
-2.1999999999999997,-0.09999999999999964,6.32161890176878
-2.0999999999999996,-0.09999999999999964,5.616477362263279
-2.0,-0.09999999999999964,5.180122999883604
-1.9,-0.09999999999999964,5.190825025601686
-1.7999999999999998,-0.09999999999999964,5.470239630578856
-1.6999999999999997,-0.09999999999999964,5.7147815299606926
-1.5999999999999996,-0.09999999999999964,5.775333943590905
-1.5,-0.09999999999999964,5.6398136114449855
-1.4,-0.09999999999999964,5.318993469517409
-1.2999999999999998,-0.09999999999999964,4.802042957768112
-1.1999999999999997,-0.09999999999999964,4.100990791711677
-1.0999999999999996,-0.09999999999999964,3.3649059771033336
-1.0,-0.09999999999999964,2.8973379216549624
-0.8999999999999995,-0.09999999999999964,2.8766143933574106
-0.7999999999999998,-0.09999999999999964,3.124483332004729
-0.7000000000000002,-0.09999999999999964,3.3375080510521116
-0.5999999999999996,-0.09999999999999964,3.366823929419624
-0.5,-0.09999999999999964,3.200803965931719
-0.39999999999999947,-0.09999999999999964,2.8511235265697756
-0.2999999999999998,-0.09999999999999964,2.3089784414283123
-0.1999999999999993,-0.09999999999999964,1.59188951671646
-0.09999999999999964,-0.09999999999999964,0.8686089961219388
0.0,-0.09999999999999964,0.5284166756903055
0.10000000000000053,-0.09999999999999964,0.8686089961219459
0.20000000000000018,-0.09999999999999964,1.591889516716467
0.3000000000000007,-0.09999999999999964,2.3089784414283194
0.40000000000000036,-0.09999999999999964,2.851123526569779
0.5,-0.09999999999999964,3.200803965931719
0.6000000000000005,-0.09999999999999964,3.3668239294196276
0.7000000000000002,-0.09999999999999964,3.3375080510521116
0.8000000000000007,-0.09999999999999964,3.1244833320047256
0.9000000000000004,-0.09999999999999964,2.8766143933574035
1.0,-0.09999999999999964,2.8973379216549624
1.1000000000000005,-0.09999999999999964,3.3649059771033443
1.2000000000000002,-0.09999999999999964,4.100990791711681
1.3000000000000007,-0.09999999999999964,4.802042957768119
1.4000000000000004,-0.09999999999999964,5.318993469517412
1.5,-0.09999999999999964,5.6398136114449855
1.6000000000000005,-0.09999999999999964,5.775333943590905
1.7000000000000002,-0.09999999999999964,5.714781529960689
1.8000000000000007,-0.09999999999999964,5.4702396305788525
1.9000000000000004,-0.09999999999999964,5.190825025601686
2.0,-0.09999999999999964,5.180122999883604
2.1000000000000005,-0.09999999999999964,5.616477362263282
2.2,-0.09999999999999964,6.321618901768783
2.3000000000000007,-0.09999999999999964,6.9920364064009455
2.4000000000000004,-0.09999999999999964,7.478686060139037
2.5,-0.09999999999999964,7.7695557461489955
2.6000000000000005,-0.09999999999999964,7.875486786553239
2.7,-0.09999999999999964,7.785712946956275
2.8000000000000007,-0.09999999999999964,7.512321306823406
2.9000000000000004,-0.09999999999999964,7.204430384955732
3.0,-0.09999999999999964,7.165625681057591
3.0999999999999996,-0.09999999999999964,7.574250089714695
3.200000000000001,-0.09999999999999964,8.252032641122002
3.3000000000000007,-0.09999999999999964,8.895459728146637
3.4000000000000004,-0.09999999999999964,9.355484657919519
3.5,-0.09999999999999964,9.620092071213044
3.5999999999999996,-0.09999999999999964,9.700119770496615
3.700000000000001,-0.09999999999999964,9.584797792241194
3.8000000000000007,-0.09999999999999964,9.286209329812822
3.9000000000000004,-0.09999999999999964,8.953468899973888
4.0,-0.09999999999999964,8.890157916741204
4.1,-0.09999999999999964,9.274615130949007
4.200000000000001,-0.09999999999999964,9.928565391368911
4.300000000000001,-0.09999999999999964,10.548490888110663
4.4,-0.09999999999999964,10.985340717362144
4.5,-0.09999999999999964,11.227095311388446
4.600000000000001,-0.09999999999999964,11.284588275193471
4.700000000000001,-0.09999999999999964,11.14704546581318
4.800000000000001,-0.09999999999999964,10.826545920892471
4.9,-0.09999999999999964,10.47220002981044
5.0,-0.09999999999999964,10.38758511129848
-5.0,0.0,10.138626172095204
-4.9,0.0,10.245739051787993
-4.8,0.0,10.649807687858152
-4.7,0.0,11.01683916105473
-4.6,0.0,11.182785012462768
-4.5,0.0,11.134358629140673
-4.4,0.0,10.88341647911267
-4.3,0.0,10.418042219649955
-4.2,0.0,9.751462577014422
-4.1,0.0,9.047666099488636
-4.0,0.0,8.640585759756158
-3.9,0.0,8.726362636039752
-3.8,0.0,9.10879138835294
-3.7,0.0,9.45387476939589
-3.5999999999999996,0.0,9.597559930562054
-3.5,0.0,9.526555806697585
-3.4,0.0,9.252714350203341
-3.3,0.0,8.764114638412899
-3.2,0.0,8.073978752420263
-3.0999999999999996,0.0,7.346290529180795
-3.0,0.0,6.914978162949289
-2.9,0.0,6.97617788546243
-2.8,0.0,7.3336794412210615
-2.6999999999999997,0.0,7.65348059740295
-2.5999999999999996,0.0,7.771523448872303
-2.5,0.0,7.674511801927853
-2.4,0.0,7.374292407379153
-2.3,0.0,6.858939066884243
-2.1999999999999997,0.0,6.141668510722198
-2.0999999999999996,0.0,5.3864591488239135
-2.0,0.0,4.927233671124704
-1.9,0.0,4.960122726645917
-1.7999999999999998,0.0,5.288910397660626
-1.6999999999999997,0.0,5.579588708473942
-1.5999999999999996,0.0,5.668093929283909
-1.5,0.0,5.5411239587646826
-1.4,0.0,5.210519555961234
-1.2999999999999998,0.0,4.664348445428665
-1.1999999999999997,0.0,3.9158211937893235
-1.0999999999999996,0.0,3.1289099595308123
-1.0,0.0,2.637531092108304
-0.8999999999999995,0.0,2.6378088097580203
-0.7999999999999998,0.0,2.9335206723767584
-0.7000000000000002,0.0,3.190652088997691
-0.5999999999999996,0.0,3.24513262032821
-0.5,0.0,3.0836533599911533
-0.39999999999999947,0.0,2.7180481650584944
-0.2999999999999998,0.0,2.136377759810241
-0.1999999999999993,0.0,1.3518456108914592
-0.09999999999999964,0.0,0.5284166756903055
0.0,0.0,0.0
0.10000000000000053,0.0,0.5284166756903126
0.20000000000000018,0.0,1.3518456108914698
0.3000000000000007,0.0,2.136377759810248
0.40000000000000036,0.0,2.7180481650584944
0.5,0.0,3.0836533599911533
0.6000000000000005,0.0,3.2451326203282136
0.7000000000000002,0.0,3.190652088997691
0.8000000000000007,0.0,2.933520672376755
0.9000000000000004,0.0,2.637808809758017
1.0,0.0,2.637531092108304
1.1000000000000005,0.0,3.1289099595308194
1.2000000000000002,0.0,3.915821193789327
1.3000000000000007,0.0,4.664348445428672
1.4000000000000004,0.0,5.210519555961238
1.5,0.0,5.5411239587646826
1.6000000000000005,0.0,5.668093929283909
1.7000000000000002,0.0,5.579588708473938
1.8000000000000007,0.0,5.288910397660622
1.9000000000000004,0.0,4.960122726645913
2.0,0.0,4.927233671124704
2.1000000000000005,0.0,5.386459148823924
2.2,0.0,6.1416685107222015
2.3000000000000007,0.0,6.858939066884247
2.4000000000000004,0.0,7.374292407379153
2.5,0.0,7.674511801927853
2.6000000000000005,0.0,7.771523448872303
2.7,0.0,7.653480597402952
2.8000000000000007,0.0,7.33367944122106
2.9000000000000004,0.0,6.97617788546243
3.0,0.0,6.914978162949289
3.0999999999999996,0.0,7.346290529180795
3.200000000000001,0.0,8.073978752420269
3.3000000000000007,0.0,8.764114638412904
3.4000000000000004,0.0,9.252714350203345
3.5,0.0,9.526555806697585
3.5999999999999996,0.0,9.597559930562054
3.700000000000001,0.0,9.453874769395886
3.8000000000000007,0.0,9.108791388352937
3.9000000000000004,0.0,8.72636263603975
4.0,0.0,8.640585759756158
4.1,0.0,9.047666099488636
4.200000000000001,0.0,9.751462577014433
4.300000000000001,0.0,10.418042219649958
4.4,0.0,10.88341647911267
4.5,0.0,11.134358629140673
4.600000000000001,0.0,11.182785012462766
4.700000000000001,0.0,11.016839161054726
4.800000000000001,0.0,10.649807687858154
4.9,0.0,10.245739051787993
5.0,0.0,10.138626172095204
-5.0,0.10000000000000053,10.387585111298483
-4.9,0.10000000000000053,10.472200029810443
-4.8,0.10000000000000053,10.826545920892476
-4.7,0.10000000000000053,11.147045465813186
-4.6,0.10000000000000053,11.284588275193471
-4.5,0.10000000000000053,11.227095311388448
-4.4,0.10000000000000053,10.985340717362146
-4.3,0.10000000000000053,10.548490888110663
-4.2,0.10000000000000053,9.928565391368904
-4.1,0.10000000000000053,9.27461513094901
-4.0,0.10000000000000053,8.890157916741208
-3.9,0.10000000000000053,8.953468899973892
-3.8,0.10000000000000053,9.286209329812827
-3.7,0.10000000000000053,9.5847977922412
-3.5999999999999996,0.10000000000000053,9.700119770496617
-3.5,0.10000000000000053,9.620092071213046
-3.4,0.10000000000000053,9.355484657919519
-3.3,0.10000000000000053,8.895459728146635
-3.2,0.10000000000000053,8.252032641121998
-3.0999999999999996,0.10000000000000053,7.574250089714699
-3.0,0.10000000000000053,7.165625681057595
-2.9,0.10000000000000053,7.204430384955737
-2.8,0.10000000000000053,7.512321306823409
-2.6999999999999997,0.10000000000000053,7.785712946956277
-2.5999999999999996,0.10000000000000053,7.875486786553241
-2.5,0.10000000000000053,7.7695557461489955
-2.4,0.10000000000000053,7.478686060139037
-2.3,0.10000000000000053,6.992036406400944
-2.1999999999999997,0.10000000000000053,6.321618901768783
-2.0999999999999996,0.10000000000000053,5.616477362263279
-2.0,0.10000000000000053,5.180122999883611
-1.9,0.10000000000000053,5.1908250256016935
-1.7999999999999998,0.10000000000000053,5.47023963057886
-1.6999999999999997,0.10000000000000053,5.7147815299606926
-1.5999999999999996,0.10000000000000053,5.775333943590905
-1.5,0.10000000000000053,5.6398136114449855
-1.4,0.10000000000000053,5.318993469517409
-1.2999999999999998,0.10000000000000053,4.802042957768116
-1.1999999999999997,0.10000000000000053,4.100990791711681
-1.0999999999999996,0.10000000000000053,3.364905977103337
-1.0,0.10000000000000053,2.8973379216549695
-0.8999999999999995,0.10000000000000053,2.876614393357414
-0.7999999999999998,0.10000000000000053,3.1244833320047327
-0.7000000000000002,0.10000000000000053,3.337508051052115
-0.5999999999999996,0.10000000000000053,3.366823929419624
-0.5,0.10000000000000053,3.200803965931719
-0.39999999999999947,0.10000000000000053,2.8511235265697756
-0.2999999999999998,0.10000000000000053,2.308978441428316
-0.1999999999999993,0.10000000000000053,1.591889516716467
-0.09999999999999964,0.10000000000000053,0.8686089961219459
0.0,0.10000000000000053,0.5284166756903126
0.10000000000000053,0.10000000000000053,0.868608996121953
0.20000000000000018,0.10000000000000053,1.5918895167164706
0.3000000000000007,0.10000000000000053,2.308978441428323
0.40000000000000036,0.10000000000000053,2.851123526569779
0.5,0.10000000000000053,3.200803965931719
0.6000000000000005,0.10000000000000053,3.3668239294196276
0.7000000000000002,0.10000000000000053,3.337508051052115
0.8000000000000007,0.10000000000000053,3.124483332004729
0.9000000000000004,0.10000000000000053,2.8766143933574106
1.0,0.10000000000000053,2.8973379216549695
1.1000000000000005,0.10000000000000053,3.364905977103348
1.2000000000000002,0.10000000000000053,4.100990791711684
1.3000000000000007,0.10000000000000053,4.802042957768123
1.4000000000000004,0.10000000000000053,5.318993469517412
1.5,0.10000000000000053,5.6398136114449855
1.6000000000000005,0.10000000000000053,5.775333943590905
1.7000000000000002,0.10000000000000053,5.7147815299606926
1.8000000000000007,0.10000000000000053,5.470239630578856
1.9000000000000004,0.10000000000000053,5.19082502560169
2.0,0.10000000000000053,5.180122999883611
2.1000000000000005,0.10000000000000053,5.616477362263286
2.2,0.10000000000000053,6.321618901768787
2.3000000000000007,0.10000000000000053,6.992036406400949
2.4000000000000004,0.10000000000000053,7.478686060139038
2.5,0.10000000000000053,7.7695557461489955
2.6000000000000005,0.10000000000000053,7.875486786553241
2.7,0.10000000000000053,7.785712946956277
2.8000000000000007,0.10000000000000053,7.512321306823408
2.9000000000000004,0.10000000000000053,7.204430384955735
3.0,0.10000000000000053,7.165625681057595
3.0999999999999996,0.10000000000000053,7.574250089714699
3.200000000000001,0.10000000000000053,8.252032641122003
3.3000000000000007,0.10000000000000053,8.895459728146639
3.4000000000000004,0.10000000000000053,9.35548465791952
3.5,0.10000000000000053,9.620092071213046
3.5999999999999996,0.10000000000000053,9.700119770496617
3.700000000000001,0.10000000000000053,9.584797792241197
3.8000000000000007,0.10000000000000053,9.286209329812824
3.9000000000000004,0.10000000000000053,8.953468899973892
4.0,0.10000000000000053,8.890157916741208
4.1,0.10000000000000053,9.27461513094901
4.200000000000001,0.10000000000000053,9.928565391368913
4.300000000000001,0.10000000000000053,10.548490888110667
4.4,0.10000000000000053,10.985340717362146
4.5,0.10000000000000053,11.227095311388448
4.600000000000001,0.10000000000000053,11.284588275193473
4.700000000000001,0.10000000000000053,11.147045465813182
4.800000000000001,0.10000000000000053,10.826545920892473
4.9,0.10000000000000053,10.472200029810443
5.0,0.10000000000000053,10.387585111298483
-5.0,0.20000000000000018,10.938286093236478
-4.9,0.20000000000000018,10.973273173807675
-4.8,0.20000000000000018,11.217891928102455
-4.7,0.20000000000000018,11.435710289851569
-4.6,0.20000000000000018,11.51059511121165
-4.5,0.20000000000000018,11.43313332471028
-4.4,0.20000000000000018,11.211709898234963
-4.3,0.20000000000000018,10.8378816338398
-4.2,0.20000000000000018,10.32100337325726
-4.1,0.20000000000000018,9.777150047563325
-4.0,0.20000000000000018,9.44269552057005
-3.9,0.20000000000000018,9.456474569984076
-3.8,0.20000000000000018,9.679590792721735
-3.7,0.20000000000000018,9.875608719743013
-3.5999999999999996,0.20000000000000018,9.92839185590634
-3.5,0.20000000000000018,9.82852385935684
-3.4,0.20000000000000018,9.584386517393904
-3.3,0.20000000000000018,9.187533570356944
-3.2,0.20000000000000018,8.647316947379235
-3.0999999999999996,0.20000000000000018,8.079808852676589
-3.0,0.20000000000000018,7.721380653497363
-2.9,0.20000000000000018,7.710864915764359
-2.8,0.20000000000000018,7.909363376374378
-2.6999999999999997,0.20000000000000018,8.080439140872581
-2.5999999999999996,0.20000000000000018,8.107954826411405
-2.5,0.20000000000000018,7.982493870349954
-2.4,0.20000000000000018,7.712438669259887
-2.3,0.20000000000000018,7.289344610451391
-2.1999999999999997,0.20000000000000018,6.722566574326244
-2.0999999999999996,0.20000000000000018,6.1281813662269435
-2.0,0.20000000000000018,5.742567056939855
-1.9,0.20000000000000018,5.704565617719052
-1.7999999999999998,0.20000000000000018,5.875291696273514
-1.6999999999999997,0.20000000000000018,6.018325906751233
-1.5999999999999996,0.20000000000000018,6.017554479587549
-1.5,0.20000000000000018,5.863592683543093
-1.4,0.20000000000000018,5.564865983828003
-1.2999999999999998,0.20000000000000018,5.112988476160968
-1.1999999999999997,0.20000000000000018,4.517395959349493
-1.0999999999999996,0.20000000000000018,3.8942784330520333
-1.0,0.20000000000000018,3.4801753285849273
-0.8999999999999995,0.20000000000000018,3.4141641078521623
-0.7999999999999998,0.20000000000000018,3.557713190932855
-0.7000000000000002,0.20000000000000018,3.6749539080645626
-0.5999999999999996,0.20000000000000018,3.6506681732433
-0.5,0.20000000000000018,3.4770088740262644
-0.39999999999999947,0.20000000000000018,3.1652222170573374
-0.2999999999999998,0.20000000000000018,2.712522069833046
-0.1999999999999993,0.20000000000000018,2.1404075273138403
-0.09999999999999964,0.20000000000000018,1.591889516716467
0.0,0.20000000000000018,1.3518456108914698
0.10000000000000053,0.20000000000000018,1.5918895167164706
0.20000000000000018,0.20000000000000018,2.1404075273138474
0.3000000000000007,0.20000000000000018,2.7125220698330494
0.40000000000000036,0.20000000000000018,3.165222217057341
0.5,0.20000000000000018,3.4770088740262644
0.6000000000000005,0.20000000000000018,3.6506681732433037
0.7000000000000002,0.20000000000000018,3.6749539080645626
0.8000000000000007,0.20000000000000018,3.557713190932855
0.9000000000000004,0.20000000000000018,3.4141641078521623
1.0,0.20000000000000018,3.4801753285849273
1.1000000000000005,0.20000000000000018,3.8942784330520404
1.2000000000000002,0.20000000000000018,4.517395959349496
1.3000000000000007,0.20000000000000018,5.112988476160975
1.4000000000000004,0.20000000000000018,5.564865983828003
1.5,0.20000000000000018,5.863592683543093
1.6000000000000005,0.20000000000000018,6.017554479587552
1.7000000000000002,0.20000000000000018,6.018325906751233
1.8000000000000007,0.20000000000000018,5.875291696273511
1.9000000000000004,0.20000000000000018,5.704565617719052
2.0,0.20000000000000018,5.742567056939855
2.1000000000000005,0.20000000000000018,6.128181366226947
2.2,0.20000000000000018,6.7225665743262475
2.3000000000000007,0.20000000000000018,7.289344610451398
2.4000000000000004,0.20000000000000018,7.712438669259889
2.5,0.20000000000000018,7.982493870349954
2.6000000000000005,0.20000000000000018,8.107954826411406
2.7,0.20000000000000018,8.080439140872581
2.8000000000000007,0.20000000000000018,7.90936337637438
2.9000000000000004,0.20000000000000018,7.710864915764358
3.0,0.20000000000000018,7.721380653497363
3.0999999999999996,0.20000000000000018,8.079808852676589
3.200000000000001,0.20000000000000018,8.647316947379238
3.3000000000000007,0.20000000000000018,9.18753357035695
3.4000000000000004,0.20000000000000018,9.584386517393906
3.5,0.20000000000000018,9.82852385935684
3.5999999999999996,0.20000000000000018,9.92839185590634
3.700000000000001,0.20000000000000018,9.875608719743015
3.8000000000000007,0.20000000000000018,9.679590792721733
3.9000000000000004,0.20000000000000018,9.456474569984076
4.0,0.20000000000000018,9.44269552057005
4.1,0.20000000000000018,9.777150047563325
4.200000000000001,0.20000000000000018,10.321003373257266
4.300000000000001,0.20000000000000018,10.837881633839805
4.4,0.20000000000000018,11.211709898234963
4.5,0.20000000000000018,11.43313332471028
4.600000000000001,0.20000000000000018,11.510595111211648
4.700000000000001,0.20000000000000018,11.435710289851565
4.800000000000001,0.20000000000000018,11.217891928102455
4.9,0.20000000000000018,10.973273173807675
5.0,0.20000000000000018,10.938286093236478
-5.0,0.3000000000000007,11.456756147008578
-4.9,0.3000000000000007,11.445400375242661
-4.8,0.3000000000000007,11.587431760504874
-4.7,0.3000000000000007,11.709262717345412
-4.6,0.3000000000000007,11.725625283474233
-4.5,0.3000000000000007,11.629601974625285
-4.4,0.3000000000000007,11.427342046927455
-4.3,0.3000000000000007,11.112640047609476
-4.2,0.3000000000000007,10.692357288511625
-4.1,0.3000000000000007,10.251705608672978
-4.0,0.3000000000000007,9.964216545934791
-3.9,0.3000000000000007,9.931811588338586
-3.8,0.3000000000000007,10.052510872432086
-3.7,0.3000000000000007,10.152724545161545
-3.5999999999999996,0.3000000000000007,10.147182574565253
-3.5,0.3000000000000007,10.028965644132747
-3.4,0.3000000000000007,9.804221462203103
-3.3,0.3000000000000007,9.466743368890247
-3.2,0.3000000000000007,9.0233918770929
-3.0999999999999996,0.3000000000000007,8.559378516491225
-3.0,0.3000000000000007,8.248235103818029
-2.9,0.3000000000000007,8.191884114466964
-2.8,0.3000000000000007,8.28834752807259
-2.6999999999999997,0.3000000000000007,8.364038371912429
-2.5999999999999996,0.3000000000000007,8.333690756735312
-2.5,0.3000000000000007,8.190391052280406
-2.4,0.3000000000000007,7.940294550385252
-2.3,0.3000000000000007,7.577204520409989
-2.1999999999999997,0.3000000000000007,7.107994323779167
-2.0999999999999996,0.3000000000000007,6.6178919981369475
-2.0,0.3000000000000007,6.28045049230084
-1.9,0.3000000000000007,6.197619308723326
-1.7999999999999998,0.3000000000000007,6.267455042863791
-1.6999999999999997,0.3000000000000007,6.316415212878656
-1.5999999999999996,0.3000000000000007,6.259291424550366
-1.5,0.3000000000000007,6.089244894966129
-1.4,0.3000000000000007,5.8125292595753955
-1.2999999999999998,0.3000000000000007,5.42307847053646
-1.1999999999999997,0.3000000000000007,4.927941901071961
-1.0999999999999996,0.3000000000000007,4.412588447609878
-1.0,0.3000000000000007,4.050906837566238
-0.8999999999999995,0.3000000000000007,3.945324915403937
-0.7999999999999998,0.3000000000000007,3.9945980132770096
-0.7000000000000002,0.3000000000000007,4.026234224967311
-0.5999999999999996,0.3000000000000007,3.9566573935561102
-0.5,0.3000000000000007,3.78165788089121
-0.39999999999999947,0.3000000000000007,3.511882518349367
-0.2999999999999998,0.3000000000000007,3.1488228635850746
-0.1999999999999993,0.3000000000000007,2.712522069833046
-0.09999999999999964,0.3000000000000007,2.3089784414283194
0.0,0.3000000000000007,2.136377759810248
0.10000000000000053,0.3000000000000007,2.308978441428323
0.20000000000000018,0.3000000000000007,2.7125220698330494
0.3000000000000007,0.3000000000000007,3.148822863585078
0.40000000000000036,0.3000000000000007,3.5118825183493705
0.5,0.3000000000000007,3.78165788089121
0.6000000000000005,0.3000000000000007,3.9566573935561102
0.7000000000000002,0.3000000000000007,4.026234224967311
0.8000000000000007,0.3000000000000007,3.9945980132770096
0.9000000000000004,0.3000000000000007,3.9453249154039334
1.0,0.3000000000000007,4.050906837566238
1.1000000000000005,0.3000000000000007,4.412588447609885
1.2000000000000002,0.3000000000000007,4.927941901071968
1.3000000000000007,0.3000000000000007,5.423078470536463
1.4000000000000004,0.3000000000000007,5.8125292595753955
1.5,0.3000000000000007,6.089244894966129
1.6000000000000005,0.3000000000000007,6.259291424550369
1.7000000000000002,0.3000000000000007,6.316415212878653
1.8000000000000007,0.3000000000000007,6.267455042863787
1.9000000000000004,0.3000000000000007,6.197619308723326
2.0,0.3000000000000007,6.28045049230084
2.1000000000000005,0.3000000000000007,6.617891998136951
2.2,0.3000000000000007,7.10799432377917
2.3000000000000007,0.3000000000000007,7.5772045204099925
2.4000000000000004,0.3000000000000007,7.940294550385254
2.5,0.3000000000000007,8.190391052280406
2.6000000000000005,0.3000000000000007,8.333690756735312
2.7,0.3000000000000007,8.364038371912429
2.8000000000000007,0.3000000000000007,8.28834752807259
2.9000000000000004,0.3000000000000007,8.191884114466962
3.0,0.3000000000000007,8.248235103818029
3.0999999999999996,0.3000000000000007,8.559378516491225
3.200000000000001,0.3000000000000007,9.023391877092903
3.3000000000000007,0.3000000000000007,9.46674336889025
3.4000000000000004,0.3000000000000007,9.804221462203103
3.5,0.3000000000000007,10.028965644132747
3.5999999999999996,0.3000000000000007,10.147182574565253
3.700000000000001,0.3000000000000007,10.152724545161544
3.8000000000000007,0.3000000000000007,10.052510872432084
3.9000000000000004,0.3000000000000007,9.931811588338586
4.0,0.3000000000000007,9.964216545934791
4.1,0.3000000000000007,10.251705608672978
4.200000000000001,0.3000000000000007,10.69235728851163
4.300000000000001,0.3000000000000007,11.112640047609482
4.4,0.3000000000000007,11.427342046927455
4.5,0.3000000000000007,11.629601974625285
4.600000000000001,0.3000000000000007,11.725625283474233
4.700000000000001,0.3000000000000007,11.709262717345414
4.800000000000001,0.3000000000000007,11.58743176050487
4.9,0.3000000000000007,11.445400375242661
5.0,0.3000000000000007,11.456756147008578
-5.0,0.40000000000000036,11.778961535028547
-4.9,0.40000000000000036,11.739484830976746
-4.8,0.40000000000000036,11.819044306780901
-4.7,0.40000000000000036,11.882444855299761
-4.6,0.40000000000000036,11.863274787190702
-4.5,0.40000000000000036,11.756141864283189
-4.4,0.40000000000000036,11.565830286684008
-4.3,0.40000000000000036,11.28750246320335
-4.2,0.40000000000000036,10.926497292148268
-4.1,0.40000000000000036,10.549173226716652
-4.0,0.40000000000000036,10.290672296726811
-3.9,0.40000000000000036,10.23036672190403
-3.8,0.40000000000000036,10.288830373575724
-3.7,0.40000000000000036,10.3308674270647
-3.5999999999999996,0.40000000000000036,10.290065865728334
-3.5,0.40000000000000036,10.161033583170218
-3.4,0.40000000000000036,9.948555452072616
-3.3,0.40000000000000036,9.647795192045301
-3.2,0.40000000000000036,9.26409376705111
-3.0999999999999996,0.40000000000000036,8.863812591065729
-3.0,0.40000000000000036,8.582097719312344
-2.9,0.40000000000000036,8.498326667440136
-2.8,0.40000000000000036,8.533080124674854
-2.6999999999999997,0.40000000000000036,8.551170915097092
-2.5999999999999996,0.40000000000000036,8.48619788345729
-2.5,0.40000000000000036,8.332782472362906
-2.4,0.40000000000000036,8.095726386190927
-2.3,0.40000000000000036,7.770214210090272
-2.1999999999999997,0.40000000000000036,7.361612763187146
-2.0999999999999996,0.40000000000000036,6.936315530868036
-2.0,0.40000000000000036,6.629508444783966
-1.9,0.40000000000000036,6.520618780319179
-1.7999999999999998,0.40000000000000036,6.530289617480172
-1.6999999999999997,0.40000000000000036,6.523412476935405
-1.5999999999999996,0.40000000000000036,6.433686181623823
-1.5,0.40000000000000036,6.255860262125715
-1.4,0.40000000000000036,5.994902127106666
-1.2999999999999998,0.40000000000000036,5.6462131256215145
-1.1999999999999997,0.40000000000000036,5.215447231772014
-1.0999999999999996,0.40000000000000036,4.769383777309368
-1.0,0.40000000000000036,4.443735450734856
-0.8999999999999995,0.40000000000000036,4.318661412945634
-0.7999999999999998,0.40000000000000036,4.315841317730726
-0.7000000000000002,0.40000000000000036,4.301664915304013
-0.5999999999999996,0.40000000000000036,4.2120410491206535
-0.5,0.40000000000000036,4.045038193595637
-0.39999999999999947,0.40000000000000036,3.810659321518308
-0.2999999999999998,0.40000000000000036,3.511882518349367
-0.1999999999999993,0.40000000000000036,3.165222217057334
-0.09999999999999964,0.40000000000000036,2.851123526569779
0.0,0.40000000000000036,2.7180481650584944
0.10000000000000053,0.40000000000000036,2.851123526569779
0.20000000000000018,0.40000000000000036,3.165222217057341
0.3000000000000007,0.40000000000000036,3.5118825183493705
0.40000000000000036,0.40000000000000036,3.8106593215183118
0.5,0.40000000000000036,4.045038193595637
0.6000000000000005,0.40000000000000036,4.2120410491206535
0.7000000000000002,0.40000000000000036,4.301664915304013
0.8000000000000007,0.40000000000000036,4.315841317730722
0.9000000000000004,0.40000000000000036,4.318661412945634
1.0,0.40000000000000036,4.443735450734856
1.1000000000000005,0.40000000000000036,4.769383777309368
1.2000000000000002,0.40000000000000036,5.215447231772018
1.3000000000000007,0.40000000000000036,5.6462131256215145
1.4000000000000004,0.40000000000000036,5.99490212710667
1.5,0.40000000000000036,6.255860262125715
1.6000000000000005,0.40000000000000036,6.433686181623823
1.7000000000000002,0.40000000000000036,6.523412476935409
1.8000000000000007,0.40000000000000036,6.530289617480168
1.9000000000000004,0.40000000000000036,6.520618780319179
2.0,0.40000000000000036,6.629508444783966
2.1000000000000005,0.40000000000000036,6.93631553086804
2.2,0.40000000000000036,7.36161276318715
2.3000000000000007,0.40000000000000036,7.770214210090273
2.4000000000000004,0.40000000000000036,8.09572638619093
2.5,0.40000000000000036,8.332782472362906
2.6000000000000005,0.40000000000000036,8.48619788345729
2.7,0.40000000000000036,8.551170915097092
2.8000000000000007,0.40000000000000036,8.533080124674855
2.9000000000000004,0.40000000000000036,8.498326667440134
3.0,0.40000000000000036,8.582097719312344
3.0999999999999996,0.40000000000000036,8.863812591065729
3.200000000000001,0.40000000000000036,9.264093767051115
3.3000000000000007,0.40000000000000036,9.647795192045303
3.4000000000000004,0.40000000000000036,9.948555452072616
3.5,0.40000000000000036,10.161033583170218
3.5999999999999996,0.40000000000000036,10.290065865728334
3.700000000000001,0.40000000000000036,10.330867427064701
3.8000000000000007,0.40000000000000036,10.288830373575724
3.9000000000000004,0.40000000000000036,10.230366721904032
4.0,0.40000000000000036,10.290672296726811
4.1,0.40000000000000036,10.549173226716652
4.200000000000001,0.40000000000000036,10.926497292148273
4.300000000000001,0.40000000000000036,11.287502463203351
4.4,0.40000000000000036,11.565830286684008
4.5,0.40000000000000036,11.756141864283189
4.600000000000001,0.40000000000000036,11.863274787190704
4.700000000000001,0.40000000000000036,11.882444855299761
4.800000000000001,0.40000000000000036,11.8190443067809
4.9,0.40000000000000036,11.739484830976746
5.0,0.40000000000000036,11.778961535028547
-5.0,0.5,11.891625236838896
-4.9,0.5,11.843455572404405
-4.8,0.5,11.903322568951221
-4.7,0.5,11.948342807847796
-4.6,0.5,11.918152007500282
-4.5,0.5,11.807848165256003
-4.4,0.5,11.621779032309227
-4.3,0.5,11.355547004131918
-4.2,0.5,11.014004314560632
-4.1,0.5,10.65746564733067
-4.0,0.5,10.408765084522413
-3.9,0.5,10.340046314980931
-3.8,0.5,10.379117343628922
-3.7,0.5,10.40309596193932
-3.5999999999999996,0.5,10.351619724110252
-3.5,0.5,10.219789193034934
-3.4,0.5,10.011955538438098
-3.3,0.5,9.723725573810617
-3.2,0.5,9.359957125399049
-3.0999999999999996,0.5,8.98097185347005
-3.0,0.5,8.709612453424612
-2.9,0.5,8.618033170116218
-2.8,0.5,8.63405487944
-2.6999999999999997,0.5,8.634811014363803
-2.5999999999999996,0.5,8.559958101833585
-2.5,0.5,8.404619703200854
-2.4,0.5,8.173174878084922
-2.3,0.5,7.8612643080628
-2.1999999999999997,0.5,7.473787039973924
-2.0999999999999996,0.5,7.071115058820983
-2.0,0.5,6.776152740106655
-1.9,0.5,6.661130283171939
-1.7999999999999998,0.5,6.6539626134591465
-1.6999999999999997,0.5,6.631900359541806
-1.5999999999999996,0.5,6.534747138487347
-1.5,0.5,6.357812613746894
-1.4,0.5,6.105713421940262
-1.2999999999999998,0.5,5.774396540359781
-1.1999999999999997,0.5,5.369160185989447
-1.0999999999999996,0.5,4.950902643748197
-1.0,0.5,4.643230857993107
-0.8999999999999995,0.5,4.519325035190263
-0.7999999999999998,0.5,4.508401206825106
-0.7000000000000002,0.5,4.489512886420172
-0.5999999999999996,0.5,4.404983701591924
-0.5,0.5,4.253654026568412
-0.39999999999999947,0.5,4.04503819359563
-0.2999999999999998,0.5,3.7816578808912062
-0.1999999999999993,0.5,3.477008874026261
-0.09999999999999964,0.5,3.200803965931719
0.0,0.5,3.0836533599911533
0.10000000000000053,0.5,3.200803965931719
0.20000000000000018,0.5,3.4770088740262644
0.3000000000000007,0.5,3.78165788089121
0.40000000000000036,0.5,4.045038193595637
0.5,0.5,4.253654026568412
0.6000000000000005,0.5,4.40498370159192
0.7000000000000002,0.5,4.489512886420172
0.8000000000000007,0.5,4.508401206825106
0.9000000000000004,0.5,4.519325035190267
1.0,0.5,4.643230857993107
1.1000000000000005,0.5,4.950902643748201
1.2000000000000002,0.5,5.369160185989447
1.3000000000000007,0.5,5.774396540359785
1.4000000000000004,0.5,6.105713421940266
1.5,0.5,6.357812613746894
1.6000000000000005,0.5,6.534747138487347
1.7000000000000002,0.5,6.6319003595418025
1.8000000000000007,0.5,6.6539626134591465
1.9000000000000004,0.5,6.661130283171939
2.0,0.5,6.776152740106655
2.1000000000000005,0.5,7.071115058820986
2.2,0.5,7.47378703997393
2.3000000000000007,0.5,7.861264308062804
2.4000000000000004,0.5,8.173174878084922
2.5,0.5,8.404619703200854
2.6000000000000005,0.5,8.559958101833585
2.7,0.5,8.634811014363803
2.8000000000000007,0.5,8.63405487944
2.9000000000000004,0.5,8.618033170116217
3.0,0.5,8.709612453424612
3.0999999999999996,0.5,8.98097185347005
3.200000000000001,0.5,9.35995712539905
3.3000000000000007,0.5,9.723725573810617
3.4000000000000004,0.5,10.011955538438098
3.5,0.5,10.219789193034934
3.5999999999999996,0.5,10.351619724110252
3.700000000000001,0.5,10.403095961939322
3.8000000000000007,0.5,10.379117343628923
3.9000000000000004,0.5,10.340046314980935
4.0,0.5,10.408765084522413
4.1,0.5,10.65746564733067
4.200000000000001,0.5,11.014004314560633
4.300000000000001,0.5,11.355547004131918
4.4,0.5,11.621779032309227
4.5,0.5,11.807848165256003
4.600000000000001,0.5,11.918152007500286
4.700000000000001,0.5,11.948342807847796
4.800000000000001,0.5,11.90332256895122
4.9,0.5,11.843455572404405
5.0,0.5,11.891625236838896
-5.0,0.6000000000000005,11.80660831747575
-4.9,0.6000000000000005,11.768089439814787
-4.8,0.6000000000000005,11.848651773450095
-4.7,0.6000000000000005,11.913103104208858
-4.6,0.6000000000000005,11.89503488112822
-4.5,0.6000000000000005,11.789058276118006
-4.4,0.6000000000000005,11.599961200780774
-4.3,0.6000000000000005,11.322910110506015
-4.2,0.6000000000000005,10.963248323507111
-4.1,0.6000000000000005,10.58733912976947
-4.0,0.6000000000000005,10.33032986251704
-3.9,0.6000000000000005,10.271598568456286
-3.8,0.6000000000000005,10.33172553488872
-3.7,0.6000000000000005,10.37552201746675
-3.5999999999999996,0.6000000000000005,10.336583831327632
-3.5,0.6000000000000005,10.209527554290007
-3.4,0.6000000000000005,9.99914771317772
-3.3,0.6000000000000005,9.70061878885165
-3.2,0.6000000000000005,9.319293774403848
-3.0999999999999996,0.6000000000000005,8.921547569952324
-3.0,0.6000000000000005,8.642541397272915
-2.9,0.6000000000000005,8.56166988394034
-2.8,0.6000000000000005,8.599533092094086
-2.6999999999999997,0.6000000000000005,8.620965857343636
-2.5999999999999996,0.6000000000000005,8.55959212848425
-2.5,0.6000000000000005,8.41006209284403
-2.4,0.6000000000000005,8.177210505390581
-2.3,0.6000000000000005,7.856260118909761
-2.1999999999999997,0.6000000000000005,7.452622031279667
-2.0999999999999996,0.6000000000000005,7.03274134187817
-2.0,0.6000000000000005,6.7318644460759565
-1.9,0.6000000000000005,6.629489814550475
-1.7999999999999998,0.6000000000000005,6.646344801156108
-1.6999999999999997,0.6000000000000005,6.64742121387814
-1.5999999999999996,0.6000000000000005,6.566537850223735
-1.5,0.6000000000000005,6.398588493304878
-1.4,0.6000000000000005,6.148714783081065
-1.2999999999999998,0.6000000000000005,5.812529259575392
-1.1999999999999997,0.6000000000000005,5.395942358173862
-1.0999999999999996,0.6000000000000005,4.9660444851265915
-1.0,0.6000000000000005,4.658923242132133
-0.8999999999999995,0.6000000000000005,4.555182554089683
-0.7999999999999998,0.6000000000000005,4.577012137495945
-0.7000000000000002,0.6000000000000005,4.591345691151442
-0.5999999999999996,0.6000000000000005,4.534577514907873
-0.5,0.6000000000000005,4.40498370159192
-0.39999999999999947,0.6000000000000005,4.21204104912065
-0.2999999999999998,0.6000000000000005,3.9566573935561067
-0.1999999999999993,0.6000000000000005,3.6506681732432966
-0.09999999999999964,0.6000000000000005,3.3668239294196276
0.0,0.6000000000000005,3.2451326203282136
0.10000000000000053,0.6000000000000005,3.3668239294196276
0.20000000000000018,0.6000000000000005,3.6506681732433037
0.3000000000000007,0.6000000000000005,3.9566573935561102
0.40000000000000036,0.6000000000000005,4.2120410491206535
0.5,0.6000000000000005,4.40498370159192
0.6000000000000005,0.6000000000000005,4.534577514907877
0.7000000000000002,0.6000000000000005,4.591345691151442
0.8000000000000007,0.6000000000000005,4.577012137495942
0.9000000000000004,0.6000000000000005,4.555182554089686
1.0,0.6000000000000005,4.658923242132133
1.1000000000000005,0.6000000000000005,4.966044485126599
1.2000000000000002,0.6000000000000005,5.3959423581738655
1.3000000000000007,0.6000000000000005,5.8125292595753955
1.4000000000000004,0.6000000000000005,6.148714783081065
1.5,0.6000000000000005,6.398588493304878
1.6000000000000005,0.6000000000000005,6.566537850223739
1.7000000000000002,0.6000000000000005,6.647421213878136
1.8000000000000007,0.6000000000000005,6.646344801156104
1.9000000000000004,0.6000000000000005,6.629489814550475
2.0,0.6000000000000005,6.7318644460759565
2.1000000000000005,0.6000000000000005,7.032741341878175
2.2,0.6000000000000005,7.45262203127967
2.3000000000000007,0.6000000000000005,7.856260118909766
2.4000000000000004,0.6000000000000005,8.177210505390581
2.5,0.6000000000000005,8.41006209284403
2.6000000000000005,0.6000000000000005,8.55959212848425
2.7,0.6000000000000005,8.62096585734364
2.8000000000000007,0.6000000000000005,8.599533092094086
2.9000000000000004,0.6000000000000005,8.56166988394034
3.0,0.6000000000000005,8.642541397272915
3.0999999999999996,0.6000000000000005,8.921547569952324
3.200000000000001,0.6000000000000005,9.319293774403851
3.3000000000000007,0.6000000000000005,9.700618788851651
3.4000000000000004,0.6000000000000005,9.99914771317772
3.5,0.6000000000000005,10.209527554290007
3.5999999999999996,0.6000000000000005,10.336583831327632
3.700000000000001,0.6000000000000005,10.37552201746675
3.8000000000000007,0.6000000000000005,10.331725534888719
3.9000000000000004,0.6000000000000005,10.271598568456286
4.0,0.6000000000000005,10.33032986251704
4.1,0.6000000000000005,10.58733912976947
4.200000000000001,0.6000000000000005,10.963248323507113
4.300000000000001,0.6000000000000005,11.322910110506015
4.4,0.6000000000000005,11.599961200780774
4.5,0.6000000000000005,11.789058276118006
4.600000000000001,0.6000000000000005,11.895034881128222
4.700000000000001,0.6000000000000005,11.913103104208858
4.800000000000001,0.6000000000000005,11.848651773450095
4.9,0.6000000000000005,11.768089439814787
5.0,0.6000000000000005,11.80660831747575
-5.0,0.7000000000000002,11.511994202528943
-4.9,0.7000000000000002,11.502550335943113
-4.8,0.7000000000000002,11.646583365864393
-4.7,0.7000000000000002,11.770511458093958
-4.6,0.7000000000000002,11.789072887919405
-4.5,0.7000000000000002,11.69535694686973
-4.4,0.7000000000000002,11.495520263706112
-4.3,0.7000000000000002,11.183365421506904
-4.2,0.7000000000000002,10.76576250653337
-4.1,0.7000000000000002,10.327932956578366
-4.0,0.7000000000000002,10.043418830436499
-3.9,0.7000000000000002,10.014153171292758
-3.8,0.7000000000000002,10.138168833549859
-3.7,0.7000000000000002,10.241889992654045
-3.5999999999999996,0.7000000000000002,10.240062126594996
-3.5,0.7000000000000002,10.12578310811754
-3.4,0.7000000000000002,9.905219744069578
-3.3,0.7000000000000002,9.57218665051253
-3.2,0.7000000000000002,9.133568107641537
-3.0999999999999996,0.7000000000000002,8.674602272594502
-3.0,0.7000000000000002,8.368850884729529
-2.9,0.7000000000000002,8.31827015238725
-2.8,0.7000000000000002,8.42092021109175
-2.6999999999999997,0.7000000000000002,8.503257398628575
-2.5999999999999996,0.7000000000000002,8.480065168629991
-2.5,0.7000000000000002,8.344486323904936
-2.4,0.7000000000000002,8.102740960286065
-2.3,0.7000000000000002,7.748707080017855
-2.1999999999999997,0.7000000000000002,7.289344610451389
-2.0999999999999996,0.7000000000000002,6.809982326308539
-2.0,0.7000000000000002,6.484290968460787
-1.9,0.7000000000000002,6.414358458018473
-1.7999999999999998,0.7000000000000002,6.498404874881178
-1.6999999999999997,0.7000000000000002,6.563081819198722
-1.5999999999999996,0.7000000000000002,6.523412476935405
-1.5,0.7000000000000002,6.372835740005989
-1.4,0.7000000000000002,6.117939665494255
-1.2999999999999998,0.7000000000000002,5.7530624164203985
-1.1999999999999997,0.7000000000000002,5.285742959725059
-1.0999999999999996,0.7000000000000002,4.802042957768112
-1.0,0.7000000000000002,4.476565432737381
-0.8999999999999995,0.7000000000000002,4.412588447609878
-0.7999999999999998,0.7000000000000002,4.5098530375312365
-0.7000000000000002,0.7000000000000002,4.596948827293932
-0.5999999999999996,0.7000000000000002,4.591345691151446
-0.5,0.7000000000000002,4.489512886420172
-0.39999999999999947,0.7000000000000002,4.301664915304013
-0.2999999999999998,0.7000000000000002,4.026234224967311
-0.1999999999999993,0.7000000000000002,3.6749539080645555
-0.09999999999999964,0.7000000000000002,3.3375080510521116
0.0,0.7000000000000002,3.190652088997691
0.10000000000000053,0.7000000000000002,3.337508051052115
0.20000000000000018,0.7000000000000002,3.6749539080645626
0.3000000000000007,0.7000000000000002,4.026234224967311
0.40000000000000036,0.7000000000000002,4.301664915304013
0.5,0.7000000000000002,4.489512886420172
0.6000000000000005,0.7000000000000002,4.591345691151442
0.7000000000000002,0.7000000000000002,4.596948827293932
0.8000000000000007,0.7000000000000002,4.5098530375312365
0.9000000000000004,0.7000000000000002,4.412588447609874
1.0,0.7000000000000002,4.476565432737381
1.1000000000000005,0.7000000000000002,4.802042957768116
1.2000000000000002,0.7000000000000002,5.285742959725059
1.3000000000000007,0.7000000000000002,5.753062416420402
1.4000000000000004,0.7000000000000002,6.117939665494255
1.5,0.7000000000000002,6.372835740005989
1.6000000000000005,0.7000000000000002,6.523412476935409
1.7000000000000002,0.7000000000000002,6.563081819198722
1.8000000000000007,0.7000000000000002,6.498404874881178
1.9000000000000004,0.7000000000000002,6.414358458018469
2.0,0.7000000000000002,6.484290968460787
2.1000000000000005,0.7000000000000002,6.809982326308544
2.2,0.7000000000000002,7.289344610451391
2.3000000000000007,0.7000000000000002,7.748707080017857
2.4000000000000004,0.7000000000000002,8.102740960286066
2.5,0.7000000000000002,8.344486323904936
2.6000000000000005,0.7000000000000002,8.48006516862999
2.7,0.7000000000000002,8.503257398628577
2.8000000000000007,0.7000000000000002,8.420920211091747
2.9000000000000004,0.7000000000000002,8.31827015238725
3.0,0.7000000000000002,8.368850884729529
3.0999999999999996,0.7000000000000002,8.674602272594502
3.200000000000001,0.7000000000000002,9.13356810764154
3.3000000000000007,0.7000000000000002,9.572186650512533
3.4000000000000004,0.7000000000000002,9.905219744069582
3.5,0.7000000000000002,10.12578310811754
3.5999999999999996,0.7000000000000002,10.240062126594996
3.700000000000001,0.7000000000000002,10.241889992654043
3.8000000000000007,0.7000000000000002,10.138168833549857
3.9000000000000004,0.7000000000000002,10.014153171292756
4.0,0.7000000000000002,10.043418830436499
4.1,0.7000000000000002,10.327932956578366
4.200000000000001,0.7000000000000002,10.765762506533376
4.300000000000001,0.7000000000000002,11.183365421506906
4.4,0.7000000000000002,11.495520263706112
4.5,0.7000000000000002,11.69535694686973
4.600000000000001,0.7000000000000002,11.789072887919403
4.700000000000001,0.7000000000000002,11.770511458093958
4.800000000000001,0.7000000000000002,11.646583365864391
4.9,0.7000000000000002,11.502550335943113
5.0,0.7000000000000002,11.511994202528943
-5.0,0.8000000000000007,11.021004755847793
-4.9,0.8000000000000007,11.058850362851521
-4.8,0.8000000000000007,11.306461449123566
-4.7,0.8000000000000007,11.527414489285276
-4.6,0.8000000000000007,11.605585594761104
-4.5,0.8000000000000007,11.53157175186549
-4.4,0.8000000000000007,11.313768862728285
-4.3,0.8000000000000007,10.943745641319047
-4.2,0.8000000000000007,10.430869929204484
-4.1,0.8000000000000007,9.891230870546549
-4.0,0.8000000000000007,9.561217898350025
-3.9,0.8000000000000007,9.57968287888621
-3.8,0.8000000000000007,9.807748204120506
-3.7,0.8000000000000007,10.008999121610268
-3.5999999999999996,0.8000000000000007,10.067322022292787
-3.5,0.8000000000000007,9.973325906590073
-3.4,0.8000000000000007,9.73542069291401
-3.3,0.8000000000000007,9.345191428758302
-3.2,0.8000000000000007,8.812024978743551
-3.0999999999999996,0.8000000000000007,8.252032641121989
-3.0,0.8000000000000007,7.901629659606391
-2.9,0.8000000000000007,7.899697995922173
-2.8,0.8000000000000007,8.10739517597989
-2.6999999999999997,0.8000000000000007,8.288347528072586
-2.5999999999999996,0.8000000000000007,8.326489569978595
-2.5,0.8000000000000007,8.212486811538797
-2.4,0.8000000000000007,7.954815695439697
-2.3,0.8000000000000007,7.545139811243567
-2.1999999999999997,0.8000000000000007,6.9929390529470385
-2.0999999999999996,0.8000000000000007,6.414435294906092
-2.0,0.8000000000000007,6.046175712033953
-1.9,0.8000000000000007,6.027200315165583
-1.7999999999999998,0.8000000000000007,6.218856780162749
-1.6999999999999997,0.8000000000000007,6.3850012321754335
-1.5999999999999996,0.8000000000000007,6.409847182875282
-1.5,0.8000000000000007,6.284400449034724
-1.4,0.8000000000000007,6.017554479587549
-1.2999999999999998,0.8000000000000007,5.601486084929817
-1.1999999999999997,0.8000000000000007,5.046309234254686
-1.0999999999999996,0.8000000000000007,4.469031542322227
-1.0,0.8000000000000007,4.107175440712879
-0.8999999999999995,0.8000000000000007,4.100990791711681
-0.7999999999999998,0.8000000000000007,4.313320531036084
-0.7000000000000002,0.8000000000000007,4.5098530375312365
-0.5999999999999996,0.8000000000000007,4.577012137495942
-0.5,0.8000000000000007,4.508401206825106
-0.39999999999999947,0.8000000000000007,4.315841317730722
-0.2999999999999998,0.8000000000000007,3.9945980132770025
-0.1999999999999993,0.8000000000000007,3.5577131909328514
-0.09999999999999964,0.8000000000000007,3.1244833320047256
0.0,0.8000000000000007,2.933520672376755
0.10000000000000053,0.8000000000000007,3.124483332004729
0.20000000000000018,0.8000000000000007,3.557713190932855
0.3000000000000007,0.8000000000000007,3.9945980132770096
0.40000000000000036,0.8000000000000007,4.315841317730722
0.5,0.8000000000000007,4.508401206825106
0.6000000000000005,0.8000000000000007,4.577012137495942
0.7000000000000002,0.8000000000000007,4.5098530375312365
0.8000000000000007,0.8000000000000007,4.31332053103608
0.9000000000000004,0.8000000000000007,4.100990791711681
1.0,0.8000000000000007,4.107175440712879
1.1000000000000005,0.8000000000000007,4.469031542322231
1.2000000000000002,0.8000000000000007,5.046309234254693
1.3000000000000007,0.8000000000000007,5.6014860849298245
1.4000000000000004,0.8000000000000007,6.017554479587552
1.5,0.8000000000000007,6.284400449034724
1.6000000000000005,0.8000000000000007,6.409847182875282
1.7000000000000002,0.8000000000000007,6.3850012321754335
1.8000000000000007,0.8000000000000007,6.218856780162746
1.9000000000000004,0.8000000000000007,6.027200315165583
2.0,0.8000000000000007,6.046175712033953
2.1000000000000005,0.8000000000000007,6.414435294906095
2.2,0.8000000000000007,6.99293905294704
2.3000000000000007,0.8000000000000007,7.545139811243573
2.4000000000000004,0.8000000000000007,7.954815695439699
2.5,0.8000000000000007,8.212486811538797
2.6000000000000005,0.8000000000000007,8.326489569978595
2.7,0.8000000000000007,8.288347528072588
2.8000000000000007,0.8000000000000007,8.107395175979892
2.9000000000000004,0.8000000000000007,7.899697995922171
3.0,0.8000000000000007,7.901629659606391
3.0999999999999996,0.8000000000000007,8.252032641121989
3.200000000000001,0.8000000000000007,8.812024978743557
3.3000000000000007,0.8000000000000007,9.345191428758303
3.4000000000000004,0.8000000000000007,9.735420692914014
3.5,0.8000000000000007,9.973325906590073
3.5999999999999996,0.8000000000000007,10.067322022292787
3.700000000000001,0.8000000000000007,10.008999121610266
3.8000000000000007,0.8000000000000007,9.807748204120507
3.9000000000000004,0.8000000000000007,9.57968287888621
4.0,0.8000000000000007,9.561217898350025
4.1,0.8000000000000007,9.891230870546549
4.200000000000001,0.8000000000000007,10.430869929204489
4.300000000000001,0.8000000000000007,10.943745641319051
4.4,0.8000000000000007,11.313768862728285
4.5,0.8000000000000007,11.53157175186549
4.600000000000001,0.8000000000000007,11.605585594761102
4.700000000000001,0.8000000000000007,11.527414489285274
4.800000000000001,0.8000000000000007,11.306461449123567
4.9,0.8000000000000007,11.058850362851521
5.0,0.8000000000000007,11.021004755847793
-5.0,0.9000000000000004,10.497619259112424
-4.9,0.9000000000000004,10.586028232452096
-4.8,0.9000000000000004,10.944345098965709
-4.7,0.9000000000000004,11.269003769285778
-4.6,0.9000000000000004,11.410906020840434
-4.5,0.9000000000000004,11.357986018664555
-4.4,0.9000000000000004,11.121032255220584
-4.3,0.9000000000000004,10.689226747158337
-4.2,0.9000000000000004,10.074606097945253
-4.1,0.9000000000000004,9.426239822297656
-4.0,0.9000000000000004,9.047666099488637
-3.9,0.9000000000000004,9.11718241773055
-3.8,0.9000000000000004,9.456474569984074
-3.7,0.9000000000000004,9.761988167219673
-3.5999999999999996,0.9000000000000004,9.884638514477325
-3.5,0.9000000000000004,9.812375401143406
-3.4,0.9000000000000004,9.556005355835193
-3.3,0.9000000000000004,9.104731212683058
-3.2,0.9000000000000004,8.470613608746017
-3.0999999999999996,0.9000000000000004,7.802749821710506
-3.0,0.9000000000000004,7.404710131179543
-2.9,0.9000000000000004,7.454829185749503
-2.8,0.9000000000000004,7.774835860953516
-2.6999999999999997,0.9000000000000004,8.061225804772388
-2.5999999999999996,0.9000000000000004,8.16497255423591
-2.5,0.9000000000000004,8.074093822189706
-2.4,0.9000000000000004,7.799475564267453
-2.3,0.9000000000000004,7.330413747685446
-2.1999999999999997,0.9000000000000004,6.679078535610476
-2.0999999999999996,0.9000000000000004,5.9946964144551345
-2.0,0.9000000000000004,5.580990595934754
-1.9,0.9000000000000004,5.616477362263279
-1.7999999999999998,0.9000000000000004,5.9231020717744585
-1.6999999999999997,0.9000000000000004,6.197619308723322
-1.5999999999999996,0.9000000000000004,6.2913134104384945
-1.5,0.9000000000000004,6.1925763865734
-1.4,0.9000000000000004,5.912746314888835
-1.2999999999999998,0.9000000000000004,5.441666638230593
-1.1999999999999997,0.9000000000000004,4.792171533823609
-1.0999999999999996,0.9000000000000004,4.114293138716668
-1.0,0.9000000000000004,3.712730724175959
-0.8999999999999995,0.9000000000000004,3.767178234031615
-0.7999999999999998,0.9000000000000004,4.100990791711681
-0.7000000000000002,0.9000000000000004,4.412588447609874
-0.5999999999999996,0.9000000000000004,4.555182554089683
-0.5,0.9000000000000004,4.519325035190267
-0.39999999999999947,0.9000000000000004,4.318661412945634
-0.2999999999999998,0.9000000000000004,3.94532491540393
-0.1999999999999993,0.9000000000000004,3.4141641078521587
-0.09999999999999964,0.9000000000000004,2.8766143933574035
0.0,0.9000000000000004,2.637808809758017
0.10000000000000053,0.9000000000000004,2.8766143933574106
0.20000000000000018,0.9000000000000004,3.4141641078521623
0.3000000000000007,0.9000000000000004,3.9453249154039334
0.40000000000000036,0.9000000000000004,4.318661412945634
0.5,0.9000000000000004,4.519325035190267
0.6000000000000005,0.9000000000000004,4.555182554089686
0.7000000000000002,0.9000000000000004,4.412588447609874
0.8000000000000007,0.9000000000000004,4.100990791711681
0.9000000000000004,0.9000000000000004,3.767178234031608
1.0,0.9000000000000004,3.712730724175959
1.1000000000000005,0.9000000000000004,4.114293138716672
1.2000000000000002,0.9000000000000004,4.792171533823613
1.3000000000000007,0.9000000000000004,5.4416666382306005
1.4000000000000004,0.9000000000000004,5.912746314888839
1.5,0.9000000000000004,6.1925763865734
1.6000000000000005,0.9000000000000004,6.2913134104384945
1.7000000000000002,0.9000000000000004,6.197619308723322
1.8000000000000007,0.9000000000000004,5.9231020717744585
1.9000000000000004,0.9000000000000004,5.616477362263279
2.0,0.9000000000000004,5.580990595934754
2.1000000000000005,0.9000000000000004,5.994696414455138
2.2,0.9000000000000004,6.679078535610483
2.3000000000000007,0.9000000000000004,7.330413747685451
2.4000000000000004,0.9000000000000004,7.799475564267455
2.5,0.9000000000000004,8.074093822189706
2.6000000000000005,0.9000000000000004,8.164972554235908
2.7,0.9000000000000004,8.06122580477239
2.8000000000000007,0.9000000000000004,7.774835860953516
2.9000000000000004,0.9000000000000004,7.454829185749501
3.0,0.9000000000000004,7.404710131179543
3.0999999999999996,0.9000000000000004,7.802749821710506
3.200000000000001,0.9000000000000004,8.470613608746024
3.3000000000000007,0.9000000000000004,9.104731212683063
3.4000000000000004,0.9000000000000004,9.556005355835193
3.5,0.9000000000000004,9.812375401143406
3.5999999999999996,0.9000000000000004,9.884638514477325
3.700000000000001,0.9000000000000004,9.76198816721967
3.8000000000000007,0.9000000000000004,9.456474569984074
3.9000000000000004,0.9000000000000004,9.117182417730548
4.0,0.9000000000000004,9.047666099488637
4.1,0.9000000000000004,9.426239822297656
4.200000000000001,0.9000000000000004,10.074606097945262
4.300000000000001,0.9000000000000004,10.689226747158344
4.4,0.9000000000000004,11.121032255220584
4.5,0.9000000000000004,11.357986018664555
4.600000000000001,0.9000000000000004,11.410906020840436
4.700000000000001,0.9000000000000004,11.269003769285774
4.800000000000001,0.9000000000000004,10.944345098965709
4.9,0.9000000000000004,10.586028232452096
5.0,0.9000000000000004,10.497619259112424
-5.0,1.0,10.275757266411311
-4.9,1.0,10.38758511129848
-4.8,1.0,10.79658750218871
-4.7,1.0,11.168785306070118
-4.6,1.0,11.34014499003266
-4.5,1.0,11.29739612511602
-4.4,1.0,11.052412754318881
-4.3,1.0,10.593297650878881
-4.2,1.0,9.933298367539354
-4.1,1.0,9.236426181605154
-4.0,1.0,8.836638915350669
-3.9,1.0,8.930104865309243
-3.8,1.0,9.320648561668245
-3.7,1.0,9.67430560306814
-3.5999999999999996,1.0,9.827059334123716
-3.5,1.0,9.765658657473033
-3.4,1.0,9.501999760699064
-3.3,1.0,9.024210793748885
-3.2,1.0,8.345568409077359
-3.0999999999999996,1.0,7.630117283280271
-3.0,1.0,7.211853616762058
-2.9,1.0,7.286989865674517
-2.8,1.0,7.659401452659608
-2.6999999999999997,1.0,7.995182732693772
-2.5999999999999996,1.0,8.130385019387075
-2.5,1.0,8.051836010271778
-2.4,1.0,7.771523448872303
-2.3,1.0,7.27768212978917
-2.1999999999999997,1.0,6.58371324568434
-2.0999999999999996,1.0,5.8538073009703915
-2.0,1.0,5.422131717799509
-1.9,1.0,5.485100544286222
-1.7999999999999998,1.0,5.846827196795235
-1.6999999999999997,1.0,6.173687728457043
-1.5999999999999996,1.0,6.302067672277303
-1.5,1.0,6.219192055519926
-1.4,1.0,5.937521668699251
-1.2999999999999998,1.0,5.445854873288045
-1.1999999999999997,1.0,4.758263956770861
-1.0999999999999996,1.0,4.039736929294705
-1.0,1.0,3.6253849384403622
-0.8999999999999995,1.0,3.712730724175959
-0.7999999999999998,1.0,4.107175440712883
-0.7000000000000002,1.0,4.476565432737381
-0.5999999999999996,1.0,4.658923242132129
-0.5,1.0,4.643230857993107
-0.39999999999999947,1.0,4.443735450734856
-0.2999999999999998,1.0,4.0509068375662345
-0.1999999999999993,1.0,3.48017532858492
-0.09999999999999964,1.0,2.8973379216549624
0.0,1.0,2.637531092108304
0.10000000000000053,1.0,2.8973379216549695
0.20000000000000018,1.0,3.4801753285849273
0.3000000000000007,1.0,4.050906837566238
0.40000000000000036,1.0,4.443735450734856
0.5,1.0,4.643230857993107
0.6000000000000005,1.0,4.658923242132133
0.7000000000000002,1.0,4.476565432737381
0.8000000000000007,1.0,4.107175440712879
0.9000000000000004,1.0,3.712730724175959
1.0,1.0,3.6253849384403622
1.1000000000000005,1.0,4.039736929294715
1.2000000000000002,1.0,4.758263956770865
1.3000000000000007,1.0,5.445854873288052
1.4000000000000004,1.0,5.937521668699251
1.5,1.0,6.219192055519926
1.6000000000000005,1.0,6.302067672277303
1.7000000000000002,1.0,6.17368772845704
1.8000000000000007,1.0,5.846827196795232
1.9000000000000004,1.0,5.485100544286222
2.0,1.0,5.422131717799509
2.1000000000000005,1.0,5.853807300970399
2.2,1.0,6.583713245684347
2.3000000000000007,1.0,7.277682129789175
2.4000000000000004,1.0,7.771523448872303
2.5,1.0,8.051836010271778
2.6000000000000005,1.0,8.130385019387075
2.7,1.0,7.995182732693772
2.8000000000000007,1.0,7.659401452659607
2.9000000000000004,1.0,7.286989865674515
3.0,1.0,7.211853616762058
3.0999999999999996,1.0,7.630117283280271
3.200000000000001,1.0,8.34556840907737
3.3000000000000007,1.0,9.024210793748887
3.4000000000000004,1.0,9.501999760699068
3.5,1.0,9.765658657473033
3.5999999999999996,1.0,9.827059334123716
3.700000000000001,1.0,9.674305603068138
3.8000000000000007,1.0,9.320648561668243
3.9000000000000004,1.0,8.930104865309241
4.0,1.0,8.836638915350669
4.1,1.0,9.236426181605154
4.200000000000001,1.0,9.933298367539363
4.300000000000001,1.0,10.593297650878883
4.4,1.0,11.052412754318881
4.5,1.0,11.29739612511602
4.600000000000001,1.0,11.34014499003266
4.700000000000001,1.0,11.168785306070113
4.800000000000001,1.0,10.79658750218871
4.9,1.0,10.38758511129848
5.0,1.0,10.275757266411311
-5.0,1.1000000000000005,10.551542560057086
-4.9,1.1000000000000005,10.64177535454726
-4.8,1.1000000000000005,11.00199825730481
-4.7,1.1000000000000005,11.328650133364015
-4.6,1.1000000000000005,11.47263809915479
-4.5,1.1000000000000005,11.421902079916583
-4.4,1.1000000000000005,11.18723679019759
-4.3,1.1000000000000005,10.757830975875699
-4.2,1.1000000000000005,10.145728527206735
-4.1,1.1000000000000005,9.500006859479058
-4.0,1.1000000000000005,9.124212729082629
-3.9,1.1000000000000005,9.196652948015645
-3.8,1.1000000000000005,9.539023458107884
-3.7,1.1000000000000005,9.847780932024213
-3.5999999999999996,1.1000000000000005,9.97385274754921
-3.5,1.1000000000000005,9.905201887848044
-3.4,1.1000000000000005,9.652649319489846
-3.3,1.1000000000000005,9.205413696528208
-3.2,1.1000000000000005,8.575573011962708
-3.0999999999999996,1.1000000000000005,7.912243607356679
-3.0,1.1000000000000005,7.519016725499213
-2.9,1.1000000000000005,7.574250089714706
-2.8,1.1000000000000005,7.899697995922178
-2.6999999999999997,1.1000000000000005,8.191884114466962
-2.5999999999999996,1.1000000000000005,8.301812884381961
-2.5,1.1000000000000005,8.21753609637113
-2.4,1.1000000000000005,7.949977268767995
-2.3,1.1000000000000005,7.488473727684555
-2.1999999999999997,1.1000000000000005,6.845241087715454
-2.0999999999999996,1.1000000000000005,6.169555632715639
-2.0,1.1000000000000005,5.765194885166025
-1.9,1.1000000000000005,5.810733966451021
-1.7999999999999998,1.1000000000000005,6.128181366226947
-1.6999999999999997,1.1000000000000005,6.414358458018473
-1.5999999999999996,1.1000000000000005,6.520618780319179
-1.5,1.1000000000000005,6.435423790729729
-1.4,1.1000000000000005,6.170177744765294
-1.2999999999999998,1.1000000000000005,5.7147815299606926
-1.1999999999999997,1.1000000000000005,5.082109841251082
-1.0999999999999996,1.1000000000000005,4.422206503007484
-1.0,1.1000000000000005,4.039736929294715
-0.8999999999999995,1.1000000000000005,4.114293138716679
-0.7999999999999998,1.1000000000000005,4.469031542322234
-0.7000000000000002,1.1000000000000005,4.802042957768116
-0.5999999999999996,1.1000000000000005,4.966044485126595
-0.5,1.1000000000000005,4.950902643748201
-0.39999999999999947,1.1000000000000005,4.769383777309368
-0.2999999999999998,1.1000000000000005,4.412588447609878
-0.1999999999999993,1.1000000000000005,3.894278433052037
-0.09999999999999964,1.1000000000000005,3.3649059771033443
0.0,1.1000000000000005,3.1289099595308194
0.10000000000000053,1.1000000000000005,3.364905977103348
0.20000000000000018,1.1000000000000005,3.8942784330520404
0.3000000000000007,1.1000000000000005,4.412588447609885
0.40000000000000036,1.1000000000000005,4.769383777309368
0.5,1.1000000000000005,4.950902643748201
0.6000000000000005,1.1000000000000005,4.966044485126599
0.7000000000000002,1.1000000000000005,4.802042957768116
0.8000000000000007,1.1000000000000005,4.469031542322231
0.9000000000000004,1.1000000000000005,4.114293138716672
1.0,1.1000000000000005,4.039736929294715
1.1000000000000005,1.1000000000000005,4.422206503007491
1.2000000000000002,1.1000000000000005,5.082109841251086
1.3000000000000007,1.1000000000000005,5.7147815299607
1.4000000000000004,1.1000000000000005,6.170177744765294
1.5,1.1000000000000005,6.435423790729729
1.6000000000000005,1.1000000000000005,6.520618780319179
1.7000000000000002,1.1000000000000005,6.414358458018473
1.8000000000000007,1.1000000000000005,6.1281813662269435
1.9000000000000004,1.1000000000000005,5.810733966451018
2.0,1.1000000000000005,5.765194885166025
2.1000000000000005,1.1000000000000005,6.169555632715646
2.2,1.1000000000000005,6.8452410877154595
2.3000000000000007,1.1000000000000005,7.488473727684564
2.4000000000000004,1.1000000000000005,7.949977268767997
2.5,1.1000000000000005,8.21753609637113
2.6000000000000005,1.1000000000000005,8.301812884381963
2.7,1.1000000000000005,8.191884114466962
2.8000000000000007,1.1000000000000005,7.8996979959221765
2.9000000000000004,1.1000000000000005,7.574250089714704
3.0,1.1000000000000005,7.519016725499213
3.0999999999999996,1.1000000000000005,7.912243607356679
3.200000000000001,1.1000000000000005,8.575573011962717
3.3000000000000007,1.1000000000000005,9.20541369652821
3.4000000000000004,1.1000000000000005,9.652649319489848
3.5,1.1000000000000005,9.905201887848044
3.5999999999999996,1.1000000000000005,9.97385274754921
3.700000000000001,1.1000000000000005,9.847780932024211
3.8000000000000007,1.1000000000000005,9.53902345810788
3.9000000000000004,1.1000000000000005,9.196652948015643
4.0,1.1000000000000005,9.124212729082629
4.1,1.1000000000000005,9.500006859479058
4.200000000000001,1.1000000000000005,10.14572852720674
4.300000000000001,1.1000000000000005,10.757830975875702
4.4,1.1000000000000005,11.18723679019759
4.5,1.1000000000000005,11.421902079916583
4.600000000000001,1.1000000000000005,11.472638099154787
4.700000000000001,1.1000000000000005,11.328650133364011
4.800000000000001,1.1000000000000005,11.001998257304809
4.9,1.1000000000000005,10.64177535454726
5.0,1.1000000000000005,10.551542560057086
-5.0,1.2000000000000002,11.128748920637598
-4.9,1.2000000000000002,11.17023558126131
-4.8,1.2000000000000002,11.421651619300086
-4.7,1.2000000000000002,11.646583365864394
-4.6,1.2000000000000002,11.728917552001096
-4.5,1.2000000000000002,11.659262619180689
-4.4,1.2000000000000002,11.446026840655573
-4.3,1.2000000000000002,11.080792306945444
-4.2,1.2000000000000002,10.57294134121001
-4.1,1.2000000000000002,10.038578785288824
-4.0,1.2000000000000002,9.7141111098526
-3.9,1.2000000000000002,9.73840869720959
-3.8,1.2000000000000002,9.972614088410756
-3.7,1.2000000000000002,10.180334486152212
-3.5999999999999996,1.2000000000000002,10.245480236156233
-3.5,1.2000000000000002,10.158686509956672
-3.4,1.2000000000000002,9.928391855906339
-3.3,1.2000000000000002,9.54621268154239
-3.2,1.2000000000000002,9.021570244794964
-3.0999999999999996,1.2000000000000002,8.470613608746017
-3.0,1.2000000000000002,8.12979952993406
-2.9,1.2000000000000002,8.138055648419792
-2.8,1.2000000000000002,8.356589794623172
-2.6999999999999997,1.2000000000000002,8.549083732149862
-2.5999999999999996,1.2000000000000002,8.599533092094088
-2.5,1.2000000000000002,8.498670760424021
-2.4,1.2000000000000002,8.255047430620694
-2.3,1.2000000000000002,7.860408437452271
-2.1999999999999997,1.2000000000000002,7.324323509993194
-2.0999999999999996,1.2000000000000002,6.763112967085968
-2.0,1.2000000000000002,6.413431400658997
-1.9,1.2000000000000002,6.414435294906095
-1.7999999999999998,1.2000000000000002,6.627597475267404
-1.6999999999999997,1.2000000000000002,6.816906774965341
-1.5999999999999996,1.2000000000000002,6.8667147165123446
-1.5,1.2000000000000002,6.7681664588420105
-1.4,1.2000000000000002,6.530289617480172
-1.2999999999999998,1.2000000000000002,6.145379813827244
-1.1999999999999997,1.2000000000000002,5.623639089029236
-1.0999999999999996,1.2000000000000002,5.082109841251082
-1.0,1.2000000000000002,4.758263956770865
-0.8999999999999995,1.2000000000000002,4.792171533823616
-0.7999999999999998,1.2000000000000002,5.046309234254689
-0.7000000000000002,1.2000000000000002,5.285742959725059
-0.5999999999999996,1.2000000000000002,5.3959423581738655
-0.5,1.2000000000000002,5.369160185989447
-0.39999999999999947,1.2000000000000002,5.215447231772011
-0.2999999999999998,1.2000000000000002,4.927941901071961
-0.1999999999999993,1.2000000000000002,4.517395959349489
-0.09999999999999964,1.2000000000000002,4.100990791711681
0.0,1.2000000000000002,3.915821193789327
0.10000000000000053,1.2000000000000002,4.100990791711684
0.20000000000000018,1.2000000000000002,4.517395959349496
0.3000000000000007,1.2000000000000002,4.927941901071968
0.40000000000000036,1.2000000000000002,5.215447231772018
0.5,1.2000000000000002,5.369160185989447
0.6000000000000005,1.2000000000000002,5.3959423581738655
0.7000000000000002,1.2000000000000002,5.285742959725059
0.8000000000000007,1.2000000000000002,5.046309234254693
0.9000000000000004,1.2000000000000002,4.792171533823613
1.0,1.2000000000000002,4.758263956770865
1.1000000000000005,1.2000000000000002,5.082109841251086
1.2000000000000002,1.2000000000000002,5.62363908902924
1.3000000000000007,1.2000000000000002,6.145379813827251
1.4000000000000004,1.2000000000000002,6.530289617480172
1.5,1.2000000000000002,6.7681664588420105
1.6000000000000005,1.2000000000000002,6.866714716512343
1.7000000000000002,1.2000000000000002,6.816906774965339
1.8000000000000007,1.2000000000000002,6.6275974752674
1.9000000000000004,1.2000000000000002,6.414435294906095
2.0,1.2000000000000002,6.413431400658997
2.1000000000000005,1.2000000000000002,6.7631129670859735
2.2,1.2000000000000002,7.324323509993196
2.3000000000000007,1.2000000000000002,7.860408437452275
2.4000000000000004,1.2000000000000002,8.255047430620696
2.5,1.2000000000000002,8.498670760424021
2.6000000000000005,1.2000000000000002,8.599533092094086
2.7,1.2000000000000002,8.549083732149864
2.8000000000000007,1.2000000000000002,8.356589794623172
2.9000000000000004,1.2000000000000002,8.13805564841979
3.0,1.2000000000000002,8.12979952993406
3.0999999999999996,1.2000000000000002,8.470613608746017
3.200000000000001,1.2000000000000002,9.02157024479497
3.3000000000000007,1.2000000000000002,9.546212681542393
3.4000000000000004,1.2000000000000002,9.92839185590634
3.5,1.2000000000000002,10.158686509956672
3.5999999999999996,1.2000000000000002,10.245480236156233
3.700000000000001,1.2000000000000002,10.180334486152208
3.8000000000000007,1.2000000000000002,9.972614088410756
3.9000000000000004,1.2000000000000002,9.738408697209588
4.0,1.2000000000000002,9.7141111098526
4.1,1.2000000000000002,10.038578785288824
4.200000000000001,1.2000000000000002,10.572941341210015
4.300000000000001,1.2000000000000002,11.080792306945446
4.4,1.2000000000000002,11.446026840655573
4.5,1.2000000000000002,11.659262619180689
4.600000000000001,1.2000000000000002,11.728917552001098
4.700000000000001,1.2000000000000002,11.646583365864391
4.800000000000001,1.2000000000000002,11.421651619300086
4.9,1.2000000000000002,11.17023558126131
5.0,1.2000000000000002,11.128748920637598
-5.0,1.3000000000000007,11.67335494736322
-4.9,1.3000000000000007,11.669356247957396
-4.8,1.3000000000000007,11.819078968988455
-4.7,1.3000000000000007,11.948955931115908
-4.6,1.3000000000000007,11.973741194155107
-4.5,1.3000000000000007,11.886541070442135
-4.4,1.3000000000000007,11.693530564190354
-4.3,1.3000000000000007,11.388532120144333
-4.2,1.3000000000000007,10.978437318853057
-4.1,1.3000000000000007,10.548490888110665
-4.0,1.3000000000000007,10.272260154284911
-3.9,1.3000000000000007,10.25170560867298
-3.8,1.3000000000000007,10.38488996103444
-3.7,1.3000000000000007,10.49826990280172
-3.5999999999999996,1.3000000000000007,10.506626371915683
-3.5,1.3000000000000007,10.40309596193932
-3.4,1.3000000000000007,10.193887815831246
-3.3,1.3000000000000007,9.872862897279225
-3.2,1.3000000000000007,9.446956288171183
-3.0999999999999996,1.3000000000000007,9.001461894951467
-3.0,1.3000000000000007,8.710002703047358
-2.9,1.3000000000000007,8.674602272594507
-2.8,1.3000000000000007,8.793394868714
-2.6999999999999997,1.3000000000000007,8.892918473365235
-2.5999999999999996,1.3000000000000007,8.888046499063643
-2.5,1.3000000000000007,8.772020879614113
-2.4,1.3000000000000007,8.551170915097092
-2.3,1.3000000000000007,8.219494805154996
-2.1999999999999997,1.3000000000000007,7.784084564062747
-2.0999999999999996,1.3000000000000007,7.33041374768545
-2.0,1.3000000000000007,7.032311178760185
-1.9,1.3000000000000007,6.992036406400947
-1.7999999999999998,1.3000000000000007,7.10799432377917
-1.6999999999999997,1.3000000000000007,7.207033198057891
-1.5999999999999996,1.3000000000000007,7.204381898464868
-1.5,1.3000000000000007,7.093688895493434
-1.4,1.3000000000000007,6.881747201018333
-1.2999999999999998,1.3000000000000007,6.563081819198722
-1.1999999999999997,1.3000000000000007,6.1453798138272475
-1.0999999999999996,1.3000000000000007,5.7147815299606926
-1.0,1.3000000000000007,5.445854873288052
-0.8999999999999995,1.3000000000000007,5.4416666382306005
-0.7999999999999998,1.3000000000000007,5.601486084929828
-0.7000000000000002,1.3000000000000007,5.753062416420402
-0.5999999999999996,1.3000000000000007,5.8125292595753955
-0.5,1.3000000000000007,5.774396540359785
-0.39999999999999947,1.3000000000000007,5.6462131256215145
-0.2999999999999998,1.3000000000000007,5.42307847053646
-0.1999999999999993,1.3000000000000007,5.112988476160972
-0.09999999999999964,1.3000000000000007,4.802042957768119
0.0,1.3000000000000007,4.664348445428672
0.10000000000000053,1.3000000000000007,4.802042957768123
0.20000000000000018,1.3000000000000007,5.112988476160975
0.3000000000000007,1.3000000000000007,5.423078470536463
0.40000000000000036,1.3000000000000007,5.6462131256215145
0.5,1.3000000000000007,5.774396540359785
0.6000000000000005,1.3000000000000007,5.8125292595753955
0.7000000000000002,1.3000000000000007,5.753062416420402
0.8000000000000007,1.3000000000000007,5.6014860849298245
0.9000000000000004,1.3000000000000007,5.4416666382306005
1.0,1.3000000000000007,5.445854873288052
1.1000000000000005,1.3000000000000007,5.7147815299607
1.2000000000000002,1.3000000000000007,6.145379813827251
1.3000000000000007,1.3000000000000007,6.563081819198729
1.4000000000000004,1.3000000000000007,6.881747201018333
1.5,1.3000000000000007,7.093688895493434
1.6000000000000005,1.3000000000000007,7.20438189846487
1.7000000000000002,1.3000000000000007,7.207033198057891
1.8000000000000007,1.3000000000000007,7.107994323779167
1.9000000000000004,1.3000000000000007,6.992036406400947
2.0,1.3000000000000007,7.032311178760185
2.1000000000000005,1.3000000000000007,7.330413747685455
2.2,1.3000000000000007,7.7840845640627485
2.3000000000000007,1.3000000000000007,8.219494805154998
2.4000000000000004,1.3000000000000007,8.551170915097096
2.5,1.3000000000000007,8.772020879614113
2.6000000000000005,1.3000000000000007,8.888046499063641
2.7,1.3000000000000007,8.892918473365235
2.8000000000000007,1.3000000000000007,8.793394868713998
2.9000000000000004,1.3000000000000007,8.674602272594507
3.0,1.3000000000000007,8.710002703047358
3.0999999999999996,1.3000000000000007,9.001461894951467
3.200000000000001,1.3000000000000007,9.446956288171188
3.3000000000000007,1.3000000000000007,9.872862897279227
3.4000000000000004,1.3000000000000007,10.193887815831246
3.5,1.3000000000000007,10.40309596193932
3.5999999999999996,1.3000000000000007,10.506626371915683
3.700000000000001,1.3000000000000007,10.498269902801718
3.8000000000000007,1.3000000000000007,10.384889961034439
3.9000000000000004,1.3000000000000007,10.251705608672978
4.0,1.3000000000000007,10.272260154284911
4.1,1.3000000000000007,10.548490888110665
4.200000000000001,1.3000000000000007,10.97843731885306
4.300000000000001,1.3000000000000007,11.388532120144335
4.4,1.3000000000000007,11.693530564190354
4.5,1.3000000000000007,11.886541070442135
4.600000000000001,1.3000000000000007,11.973741194155105
4.700000000000001,1.3000000000000007,11.948955931115906
4.800000000000001,1.3000000000000007,11.819078968988453
4.9,1.3000000000000007,11.669356247957396
5.0,1.3000000000000007,11.67335494736322
-5.0,1.4000000000000004,12.021280685664069
-4.9,1.4000000000000004,11.98999155557894
-4.8,1.4000000000000004,12.078107217482845
-4.7,1.4000000000000004,12.150454757106958
-4.6,1.4000000000000004,12.140646401939234
-4.5,1.4000000000000004,12.043315719379581
-4.4,1.4000000000000004,11.863274787190704
-4.3,1.4000000000000004,11.59571616820675
-4.2,1.4000000000000004,11.246011419050754
-4.1,1.4000000000000004,10.880554410177023
-4.0,1.4000000000000004,10.63452563248979
-3.9,1.4000000000000004,10.587339129769472
-3.8,1.4000000000000004,10.659614318330217
-3.7,1.4000000000000004,10.716205041407164
-3.5999999999999996,1.4000000000000004,10.690753525148487
-3.5,1.4000000000000004,10.577926989470404
-3.4,1.4000000000000004,10.382575289847138
-3.3,1.4000000000000004,10.09993343103149
-3.2,1.4000000000000004,9.735420692914014
-3.0999999999999996,1.4000000000000004,9.355484657919519
-3.0,1.4000000000000004,9.095366329113357
-2.9,1.4000000000000004,9.034547994225413
-2.8,1.4000000000000004,9.093726115250726
-2.6999999999999997,1.4000000000000004,9.137841611782825
-2.5999999999999996,1.4000000000000004,9.1006352281155
-2.5,1.4000000000000004,8.976885762968559
-2.4,1.4000000000000004,8.771569565628367
-2.3,1.4000000000000004,8.48006516862999
-2.1999999999999997,1.4000000000000004,8.107954826411406
-2.0999999999999996,1.4000000000000004,7.721871276411317
-2.0,1.4000000000000004,7.457265933108944
-1.9,1.4000000000000004,7.3938601802410755
-1.7999999999999998,1.4000000000000004,7.452622031279672
-1.6999999999999997,1.4000000000000004,7.498800485068067
-1.5999999999999996,1.4000000000000004,7.466485176629368
-1.5,1.4000000000000004,7.350848939795968
-1.4,1.4000000000000004,7.157311420136516
-1.2999999999999998,1.4000000000000004,6.881747201018332
-1.1999999999999997,1.4000000000000004,6.530289617480172
-1.0999999999999996,1.4000000000000004,6.17017774476529
-1.0,1.4000000000000004,5.937521668699251
-0.8999999999999995,1.4000000000000004,5.912746314888839
-0.7999999999999998,1.4000000000000004,6.017554479587552
-0.7000000000000002,1.4000000000000004,6.117939665494255
-0.5999999999999996,1.4000000000000004,6.1487147830810684
-0.5,1.4000000000000004,6.105713421940266
-0.39999999999999947,1.4000000000000004,5.994902127106666
-0.2999999999999998,1.4000000000000004,5.8125292595753955
-0.1999999999999993,1.4000000000000004,5.564865983828
-0.09999999999999964,1.4000000000000004,5.318993469517412
0.0,1.4000000000000004,5.210519555961238
0.10000000000000053,1.4000000000000004,5.318993469517412
0.20000000000000018,1.4000000000000004,5.564865983828003
0.3000000000000007,1.4000000000000004,5.8125292595753955
0.40000000000000036,1.4000000000000004,5.99490212710667
0.5,1.4000000000000004,6.105713421940266
0.6000000000000005,1.4000000000000004,6.148714783081065
0.7000000000000002,1.4000000000000004,6.117939665494255
0.8000000000000007,1.4000000000000004,6.017554479587552
0.9000000000000004,1.4000000000000004,5.912746314888839
1.0,1.4000000000000004,5.937521668699251
1.1000000000000005,1.4000000000000004,6.170177744765294
1.2000000000000002,1.4000000000000004,6.530289617480172
1.3000000000000007,1.4000000000000004,6.881747201018333
1.4000000000000004,1.4000000000000004,7.1573114201365176
1.5,1.4000000000000004,7.350848939795968
1.6000000000000005,1.4000000000000004,7.466485176629371
1.7000000000000002,1.4000000000000004,7.498800485068065
1.8000000000000007,1.4000000000000004,7.45262203127967
1.9000000000000004,1.4000000000000004,7.3938601802410755
2.0,1.4000000000000004,7.457265933108944
2.1000000000000005,1.4000000000000004,7.721871276411319
2.2,1.4000000000000004,8.107954826411408
2.3000000000000007,1.4000000000000004,8.480065168629993
2.4000000000000004,1.4000000000000004,8.771569565628369
2.5,1.4000000000000004,8.976885762968559
2.6000000000000005,1.4000000000000004,9.100635228115502
2.7,1.4000000000000004,9.137841611782825
2.8000000000000007,1.4000000000000004,9.09372611525073
2.9000000000000004,1.4000000000000004,9.034547994225413
3.0,1.4000000000000004,9.095366329113357
3.0999999999999996,1.4000000000000004,9.355484657919519
3.200000000000001,1.4000000000000004,9.735420692914017
3.3000000000000007,1.4000000000000004,10.099933431031493
3.4000000000000004,1.4000000000000004,10.382575289847138
3.5,1.4000000000000004,10.577926989470404
3.5999999999999996,1.4000000000000004,10.690753525148487
3.700000000000001,1.4000000000000004,10.716205041407163
3.8000000000000007,1.4000000000000004,10.659614318330215
3.9000000000000004,1.4000000000000004,10.587339129769475
4.0,1.4000000000000004,10.63452563248979
4.1,1.4000000000000004,10.880554410177023
4.200000000000001,1.4000000000000004,11.246011419050761
4.300000000000001,1.4000000000000004,11.595716168206753
4.4,1.4000000000000004,11.863274787190704
4.5,1.4000000000000004,12.043315719379581
4.600000000000001,1.4000000000000004,12.140646401939234
4.700000000000001,1.4000000000000004,12.150454757106958
4.800000000000001,1.4000000000000004,12.078107217482845
4.9,1.4000000000000004,11.98999155557894
5.0,1.4000000000000004,12.021280685664069
-5.0,1.5,12.159205342190257
-4.9,1.5,12.120024229962667
-4.8,1.5,12.18928035527811
-4.7,1.5,12.24411404416646
-4.6,1.5,12.224186564192438
-4.5,1.5,12.12462343373197
-4.4,1.5,11.94980208233464
-4.3,1.5,11.69535694686973
-4.2,1.5,11.366174894036602
-4.1,1.5,11.022608085787878
-4.0,1.5,10.787531210229893
-3.9,1.5,10.73313200454002
-3.8,1.5,10.78726631471475
-3.7,1.5,10.82710395675922
-3.5999999999999996,1.5,10.792339128685308
-3.5,1.5,10.67813414273597
-3.4,1.5,10.488907566035849
-3.3,1.5,10.220339862606652
-3.2,1.5,9.877369436720931
-3.0999999999999996,1.5,9.52040620480482
-3.0,1.5,9.272389630493437
-2.9,1.5,9.20558016287427
-2.8,1.5,9.247915337715117
-2.6999999999999997,1.5,9.276656822701279
-2.5999999999999996,1.5,9.231602173703148
-2.5,1.5,9.10803008998326
-2.4,1.5,8.910490275153007
-2.3,1.5,8.634811014363802
-2.1999999999999997,1.5,8.286097382336123
-2.0999999999999996,1.5,7.924947218354333
-2.0,1.5,7.674511801927853
-1.9,1.5,7.6072901525476
-1.7999999999999998,1.5,7.651488172793533
-1.6999999999999997,1.5,7.684668840117141
-1.5999999999999996,1.5,7.646967088580309
-1.5,1.5,7.534037973653245
-1.4,1.5,7.350848939795968
-1.2999999999999998,1.5,7.093688895493431
-1.1999999999999997,1.5,6.7681664588420105
-1.0999999999999996,1.5,6.435423790729725
-1.0,1.5,6.219192055519926
-0.8999999999999995,1.5,6.1925763865734
-0.7999999999999998,1.5,6.284400449034724
-0.7000000000000002,1.5,6.372835740005989
-0.5999999999999996,1.5,6.398588493304878
-0.5,1.5,6.357812613746894
-0.39999999999999947,1.5,6.255860262125712
-0.2999999999999998,1.5,6.0892448949661215
-0.1999999999999993,1.5,5.863592683543089
-0.09999999999999964,1.5,5.6398136114449855
0.0,1.5,5.5411239587646826
0.10000000000000053,1.5,5.6398136114449855
0.20000000000000018,1.5,5.863592683543093
0.3000000000000007,1.5,6.089244894966129
0.40000000000000036,1.5,6.255860262125715
0.5,1.5,6.357812613746894
0.6000000000000005,1.5,6.398588493304878
0.7000000000000002,1.5,6.372835740005989
0.8000000000000007,1.5,6.284400449034724
0.9000000000000004,1.5,6.1925763865734
1.0,1.5,6.219192055519926
1.1000000000000005,1.5,6.435423790729729
1.2000000000000002,1.5,6.7681664588420105
1.3000000000000007,1.5,7.093688895493434
1.4000000000000004,1.5,7.350848939795968
1.5,1.5,7.534037973653245
1.6000000000000005,1.5,7.646967088580313
1.7000000000000002,1.5,7.684668840117141
1.8000000000000007,1.5,7.651488172793533
1.9000000000000004,1.5,7.6072901525476
2.0,1.5,7.674511801927853
2.1000000000000005,1.5,7.924947218354335
2.2,1.5,8.286097382336125
2.3000000000000007,1.5,8.634811014363805
2.4000000000000004,1.5,8.910490275153007
2.5,1.5,9.10803008998326
2.6000000000000005,1.5,9.231602173703148
2.7,1.5,9.276656822701279
2.8000000000000007,1.5,9.247915337715115
2.9000000000000004,1.5,9.205580162874268
3.0,1.5,9.272389630493437
3.0999999999999996,1.5,9.52040620480482
3.200000000000001,1.5,9.877369436720933
3.3000000000000007,1.5,10.220339862606652
3.4000000000000004,1.5,10.488907566035849
3.5,1.5,10.67813414273597
3.5999999999999996,1.5,10.792339128685308
3.700000000000001,1.5,10.827103956759219
3.8000000000000007,1.5,10.78726631471475
3.9000000000000004,1.5,10.733132004540018
4.0,1.5,10.787531210229893
4.1,1.5,11.022608085787878
4.200000000000001,1.5,11.366174894036606
4.300000000000001,1.5,11.69535694686973
4.4,1.5,11.94980208233464
4.5,1.5,12.12462343373197
4.600000000000001,1.5,12.22418656419244
4.700000000000001,1.5,12.244114044166459
4.800000000000001,1.5,12.189280355278107
4.9,1.5,12.120024229962667
5.0,1.5,12.159205342190257
-5.0,1.6000000000000005,12.098948854400351
-4.9,1.6000000000000005,12.070187713449782
-4.8,1.6000000000000005,12.16093779788591
-4.7,1.6000000000000005,12.236031946150806
-4.6,1.6000000000000005,12.229088517243088
-4.5,1.6000000000000005,12.134747616749658
-4.4,1.6000000000000005,11.957828297119285
-4.3,1.6000000000000005,11.693530564190349
-4.2,1.6000000000000005,11.347233919742399
-4.1,1.6000000000000005,10.985340717362142
-4.0,1.6000000000000005,10.743040506787825
-3.9,1.6000000000000005,10.699757005791634
-3.8,1.6000000000000005,10.776119960738308
-3.7,1.6000000000000005,10.836994242880625
-3.5999999999999996,1.6000000000000005,10.816033846626945
-3.5,1.6000000000000005,10.707918542132804
-3.4,1.6000000000000005,10.517511557032654
-3.3,1.6000000000000005,10.240062126594994
-3.2,1.6000000000000005,9.881004650203115
-3.0999999999999996,1.6000000000000005,9.506802740485595
-3.0,1.6000000000000005,9.252714350203343
-2.9,1.6000000000000005,9.198239626762888
-2.8,1.6000000000000005,9.26409376705111
-2.6999999999999997,1.6000000000000005,9.315237231719072
-2.5999999999999996,1.6000000000000005,9.285430997318944
-2.5,1.6000000000000005,9.169474610262897
-2.4,1.6000000000000005,8.972365427485174
-2.3,1.6000000000000005,8.68950289012269
-2.1999999999999997,1.6000000000000005,8.326489569978593
-2.0999999999999996,1.6000000000000005,7.949977268767993
-2.0,1.6000000000000005,7.69543433656875
-1.9,1.6000000000000005,7.642595822657388
-1.7999999999999998,1.6000000000000005,7.712438669259887
-1.6999999999999997,1.6000000000000005,7.770214210090273
-1.5999999999999996,1.6000000000000005,7.7500055077772085
-1.5,1.6000000000000005,7.646967088580313
-1.4,1.6000000000000005,7.466485176629371
-1.2999999999999998,1.6000000000000005,7.204381898464868
-1.1999999999999997,1.6000000000000005,6.866714716512341
-1.0999999999999996,1.6000000000000005,6.520618780319179
-1.0,1.6000000000000005,6.302067672277303
-0.8999999999999995,1.6000000000000005,6.2913134104384945
-0.7999999999999998,1.6000000000000005,6.409847182875286
-0.7000000000000002,1.6000000000000005,6.523412476935409
-0.5999999999999996,1.6000000000000005,6.566537850223735
-0.5,1.6000000000000005,6.534747138487347
-0.39999999999999947,1.6000000000000005,6.433686181623823
-0.2999999999999998,1.6000000000000005,6.259291424550362
-0.1999999999999993,1.6000000000000005,6.017554479587549
-0.09999999999999964,1.6000000000000005,5.775333943590905
0.0,1.6000000000000005,5.668093929283909
0.10000000000000053,1.6000000000000005,5.775333943590905
0.20000000000000018,1.6000000000000005,6.017554479587552
0.3000000000000007,1.6000000000000005,6.259291424550369
0.40000000000000036,1.6000000000000005,6.433686181623823
0.5,1.6000000000000005,6.534747138487347
0.6000000000000005,1.6000000000000005,6.566537850223739
0.7000000000000002,1.6000000000000005,6.523412476935409
0.8000000000000007,1.6000000000000005,6.409847182875282
0.9000000000000004,1.6000000000000005,6.2913134104384945
1.0,1.6000000000000005,6.302067672277303
1.1000000000000005,1.6000000000000005,6.520618780319179
1.2000000000000002,1.6000000000000005,6.866714716512343
1.3000000000000007,1.6000000000000005,7.20438189846487
1.4000000000000004,1.6000000000000005,7.466485176629371
1.5,1.6000000000000005,7.646967088580313
1.6000000000000005,1.6000000000000005,7.750005507777207
1.7000000000000002,1.6000000000000005,7.770214210090272
1.8000000000000007,1.6000000000000005,7.712438669259887
1.9000000000000004,1.6000000000000005,7.642595822657388
2.0,1.6000000000000005,7.69543433656875
2.1000000000000005,1.6000000000000005,7.949977268767995
2.2,1.6000000000000005,8.326489569978596
2.3000000000000007,1.6000000000000005,8.689502890122691
2.4000000000000004,1.6000000000000005,8.972365427485178
2.5,1.6000000000000005,9.169474610262897
2.6000000000000005,1.6000000000000005,9.285430997318942
2.7,1.6000000000000005,9.315237231719072
2.8000000000000007,1.6000000000000005,9.264093767051108
2.9000000000000004,1.6000000000000005,9.198239626762886
3.0,1.6000000000000005,9.252714350203343
3.0999999999999996,1.6000000000000005,9.506802740485595
3.200000000000001,1.6000000000000005,9.88100465020312
3.3000000000000007,1.6000000000000005,10.240062126594998
3.4000000000000004,1.6000000000000005,10.517511557032654
3.5,1.6000000000000005,10.707918542132804
3.5999999999999996,1.6000000000000005,10.816033846626945
3.700000000000001,1.6000000000000005,10.836994242880625
3.8000000000000007,1.6000000000000005,10.77611996073831
3.9000000000000004,1.6000000000000005,10.699757005791632
4.0,1.6000000000000005,10.743040506787825
4.1,1.6000000000000005,10.985340717362142
4.200000000000001,1.6000000000000005,11.347233919742404
4.300000000000001,1.6000000000000005,11.693530564190354
4.4,1.6000000000000005,11.957828297119285
4.5,1.6000000000000005,12.134747616749658
4.600000000000001,1.6000000000000005,12.229088517243088
4.700000000000001,1.6000000000000005,12.236031946150806
4.800000000000001,1.6000000000000005,12.16093779788591
4.9,1.6000000000000005,12.070187713449782
5.0,1.6000000000000005,12.098948854400351
-5.0,1.7000000000000002,11.82855633540615
-4.9,1.7000000000000002,11.829605600022617
-4.8,1.7000000000000002,11.984588574602117
-4.7,1.7000000000000002,12.11994953692622
-4.6,1.7000000000000002,12.150454757106958
-4.5,1.7000000000000002,12.069223566303911
-4.4,1.7000000000000002,11.88244485529976
-4.3,1.7000000000000002,11.583955886342967
-4.2,1.7000000000000002,11.18066405562198
-4.1,1.7000000000000002,10.757830975875695
-4.0,1.7000000000000002,10.489042002697246
-3.9,1.7000000000000002,10.476276879344416
-3.8,1.7000000000000002,10.617618871659262
-3.7,1.7000000000000002,10.739546614755236
-3.5999999999999996,1.7000000000000002,10.756864462185495
-3.5,1.7000000000000002,10.662733978495279
-3.4,1.7000000000000002,10.463390913112105
-3.3,1.7000000000000002,10.15272454516154
-3.2,1.7000000000000002,9.737700043322802
-3.0999999999999996,1.7000000000000002,9.303643217518633
-3.0,1.7000000000000002,9.024210793748885
-2.9,1.7000000000000002,9.001461894951467
-2.8,1.7000000000000002,9.133568107641537
-2.6999999999999997,1.7000000000000002,9.247106363837364
-2.5999999999999996,1.7000000000000002,9.256990435975872
-2.5,1.7000000000000002,9.156503691030473
-2.4,1.7000000000000002,8.952017444252798
-2.3,1.7000000000000002,8.637571800133342
-2.1999999999999997,1.7000000000000002,8.22029961603038
-2.0999999999999996,1.7000000000000002,7.785712946956274
-2.0,1.7000000000000002,7.507675070978015
-1.9,1.7000000000000002,7.488473727684555
-1.7999999999999998,1.7000000000000002,7.62653287414923
-1.6999999999999997,1.7000000000000002,7.748707080017855
-1.5999999999999996,1.7000000000000002,7.770214210090272
-1.5,1.7000000000000002,7.684668840117141
-1.4,1.7000000000000002,7.498800485068065
-1.2999999999999998,1.7000000000000002,7.207033198057886
-1.1999999999999997,1.7000000000000002,6.816906774965338
-1.0999999999999996,1.7000000000000002,6.414358458018469
-1.0,1.7000000000000002,6.17368772845704
-0.8999999999999995,1.7000000000000002,6.197619308723322
-0.7999999999999998,1.7000000000000002,6.3850012321754335
-0.7000000000000002,1.7000000000000002,6.563081819198722
-0.5999999999999996,1.7000000000000002,6.64742121387814
-0.5,1.7000000000000002,6.6319003595418025
-0.39999999999999947,1.7000000000000002,6.523412476935402
-0.2999999999999998,1.7000000000000002,6.316415212878653
-0.1999999999999993,1.7000000000000002,6.01832590675123
-0.09999999999999964,1.7000000000000002,5.714781529960689
0.0,1.7000000000000002,5.579588708473938
0.10000000000000053,1.7000000000000002,5.7147815299606926
0.20000000000000018,1.7000000000000002,6.018325906751233
0.3000000000000007,1.7000000000000002,6.316415212878653
0.40000000000000036,1.7000000000000002,6.523412476935409
0.5,1.7000000000000002,6.6319003595418025
0.6000000000000005,1.7000000000000002,6.647421213878136
0.7000000000000002,1.7000000000000002,6.563081819198722
0.8000000000000007,1.7000000000000002,6.3850012321754335
0.9000000000000004,1.7000000000000002,6.197619308723322
1.0,1.7000000000000002,6.17368772845704
1.1000000000000005,1.7000000000000002,6.414358458018473
1.2000000000000002,1.7000000000000002,6.816906774965339
1.3000000000000007,1.7000000000000002,7.207033198057891
1.4000000000000004,1.7000000000000002,7.498800485068065
1.5,1.7000000000000002,7.684668840117141
1.6000000000000005,1.7000000000000002,7.770214210090272
1.7000000000000002,1.7000000000000002,7.748707080017855
1.8000000000000007,1.7000000000000002,7.626532874149229
1.9000000000000004,1.7000000000000002,7.488473727684553
2.0,1.7000000000000002,7.507675070978015
2.1000000000000005,1.7000000000000002,7.785712946956277
2.2,1.7000000000000002,8.220299616030381
2.3000000000000007,1.7000000000000002,8.63757180013335
2.4000000000000004,1.7000000000000002,8.952017444252801
2.5,1.7000000000000002,9.156503691030473
2.6000000000000005,1.7000000000000002,9.256990435975872
2.7,1.7000000000000002,9.247106363837364
2.8000000000000007,1.7000000000000002,9.133568107641535
2.9000000000000004,1.7000000000000002,9.001461894951465
3.0,1.7000000000000002,9.024210793748885
3.0999999999999996,1.7000000000000002,9.303643217518633
3.200000000000001,1.7000000000000002,9.737700043322807
3.3000000000000007,1.7000000000000002,10.152724545161544
3.4000000000000004,1.7000000000000002,10.463390913112107
3.5,1.7000000000000002,10.662733978495279
3.5999999999999996,1.7000000000000002,10.756864462185495
3.700000000000001,1.7000000000000002,10.739546614755234
3.8000000000000007,1.7000000000000002,10.61761887165926
3.9000000000000004,1.7000000000000002,10.476276879344415
4.0,1.7000000000000002,10.489042002697246
4.1,1.7000000000000002,10.757830975875695
4.200000000000001,1.7000000000000002,11.180664055621984
4.300000000000001,1.7000000000000002,11.583955886342967
4.4,1.7000000000000002,11.88244485529976
4.5,1.7000000000000002,12.069223566303911
4.600000000000001,1.7000000000000002,12.150454757106957
4.700000000000001,1.7000000000000002,12.11994953692622
4.800000000000001,1.7000000000000002,11.984588574602116
4.9,1.7000000000000002,11.829605600022617
5.0,1.7000000000000002,11.82855633540615
-5.0,1.8000000000000007,11.361214289168206
-4.9,1.8000000000000007,11.410252917249185
-4.8,1.8000000000000007,11.669537919355353
-4.7,1.8000000000000007,11.902672692084915
-4.6,1.8000000000000007,11.99356215072322
-4.5,1.8000000000000007,11.932834121758056
-4.4,1.8000000000000007,11.728917552001098
-4.3,1.8000000000000007,11.373416587732406
-4.2,1.8000000000000007,10.875737089703435
-4.1,1.8000000000000007,10.352009024731261
-4.0,1.8000000000000007,10.038665687111662
-3.9,1.8000000000000007,10.074606097945253
-3.8,1.8000000000000007,10.321003373257259
-3.7,1.8000000000000007,10.541497351226184
-3.5999999999999996,1.8000000000000007,10.62003319946236
-3.5,1.8000000000000007,10.547283222786824
-3.4,1.8000000000000007,10.331725534888719
-3.3,1.8000000000000007,9.965018652298998
-3.2,1.8000000000000007,9.456628581830127
-3.0999999999999996,1.8000000000000007,8.922751847732203
-3.0,1.8000000000000007,8.599895417367295
-2.9,1.8000000000000007,8.627039878903815
-2.8,1.8000000000000007,8.865448666823854
-2.6999999999999997,1.8000000000000007,9.078861629506019
-2.5999999999999996,1.8000000000000007,9.151334662149697
-2.5,1.8000000000000007,9.07366262529031
-2.4,1.8000000000000007,8.854459208336927
-2.3,1.8000000000000007,8.485532787253778
-2.1999999999999997,1.8000000000000007,7.976514830727547
-2.0999999999999996,1.8000000000000007,7.443784274044351
-2.0,1.8000000000000007,7.124048778803189
-1.9,1.8000000000000007,7.156509173436024
-1.7999999999999998,1.8000000000000007,7.402669788939686
-1.6999999999999997,1.8000000000000007,7.626532874149229
-1.5999999999999996,1.8000000000000007,7.712438669259887
-1.5,1.8000000000000007,7.651488172793533
-1.4,1.8000000000000007,7.4526220312796685
-1.2999999999999998,1.8000000000000007,7.107994323779163
-1.1999999999999997,1.8000000000000007,6.627597475267397
-1.0999999999999996,1.8000000000000007,6.12818136622694
-1.0,1.8000000000000007,5.846827196795232
-0.8999999999999995,1.8000000000000007,5.9231020717744585
-0.7999999999999998,1.8000000000000007,6.218856780162749
-0.7000000000000002,1.8000000000000007,6.498404874881178
-0.5999999999999996,1.8000000000000007,6.646344801156108
-0.5,1.8000000000000007,6.6539626134591465
-0.39999999999999947,1.8000000000000007,6.530289617480168
-0.2999999999999998,1.8000000000000007,6.267455042863787
-0.1999999999999993,1.8000000000000007,5.875291696273507
-0.09999999999999964,1.8000000000000007,5.4702396305788525
0.0,1.8000000000000007,5.288910397660622
0.10000000000000053,1.8000000000000007,5.470239630578856
0.20000000000000018,1.8000000000000007,5.875291696273511
0.3000000000000007,1.8000000000000007,6.267455042863787
0.40000000000000036,1.8000000000000007,6.530289617480168
0.5,1.8000000000000007,6.6539626134591465
0.6000000000000005,1.8000000000000007,6.646344801156104
0.7000000000000002,1.8000000000000007,6.498404874881178
0.8000000000000007,1.8000000000000007,6.218856780162746
0.9000000000000004,1.8000000000000007,5.9231020717744585
1.0,1.8000000000000007,5.846827196795232
1.1000000000000005,1.8000000000000007,6.1281813662269435
1.2000000000000002,1.8000000000000007,6.6275974752674
1.3000000000000007,1.8000000000000007,7.107994323779167
1.4000000000000004,1.8000000000000007,7.45262203127967
1.5,1.8000000000000007,7.651488172793533
1.6000000000000005,1.8000000000000007,7.712438669259887
1.7000000000000002,1.8000000000000007,7.626532874149229
1.8000000000000007,1.8000000000000007,7.402669788939683
1.9000000000000004,1.8000000000000007,7.156509173436024
2.0,1.8000000000000007,7.124048778803189
2.1000000000000005,1.8000000000000007,7.443784274044356
2.2,1.8000000000000007,7.976514830727549
2.3000000000000007,1.8000000000000007,8.485532787253785
2.4000000000000004,1.8000000000000007,8.854459208336927
2.5,1.8000000000000007,9.07366262529031
2.6000000000000005,1.8000000000000007,9.151334662149697
2.7,1.8000000000000007,9.078861629506019
2.8000000000000007,1.8000000000000007,8.865448666823852
2.9000000000000004,1.8000000000000007,8.627039878903815
3.0,1.8000000000000007,8.599895417367295
3.0999999999999996,1.8000000000000007,8.922751847732203
3.200000000000001,1.8000000000000007,9.456628581830135
3.3000000000000007,1.8000000000000007,9.965018652299005
3.4000000000000004,1.8000000000000007,10.33172553488872
3.5,1.8000000000000007,10.547283222786824
3.5999999999999996,1.8000000000000007,10.62003319946236
3.700000000000001,1.8000000000000007,10.54149735122618
3.8000000000000007,1.8000000000000007,10.321003373257257
3.9000000000000004,1.8000000000000007,10.074606097945253
4.0,1.8000000000000007,10.038665687111662
4.1,1.8000000000000007,10.352009024731261
4.200000000000001,1.8000000000000007,10.87573708970344
4.300000000000001,1.8000000000000007,11.373416587732407
4.4,1.8000000000000007,11.728917552001098
4.5,1.8000000000000007,11.932834121758056
4.600000000000001,1.8000000000000007,11.993562150723218
4.700000000000001,1.8000000000000007,11.902672692084911
4.800000000000001,1.8000000000000007,11.669537919355353
4.9,1.8000000000000007,11.410252917249185
5.0,1.8000000000000007,11.361214289168206
-5.0,1.9000000000000004,10.860869695011635
-4.9,1.9000000000000004,10.961134645194745
-4.8,1.9000000000000004,11.33180969744345
-4.7,1.9000000000000004,11.669356247957394
-4.6,1.9000000000000004,11.82470541558886
-4.5,1.9000000000000004,11.785822706766414
-4.4,1.9000000000000004,11.563530111026312
-4.3,1.9000000000000004,11.147045465813182
-4.2,1.9000000000000004,10.54844370017495
-4.1,1.9000000000000004,9.91683535390002
-4.0,1.9000000000000004,9.555802539663668
-3.9,1.9000000000000004,9.643689810678055
-3.8,1.9000000000000004,10.002233394207877
-3.7,1.9000000000000004,10.327932956578367
-3.5999999999999996,1.9000000000000004,10.471761744049985
-3.5,1.9000000000000004,10.421731649219304
-3.4,1.9000000000000004,10.188715750503826
-3.3,1.9000000000000004,9.761988167219672
-3.2,1.9000000000000004,9.153685843765416
-3.0999999999999996,1.9000000000000004,8.51298766325213
-3.0,1.9000000000000004,8.14355106164445
-2.9,1.9000000000000004,8.223803607832291
-2.8,1.9000000000000004,8.575573011962707
-2.6999999999999997,1.9000000000000004,8.895459728146633
-2.5999999999999996,1.9000000000000004,9.034547994225413
-2.5,1.9000000000000004,8.980971853470052
-2.4,1.9000000000000004,8.745738696693323
-2.3,1.9000000000000004,8.318270152387248
-2.1999999999999997,1.9000000000000004,7.710864915764356
-2.0999999999999996,1.9000000000000004,7.072878884303151
-2.0,1.9000000000000004,6.70816272517375
-1.9,1.9000000000000004,6.795354278009935
-1.7999999999999998,1.9000000000000004,7.156509173436028
-1.6999999999999997,1.9000000000000004,7.488473727684557
-1.5999999999999996,1.9000000000000004,7.642595822657388
-1.5,1.9000000000000004,7.6072901525476
-1.4,1.9000000000000004,7.3938601802410755
-1.2999999999999998,1.9000000000000004,6.992036406400942
-1.1999999999999997,1.9000000000000004,6.414435294906095
-1.0999999999999996,1.9000000000000004,5.810733966451014
-1.0,1.9000000000000004,5.485100544286222
-0.8999999999999995,1.9000000000000004,5.616477362263282
-0.7999999999999998,1.9000000000000004,6.027200315165587
-0.7000000000000002,1.9000000000000004,6.414358458018469
-0.5999999999999996,1.9000000000000004,6.629489814550475
-0.5,1.9000000000000004,6.661130283171939
-0.39999999999999947,1.9000000000000004,6.520618780319179
-0.2999999999999998,1.9000000000000004,6.197619308723322
-0.1999999999999993,1.9000000000000004,5.704565617719048
-0.09999999999999964,1.9000000000000004,5.190825025601686
0.0,1.9000000000000004,4.960122726645913
0.10000000000000053,1.9000000000000004,5.19082502560169
0.20000000000000018,1.9000000000000004,5.704565617719052
0.3000000000000007,1.9000000000000004,6.197619308723326
0.40000000000000036,1.9000000000000004,6.520618780319179
0.5,1.9000000000000004,6.661130283171939
0.6000000000000005,1.9000000000000004,6.629489814550475
0.7000000000000002,1.9000000000000004,6.414358458018469
0.8000000000000007,1.9000000000000004,6.027200315165583
0.9000000000000004,1.9000000000000004,5.616477362263279
1.0,1.9000000000000004,5.485100544286222
1.1000000000000005,1.9000000000000004,5.810733966451018
1.2000000000000002,1.9000000000000004,6.414435294906095
1.3000000000000007,1.9000000000000004,6.992036406400947
1.4000000000000004,1.9000000000000004,7.3938601802410755
1.5,1.9000000000000004,7.6072901525476
1.6000000000000005,1.9000000000000004,7.642595822657388
1.7000000000000002,1.9000000000000004,7.488473727684553
1.8000000000000007,1.9000000000000004,7.156509173436024
1.9000000000000004,1.9000000000000004,6.795354278009935
2.0,1.9000000000000004,6.70816272517375
2.1000000000000005,1.9000000000000004,7.0728788843031545
2.2,1.9000000000000004,7.710864915764359
2.3000000000000007,1.9000000000000004,8.318270152387253
2.4000000000000004,1.9000000000000004,8.745738696693323
2.5,1.9000000000000004,8.980971853470052
2.6000000000000005,1.9000000000000004,9.034547994225413
2.7,1.9000000000000004,8.895459728146635
2.8000000000000007,1.9000000000000004,8.575573011962707
2.9000000000000004,1.9000000000000004,8.223803607832288
3.0,1.9000000000000004,8.14355106164445
3.0999999999999996,1.9000000000000004,8.51298766325213
3.200000000000001,1.9000000000000004,9.153685843765425
3.3000000000000007,1.9000000000000004,9.761988167219675
3.4000000000000004,1.9000000000000004,10.188715750503826
3.5,1.9000000000000004,10.421731649219304
3.5999999999999996,1.9000000000000004,10.471761744049985
3.700000000000001,1.9000000000000004,10.327932956578367
3.8000000000000007,1.9000000000000004,10.002233394207876
3.9000000000000004,1.9000000000000004,9.643689810678051
4.0,1.9000000000000004,9.555802539663668
4.1,1.9000000000000004,9.91683535390002
4.200000000000001,1.9000000000000004,10.548443700174957
4.300000000000001,1.9000000000000004,11.147045465813186
4.4,1.9000000000000004,11.563530111026312
4.5,1.9000000000000004,11.785822706766414
4.600000000000001,1.9000000000000004,11.82470541558886
4.700000000000001,1.9000000000000004,11.66935624795739
4.800000000000001,1.9000000000000004,11.331809697443447
4.9,1.9000000000000004,10.961134645194745
5.0,1.9000000000000004,10.860869695011635
-5.0,2.0,10.661412934927588
-4.9,2.0,10.785721633436843
-4.8,2.0,11.207725614414796
-4.7,2.0,11.593473554004662
-4.6,2.0,11.778961535028548
-4.5,2.0,11.750950682245877
-4.4,2.0,11.521348670970847
-4.3,2.0,11.078294135453417
-4.2,2.0,10.435072877916316
-4.1,2.0,9.755736983056257
-4.0,2.0,9.374287817340646
-3.9,2.0,9.486940146071044
-3.8,2.0,9.897568088439073
-3.7,2.0,10.27226015428491
-3.5999999999999996,2.0,10.447056127506299
-3.5,2.0,10.408765084522413
-3.4,2.0,10.169347323384653
-3.3,2.0,9.716999232642321
-3.2,2.0,9.065070003379446
-3.0999999999999996,2.0,8.377681291404887
-3.0,2.0,7.9889108105187
-2.9,2.0,8.095057090524662
-2.8,2.0,8.500086119607872
-2.6999999999999997,2.0,8.870187112337815
-2.5999999999999996,2.0,9.041510163258279
-2.5,2.0,9.000985066063066
-2.4,2.0,8.760704061019062
-2.3,2.0,8.309007520924567
-2.1999999999999997,2.0,7.659401452659607
-2.0999999999999996,2.0,6.976177885462429
-2.0,2.0,6.593599079287213
-1.9,2.0,6.70816272517375
-1.7999999999999998,2.0,7.1240487788031945
-1.6999999999999997,2.0,7.507675070978017
-1.5999999999999996,2.0,7.695434336568752
-1.5,2.0,7.674511801927853
-1.4,2.0,7.457265933108943
-1.2999999999999998,2.0,7.032311178760182
-1.1999999999999997,2.0,6.413431400658993
-1.0999999999999996,2.0,5.765194885166018
-1.0,2.0,5.422131717799509
-0.8999999999999995,2.0,5.580990595934757
-0.7999999999999998,2.0,6.046175712033957
-0.7000000000000002,2.0,6.484290968460787
-0.5999999999999996,2.0,6.731864446075958
-0.5,2.0,6.776152740106655
-0.39999999999999947,2.0,6.629508444783962
-0.2999999999999998,2.0,6.280450492300837
-0.1999999999999993,2.0,5.742567056939848
-0.09999999999999964,2.0,5.180122999883604
0.0,2.0,4.927233671124704
0.10000000000000053,2.0,5.180122999883611
0.20000000000000018,2.0,5.742567056939855
0.3000000000000007,2.0,6.28045049230084
0.40000000000000036,2.0,6.629508444783966
0.5,2.0,6.776152740106655
0.6000000000000005,2.0,6.7318644460759565
0.7000000000000002,2.0,6.484290968460787
0.8000000000000007,2.0,6.046175712033953
0.9000000000000004,2.0,5.580990595934754
1.0,2.0,5.422131717799509
1.1000000000000005,2.0,5.765194885166025
1.2000000000000002,2.0,6.413431400658997
1.3000000000000007,2.0,7.032311178760185
1.4000000000000004,2.0,7.457265933108944
1.5,2.0,7.674511801927853
1.6000000000000005,2.0,7.69543433656875
1.7000000000000002,2.0,7.507675070978015
1.8000000000000007,2.0,7.124048778803189
1.9000000000000004,2.0,6.70816272517375
2.0,2.0,6.593599079287213
2.1000000000000005,2.0,6.976177885462434
2.2,2.0,7.659401452659608
2.3000000000000007,2.0,8.309007520924574
2.4000000000000004,2.0,8.760704061019062
2.5,2.0,9.000985066063066
2.6000000000000005,2.0,9.041510163258277
2.7,2.0,8.870187112337815
2.8000000000000007,2.0,8.50008611960787
2.9000000000000004,2.0,8.09505709052466
3.0,2.0,7.9889108105187
3.0999999999999996,2.0,8.377681291404887
3.200000000000001,2.0,9.065070003379454
3.3000000000000007,2.0,9.716999232642324
3.4000000000000004,2.0,10.169347323384654
3.5,2.0,10.408765084522413
3.5999999999999996,2.0,10.447056127506299
3.700000000000001,2.0,10.272260154284906
3.8000000000000007,2.0,9.897568088439073
3.9000000000000004,2.0,9.486940146071042
4.0,2.0,9.374287817340646
4.1,2.0,9.755736983056257
4.200000000000001,2.0,10.435072877916326
4.300000000000001,2.0,11.07829413545342
4.4,2.0,11.521348670970847
4.5,2.0,11.750950682245877
4.600000000000001,2.0,11.778961535028547
4.700000000000001,2.0,11.593473554004657
4.800000000000001,2.0,11.207725614414795
4.9,2.0,10.785721633436843
5.0,2.0,10.661412934927588
-5.0,2.1000000000000005,10.95894179074724
-4.9,2.1000000000000005,11.062241372201777
-4.8,2.1000000000000005,11.436067548156036
-4.7,2.1000000000000005,11.7768870858665
-4.6,2.1000000000000005,11.935636740187789
-4.5,2.1000000000000005,11.900287927739171
-4.4,2.1000000000000005,11.681668830807585
-4.3,2.1000000000000005,11.269003769285778
-4.2,2.1000000000000005,10.674374449821173
-4.1,2.1000000000000005,10.04689848816923
-4.0,2.1000000000000005,9.690165371637635
-3.9,2.1000000000000005,9.782527323282952
-3.8,2.1000000000000005,10.145728527206737
-3.7,2.1000000000000005,10.476276879344418
-3.5999999999999996,2.1000000000000005,10.625154106628907
-3.5,2.1000000000000005,10.580380802388238
-3.4,2.1000000000000005,10.352838923373161
-3.3,2.1000000000000005,9.931811588338586
-3.2,2.1000000000000005,9.329444788616401
-3.0999999999999996,2.1000000000000005,8.694926407381537
-3.0,2.1000000000000005,8.331922714401259
-2.9,2.1000000000000005,8.418869796705243
-2.8,2.1000000000000005,8.777603381756519
-2.6999999999999997,2.1000000000000005,9.104731212683062
-2.5999999999999996,2.1000000000000005,9.251343810896609
-2.5,2.1000000000000005,9.20558016287427
-2.4,2.1000000000000005,8.978450860908747
-2.3,2.1000000000000005,8.559378516491225
-2.1999999999999997,2.1000000000000005,7.960660028483542
-2.0999999999999996,2.1000000000000005,7.331646065955917
-2.0,2.1000000000000005,6.976177885462434
-1.9,2.1000000000000005,7.072878884303156
-1.7999999999999998,2.1000000000000005,7.443784274044361
-1.6999999999999997,2.1000000000000005,7.785712946956279
-1.5999999999999996,2.1000000000000005,7.949977268767997
-1.5,2.1000000000000005,7.924947218354335
-1.4,2.1000000000000005,7.721871276411317
-1.2999999999999998,2.1000000000000005,7.330413747685448
-1.1999999999999997,2.1000000000000005,6.76311296708597
-1.0999999999999996,2.1000000000000005,6.169555632715639
-1.0,2.1000000000000005,5.853807300970399
-0.8999999999999995,2.1000000000000005,5.994696414455142
-0.7999999999999998,2.1000000000000005,6.414435294906099
-0.7000000000000002,2.1000000000000005,6.809982326308544
-0.5999999999999996,2.1000000000000005,7.0327413418781735
-0.5,2.1000000000000005,7.071115058820986
-0.39999999999999947,2.1000000000000005,6.936315530868038
-0.2999999999999998,2.1000000000000005,6.6178919981369475
-0.1999999999999993,2.1000000000000005,6.1281813662269435
-0.09999999999999964,2.1000000000000005,5.616477362263282
0.0,2.1000000000000005,5.386459148823924
0.10000000000000053,2.1000000000000005,5.616477362263286
0.20000000000000018,2.1000000000000005,6.128181366226947
0.3000000000000007,2.1000000000000005,6.617891998136951
0.40000000000000036,2.1000000000000005,6.93631553086804
0.5,2.1000000000000005,7.071115058820986
0.6000000000000005,2.1000000000000005,7.032741341878175
0.7000000000000002,2.1000000000000005,6.809982326308544
0.8000000000000007,2.1000000000000005,6.414435294906095
0.9000000000000004,2.1000000000000005,5.994696414455138
1.0,2.1000000000000005,5.853807300970399
1.1000000000000005,2.1000000000000005,6.169555632715646
1.2000000000000002,2.1000000000000005,6.7631129670859735
1.3000000000000007,2.1000000000000005,7.330413747685455
1.4000000000000004,2.1000000000000005,7.721871276411319
1.5,2.1000000000000005,7.924947218354335
1.6000000000000005,2.1000000000000005,7.949977268767995
1.7000000000000002,2.1000000000000005,7.785712946956277
1.8000000000000007,2.1000000000000005,7.443784274044356
1.9000000000000004,2.1000000000000005,7.0728788843031545
2.0,2.1000000000000005,6.976177885462434
2.1000000000000005,2.1000000000000005,7.331646065955924
2.2,2.1000000000000005,7.960660028483545
2.3000000000000007,2.1000000000000005,8.559378516491229
2.4000000000000004,2.1000000000000005,8.97845086090875
2.5,2.1000000000000005,9.20558016287427
2.6000000000000005,2.1000000000000005,9.25134381089661
2.7,2.1000000000000005,9.104731212683063
2.8000000000000007,2.1000000000000005,8.777603381756517
2.9000000000000004,2.1000000000000005,8.418869796705243
3.0,2.1000000000000005,8.331922714401259
3.0999999999999996,2.1000000000000005,8.694926407381537
3.200000000000001,2.1000000000000005,9.329444788616406
3.3000000000000007,2.1000000000000005,9.931811588338588
3.4000000000000004,2.1000000000000005,10.352838923373163
3.5,2.1000000000000005,10.580380802388238
3.5999999999999996,2.1000000000000005,10.625154106628907
3.700000000000001,2.1000000000000005,10.476276879344415
3.8000000000000007,2.1000000000000005,10.145728527206733
3.9000000000000004,2.1000000000000005,9.78252732328295
4.0,2.1000000000000005,9.690165371637635
4.1,2.1000000000000005,10.04689848816923
4.200000000000001,2.1000000000000005,10.674374449821178
4.300000000000001,2.1000000000000005,11.269003769285781
4.4,2.1000000000000005,11.681668830807585
4.5,2.1000000000000005,11.900287927739171
4.600000000000001,2.1000000000000005,11.935636740187787
4.700000000000001,2.1000000000000005,11.776887085866498
4.800000000000001,2.1000000000000005,11.436067548156032
4.9,2.1000000000000005,11.062241372201777
5.0,2.1000000000000005,10.95894179074724
-5.0,2.2,11.55720722551445
-4.9,2.2,11.61230707144917
-4.8,2.2,11.87788578793984
-4.7,2.2,12.117557483016574
-4.6,2.2,12.215238311798952
-4.5,2.2,12.161567887569358
-4.4,2.2,11.964987507758178
-4.3,2.2,11.617114247545388
-4.2,2.2,11.127367486031236
-4.1,2.2,10.611891304620121
-4.0,2.2,10.307133709508026
-3.9,2.2,10.352009024731268
-3.8,2.2,10.607706244661822
-3.7,2.2,10.837881633839801
-3.5999999999999996,2.2,10.92649729214827
-3.5,2.2,10.864242902238878
-3.4,2.2,10.659614318330213
-3.3,2.2,10.304288049723471
-3.2,2.2,9.80774820412051
-3.0999999999999996,2.2,9.286209329812824
-3.0,2.2,8.976196107093756
-2.9,2.2,9.016706232531964
-2.8,2.2,9.269019280491593
-2.6999999999999997,2.2,9.496889823122046
-2.5999999999999996,2.2,9.584386517393904
-2.5,2.2,9.522314363193233
-2.4,2.2,9.31929377440385
-2.3,2.2,8.96713549388535
-2.1999999999999997,2.2,8.47546788869748
-2.0999999999999996,2.2,7.960660028483542
-2.0,2.2,7.659401452659608
-1.9,2.2,7.710864915764359
-1.7999999999999998,2.2,7.976514830727552
-1.6999999999999997,2.2,8.220299616030383
-1.5999999999999996,2.2,8.326489569978596
-1.5,2.2,8.286097382336125
-1.4,2.2,8.107954826411408
-1.2999999999999998,2.2,7.784084564062743
-1.1999999999999997,2.2,7.324323509993194
-1.0999999999999996,2.2,6.845241087715454
-1.0,2.2,6.583713245684347
-0.8999999999999995,2.2,6.679078535610483
-0.7999999999999998,2.2,6.992939052947044
-0.7000000000000002,2.2,7.289344610451391
-0.5999999999999996,2.2,7.452622031279672
-0.5,2.2,7.47378703997393
-0.39999999999999947,2.2,7.361612763187148
-0.2999999999999998,2.2,7.107994323779167
-0.1999999999999993,2.2,6.722566574326244
-0.09999999999999964,2.2,6.321618901768783
0.0,2.2,6.1416685107222015
0.10000000000000053,2.2,6.321618901768787
0.20000000000000018,2.2,6.7225665743262475
0.3000000000000007,2.2,7.10799432377917
0.40000000000000036,2.2,7.36161276318715
0.5,2.2,7.47378703997393
0.6000000000000005,2.2,7.45262203127967
0.7000000000000002,2.2,7.289344610451391
0.8000000000000007,2.2,6.99293905294704
0.9000000000000004,2.2,6.679078535610483
1.0,2.2,6.583713245684347
1.1000000000000005,2.2,6.8452410877154595
1.2000000000000002,2.2,7.324323509993196
1.3000000000000007,2.2,7.7840845640627485
1.4000000000000004,2.2,8.107954826411408
1.5,2.2,8.286097382336125
1.6000000000000005,2.2,8.326489569978596
1.7000000000000002,2.2,8.220299616030381
1.8000000000000007,2.2,7.976514830727549
1.9000000000000004,2.2,7.710864915764359
2.0,2.2,7.659401452659608
2.1000000000000005,2.2,7.960660028483545
2.2,2.2,8.475467888697482
2.3000000000000007,2.2,8.967135493885355
2.4000000000000004,2.2,9.31929377440385
2.5,2.2,9.522314363193233
2.6000000000000005,2.2,9.584386517393904
2.7,2.2,9.49688982312205
2.8000000000000007,2.2,9.269019280491593
2.9000000000000004,2.2,9.016706232531963
3.0,2.2,8.976196107093756
3.0999999999999996,2.2,9.286209329812824
3.200000000000001,2.2,9.807748204120516
3.3000000000000007,2.2,10.304288049723475
3.4000000000000004,2.2,10.659614318330217
3.5,2.2,10.864242902238878
3.5999999999999996,2.2,10.92649729214827
3.700000000000001,2.2,10.837881633839801
3.8000000000000007,2.2,10.60770624466182
3.9000000000000004,2.2,10.352009024731267
4.0,2.2,10.307133709508026
4.1,2.2,10.611891304620121
4.200000000000001,2.2,11.12736748603124
4.300000000000001,2.2,11.61711424754539
4.4,2.2,11.964987507758178
4.5,2.2,12.161567887569358
4.600000000000001,2.2,12.215238311798952
4.700000000000001,2.2,12.117557483016572
4.800000000000001,2.2,11.87788578793984
4.9,2.2,11.61230707144917
5.0,2.2,11.55720722551445
-5.0,2.3000000000000007,12.12216818685687
-4.9,2.3000000000000007,12.132289206920039
-4.8,2.3000000000000007,12.296691463486933
-4.7,2.3000000000000007,12.441835224849363
-4.6,2.3000000000000007,12.482503540482007
-4.5,2.3000000000000007,12.411833337766518
-4.4,2.3000000000000007,12.236031946150808
-4.3,2.3000000000000007,11.948955931115908
-4.2,2.3000000000000007,11.557532874030473
-4.1,2.3000000000000007,11.147045465813186
-4.0,2.3000000000000007,10.891101036013355
-3.9,2.3000000000000007,10.891702189739709
-3.8,2.3000000000000007,11.046955921133058
-3.7,2.3000000000000007,11.183365421506906
-3.5999999999999996,2.3000000000000007,11.215760368588109
-3.5,2.3000000000000007,11.137328332591197
-3.4,2.3000000000000007,10.954331630862608
-3.3,2.3000000000000007,10.660686513234717
-3.2,2.3000000000000007,10.263385313322773
-3.0999999999999996,2.3000000000000007,9.847780932024213
-3.0,2.3000000000000007,9.587556772108432
-2.9,2.3000000000000007,9.584797792241202
-2.8,2.3000000000000007,9.737700043322805
-2.6999999999999997,2.3000000000000007,9.872862897279225
-2.5999999999999996,2.3000000000000007,9.905219744069583
-2.5,2.3000000000000007,9.828069778695093
-2.4,2.3000000000000007,9.647795192045303
-2.3,2.3000000000000007,9.35844062513153
-2.1999999999999997,2.3000000000000007,8.967135493885351
-2.0999999999999996,2.3000000000000007,8.559378516491227
-2.0,2.3000000000000007,8.309007520924574
-1.9,2.3000000000000007,8.318270152387255
-1.7999999999999998,2.3000000000000007,8.485532787253785
-1.6999999999999997,2.3000000000000007,8.637571800133351
-1.5999999999999996,2.3000000000000007,8.689502890122691
-1.5,2.3000000000000007,8.634811014363805
-1.4,2.3000000000000007,8.480065168629993
-1.2999999999999998,2.3000000000000007,8.219494805154996
-1.1999999999999997,2.3000000000000007,7.860408437452275
-1.0999999999999996,2.3000000000000007,7.488473727684557
-1.0,2.3000000000000007,7.277682129789175
-0.8999999999999995,2.3000000000000007,7.330413747685453
-0.7999999999999998,2.3000000000000007,7.545139811243576
-0.7000000000000002,2.3000000000000007,7.748707080017857
-0.5999999999999996,2.3000000000000007,7.856260118909766
-0.5,2.3000000000000007,7.861264308062804
-0.39999999999999947,2.3000000000000007,7.770214210090273
-0.2999999999999998,2.3000000000000007,7.577204520409991
-0.1999999999999993,2.3000000000000007,7.289344610451394
-0.09999999999999964,2.3000000000000007,6.9920364064009455
0.0,2.3000000000000007,6.858939066884247
0.10000000000000053,2.3000000000000007,6.992036406400949
0.20000000000000018,2.3000000000000007,7.289344610451398
0.3000000000000007,2.3000000000000007,7.5772045204099925
0.40000000000000036,2.3000000000000007,7.770214210090273
0.5,2.3000000000000007,7.861264308062804
0.6000000000000005,2.3000000000000007,7.856260118909766
0.7000000000000002,2.3000000000000007,7.748707080017857
0.8000000000000007,2.3000000000000007,7.545139811243573
0.9000000000000004,2.3000000000000007,7.330413747685451
1.0,2.3000000000000007,7.277682129789175
1.1000000000000005,2.3000000000000007,7.488473727684564
1.2000000000000002,2.3000000000000007,7.860408437452275
1.3000000000000007,2.3000000000000007,8.219494805154998
1.4000000000000004,2.3000000000000007,8.480065168629993
1.5,2.3000000000000007,8.634811014363805
1.6000000000000005,2.3000000000000007,8.689502890122691
1.7000000000000002,2.3000000000000007,8.63757180013335
1.8000000000000007,2.3000000000000007,8.485532787253785
1.9000000000000004,2.3000000000000007,8.318270152387253
2.0,2.3000000000000007,8.309007520924574
2.1000000000000005,2.3000000000000007,8.559378516491229
2.2,2.3000000000000007,8.967135493885355
2.3000000000000007,2.3000000000000007,9.358440625131534
2.4000000000000004,2.3000000000000007,9.647795192045303
2.5,2.3000000000000007,9.828069778695093
2.6000000000000005,2.3000000000000007,9.905219744069582
2.7,2.3000000000000007,9.872862897279225
2.8000000000000007,2.3000000000000007,9.737700043322807
2.9000000000000004,2.3000000000000007,9.5847977922412
3.0,2.3000000000000007,9.587556772108432
3.0999999999999996,2.3000000000000007,9.847780932024213
3.200000000000001,2.3000000000000007,10.26338531332278
3.3000000000000007,2.3000000000000007,10.660686513234719
3.4000000000000004,2.3000000000000007,10.954331630862608
3.5,2.3000000000000007,11.137328332591197
3.5999999999999996,2.3000000000000007,11.215760368588109
3.700000000000001,2.3000000000000007,11.183365421506906
3.8000000000000007,2.3000000000000007,11.04695592113306
3.9000000000000004,2.3000000000000007,10.891702189739707
4.0,2.3000000000000007,10.891101036013355
4.1,2.3000000000000007,11.147045465813186
4.200000000000001,2.3000000000000007,11.557532874030477
4.300000000000001,2.3000000000000007,11.94895593111591
4.4,2.3000000000000007,12.236031946150808
4.5,2.3000000000000007,12.411833337766518
4.600000000000001,2.3000000000000007,12.482503540482007
4.700000000000001,2.3000000000000007,12.441835224849362
4.800000000000001,2.3000000000000007,12.296691463486932
4.9,2.3000000000000007,12.132289206920039
5.0,2.3000000000000007,12.12216818685687
-5.0,2.4000000000000004,12.489728191387961
-4.9,2.4000000000000004,12.473025370816334
-4.8,2.4000000000000004,12.576294877539466
-4.7,2.4000000000000004,12.66439072781851
-4.6,2.4000000000000004,12.670953503192349
-4.5,2.4000000000000004,12.590646614140013
-4.4,2.4000000000000004,12.428313534966906
-4.3,2.4000000000000004,12.179179840604089
-4.2,2.4000000000000004,11.848651773450095
-4.1,2.4000000000000004,11.503159615521366
-4.0,2.4000000000000004,11.27792203858693
-3.9,2.4000000000000004,11.252393068299567
-3.8,2.4000000000000004,11.3472339197424
-3.7,2.4000000000000004,11.427342046927455
-3.5999999999999996,2.4000000000000004,11.42640506699602
-3.5,2.4000000000000004,11.3391373048441
-3.4,2.4000000000000004,11.170437325006798
-3.3,2.4000000000000004,10.91559028050887
-3.2,2.4000000000000004,10.580066805143797
-3.0999999999999996,2.4000000000000004,10.23036672190403
-3.0,2.4000000000000004,10.00178373658643
-2.9,2.4000000000000004,9.97385274754921
-2.8,2.4000000000000004,10.067322022292789
-2.6999999999999997,2.4000000000000004,10.147182574565253
-2.5999999999999996,2.4000000000000004,10.147222391384869
-2.5,2.4000000000000004,10.062263241342016
-2.4,2.4000000000000004,9.897318413128207
-2.3,2.4000000000000004,9.647795192045301
-2.1999999999999997,2.4000000000000004,9.319293774403848
-2.0999999999999996,2.4000000000000004,8.978450860908746
-2.0,2.4000000000000004,8.760704061019062
-1.9,2.4000000000000004,8.745738696693323
-1.7999999999999998,2.4000000000000004,8.85445920833693
-1.6999999999999997,2.4000000000000004,8.9520174442528
-1.5999999999999996,2.4000000000000004,8.972365427485174
-1.5,2.4000000000000004,8.910490275153007
-1.4,2.4000000000000004,8.771569565628367
-1.2999999999999998,2.4000000000000004,8.55117091509709
-1.1999999999999997,2.4000000000000004,8.255047430620694
-1.0999999999999996,2.4000000000000004,7.949977268767995
-1.0,2.4000000000000004,7.771523448872303
-0.8999999999999995,2.4000000000000004,7.799475564267457
-0.7999999999999998,2.4000000000000004,7.9548156954397005
-0.7000000000000002,2.4000000000000004,8.102740960286066
-0.5999999999999996,2.4000000000000004,8.177210505390581
-0.5,2.4000000000000004,8.173174878084922
-0.39999999999999947,2.4000000000000004,8.09572638619093
-0.2999999999999998,2.4000000000000004,7.940294550385252
-0.1999999999999993,2.4000000000000004,7.712438669259887
-0.09999999999999964,2.4000000000000004,7.478686060139037
0.0,2.4000000000000004,7.374292407379153
0.10000000000000053,2.4000000000000004,7.478686060139038
0.20000000000000018,2.4000000000000004,7.712438669259889
0.3000000000000007,2.4000000000000004,7.940294550385254
0.40000000000000036,2.4000000000000004,8.09572638619093
0.5,2.4000000000000004,8.173174878084922
0.6000000000000005,2.4000000000000004,8.177210505390581
0.7000000000000002,2.4000000000000004,8.102740960286066
0.8000000000000007,2.4000000000000004,7.954815695439699
0.9000000000000004,2.4000000000000004,7.799475564267455
1.0,2.4000000000000004,7.771523448872303
1.1000000000000005,2.4000000000000004,7.949977268767997
1.2000000000000002,2.4000000000000004,8.255047430620696
1.3000000000000007,2.4000000000000004,8.551170915097096
1.4000000000000004,2.4000000000000004,8.771569565628369
1.5,2.4000000000000004,8.910490275153007
1.6000000000000005,2.4000000000000004,8.972365427485178
1.7000000000000002,2.4000000000000004,8.952017444252801
1.8000000000000007,2.4000000000000004,8.854459208336927
1.9000000000000004,2.4000000000000004,8.745738696693323
2.0,2.4000000000000004,8.760704061019062
2.1000000000000005,2.4000000000000004,8.97845086090875
2.2,2.4000000000000004,9.31929377440385
2.3000000000000007,2.4000000000000004,9.647795192045303
2.4000000000000004,2.4000000000000004,9.897318413128207
2.5,2.4000000000000004,10.062263241342016
2.6000000000000005,2.4000000000000004,10.147222391384869
2.7,2.4000000000000004,10.147182574565253
2.8000000000000007,2.4000000000000004,10.067322022292787
2.9000000000000004,2.4000000000000004,9.97385274754921
3.0,2.4000000000000004,10.00178373658643
3.0999999999999996,2.4000000000000004,10.23036672190403
3.200000000000001,2.4000000000000004,10.580066805143801
3.3000000000000007,2.4000000000000004,10.915590280508873
3.4000000000000004,2.4000000000000004,11.170437325006798
3.5,2.4000000000000004,11.3391373048441
3.5999999999999996,2.4000000000000004,11.42640506699602
3.700000000000001,2.4000000000000004,11.427342046927455
3.8000000000000007,2.4000000000000004,11.347233919742399
3.9000000000000004,2.4000000000000004,11.252393068299567
4.0,2.4000000000000004,11.27792203858693
4.1,2.4000000000000004,11.503159615521366
4.200000000000001,2.4000000000000004,11.8486517734501
4.300000000000001,2.4000000000000004,12.179179840604093
4.4,2.4000000000000004,12.428313534966906
4.5,2.4000000000000004,12.590646614140013
4.600000000000001,2.4000000000000004,12.670953503192347
4.700000000000001,2.4000000000000004,12.664390727818509
4.800000000000001,2.4000000000000004,12.576294877539464
4.9,2.4000000000000004,12.473025370816334
5.0,2.4000000000000004,12.489728191387961
-5.0,2.5,12.646552972638574
-4.9,2.5,12.622384969954577
-4.8,2.5,12.70722695472031
-4.7,2.5,12.778245496085745
-4.6,2.5,12.775129399090964
-4.5,2.5,12.693033061382796
-4.4,2.5,12.53636417757149
-4.3,2.5,12.300788874361974
-4.2,2.5,11.991227165101856
-4.1,2.5,11.668065837900736
-4.0,2.5,11.454215696941548
-3.9,2.5,11.421902079916583
-3.8,2.5,11.499019891997392
-3.7,2.5,11.562779415587256
-3.5999999999999996,2.5,11.5529166387166
-3.5,2.5,11.464636863626962
-3.4,2.5,11.302402674250713
-3.3,2.5,11.06193934411685
-3.2,2.5,10.748230570997283
-3.0999999999999996,2.5,10.421731649219302
-3.0,2.5,10.205426994925144
-2.9,2.5,10.171620941516107
-2.8,2.5,10.24829303835954
-2.6999999999999997,2.5,10.312744102724311
-2.5999999999999996,2.5,10.304806756221065
-2.5,2.5,10.219789193034934
-2.4,2.5,10.062263241342016
-2.3,2.5,9.828069778695092
-2.1999999999999997,2.5,9.522314363193232
-2.0999999999999996,2.5,9.20558016287427
-2.0,2.5,9.000985066063066
-1.9,2.5,8.980971853470052
-1.7999999999999998,2.5,9.073662625290313
-1.6999999999999997,2.5,9.156503691030474
-1.5999999999999996,2.5,9.169474610262895
-1.5,2.5,9.10803008998326
-1.4,2.5,8.976885762968559
-1.2999999999999998,2.5,8.77202087961411
-1.1999999999999997,2.5,8.498670760424016
-1.0999999999999996,2.5,8.217536096371129
-1.0,2.5,8.051836010271778
-0.8999999999999995,2.5,8.074093822189706
-0.7999999999999998,2.5,8.212486811538799
-0.7000000000000002,2.5,8.344486323904936
-0.5999999999999996,2.5,8.41006209284403
-0.5,2.5,8.404619703200854
-0.39999999999999947,2.5,8.332782472362906
-0.2999999999999998,2.5,8.190391052280406
-0.1999999999999993,2.5,7.982493870349952
-0.09999999999999964,2.5,7.7695557461489955
0.0,2.5,7.674511801927853
0.10000000000000053,2.5,7.7695557461489955
0.20000000000000018,2.5,7.982493870349954
0.3000000000000007,2.5,8.190391052280406
0.40000000000000036,2.5,8.332782472362906
0.5,2.5,8.404619703200854
0.6000000000000005,2.5,8.41006209284403
0.7000000000000002,2.5,8.344486323904936
0.8000000000000007,2.5,8.212486811538797
0.9000000000000004,2.5,8.074093822189706
1.0,2.5,8.051836010271778
1.1000000000000005,2.5,8.21753609637113
1.2000000000000002,2.5,8.498670760424021
1.3000000000000007,2.5,8.772020879614113
1.4000000000000004,2.5,8.976885762968559
1.5,2.5,9.10803008998326
1.6000000000000005,2.5,9.169474610262897
1.7000000000000002,2.5,9.156503691030473
1.8000000000000007,2.5,9.07366262529031
1.9000000000000004,2.5,8.980971853470052
2.0,2.5,9.000985066063066
2.1000000000000005,2.5,9.20558016287427
2.2,2.5,9.522314363193233
2.3000000000000007,2.5,9.828069778695093
2.4000000000000004,2.5,10.062263241342016
2.5,2.5,10.219789193034934
2.6000000000000005,2.5,10.304806756221067
2.7,2.5,10.312744102724311
2.8000000000000007,2.5,10.24829303835954
2.9000000000000004,2.5,10.171620941516105
3.0,2.5,10.205426994925144
3.0999999999999996,2.5,10.421731649219302
3.200000000000001,2.5,10.748230570997285
3.3000000000000007,2.5,11.06193934411685
3.4000000000000004,2.5,11.302402674250716
3.5,2.5,11.464636863626962
3.5999999999999996,2.5,11.5529166387166
3.700000000000001,2.5,11.562779415587256
3.8000000000000007,2.5,11.499019891997392
3.9000000000000004,2.5,11.421902079916581
4.0,2.5,11.454215696941548
4.1,2.5,11.668065837900736
4.200000000000001,2.5,11.99122716510186
4.300000000000001,2.5,12.300788874361976
4.4,2.5,12.53636417757149
4.5,2.5,12.693033061382796
4.600000000000001,2.5,12.775129399090966
4.700000000000001,2.5,12.778245496085743
4.800000000000001,2.5,12.70722695472031
4.9,2.5,12.622384969954577
5.0,2.5,12.646552972638574
-5.0,2.6000000000000005,12.604451962243326
-4.9,2.6000000000000005,12.591091312018696
-4.8,2.6000000000000005,12.697817462101636
-4.7,2.6000000000000005,12.78948865474845
-4.6,2.6000000000000005,12.799749809979316
-4.5,2.6000000000000005,12.723268781143455
-4.4,2.6000000000000005,12.564893579095557
-4.3,2.6000000000000005,12.319854395197108
-4.2,2.6000000000000005,11.99356215072322
-4.1,2.6000000000000005,11.652451847310074
-4.0,2.6000000000000005,11.43174689039558
-3.9,2.6000000000000005,11.410906020840434
-3.8,2.6000000000000005,11.510595111211648
-3.7,2.6000000000000005,11.59571616820675
-3.5999999999999996,2.6000000000000005,11.599961200780774
-3.5,2.6000000000000005,11.518048698376289
-3.4,2.6000000000000005,11.354881084629913
-3.3,2.6000000000000005,11.105746974668184
-3.2,2.6000000000000005,10.776119960738308
-3.0999999999999996,2.6000000000000005,10.432502197079401
-3.0,2.6000000000000005,10.210188951178694
-2.9,2.6000000000000005,10.188715750503826
-2.8,2.6000000000000005,10.288830373575722
-2.6999999999999997,2.6000000000000005,10.37552201746675
-2.5999999999999996,2.6000000000000005,10.382575289847138
-2.5,2.6000000000000005,10.304806756221067
-2.4,2.6000000000000005,10.147222391384869
-2.3,2.6000000000000005,9.90521974406958
-2.1999999999999997,2.6000000000000005,9.584386517393902
-2.0999999999999996,2.6000000000000005,9.251343810896609
-2.0,2.6000000000000005,9.041510163258277
-1.9,2.6000000000000005,9.034547994225413
-1.7999999999999998,2.6000000000000005,9.151334662149697
-1.6999999999999997,2.6000000000000005,9.256990435975872
-1.5999999999999996,2.6000000000000005,9.285430997318944
-1.5,2.6000000000000005,9.231602173703148
-1.4,2.6000000000000005,9.100635228115502
-1.2999999999999998,2.6000000000000005,8.88804649906364
-1.1999999999999997,2.6000000000000005,8.599533092094084
-1.0999999999999996,2.6000000000000005,8.301812884381961
-1.0,2.6000000000000005,8.130385019387075
-0.8999999999999995,2.6000000000000005,8.16497255423591
-0.7999999999999998,2.6000000000000005,8.326489569978596
-0.7000000000000002,2.6000000000000005,8.48006516862999
-0.5999999999999996,2.6000000000000005,8.55959212848425
-0.5,2.6000000000000005,8.559958101833585
-0.39999999999999947,2.6000000000000005,8.486197883457288
-0.2999999999999998,2.6000000000000005,8.333690756735308
-0.1999999999999993,2.6000000000000005,8.107954826411405
-0.09999999999999964,2.6000000000000005,7.875486786553239
0.0,2.6000000000000005,7.771523448872303
0.10000000000000053,2.6000000000000005,7.875486786553241
0.20000000000000018,2.6000000000000005,8.107954826411406
0.3000000000000007,2.6000000000000005,8.333690756735312
0.40000000000000036,2.6000000000000005,8.48619788345729
0.5,2.6000000000000005,8.559958101833585
0.6000000000000005,2.6000000000000005,8.55959212848425
0.7000000000000002,2.6000000000000005,8.48006516862999
0.8000000000000007,2.6000000000000005,8.326489569978595
0.9000000000000004,2.6000000000000005,8.164972554235908
1.0,2.6000000000000005,8.130385019387075
1.1000000000000005,2.6000000000000005,8.301812884381963
1.2000000000000002,2.6000000000000005,8.599533092094086
1.3000000000000007,2.6000000000000005,8.888046499063641
1.4000000000000004,2.6000000000000005,9.100635228115502
1.5,2.6000000000000005,9.231602173703148
1.6000000000000005,2.6000000000000005,9.285430997318942
1.7000000000000002,2.6000000000000005,9.256990435975872
1.8000000000000007,2.6000000000000005,9.151334662149697
1.9000000000000004,2.6000000000000005,9.034547994225413
2.0,2.6000000000000005,9.041510163258277
2.1000000000000005,2.6000000000000005,9.25134381089661
2.2,2.6000000000000005,9.584386517393904
2.3000000000000007,2.6000000000000005,9.905219744069582
2.4000000000000004,2.6000000000000005,10.147222391384869
2.5,2.6000000000000005,10.304806756221067
2.6000000000000005,2.6000000000000005,10.382575289847138
2.7,2.6000000000000005,10.37552201746675
2.8000000000000007,2.6000000000000005,10.288830373575722
2.9000000000000004,2.6000000000000005,10.188715750503825
3.0,2.6000000000000005,10.210188951178694
3.0999999999999996,2.6000000000000005,10.432502197079401
3.200000000000001,2.6000000000000005,10.776119960738313
3.3000000000000007,2.6000000000000005,11.10574697466819
3.4000000000000004,2.6000000000000005,11.354881084629913
3.5,2.6000000000000005,11.518048698376289
3.5999999999999996,2.6000000000000005,11.599961200780774
3.700000000000001,2.6000000000000005,11.59571616820675
3.8000000000000007,2.6000000000000005,11.510595111211646
3.9000000000000004,2.6000000000000005,11.410906020840434
4.0,2.6000000000000005,11.43174689039558
4.1,2.6000000000000005,11.652451847310074
4.200000000000001,2.6000000000000005,11.993562150723221
4.300000000000001,2.6000000000000005,12.319854395197108
4.4,2.6000000000000005,12.564893579095557
4.5,2.6000000000000005,12.723268781143455
4.600000000000001,2.6000000000000005,12.799749809979318
4.700000000000001,2.6000000000000005,12.789488654748448
4.800000000000001,2.6000000000000005,12.697817462101634
4.9,2.6000000000000005,12.591091312018696
5.0,2.6000000000000005,12.604451962243326
-5.0,2.7,12.351462627713314
-4.9,2.7,12.368260915385157
-4.8,2.7,12.539569051652467
-4.7,2.7,12.691855745816266
-4.6,2.7,12.73991271416121
-4.5,2.7,12.676885760792441
-4.4,2.7,12.508991280742732
-4.3,2.7,12.230095066780429
-4.2,2.7,11.847134054911105
-4.1,2.7,11.44540037524266
-4.0,2.7,11.19851082839044
-3.9,2.7,11.208477458215672
-3.8,2.7,11.37341658773241
-3.7,2.7,11.519840534204107
-3.5999999999999996,2.7,11.562587787498886
-3.5,2.7,11.4948542848017
-3.4,2.7,11.322910110506015
-3.3,2.7,11.040678500237673
-3.2,2.7,10.655157780803686
-3.0999999999999996,2.7,10.251705608672975
-3.0,2.7,10.004008622083424
-2.9,2.7,10.01415317129276
-2.8,2.7,10.180334486152208
-2.6999999999999997,2.7,10.329148487790253
-2.5999999999999996,2.7,10.375522017466752
-2.5,2.7,10.312744102724311
-2.4,2.7,10.147182574565253
-2.3,2.7,9.872862897279223
-2.1999999999999997,2.7,9.496889823122046
-2.0999999999999996,2.7,9.10473121268306
-2.0,2.7,8.870187112337815
-1.9,2.7,8.895459728146637
-1.7999999999999998,2.7,9.078861629506022
-1.6999999999999997,2.7,9.247106363837366
-1.5999999999999996,2.7,9.315237231719074
-1.5,2.7,9.276656822701279
-1.4,2.7,9.137841611782825
-1.2999999999999998,2.7,8.892918473365233
-1.1999999999999997,2.7,8.549083732149864
-1.0999999999999996,2.7,8.19188411446696
-1.0,2.7,7.995182732693772
-0.8999999999999995,2.7,8.06122580477239
-0.7999999999999998,2.7,8.288347528072588
-0.7000000000000002,2.7,8.503257398628577
-0.5999999999999996,2.7,8.620965857343638
-0.5,2.7,8.634811014363803
-0.39999999999999947,2.7,8.55117091509709
-0.2999999999999998,2.7,8.364038371912427
-0.1999999999999993,2.7,8.080439140872578
-0.09999999999999964,2.7,7.785712946956275
0.0,2.7,7.653480597402952
0.10000000000000053,2.7,7.785712946956277
0.20000000000000018,2.7,8.080439140872581
0.3000000000000007,2.7,8.364038371912429
0.40000000000000036,2.7,8.551170915097092
0.5,2.7,8.634811014363803
0.6000000000000005,2.7,8.62096585734364
0.7000000000000002,2.7,8.503257398628577
0.8000000000000007,2.7,8.288347528072588
0.9000000000000004,2.7,8.06122580477239
1.0,2.7,7.995182732693772
1.1000000000000005,2.7,8.191884114466962
1.2000000000000002,2.7,8.549083732149864
1.3000000000000007,2.7,8.892918473365235
1.4000000000000004,2.7,9.137841611782825
1.5,2.7,9.276656822701279
1.6000000000000005,2.7,9.315237231719072
1.7000000000000002,2.7,9.247106363837364
1.8000000000000007,2.7,9.078861629506019
1.9000000000000004,2.7,8.895459728146635
2.0,2.7,8.870187112337815
2.1000000000000005,2.7,9.104731212683063
2.2,2.7,9.49688982312205
2.3000000000000007,2.7,9.872862897279225
2.4000000000000004,2.7,10.147182574565253
2.5,2.7,10.312744102724311
2.6000000000000005,2.7,10.37552201746675
2.7,2.7,10.329148487790254
2.8000000000000007,2.7,10.18033448615221
2.9000000000000004,2.7,10.014153171292758
3.0,2.7,10.004008622083424
3.0999999999999996,2.7,10.251705608672975
3.200000000000001,2.7,10.65515778080369
3.3000000000000007,2.7,11.040678500237675
3.4000000000000004,2.7,11.322910110506017
3.5,2.7,11.4948542848017
3.5999999999999996,2.7,11.562587787498886
3.700000000000001,2.7,11.519840534204109
3.8000000000000007,2.7,11.373416587732407
3.9000000000000004,2.7,11.20847745821567
4.0,2.7,11.19851082839044
4.1,2.7,11.44540037524266
4.200000000000001,2.7,11.84713405491111
4.300000000000001,2.7,12.23009506678043
4.4,2.7,12.508991280742732
4.5,2.7,12.676885760792441
4.600000000000001,2.7,12.73991271416121
4.700000000000001,2.7,12.691855745816264
4.800000000000001,2.7,12.539569051652464
4.9,2.7,12.368260915385157
5.0,2.7,12.351462627713314
-5.0,2.8000000000000007,11.900766564610432
-4.9,2.8000000000000007,11.965864648935693
-4.8,2.8000000000000007,12.241783687120096
-4.7,2.8000000000000007,12.492150421024224
-4.6,2.8000000000000007,12.600893980315227
-4.5,2.8000000000000007,12.558667270467383
-4.4,2.8000000000000007,12.373925168076289
-4.3,2.8000000000000007,12.038298574801617
-4.2,2.8000000000000007,11.56122089328666
-4.1,2.8000000000000007,11.05885036285152
-4.0,2.8000000000000007,10.76764920473096
-3.9,2.8000000000000007,10.826545920892471
-3.8,2.8000000000000007,11.096743532563526
-3.7,2.8000000000000007,11.34191204323811
-3.5999999999999996,2.8000000000000007,11.446026840655572
-3.5,2.8000000000000007,11.399790250734856
-3.4,2.8000000000000007,11.211709898234961
-3.3,2.8000000000000007,10.8734729227119
-3.2,2.8000000000000007,10.394572609682996
-3.0999999999999996,2.8000000000000007,9.89123087054655
-3.0,2.8000000000000007,9.599977515837235
-2.9,2.8000000000000007,9.659812659581341
-2.8,2.8000000000000007,9.93201503338401
-2.6999999999999997,2.8000000000000007,10.18033448615221
-2.5999999999999996,2.8000000000000007,10.288830373575722
-2.5,2.8000000000000007,10.24829303835954
-2.4,2.8000000000000007,10.067322022292787
-2.3,2.8000000000000007,9.737700043322802
-2.1999999999999997,2.8000000000000007,9.269019280491591
-2.0999999999999996,2.8000000000000007,8.777603381756514
-2.0,2.8000000000000007,8.50008611960787
-1.9,2.8000000000000007,8.575573011962707
-1.7999999999999998,2.8000000000000007,8.865448666823855
-1.6999999999999997,2.8000000000000007,9.133568107641537
-1.5999999999999996,2.8000000000000007,9.26409376705111
-1.5,2.8000000000000007,9.247915337715115
-1.4,2.8000000000000007,9.093726115250726
-1.2999999999999998,2.8000000000000007,8.793394868713994
-1.1999999999999997,2.8000000000000007,8.35658979462317
-1.0999999999999996,2.8000000000000007,7.899697995922171
-1.0,2.8000000000000007,7.659401452659607
-0.8999999999999995,2.8000000000000007,7.7748358609535195
-0.7999999999999998,2.8000000000000007,8.107395175979894
-0.7000000000000002,2.8000000000000007,8.420920211091747
-0.5999999999999996,2.8000000000000007,8.599533092094088
-0.5,2.8000000000000007,8.63405487944
-0.39999999999999947,2.8000000000000007,8.533080124674854
-0.2999999999999998,2.8000000000000007,8.288347528072588
-0.1999999999999993,2.8000000000000007,7.909363376374376
-0.09999999999999964,2.8000000000000007,7.512321306823406
0.0,2.8000000000000007,7.33367944122106
0.10000000000000053,2.8000000000000007,7.512321306823408
0.20000000000000018,2.8000000000000007,7.90936337637438
0.3000000000000007,2.8000000000000007,8.28834752807259
0.40000000000000036,2.8000000000000007,8.533080124674855
0.5,2.8000000000000007,8.63405487944
0.6000000000000005,2.8000000000000007,8.599533092094086
0.7000000000000002,2.8000000000000007,8.420920211091747
0.8000000000000007,2.8000000000000007,8.107395175979892
0.9000000000000004,2.8000000000000007,7.774835860953516
1.0,2.8000000000000007,7.659401452659607
1.1000000000000005,2.8000000000000007,7.8996979959221765
1.2000000000000002,2.8000000000000007,8.356589794623172
1.3000000000000007,2.8000000000000007,8.793394868713998
1.4000000000000004,2.8000000000000007,9.09372611525073
1.5,2.8000000000000007,9.247915337715115
1.6000000000000005,2.8000000000000007,9.264093767051108
1.7000000000000002,2.8000000000000007,9.133568107641535
1.8000000000000007,2.8000000000000007,8.865448666823852
1.9000000000000004,2.8000000000000007,8.575573011962707
2.0,2.8000000000000007,8.50008611960787
2.1000000000000005,2.8000000000000007,8.777603381756517
2.2,2.8000000000000007,9.269019280491593
2.3000000000000007,2.8000000000000007,9.737700043322807
2.4000000000000004,2.8000000000000007,10.067322022292787
2.5,2.8000000000000007,10.24829303835954
2.6000000000000005,2.8000000000000007,10.288830373575722
2.7,2.8000000000000007,10.18033448615221
2.8000000000000007,2.8000000000000007,9.932015033384008
2.9000000000000004,2.8000000000000007,9.659812659581341
3.0,2.8000000000000007,9.599977515837235
3.0999999999999996,2.8000000000000007,9.89123087054655
3.200000000000001,2.8000000000000007,10.394572609683003
3.3000000000000007,2.8000000000000007,10.873472922711901
3.4000000000000004,2.8000000000000007,11.211709898234961
3.5,2.8000000000000007,11.399790250734856
3.5999999999999996,2.8000000000000007,11.446026840655572
3.700000000000001,2.8000000000000007,11.341912043238107
3.8000000000000007,2.8000000000000007,11.096743532563522
3.9000000000000004,2.8000000000000007,10.826545920892471
4.0,2.8000000000000007,10.76764920473096
4.1,2.8000000000000007,11.05885036285152
4.200000000000001,2.8000000000000007,11.561220893286665
4.300000000000001,2.8000000000000007,12.03829857480162
4.4,2.8000000000000007,12.373925168076289
4.5,2.8000000000000007,12.558667270467383
4.600000000000001,2.8000000000000007,12.600893980315227
4.700000000000001,2.8000000000000007,12.492150421024222
4.800000000000001,2.8000000000000007,12.241783687120094
4.9,2.8000000000000007,11.965864648935693
5.0,2.8000000000000007,11.900766564610432
-5.0,2.9000000000000004,11.416308444810248
-4.9,2.9000000000000004,11.532906095121056
-4.8,2.9000000000000004,11.920484892695901
-4.7,2.9000000000000004,12.275528397587248
-4.6,2.9000000000000004,12.448990615345036
-4.5,2.9000000000000004,12.428860641807091
-4.4,2.9000000000000004,12.225984727768948
-4.3,2.9000000000000004,11.829605600022617
-4.2,2.9000000000000004,11.251823645848871
-4.1,2.9000000000000004,10.641775354547253
-4.0,2.9000000000000004,10.303069180122467
-3.9,2.9000000000000004,10.414076283621183
-3.8,2.9000000000000004,10.796559610855821
-3.7,2.9000000000000004,11.147045465813184
-3.5999999999999996,2.9000000000000004,11.316533418009342
-3.5,2.9000000000000004,11.293061086471306
-3.4,2.9000000000000004,11.087526339981064
-3.3,2.9000000000000004,10.689226747158337
-3.2,2.9000000000000004,10.110320879904066
-3.0999999999999996,2.9000000000000004,9.500006859479054
-3.0,2.9000000000000004,9.16195830417461
-2.9,2.9000000000000004,9.27461513094901
-2.8,2.9000000000000004,9.659812659581343
-2.6999999999999997,2.9000000000000004,10.014153171292758
-2.5999999999999996,2.9000000000000004,10.188715750503826
-2.5,2.9000000000000004,10.171620941516105
-2.4,2.9000000000000004,9.97385274754921
-2.3,2.9000000000000004,9.584797792241197
-2.1999999999999997,2.9000000000000004,9.016706232531961
-2.0999999999999996,2.9000000000000004,8.418869796705238
-2.0,2.9000000000000004,8.09505709052466
-1.9,2.9000000000000004,8.22380360783229
-1.7999999999999998,2.9000000000000004,8.62703987890382
-1.6999999999999997,2.9000000000000004,9.001461894951467
-1.5999999999999996,2.9000000000000004,9.198239626762888
-1.5,2.9000000000000004,9.205580162874268
-1.4,2.9000000000000004,9.034547994225413
-1.2999999999999998,2.9000000000000004,8.674602272594502
-1.1999999999999997,2.9000000000000004,8.138055648419789
-1.0999999999999996,2.9000000000000004,7.574250089714699
-1.0,2.9000000000000004,7.286989865674515
-0.8999999999999995,2.9000000000000004,7.454829185749505
-0.7999999999999998,2.9000000000000004,7.899697995922175
-0.7000000000000002,2.9000000000000004,8.31827015238725
-0.5999999999999996,2.9000000000000004,8.561669883940342
-0.5,2.9000000000000004,8.618033170116217
-0.39999999999999947,2.9000000000000004,8.498326667440132
-0.2999999999999998,2.9000000000000004,8.191884114466959
-0.1999999999999993,2.9000000000000004,7.710864915764354
-0.09999999999999964,2.9000000000000004,7.204430384955732
0.0,2.9000000000000004,6.97617788546243
0.10000000000000053,2.9000000000000004,7.204430384955735
0.20000000000000018,2.9000000000000004,7.710864915764358
0.3000000000000007,2.9000000000000004,8.191884114466962
0.40000000000000036,2.9000000000000004,8.498326667440134
0.5,2.9000000000000004,8.618033170116217
0.6000000000000005,2.9000000000000004,8.56166988394034
0.7000000000000002,2.9000000000000004,8.31827015238725
0.8000000000000007,2.9000000000000004,7.899697995922171
0.9000000000000004,2.9000000000000004,7.454829185749501
1.0,2.9000000000000004,7.286989865674515
1.1000000000000005,2.9000000000000004,7.574250089714704
1.2000000000000002,2.9000000000000004,8.13805564841979
1.3000000000000007,2.9000000000000004,8.674602272594507
1.4000000000000004,2.9000000000000004,9.034547994225413
1.5,2.9000000000000004,9.205580162874268
1.6000000000000005,2.9000000000000004,9.198239626762886
1.7000000000000002,2.9000000000000004,9.001461894951465
1.8000000000000007,2.9000000000000004,8.627039878903815
1.9000000000000004,2.9000000000000004,8.223803607832288
2.0,2.9000000000000004,8.09505709052466
2.1000000000000005,2.9000000000000004,8.418869796705243
2.2,2.9000000000000004,9.016706232531963
2.3000000000000007,2.9000000000000004,9.5847977922412
2.4000000000000004,2.9000000000000004,9.97385274754921
2.5,2.9000000000000004,10.171620941516105
2.6000000000000005,2.9000000000000004,10.188715750503825
2.7,2.9000000000000004,10.014153171292758
2.8000000000000007,2.9000000000000004,9.659812659581341
2.9000000000000004,2.9000000000000004,9.274615130949009
3.0,2.9000000000000004,9.16195830417461
3.0999999999999996,2.9000000000000004,9.500006859479054
3.200000000000001,2.9000000000000004,10.110320879904073
3.3000000000000007,2.9000000000000004,10.689226747158344
3.4000000000000004,2.9000000000000004,11.087526339981068
3.5,2.9000000000000004,11.293061086471306
3.5999999999999996,2.9000000000000004,11.316533418009342
3.700000000000001,2.9000000000000004,11.147045465813179
3.8000000000000007,2.9000000000000004,10.79655961085582
3.9000000000000004,2.9000000000000004,10.414076283621181
4.0,2.9000000000000004,10.303069180122467
4.1,2.9000000000000004,10.641775354547253
4.200000000000001,2.9000000000000004,11.251823645848878
4.300000000000001,2.9000000000000004,11.82960560002262
4.4,2.9000000000000004,12.225984727768948
4.5,2.9000000000000004,12.428860641807091
4.600000000000001,2.9000000000000004,12.448990615345036
4.700000000000001,2.9000000000000004,12.275528397587244
4.800000000000001,2.9000000000000004,11.9204848926959
4.9,2.9000000000000004,11.532906095121056
5.0,2.9000000000000004,11.416308444810248
-5.0,3.0,11.231978796979323
-4.9,3.0,11.372857300427192
-4.8,3.0,11.811996773136192
-4.7,3.0,12.215466796839795
-4.6,3.0,12.419284937803003
-4.5,3.0,12.410234347531583
-4.4,3.0,12.200245224950908
-4.3,3.0,11.777479164266289
-4.2,3.0,11.155245286860811
-4.1,3.0,10.49761925911242
-4.0,3.0,10.138626172095204
-3.9,3.0,10.274504512276984
-3.8,3.0,10.709151939031262
-3.7,3.0,11.108680107661714
-3.5999999999999996,3.0,11.309151297216179
-3.5,3.0,11.29739612511602
-3.4,3.0,11.085395117068146
-3.3,3.0,10.661363153475818
-3.2,3.0,10.038665687111667
-3.0999999999999996,3.0,9.381437829667005
-3.0,3.0,9.023767278119472
-2.9,3.0,9.16195830417461
-2.8,3.0,9.599977515837239
-2.6999999999999997,3.0,10.004008622083424
-2.5999999999999996,3.0,10.210188951178694
-2.5,3.0,10.205426994925144
-2.4,3.0,10.00178373658643
-2.3,3.0,9.587556772108428
-2.1999999999999997,3.0,8.976196107093754
-2.0999999999999996,3.0,8.331922714401253
-2.0,3.0,7.9889108105187
-1.9,3.0,8.143551061644452
-1.7999999999999998,3.0,8.599895417367302
-1.6999999999999997,3.0,9.024210793748887
-1.5999999999999996,3.0,9.252714350203341
-1.5,3.0,9.272389630493437
-1.4,3.0,9.095366329113357
-1.2999999999999998,3.0,8.710002703047355
-1.1999999999999997,3.0,8.129799529934058
-1.0999999999999996,3.0,7.51901672549921
-1.0,3.0,7.211853616762058
-0.8999999999999995,3.0,7.404710131179545
-0.7999999999999998,3.0,7.901629659606394
-0.7000000000000002,3.0,8.368850884729529
-0.5999999999999996,3.0,8.642541397272915
-0.5,3.0,8.709612453424612
-0.39999999999999947,3.0,8.582097719312344
-0.2999999999999998,3.0,8.248235103818025
-0.1999999999999993,3.0,7.721380653497359
-0.09999999999999964,3.0,7.165625681057591
0.0,3.0,6.914978162949289
0.10000000000000053,3.0,7.165625681057595
0.20000000000000018,3.0,7.721380653497363
0.3000000000000007,3.0,8.248235103818029
0.40000000000000036,3.0,8.582097719312344
0.5,3.0,8.709612453424612
0.6000000000000005,3.0,8.642541397272915
0.7000000000000002,3.0,8.368850884729529
0.8000000000000007,3.0,7.901629659606391
0.9000000000000004,3.0,7.404710131179543
1.0,3.0,7.211853616762058
1.1000000000000005,3.0,7.519016725499213
1.2000000000000002,3.0,8.12979952993406
1.3000000000000007,3.0,8.710002703047358
1.4000000000000004,3.0,9.095366329113357
1.5,3.0,9.272389630493437
1.6000000000000005,3.0,9.252714350203343
1.7000000000000002,3.0,9.024210793748885
1.8000000000000007,3.0,8.599895417367295
1.9000000000000004,3.0,8.14355106164445
2.0,3.0,7.9889108105187
2.1000000000000005,3.0,8.331922714401259
2.2,3.0,8.976196107093756
2.3000000000000007,3.0,9.587556772108432
2.4000000000000004,3.0,10.00178373658643
2.5,3.0,10.205426994925144
2.6000000000000005,3.0,10.210188951178694
2.7,3.0,10.004008622083424
2.8000000000000007,3.0,9.599977515837235
2.9000000000000004,3.0,9.16195830417461
3.0,3.0,9.023767278119472
3.0999999999999996,3.0,9.381437829667005
3.200000000000001,3.0,10.038665687111674
3.3000000000000007,3.0,10.661363153475822
3.4000000000000004,3.0,11.085395117068147
3.5,3.0,11.29739612511602
3.5999999999999996,3.0,11.309151297216179
3.700000000000001,3.0,11.108680107661709
3.8000000000000007,3.0,10.709151939031258
3.9000000000000004,3.0,10.274504512276982
4.0,3.0,10.138626172095204
4.1,3.0,10.49761925911242
4.200000000000001,3.0,11.15524528686082
4.300000000000001,3.0,11.777479164266293
4.4,3.0,12.200245224950908
4.5,3.0,12.410234347531583
4.600000000000001,3.0,12.419284937802999
4.700000000000001,3.0,12.21546679683979
4.800000000000001,3.0,11.81199677313619
4.9,3.0,11.372857300427192
5.0,3.0,11.231978796979323
-5.0,3.0999999999999996,11.543877848911533
-4.9,3.0999999999999996,11.663949372137065
-4.8,3.0999999999999996,12.055106149626608
-4.7,3.0999999999999996,12.41383453665301
-4.6,3.0999999999999996,12.591091312018696
-4.5,3.0999999999999996,12.574868304597981
-4.4,3.0999999999999996,12.376014436837139
-4.3,3.0999999999999996,11.98377502134242
-4.2,3.0999999999999996,11.410252917249185
-4.1,3.0999999999999996,10.804586939532868
-4.0,3.0999999999999996,10.470387684925932
-3.9,3.0999999999999996,10.586028232452097
-3.8,3.0999999999999996,10.973273173807675
-3.7,3.0999999999999996,11.328650133364011
-3.5999999999999996,3.0999999999999996,11.503159615521366
-3.5,3.0999999999999996,11.484839721569946
-3.4,3.0999999999999996,11.284588275193467
-3.3,3.0999999999999996,10.891702189739702
-3.2,3.0999999999999996,10.318338680406827
-3.0999999999999996,3.0999999999999996,9.713693710363557
-3.0,3.0999999999999996,9.381437829667005
-2.9,3.0999999999999996,9.500006859479056
-2.8,3.0999999999999996,9.891230870546554
-2.6999999999999997,3.0999999999999996,10.251705608672975
-2.5999999999999996,3.0999999999999996,10.432502197079403
-2.5,3.0999999999999996,10.421731649219302
-2.4,3.0999999999999996,10.230366721904028
-2.3,3.0999999999999996,9.847780932024206
-2.1999999999999997,3.0999999999999996,9.286209329812818
-2.0999999999999996,3.0999999999999996,8.694926407381532
-2.0,3.0999999999999996,8.377681291404887
-1.9,3.0999999999999996,8.51298766325213
-1.7999999999999998,3.0999999999999996,8.922751847732208
-1.6999999999999997,3.0999999999999996,9.303643217518635
-1.5999999999999996,3.0999999999999996,9.506802740485595
-1.5,3.0999999999999996,9.52040620480482
-1.4,3.0999999999999996,9.355484657919517
-1.2999999999999998,3.0999999999999996,9.001461894951461
-1.1999999999999997,3.0999999999999996,8.470613608746016
-1.0999999999999996,3.0999999999999996,7.9122436073566735
-1.0,3.0999999999999996,7.630117283280271
-0.8999999999999995,3.0999999999999996,7.80274982171051
-0.7999999999999998,3.0999999999999996,8.252032641121994
-0.7000000000000002,3.0999999999999996,8.674602272594502
-0.5999999999999996,3.0999999999999996,8.921547569952326
-0.5,3.0999999999999996,8.98097185347005
-0.39999999999999947,3.0999999999999996,8.863812591065727
-0.2999999999999998,3.0999999999999996,8.559378516491222
-0.1999999999999993,3.0999999999999996,8.079808852676583
-0.09999999999999964,3.0999999999999996,7.574250089714695
0.0,3.0999999999999996,7.346290529180795
0.10000000000000053,3.0999999999999996,7.574250089714699
0.20000000000000018,3.0999999999999996,8.079808852676589
0.3000000000000007,3.0999999999999996,8.559378516491225
0.40000000000000036,3.0999999999999996,8.863812591065729
0.5,3.0999999999999996,8.98097185347005
0.6000000000000005,3.0999999999999996,8.921547569952324
0.7000000000000002,3.0999999999999996,8.674602272594502
0.8000000000000007,3.0999999999999996,8.252032641121989
0.9000000000000004,3.0999999999999996,7.802749821710506
1.0,3.0999999999999996,7.630117283280271
1.1000000000000005,3.0999999999999996,7.912243607356679
1.2000000000000002,3.0999999999999996,8.470613608746017
1.3000000000000007,3.0999999999999996,9.001461894951467
1.4000000000000004,3.0999999999999996,9.355484657919519
1.5,3.0999999999999996,9.52040620480482
1.6000000000000005,3.0999999999999996,9.506802740485595
1.7000000000000002,3.0999999999999996,9.303643217518633
1.8000000000000007,3.0999999999999996,8.922751847732203
1.9000000000000004,3.0999999999999996,8.51298766325213
2.0,3.0999999999999996,8.377681291404887
2.1000000000000005,3.0999999999999996,8.694926407381537
2.2,3.0999999999999996,9.286209329812824
2.3000000000000007,3.0999999999999996,9.847780932024213
2.4000000000000004,3.0999999999999996,10.23036672190403
2.5,3.0999999999999996,10.421731649219302
2.6000000000000005,3.0999999999999996,10.432502197079401
2.7,3.0999999999999996,10.251705608672975
2.8000000000000007,3.0999999999999996,9.89123087054655
2.9000000000000004,3.0999999999999996,9.500006859479054
3.0,3.0999999999999996,9.381437829667005
3.0999999999999996,3.0999999999999996,9.713693710363557
3.200000000000001,3.0999999999999996,10.318338680406832
3.3000000000000007,3.0999999999999996,10.891702189739703
3.4000000000000004,3.0999999999999996,11.284588275193471
3.5,3.0999999999999996,11.484839721569946
3.5999999999999996,3.0999999999999996,11.503159615521366
3.700000000000001,3.0999999999999996,11.328650133364008
3.8000000000000007,3.0999999999999996,10.973273173807671
3.9000000000000004,3.0999999999999996,10.586028232452094
4.0,3.0999999999999996,10.470387684925932
4.1,3.0999999999999996,10.804586939532868
4.200000000000001,3.0999999999999996,11.410252917249192
4.300000000000001,3.0999999999999996,11.983775021342423
4.4,3.0999999999999996,12.376014436837139
4.5,3.0999999999999996,12.574868304597981
4.600000000000001,3.0999999999999996,12.591091312018694
4.700000000000001,3.0999999999999996,12.413834536653006
4.800000000000001,3.0999999999999996,12.055106149626607
4.9,3.0999999999999996,11.663949372137065
5.0,3.0999999999999996,11.543877848911533
-5.0,3.200000000000001,12.155761148466508
-4.9,3.200000000000001,12.227801377908646
-4.8,3.200000000000001,12.51087059814075
-4.7,3.200000000000001,12.76860114490589
-4.6,3.200000000000001,12.884927699662486
-4.5,3.200000000000001,12.850508641391485
-4.4,3.200000000000001,12.673804199909679
-4.3,3.200000000000001,12.346450461287706
-4.2,3.200000000000001,11.877885787939846
-4.1,3.200000000000001,11.384273090336446
-4.0,3.200000000000001,11.102078899201134
-3.9,3.200000000000001,11.170235581261316
-3.8,3.200000000000001,11.449949483664282
-3.7,3.200000000000001,11.70489329077548
-3.5999999999999996,3.200000000000001,11.819044306780903
-3.5,3.200000000000001,11.783105876014204
-3.4,3.200000000000001,11.60558559476111
-3.3,3.200000000000001,11.278169362183867
-3.2,3.200000000000001,10.810347829499342
-3.0999999999999996,3.200000000000001,10.318338680406832
-3.0,3.200000000000001,10.038665687111674
-2.9,3.200000000000001,10.110320879904075
-2.8,3.200000000000001,10.394572609683003
-2.6999999999999997,3.200000000000001,10.65515778080369
-2.5999999999999996,3.200000000000001,10.776119960738315
-2.5,3.200000000000001,10.748230570997285
-2.4,3.200000000000001,10.580066805143801
-2.3,3.200000000000001,10.263385313322777
-2.1999999999999997,3.200000000000001,9.807748204120514
-2.0999999999999996,3.200000000000001,9.329444788616405
-2.0,3.200000000000001,9.065070003379454
-1.9,3.200000000000001,9.153685843765427
-1.7999999999999998,3.200000000000001,9.456628581830138
-1.6999999999999997,3.200000000000001,9.737700043322809
-1.5999999999999996,3.200000000000001,9.881004650203119
-1.5,3.200000000000001,9.877369436720933
-1.4,3.200000000000001,9.735420692914017
-1.2999999999999998,3.200000000000001,9.446956288171183
-1.1999999999999997,3.200000000000001,9.021570244794969
-1.0999999999999996,3.200000000000001,8.575573011962714
-1.0,3.200000000000001,8.34556840907737
-0.8999999999999995,3.200000000000001,8.470613608746028
-0.7999999999999998,3.200000000000001,8.81202497874356
-0.7000000000000002,3.200000000000001,9.13356810764154
-0.5999999999999996,3.200000000000001,9.319293774403853
-0.5,3.200000000000001,9.35995712539905
-0.39999999999999947,3.200000000000001,9.264093767051113
-0.2999999999999998,3.200000000000001,9.0233918770929
-0.1999999999999993,3.200000000000001,8.647316947379235
-0.09999999999999964,3.200000000000001,8.252032641122002
0.0,3.200000000000001,8.073978752420269
0.10000000000000053,3.200000000000001,8.252032641122003
0.20000000000000018,3.200000000000001,8.647316947379238
0.3000000000000007,3.200000000000001,9.023391877092903
0.40000000000000036,3.200000000000001,9.264093767051115
0.5,3.200000000000001,9.35995712539905
0.6000000000000005,3.200000000000001,9.319293774403851
0.7000000000000002,3.200000000000001,9.13356810764154
0.8000000000000007,3.200000000000001,8.812024978743557
0.9000000000000004,3.200000000000001,8.470613608746024
1.0,3.200000000000001,8.34556840907737
1.1000000000000005,3.200000000000001,8.575573011962717
1.2000000000000002,3.200000000000001,9.02157024479497
1.3000000000000007,3.200000000000001,9.446956288171188
1.4000000000000004,3.200000000000001,9.735420692914017
1.5,3.200000000000001,9.877369436720933
1.6000000000000005,3.200000000000001,9.88100465020312
1.7000000000000002,3.200000000000001,9.737700043322807
1.8000000000000007,3.200000000000001,9.456628581830135
1.9000000000000004,3.200000000000001,9.153685843765425
2.0,3.200000000000001,9.065070003379454
2.1000000000000005,3.200000000000001,9.329444788616406
2.2,3.200000000000001,9.807748204120516
2.3000000000000007,3.200000000000001,10.26338531332278
2.4000000000000004,3.200000000000001,10.580066805143801
2.5,3.200000000000001,10.748230570997285
2.6000000000000005,3.200000000000001,10.776119960738313
2.7,3.200000000000001,10.65515778080369
2.8000000000000007,3.200000000000001,10.394572609683003
2.9000000000000004,3.200000000000001,10.110320879904073
3.0,3.200000000000001,10.038665687111674
3.0999999999999996,3.200000000000001,10.318338680406832
3.200000000000001,3.200000000000001,10.810347829499348
3.3000000000000007,3.200000000000001,11.278169362183869
3.4000000000000004,3.200000000000001,11.60558559476111
3.5,3.200000000000001,11.783105876014204
3.5999999999999996,3.200000000000001,11.819044306780903
3.700000000000001,3.200000000000001,11.70489329077548
3.8000000000000007,3.200000000000001,11.449949483664282
3.9000000000000004,3.200000000000001,11.170235581261315
4.0,3.200000000000001,11.102078899201134
4.1,3.200000000000001,11.384273090336446
4.200000000000001,3.200000000000001,11.877885787939851
4.300000000000001,3.200000000000001,12.34645046128771
4.4,3.200000000000001,12.673804199909679
4.5,3.200000000000001,12.850508641391485
4.600000000000001,3.200000000000001,12.884927699662484
4.700000000000001,3.200000000000001,12.76860114490589
4.800000000000001,3.200000000000001,12.51087059814075
4.9,3.200000000000001,12.227801377908646
5.0,3.200000000000001,12.155761148466508
-5.0,3.3000000000000007,12.733594203156581
-4.9,3.3000000000000007,12.760791709666098
-4.8,3.3000000000000007,12.942810676080978
-4.7,3.3000000000000007,13.106128210838111
-4.6,3.3000000000000007,13.16554437079141
-4.5,3.3000000000000007,13.11421318851135
-4.4,3.3000000000000007,12.958359113233316
-4.3,3.3000000000000007,12.691855745816266
-4.2,3.3000000000000007,12.321647501537491
-4.1,3.3000000000000007,11.933033566126927
-4.0,3.3000000000000007,11.699637263854717
-3.9,3.3000000000000007,11.723476507011641
-3.8,3.3000000000000007,11.902672692084918
-3.7,3.3000000000000007,12.063742257056521
-3.5999999999999996,3.3000000000000007,12.121526682264992
-3.5,3.3000000000000007,12.069223566303913
-3.4,3.3000000000000007,11.91310310420886
-3.3,3.3000000000000007,11.647086845436066
-3.2,3.3000000000000007,11.278169362183867
-3.0999999999999996,3.3000000000000007,10.891702189739703
-3.0,3.3000000000000007,10.661363153475822
-2.9,3.3000000000000007,10.689226747158344
-2.8,3.3000000000000007,10.873472922711903
-2.6999999999999997,3.3000000000000007,11.040678500237675
-2.5999999999999996,3.3000000000000007,11.105746974668186
-2.5,3.3000000000000007,11.06193934411685
-2.4,3.3000000000000007,10.915590280508873
-2.3,3.3000000000000007,10.660686513234715
-2.1999999999999997,3.3000000000000007,10.304288049723473
-2.0999999999999996,3.3000000000000007,9.931811588338586
-2.0,3.3000000000000007,9.716999232642324
-1.9,3.3000000000000007,9.761988167219675
-1.7999999999999998,3.3000000000000007,9.965018652299003
-1.6999999999999997,3.3000000000000007,10.152724545161545
-1.5999999999999996,3.3000000000000007,10.240062126594998
-1.5,3.3000000000000007,10.220339862606652
-1.4,3.3000000000000007,10.099933431031493
-1.2999999999999998,3.3000000000000007,9.872862897279223
-1.1999999999999997,3.3000000000000007,9.546212681542391
-1.0999999999999996,3.3000000000000007,9.205413696528208
-1.0,3.3000000000000007,9.024210793748887
-0.8999999999999995,3.3000000000000007,9.104731212683065
-0.7999999999999998,3.3000000000000007,9.345191428758305
-0.7000000000000002,3.3000000000000007,9.572186650512533
-0.5999999999999996,3.3000000000000007,9.700618788851651
-0.5,3.3000000000000007,9.723725573810617
-0.39999999999999947,3.3000000000000007,9.647795192045301
-0.2999999999999998,3.3000000000000007,9.466743368890246
-0.1999999999999993,3.3000000000000007,9.187533570356944
-0.09999999999999964,3.3000000000000007,8.895459728146637
0.0,3.3000000000000007,8.764114638412904
0.10000000000000053,3.3000000000000007,8.895459728146639
0.20000000000000018,3.3000000000000007,9.18753357035695
0.3000000000000007,3.3000000000000007,9.46674336889025
0.40000000000000036,3.3000000000000007,9.647795192045303
0.5,3.3000000000000007,9.723725573810617
0.6000000000000005,3.3000000000000007,9.700618788851651
0.7000000000000002,3.3000000000000007,9.572186650512533
0.8000000000000007,3.3000000000000007,9.345191428758303
0.9000000000000004,3.3000000000000007,9.104731212683063
1.0,3.3000000000000007,9.024210793748887
1.1000000000000005,3.3000000000000007,9.20541369652821
1.2000000000000002,3.3000000000000007,9.546212681542393
1.3000000000000007,3.3000000000000007,9.872862897279227
1.4000000000000004,3.3000000000000007,10.099933431031493
1.5,3.3000000000000007,10.220339862606652
1.6000000000000005,3.3000000000000007,10.240062126594998
1.7000000000000002,3.3000000000000007,10.152724545161544
1.8000000000000007,3.3000000000000007,9.965018652299005
1.9000000000000004,3.3000000000000007,9.761988167219675
2.0,3.3000000000000007,9.716999232642324
2.1000000000000005,3.3000000000000007,9.931811588338588
2.2,3.3000000000000007,10.304288049723475
2.3000000000000007,3.3000000000000007,10.660686513234719
2.4000000000000004,3.3000000000000007,10.915590280508873
2.5,3.3000000000000007,11.06193934411685
2.6000000000000005,3.3000000000000007,11.10574697466819
2.7,3.3000000000000007,11.040678500237675
2.8000000000000007,3.3000000000000007,10.873472922711901
2.9000000000000004,3.3000000000000007,10.689226747158344
3.0,3.3000000000000007,10.661363153475822
3.0999999999999996,3.3000000000000007,10.891702189739703
3.200000000000001,3.3000000000000007,11.278169362183869
3.3000000000000007,3.3000000000000007,11.647086845436066
3.4000000000000004,3.3000000000000007,11.91310310420886
3.5,3.3000000000000007,12.069223566303913
3.5999999999999996,3.3000000000000007,12.121526682264992
3.700000000000001,3.3000000000000007,12.063742257056521
3.8000000000000007,3.3000000000000007,11.902672692084916
3.9000000000000004,3.3000000000000007,11.723476507011643
4.0,3.3000000000000007,11.699637263854717
4.1,3.3000000000000007,11.933033566126927
4.200000000000001,3.3000000000000007,12.321647501537495
4.300000000000001,3.3000000000000007,12.691855745816268
4.4,3.3000000000000007,12.958359113233316
4.5,3.3000000000000007,13.11421318851135
4.600000000000001,3.3000000000000007,13.16554437079141
4.700000000000001,3.3000000000000007,13.106128210838113
4.800000000000001,3.3000000000000007,12.942810676080976
4.9,3.3000000000000007,12.760791709666098
5.0,3.3000000000000007,12.733594203156581
-5.0,3.4000000000000004,13.113288899469211
-4.9,3.4000000000000004,13.113767751719742
-4.8,3.4000000000000004,13.23474805314888
-4.7,3.4000000000000004,13.341099259564166
-4.6,3.4000000000000004,13.366477434863732
-4.5,3.4000000000000004,13.305561436612068
-4.4,3.4000000000000004,13.163210058898997
-4.3,3.4000000000000004,12.934663961281323
-4.2,3.4000000000000004,12.62534410984039
-4.1,3.4000000000000004,12.301695003308396
-4.0,3.4000000000000004,12.098948854400353
-3.9,3.4000000000000004,12.096572359596252
-3.8,3.4000000000000004,12.215238311798952
-3.7,3.4000000000000004,12.31985439519711
-3.5999999999999996,3.4000000000000004,12.344116819686436
-3.5,3.4000000000000004,12.28274653702723
-3.4,3.4000000000000004,12.140646401939234
-3.3,3.4000000000000004,11.91310310420886
-3.2,3.4000000000000004,11.605585594761106
-3.0999999999999996,3.4000000000000004,11.284588275193471
-3.0,3.4000000000000004,11.085395117068147
-2.9,3.4000000000000004,11.08752633998107
-2.8,3.4000000000000004,11.211709898234963
-2.6999999999999997,3.4000000000000004,11.322910110506017
-2.5999999999999996,3.4000000000000004,11.354881084629913
-2.5,3.4000000000000004,11.302402674250716
-2.4,3.4000000000000004,11.170437325006798
-2.3,3.4000000000000004,10.954331630862606
-2.1999999999999997,3.4000000000000004,10.659614318330215
-2.0999999999999996,3.4000000000000004,10.352838923373161
-2.0,3.4000000000000004,10.169347323384654
-1.9,3.4000000000000004,10.188715750503828
-1.7999999999999998,3.4000000000000004,10.331725534888722
-1.6999999999999997,3.4000000000000004,10.463390913112107
-1.5999999999999996,3.4000000000000004,10.517511557032654
-1.5,3.4000000000000004,10.488907566035849
-1.4,3.4000000000000004,10.382575289847138
-1.2999999999999998,3.4000000000000004,10.193887815831244
-1.1999999999999997,3.4000000000000004,9.928391855906339
-1.0999999999999996,3.4000000000000004,9.652649319489846
-1.0,3.4000000000000004,9.501999760699068
-0.8999999999999995,3.4000000000000004,9.556005355835195
-0.7999999999999998,3.4000000000000004,9.735420692914015
-0.7000000000000002,3.4000000000000004,9.905219744069582
-0.5999999999999996,3.4000000000000004,9.99914771317772
-0.5,3.4000000000000004,10.011955538438098
-0.39999999999999947,3.4000000000000004,9.948555452072616
-0.2999999999999998,3.4000000000000004,9.804221462203103
-0.1999999999999993,3.4000000000000004,9.584386517393904
-0.09999999999999964,3.4000000000000004,9.355484657919519
0.0,3.4000000000000004,9.252714350203345
0.10000000000000053,3.4000000000000004,9.35548465791952
0.20000000000000018,3.4000000000000004,9.584386517393906
0.3000000000000007,3.4000000000000004,9.804221462203103
0.40000000000000036,3.4000000000000004,9.948555452072616
0.5,3.4000000000000004,10.011955538438098
0.6000000000000005,3.4000000000000004,9.99914771317772
0.7000000000000002,3.4000000000000004,9.905219744069582
0.8000000000000007,3.4000000000000004,9.735420692914014
0.9000000000000004,3.4000000000000004,9.556005355835193
1.0,3.4000000000000004,9.501999760699068
1.1000000000000005,3.4000000000000004,9.652649319489848
1.2000000000000002,3.4000000000000004,9.92839185590634
1.3000000000000007,3.4000000000000004,10.193887815831246
1.4000000000000004,3.4000000000000004,10.382575289847138
1.5,3.4000000000000004,10.488907566035849
1.6000000000000005,3.4000000000000004,10.517511557032654
1.7000000000000002,3.4000000000000004,10.463390913112107
1.8000000000000007,3.4000000000000004,10.33172553488872
1.9000000000000004,3.4000000000000004,10.188715750503826
2.0,3.4000000000000004,10.169347323384654
2.1000000000000005,3.4000000000000004,10.352838923373163
2.2,3.4000000000000004,10.659614318330217
2.3000000000000007,3.4000000000000004,10.954331630862608
2.4000000000000004,3.4000000000000004,11.170437325006798
2.5,3.4000000000000004,11.302402674250716
2.6000000000000005,3.4000000000000004,11.354881084629913
2.7,3.4000000000000004,11.322910110506017
2.8000000000000007,3.4000000000000004,11.211709898234961
2.9000000000000004,3.4000000000000004,11.087526339981068
3.0,3.4000000000000004,11.085395117068147
3.0999999999999996,3.4000000000000004,11.284588275193471
3.200000000000001,3.4000000000000004,11.60558559476111
3.3000000000000007,3.4000000000000004,11.91310310420886
3.4000000000000004,3.4000000000000004,12.140646401939234
3.5,3.4000000000000004,12.28274653702723
3.5999999999999996,3.4000000000000004,12.344116819686436
3.700000000000001,3.4000000000000004,12.31985439519711
3.8000000000000007,3.4000000000000004,12.21523831179895
3.9000000000000004,3.4000000000000004,12.09657235959625
4.0,3.4000000000000004,12.098948854400353
4.1,3.4000000000000004,12.301695003308396
4.200000000000001,3.4000000000000004,12.625344109840393
4.300000000000001,3.4000000000000004,12.934663961281327
4.4,3.4000000000000004,13.163210058898997
4.5,3.4000000000000004,13.305561436612068
4.600000000000001,3.4000000000000004,13.366477434863734
4.700000000000001,3.4000000000000004,13.341099259564164
4.800000000000001,3.4000000000000004,13.234748053148882
4.9,3.4000000000000004,13.113767751719742
5.0,3.4000000000000004,13.113288899469211
-5.0,3.5,13.281520986270928
-4.9,3.5,13.27461039795686
-4.8,3.5,13.37722676137425
-4.7,3.5,13.466550684516909
-4.6,3.5,13.482284937455805
-4.5,3.5,13.419597723783458
-4.4,3.5,13.28291028580722
-4.3,3.5,13.06790192487644
-4.2,3.5,12.77950532356714
-4.1,3.5,12.478119281787029
-4.0,3.5,12.286665784156442
-3.9,3.5,12.277380319164852
-3.8,3.5,12.378166687924
-3.7,3.5,12.466242559046028
-3.5999999999999996,3.5,12.48134950968983
-3.5,3.5,12.418696311459412
-3.4,3.5,12.28274653702723
-3.3,3.5,12.069223566303913
-3.2,3.5,11.7831058760142
-3.0999999999999996,3.5,11.484839721569946
-3.0,3.5,11.29739612511602
-2.9,3.5,11.293061086471308
-2.8,3.5,11.399790250734858
-2.6999999999999997,3.5,11.4948542848017
-2.5999999999999996,3.5,11.518048698376289
-2.5,3.5,11.464636863626962
-2.4,3.5,11.3391373048441
-2.3,3.5,11.137328332591196
-2.1999999999999997,3.5,10.864242902238876
-2.0999999999999996,3.5,10.580380802388234
-2.0,3.5,10.408765084522413
-1.9,3.5,10.421731649219304
-1.7999999999999998,3.5,10.547283222786822
-1.6999999999999997,3.5,10.662733978495279
-1.5999999999999996,3.5,10.707918542132802
-1.5,3.5,10.67813414273597
-1.4,3.5,10.577926989470404
-1.2999999999999998,3.5,10.403095961939318
-1.1999999999999997,3.5,10.15868650995667
-1.0999999999999996,3.5,9.90520188784804
-1.0,3.5,9.765658657473033
-0.8999999999999995,3.5,9.812375401143406
-0.7999999999999998,3.5,9.973325906590075
-0.7000000000000002,3.5,10.12578310811754
-0.5999999999999996,3.5,10.209527554290007
-0.5,3.5,10.219789193034934
-0.39999999999999947,3.5,10.161033583170218
-0.2999999999999998,3.5,10.028965644132747
-0.1999999999999993,3.5,9.828523859356839
-0.09999999999999964,3.5,9.620092071213044
0.0,3.5,9.526555806697585
0.10000000000000053,3.5,9.620092071213046
0.20000000000000018,3.5,9.82852385935684
0.3000000000000007,3.5,10.028965644132747
0.40000000000000036,3.5,10.161033583170218
0.5,3.5,10.219789193034934
0.6000000000000005,3.5,10.209527554290007
0.7000000000000002,3.5,10.12578310811754
0.8000000000000007,3.5,9.973325906590073
0.9000000000000004,3.5,9.812375401143406
1.0,3.5,9.765658657473033
1.1000000000000005,3.5,9.905201887848044
1.2000000000000002,3.5,10.158686509956672
1.3000000000000007,3.5,10.40309596193932
1.4000000000000004,3.5,10.577926989470404
1.5,3.5,10.67813414273597
1.6000000000000005,3.5,10.707918542132804
1.7000000000000002,3.5,10.662733978495279
1.8000000000000007,3.5,10.547283222786824
1.9000000000000004,3.5,10.421731649219304
2.0,3.5,10.408765084522413
2.1000000000000005,3.5,10.580380802388238
2.2,3.5,10.864242902238878
2.3000000000000007,3.5,11.137328332591197
2.4000000000000004,3.5,11.3391373048441
2.5,3.5,11.464636863626962
2.6000000000000005,3.5,11.518048698376289
2.7,3.5,11.4948542848017
2.8000000000000007,3.5,11.399790250734856
2.9000000000000004,3.5,11.293061086471306
3.0,3.5,11.29739612511602
3.0999999999999996,3.5,11.484839721569946
3.200000000000001,3.5,11.783105876014204
3.3000000000000007,3.5,12.069223566303913
3.4000000000000004,3.5,12.28274653702723
3.5,3.5,12.418696311459412
3.5999999999999996,3.5,12.48134950968983
3.700000000000001,3.5,12.466242559046028
3.8000000000000007,3.5,12.378166687924
3.9000000000000004,3.5,12.277380319164852
4.0,3.5,12.286665784156442
4.1,3.5,12.478119281787029
4.200000000000001,3.5,12.779505323567143
4.300000000000001,3.5,13.06790192487644
4.4,3.5,13.28291028580722
4.5,3.5,13.419597723783458
4.600000000000001,3.5,13.482284937455805
4.700000000000001,3.5,13.466550684516907
4.800000000000001,3.5,13.377226761374247
4.9,3.5,13.27461039795686
5.0,3.5,13.281520986270928
-5.0,3.5999999999999996,13.250111393651359
-4.9,3.5999999999999996,13.25405596047521
-4.8,3.5999999999999996,13.378591221582944
-4.7,3.5999999999999996,13.488588068848792
-4.6,3.5999999999999996,13.517703889875085
-4.5,3.5999999999999996,13.460618732529399
-4.4,3.5999999999999996,13.322192424429634
-4.3,3.5999999999999996,13.097666475995185
-4.2,3.5999999999999996,12.792462492916265
-4.1,3.5999999999999996,12.473025370816334
-4.0,3.5999999999999996,12.274587442075271
-3.9,3.5999999999999996,12.27661520790338
-3.8,3.5999999999999996,12.399780909959585
-3.7,3.5999999999999996,12.508991280742732
-3.5999999999999996,3.5999999999999996,12.537941130051593
-3.5,3.5999999999999996,12.48134950968983
-3.4,3.5999999999999996,12.344116819686436
-3.3,3.5999999999999996,12.121526682264992
-3.2,3.5999999999999996,11.819044306780901
-3.0999999999999996,3.5999999999999996,11.503159615521366
-3.0,3.5999999999999996,11.309151297216179
-2.9,3.5999999999999996,11.316533418009344
-2.8,3.5999999999999996,11.446026840655572
-2.6999999999999997,3.5999999999999996,11.562587787498886
-2.5999999999999996,3.5999999999999996,11.599961200780772
-2.5,3.5999999999999996,11.5529166387166
-2.4,3.5999999999999996,11.42640506699602
-2.3,3.5999999999999996,11.215760368588107
-2.1999999999999997,3.5999999999999996,10.926497292148268
-2.0999999999999996,3.5999999999999996,10.625154106628905
-2.0,3.5999999999999996,10.447056127506299
-1.9,3.5999999999999996,10.471761744049985
-1.7999999999999998,3.5999999999999996,10.620033199462359
-1.6999999999999997,3.5999999999999996,10.756864462185495
-1.5999999999999996,3.5999999999999996,10.816033846626945
-1.5,3.5999999999999996,10.792339128685308
-1.4,3.5999999999999996,10.690753525148487
-1.2999999999999998,3.5999999999999996,10.50662637191568
-1.1999999999999997,3.5999999999999996,10.245480236156231
-1.0999999999999996,3.5999999999999996,9.973852747549207
-1.0,3.5999999999999996,9.827059334123716
-0.8999999999999995,3.5999999999999996,9.884638514477325
-0.7999999999999998,3.5999999999999996,10.067322022292789
-0.7000000000000002,3.5999999999999996,10.240062126594996
-0.5999999999999996,3.5999999999999996,10.336583831327632
-0.5,3.5999999999999996,10.351619724110252
-0.39999999999999947,3.5999999999999996,10.290065865728334
-0.2999999999999998,3.5999999999999996,10.147182574565253
-0.1999999999999993,3.5999999999999996,9.928391855906339
-0.09999999999999964,3.5999999999999996,9.700119770496615
0.0,3.5999999999999996,9.597559930562054
0.10000000000000053,3.5999999999999996,9.700119770496617
0.20000000000000018,3.5999999999999996,9.92839185590634
0.3000000000000007,3.5999999999999996,10.147182574565253
0.40000000000000036,3.5999999999999996,10.290065865728334
0.5,3.5999999999999996,10.351619724110252
0.6000000000000005,3.5999999999999996,10.336583831327632
0.7000000000000002,3.5999999999999996,10.240062126594996
0.8000000000000007,3.5999999999999996,10.067322022292787
0.9000000000000004,3.5999999999999996,9.884638514477325
1.0,3.5999999999999996,9.827059334123716
1.1000000000000005,3.5999999999999996,9.97385274754921
1.2000000000000002,3.5999999999999996,10.245480236156233
1.3000000000000007,3.5999999999999996,10.506626371915683
1.4000000000000004,3.5999999999999996,10.690753525148487
1.5,3.5999999999999996,10.792339128685308
1.6000000000000005,3.5999999999999996,10.816033846626945
1.7000000000000002,3.5999999999999996,10.756864462185495
1.8000000000000007,3.5999999999999996,10.62003319946236
1.9000000000000004,3.5999999999999996,10.471761744049985
2.0,3.5999999999999996,10.447056127506299
2.1000000000000005,3.5999999999999996,10.625154106628907
2.2,3.5999999999999996,10.92649729214827
2.3000000000000007,3.5999999999999996,11.215760368588109
2.4000000000000004,3.5999999999999996,11.42640506699602
2.5,3.5999999999999996,11.5529166387166
2.6000000000000005,3.5999999999999996,11.599961200780774
2.7,3.5999999999999996,11.562587787498886
2.8000000000000007,3.5999999999999996,11.446026840655572
2.9000000000000004,3.5999999999999996,11.316533418009342
3.0,3.5999999999999996,11.309151297216179
3.0999999999999996,3.5999999999999996,11.503159615521366
3.200000000000001,3.5999999999999996,11.819044306780903
3.3000000000000007,3.5999999999999996,12.121526682264992
3.4000000000000004,3.5999999999999996,12.344116819686436
3.5,3.5999999999999996,12.48134950968983
3.5999999999999996,3.5999999999999996,12.537941130051593
3.700000000000001,3.5999999999999996,12.50899128074273
3.8000000000000007,3.5999999999999996,12.399780909959583
3.9000000000000004,3.5999999999999996,12.276615207903378
4.0,3.5999999999999996,12.274587442075271
4.1,3.5999999999999996,12.473025370816334
4.200000000000001,3.5999999999999996,12.792462492916266
4.300000000000001,3.5999999999999996,13.097666475995185
4.4,3.5999999999999996,13.322192424429634
4.5,3.5999999999999996,13.460618732529399
4.600000000000001,3.5999999999999996,13.517703889875083
4.700000000000001,3.5999999999999996,13.488588068848793
4.800000000000001,3.5999999999999996,13.378591221582942
4.9,3.5999999999999996,13.25405596047521
5.0,3.5999999999999996,13.250111393651359
-5.0,3.700000000000001,13.007110411955242
-4.9,3.700000000000001,13.041235306626358
-4.8,3.700000000000001,13.230360098037071
-4.7,3.700000000000001,13.40096477758218
-4.6,3.700000000000001,13.467852062192241
-4.5,3.700000000000001,13.424178379747516
-4.4,3.700000000000001,13.27617026347932
-4.3,3.700000000000001,13.017703035356362
-4.2,3.700000000000001,12.655722411916358
-4.1,3.700000000000001,12.275528397587243
-4.0,3.700000000000001,12.050744583968434
-3.9,3.700000000000001,12.083388524096751
-3.8,3.700000000000001,12.271580546727732
-3.7,3.700000000000001,12.44183522484936
-3.5999999999999996,3.700000000000001,12.50899128074273
-3.5,3.700000000000001,12.466242559046028
-3.4,3.700000000000001,12.319854395197106
-3.3,3.700000000000001,12.063742257056518
-3.2,3.700000000000001,11.704893290775473
-3.0999999999999996,3.700000000000001,11.328650133364008
-3.0,3.700000000000001,11.108680107661709
-2.9,3.700000000000001,11.14704546581318
-2.8,3.700000000000001,11.341912043238107
-2.6999999999999997,3.700000000000001,11.519840534204105
-2.5999999999999996,3.700000000000001,11.595716168206751
-2.5,3.700000000000001,11.562779415587256
-2.4,3.700000000000001,11.427342046927453
-2.3,3.700000000000001,11.183365421506902
-2.1999999999999997,3.700000000000001,10.8378816338398
-2.0999999999999996,3.700000000000001,10.476276879344411
-2.0,3.700000000000001,10.272260154284906
-1.9,3.700000000000001,10.327932956578367
-1.7999999999999998,3.700000000000001,10.541497351226184
-1.6999999999999997,3.700000000000001,10.739546614755234
-1.5999999999999996,3.700000000000001,10.836994242880627
-1.5,3.700000000000001,10.827103956759219
-1.4,3.700000000000001,10.71620504140716
-1.2999999999999998,3.700000000000001,10.498269902801717
-1.1999999999999997,3.700000000000001,10.180334486152208
-1.0999999999999996,3.700000000000001,9.847780932024207
-1.0,3.700000000000001,9.674305603068138
-0.8999999999999995,3.700000000000001,9.761988167219673
-0.7999999999999998,3.700000000000001,10.00899912161027
-0.7000000000000002,3.700000000000001,10.241889992654043
-0.5999999999999996,3.700000000000001,10.375522017466752
-0.5,3.700000000000001,10.403095961939322
-0.39999999999999947,3.700000000000001,10.3308674270647
-0.2999999999999998,3.700000000000001,10.152724545161542
-0.1999999999999993,3.700000000000001,9.875608719743012
-0.09999999999999964,3.700000000000001,9.584797792241194
0.0,3.700000000000001,9.453874769395886
0.10000000000000053,3.700000000000001,9.584797792241197
0.20000000000000018,3.700000000000001,9.875608719743015
0.3000000000000007,3.700000000000001,10.152724545161544
0.40000000000000036,3.700000000000001,10.330867427064701
0.5,3.700000000000001,10.403095961939322
0.6000000000000005,3.700000000000001,10.37552201746675
0.7000000000000002,3.700000000000001,10.241889992654043
0.8000000000000007,3.700000000000001,10.008999121610266
0.9000000000000004,3.700000000000001,9.76198816721967
1.0,3.700000000000001,9.674305603068138
1.1000000000000005,3.700000000000001,9.847780932024211
1.2000000000000002,3.700000000000001,10.180334486152208
1.3000000000000007,3.700000000000001,10.498269902801718
1.4000000000000004,3.700000000000001,10.716205041407163
1.5,3.700000000000001,10.827103956759219
1.6000000000000005,3.700000000000001,10.836994242880625
1.7000000000000002,3.700000000000001,10.739546614755234
1.8000000000000007,3.700000000000001,10.54149735122618
1.9000000000000004,3.700000000000001,10.327932956578367
2.0,3.700000000000001,10.272260154284906
2.1000000000000005,3.700000000000001,10.476276879344415
2.2,3.700000000000001,10.837881633839801
2.3000000000000007,3.700000000000001,11.183365421506906
2.4000000000000004,3.700000000000001,11.427342046927455
2.5,3.700000000000001,11.562779415587256
2.6000000000000005,3.700000000000001,11.59571616820675
2.7,3.700000000000001,11.519840534204109
2.8000000000000007,3.700000000000001,11.341912043238107
2.9000000000000004,3.700000000000001,11.147045465813179
3.0,3.700000000000001,11.108680107661709
3.0999999999999996,3.700000000000001,11.328650133364008
3.200000000000001,3.700000000000001,11.70489329077548
3.3000000000000007,3.700000000000001,12.063742257056521
3.4000000000000004,3.700000000000001,12.31985439519711
3.5,3.700000000000001,12.466242559046028
3.5999999999999996,3.700000000000001,12.50899128074273
3.700000000000001,3.700000000000001,12.441835224849358
3.8000000000000007,3.700000000000001,12.27158054672773
3.9000000000000004,3.700000000000001,12.083388524096751
4.0,3.700000000000001,12.050744583968434
4.1,3.700000000000001,12.275528397587243
4.200000000000001,3.700000000000001,12.655722411916361
4.300000000000001,3.700000000000001,13.017703035356362
4.4,3.700000000000001,13.27617026347932
4.5,3.700000000000001,13.424178379747516
4.600000000000001,3.700000000000001,13.467852062192243
4.700000000000001,3.700000000000001,13.400964777582178
4.800000000000001,3.700000000000001,13.23036009803707
4.9,3.700000000000001,13.041235306626358
5.0,3.700000000000001,13.007110411955242
-5.0,3.8000000000000007,12.565713630021115
-4.9,3.8000000000000007,12.648134832132694
-4.8,3.8000000000000007,12.941852545084206
-4.7,3.8000000000000007,13.210503455895235
-4.6,3.8000000000000007,13.338026267570074
-4.5,3.8000000000000007,13.315082988555453
-4.4,3.8000000000000007,13.150137016736453
-4.3,3.8000000000000007,12.834827068018635
-4.2,3.8000000000000007,12.378593511508779
-4.1,3.8000000000000007,11.897600547697502
-4.0,3.8000000000000007,11.628315177979495
-3.9,3.8000000000000007,11.709669308092664
-3.8,3.8000000000000007,12.002867770162123
-3.7,3.8000000000000007,12.271580546727733
-3.5999999999999996,3.8000000000000007,12.399780909959583
-3.5,3.8000000000000007,12.378166687924
-3.4,3.8000000000000007,12.21523831179895
-3.3,3.8000000000000007,11.902672692084915
-3.2,3.8000000000000007,11.449949483664275
-3.0999999999999996,3.8000000000000007,10.973273173807671
-3.0,3.8000000000000007,10.709151939031258
-2.9,3.8000000000000007,10.79655961085582
-2.8,3.8000000000000007,11.096743532563526
-2.6999999999999997,3.8000000000000007,11.373416587732407
-2.5999999999999996,3.8000000000000007,11.510595111211648
-2.5,3.8000000000000007,11.499019891997392
-2.4,3.8000000000000007,11.347233919742399
-2.3,3.8000000000000007,11.046955921133055
-2.1999999999999997,3.8000000000000007,10.607706244661818
-2.0999999999999996,3.8000000000000007,10.145728527206732
-2.0,3.8000000000000007,9.897568088439073
-1.9,3.8000000000000007,10.002233394207876
-1.7999999999999998,3.8000000000000007,10.32100337325726
-1.6999999999999997,3.8000000000000007,10.617618871659262
-1.5999999999999996,3.8000000000000007,10.776119960738308
-1.5,3.8000000000000007,10.78726631471475
-1.4,3.8000000000000007,10.659614318330215
-1.2999999999999998,3.8000000000000007,10.384889961034435
-1.1999999999999997,3.8000000000000007,9.972614088410754
-1.0999999999999996,3.8000000000000007,9.539023458107877
-1.0,3.8000000000000007,9.320648561668243
-0.8999999999999995,3.8000000000000007,9.456474569984076
-0.7999999999999998,3.8000000000000007,9.80774820412051
-0.7000000000000002,3.8000000000000007,10.138168833549857
-0.5999999999999996,3.8000000000000007,10.33172553488872
-0.5,3.8000000000000007,10.379117343628923
-0.39999999999999947,3.8000000000000007,10.288830373575722
-0.2999999999999998,3.8000000000000007,10.052510872432082
-0.1999999999999993,3.8000000000000007,9.67959079272173
-0.09999999999999964,3.8000000000000007,9.286209329812822
0.0,3.8000000000000007,9.108791388352937
0.10000000000000053,3.8000000000000007,9.286209329812824
0.20000000000000018,3.8000000000000007,9.679590792721733
0.3000000000000007,3.8000000000000007,10.052510872432084
0.40000000000000036,3.8000000000000007,10.288830373575724
0.5,3.8000000000000007,10.379117343628923
0.6000000000000005,3.8000000000000007,10.331725534888719
0.7000000000000002,3.8000000000000007,10.138168833549857
0.8000000000000007,3.8000000000000007,9.807748204120507
0.9000000000000004,3.8000000000000007,9.456474569984074
1.0,3.8000000000000007,9.320648561668243
1.1000000000000005,3.8000000000000007,9.53902345810788
1.2000000000000002,3.8000000000000007,9.972614088410756
1.3000000000000007,3.8000000000000007,10.384889961034439
1.4000000000000004,3.8000000000000007,10.659614318330215
1.5,3.8000000000000007,10.78726631471475
1.6000000000000005,3.8000000000000007,10.77611996073831
1.7000000000000002,3.8000000000000007,10.61761887165926
1.8000000000000007,3.8000000000000007,10.321003373257257
1.9000000000000004,3.8000000000000007,10.002233394207876
2.0,3.8000000000000007,9.897568088439073
2.1000000000000005,3.8000000000000007,10.145728527206733
2.2,3.8000000000000007,10.60770624466182
2.3000000000000007,3.8000000000000007,11.04695592113306
2.4000000000000004,3.8000000000000007,11.347233919742399
2.5,3.8000000000000007,11.499019891997392
2.6000000000000005,3.8000000000000007,11.510595111211646
2.7,3.8000000000000007,11.373416587732407
2.8000000000000007,3.8000000000000007,11.096743532563522
2.9000000000000004,3.8000000000000007,10.79655961085582
3.0,3.8000000000000007,10.709151939031258
3.0999999999999996,3.8000000000000007,10.973273173807671
3.200000000000001,3.8000000000000007,11.449949483664282
3.3000000000000007,3.8000000000000007,11.902672692084916
3.4000000000000004,3.8000000000000007,12.21523831179895
3.5,3.8000000000000007,12.378166687924
3.5999999999999996,3.8000000000000007,12.399780909959583
3.700000000000001,3.8000000000000007,12.27158054672773
3.8000000000000007,3.8000000000000007,12.002867770162123
3.9000000000000004,3.8000000000000007,11.70966930809266
4.0,3.8000000000000007,11.628315177979495
4.1,3.8000000000000007,11.897600547697502
4.200000000000001,3.8000000000000007,12.378593511508786
4.300000000000001,3.8000000000000007,12.834827068018637
4.4,3.8000000000000007,13.150137016736453
4.5,3.8000000000000007,13.315082988555453
4.600000000000001,3.8000000000000007,13.338026267570076
4.700000000000001,3.8000000000000007,13.210503455895232
4.800000000000001,3.8000000000000007,12.941852545084204
4.9,3.8000000000000007,12.648134832132694
5.0,3.8000000000000007,12.565713630021115
-5.0,3.9000000000000004,12.089880735310782
-4.9,3.9000000000000004,12.223774664555382
-4.8,3.9000000000000004,12.629110284181984
-4.7,3.9000000000000004,13.002379800646596
-4.6,3.9000000000000004,13.194545412812953
-4.5,3.9000000000000004,13.19360385625669
-4.4,3.9000000000000004,13.010408355283198
-4.3,3.9000000000000004,12.634207818047003
-4.2,3.9000000000000004,12.077107880714548
-4.1,3.9000000000000004,11.48824919308512
-4.0,3.9000000000000004,11.171243108611154
-3.9,3.9000000000000004,11.304462236152581
-3.8,3.9000000000000004,11.709669308092662
-3.7,3.9000000000000004,12.083388524096755
-3.5999999999999996,3.9000000000000004,12.276615207903378
-3.5,3.9000000000000004,12.277380319164852
-3.4,3.9000000000000004,12.096572359596248
-3.3,3.9000000000000004,11.723476507011638
-3.2,3.9000000000000004,11.170235581261307
-3.0999999999999996,3.9000000000000004,10.586028232452094
-3.0,3.9000000000000004,10.274504512276982
-2.9,3.9000000000000004,10.414076283621183
-2.8,3.9000000000000004,10.826545920892473
-2.6999999999999997,3.9000000000000004,11.20847745821567
-2.5999999999999996,3.9000000000000004,11.410906020840434
-2.5,3.9000000000000004,11.421902079916581
-2.4,3.9000000000000004,11.252393068299565
-2.3,3.9000000000000004,10.891702189739702
-2.1999999999999997,3.9000000000000004,10.352009024731265
-2.0999999999999996,3.9000000000000004,9.782527323282947
-2.0,3.9000000000000004,9.486940146071042
-1.9,3.9000000000000004,9.643689810678053
-1.7999999999999998,3.9000000000000004,10.074606097945257
-1.6999999999999997,3.9000000000000004,10.476276879344416
-1.5999999999999996,3.9000000000000004,10.699757005791634
-1.5,3.9000000000000004,10.733132004540018
-1.4,3.9000000000000004,10.587339129769472
-1.2999999999999998,3.9000000000000004,10.251705608672975
-1.1999999999999997,3.9000000000000004,9.738408697209586
-1.0999999999999996,3.9000000000000004,9.19665294801564
-1.0,3.9000000000000004,8.930104865309241
-0.8999999999999995,3.9000000000000004,9.117182417730552
-0.7999999999999998,3.9000000000000004,9.579682878886212
-0.7000000000000002,3.9000000000000004,10.014153171292756
-0.5999999999999996,3.9000000000000004,10.271598568456286
-0.5,3.9000000000000004,10.340046314980935
-0.39999999999999947,3.9000000000000004,10.23036672190403
-0.2999999999999998,3.9000000000000004,9.931811588338583
-0.1999999999999993,3.9000000000000004,9.45647456998407
-0.09999999999999964,3.9000000000000004,8.953468899973888
0.0,3.9000000000000004,8.72636263603975
0.10000000000000053,3.9000000000000004,8.953468899973892
0.20000000000000018,3.9000000000000004,9.456474569984076
0.3000000000000007,3.9000000000000004,9.931811588338586
0.40000000000000036,3.9000000000000004,10.230366721904032
0.5,3.9000000000000004,10.340046314980935
0.6000000000000005,3.9000000000000004,10.271598568456286
0.7000000000000002,3.9000000000000004,10.014153171292756
0.8000000000000007,3.9000000000000004,9.57968287888621
0.9000000000000004,3.9000000000000004,9.117182417730548
1.0,3.9000000000000004,8.930104865309241
1.1000000000000005,3.9000000000000004,9.196652948015643
1.2000000000000002,3.9000000000000004,9.738408697209588
1.3000000000000007,3.9000000000000004,10.251705608672978
1.4000000000000004,3.9000000000000004,10.587339129769475
1.5,3.9000000000000004,10.733132004540018
1.6000000000000005,3.9000000000000004,10.699757005791632
1.7000000000000002,3.9000000000000004,10.476276879344415
1.8000000000000007,3.9000000000000004,10.074606097945253
1.9000000000000004,3.9000000000000004,9.643689810678051
2.0,3.9000000000000004,9.486940146071042
2.1000000000000005,3.9000000000000004,9.78252732328295
2.2,3.9000000000000004,10.352009024731267
2.3000000000000007,3.9000000000000004,10.891702189739707
2.4000000000000004,3.9000000000000004,11.252393068299567
2.5,3.9000000000000004,11.421902079916581
2.6000000000000005,3.9000000000000004,11.410906020840434
2.7,3.9000000000000004,11.20847745821567
2.8000000000000007,3.9000000000000004,10.826545920892471
2.9000000000000004,3.9000000000000004,10.414076283621181
3.0,3.9000000000000004,10.274504512276982
3.0999999999999996,3.9000000000000004,10.586028232452094
3.200000000000001,3.9000000000000004,11.170235581261315
3.3000000000000007,3.9000000000000004,11.723476507011643
3.4000000000000004,3.9000000000000004,12.09657235959625
3.5,3.9000000000000004,12.277380319164852
3.5999999999999996,3.9000000000000004,12.276615207903378
3.700000000000001,3.9000000000000004,12.083388524096751
3.8000000000000007,3.9000000000000004,11.70966930809266
3.9000000000000004,3.9000000000000004,11.304462236152581
4.0,3.9000000000000004,11.171243108611154
4.1,3.9000000000000004,11.48824919308512
4.200000000000001,3.9000000000000004,12.077107880714557
4.300000000000001,3.9000000000000004,12.634207818047006
4.4,3.9000000000000004,13.010408355283198
4.5,3.9000000000000004,13.19360385625669
4.600000000000001,3.9000000000000004,13.194545412812953
4.700000000000001,3.9000000000000004,13.002379800646592
4.800000000000001,3.9000000000000004,12.629110284181982
4.9,3.9000000000000004,12.223774664555382
5.0,3.9000000000000004,12.089880735310782
-5.0,4.0,11.913518152857637
-4.9,4.0,12.071644262058816
-4.8,4.0,12.528476461737933
-4.7,4.0,12.950091725805953
-4.6,4.0,13.172514487383365
-4.5,4.0,13.182534138149894
-4.4,4.0,12.992086377686364
-4.3,4.0,12.589337436080216
-4.2,4.0,11.987600067193831
-4.1,4.0,11.350952413520297
-4.0,4.0,11.013420717655569
-3.9,4.0,11.171243108611156
-3.8,4.0,11.628315177979497
-3.7,4.0,12.05074458396844
-3.5999999999999996,4.0,12.274587442075271
-3.5,4.0,12.286665784156442
-3.4,4.0,12.09894885440035
-3.3,4.0,11.699637263854715
-3.2,4.0,11.102078899201125
-3.0999999999999996,4.0,10.470387684925932
-3.0,4.0,10.138626172095204
-2.9,4.0,10.303069180122469
-2.8,4.0,10.767649204730962
-2.6999999999999997,4.0,11.19851082839044
-2.5999999999999996,4.0,11.431746890395582
-2.5,4.0,11.454215696941548
-2.4,4.0,11.277922038586928
-2.3,4.0,10.89110103601335
-2.1999999999999997,4.0,10.307133709508022
-2.0999999999999996,4.0,9.690165371637631
-2.0,4.0,9.374287817340646
-1.9,4.0,9.55580253966367
-1.7999999999999998,4.0,10.038665687111669
-1.6999999999999997,4.0,10.489042002697248
-1.5999999999999996,4.0,10.743040506787825
-1.5,4.0,10.787531210229893
-1.4,4.0,10.63452563248979
-1.2999999999999998,4.0,10.272260154284908
-1.1999999999999997,4.0,9.714111109852599
-1.0999999999999996,4.0,9.124212729082625
-1.0,4.0,8.836638915350669
-0.8999999999999995,4.0,9.04766609948864
-0.7999999999999998,4.0,9.561217898350028
-0.7000000000000002,4.0,10.043418830436499
-0.5999999999999996,4.0,10.330329862517042
-0.5,4.0,10.408765084522413
-0.39999999999999947,4.0,10.290672296726807
-0.2999999999999998,4.0,9.964216545934788
-0.1999999999999993,4.0,9.442695520570044
-0.09999999999999964,4.0,8.890157916741204
0.0,4.0,8.640585759756158
0.10000000000000053,4.0,8.890157916741208
0.20000000000000018,4.0,9.44269552057005
0.3000000000000007,4.0,9.964216545934791
0.40000000000000036,4.0,10.290672296726811
0.5,4.0,10.408765084522413
0.6000000000000005,4.0,10.33032986251704
0.7000000000000002,4.0,10.043418830436499
0.8000000000000007,4.0,9.561217898350025
0.9000000000000004,4.0,9.047666099488637
1.0,4.0,8.836638915350669
1.1000000000000005,4.0,9.124212729082629
1.2000000000000002,4.0,9.7141111098526
1.3000000000000007,4.0,10.272260154284911
1.4000000000000004,4.0,10.63452563248979
1.5,4.0,10.787531210229893
1.6000000000000005,4.0,10.743040506787825
1.7000000000000002,4.0,10.489042002697246
1.8000000000000007,4.0,10.038665687111662
1.9000000000000004,4.0,9.555802539663668
2.0,4.0,9.374287817340646
2.1000000000000005,4.0,9.690165371637635
2.2,4.0,10.307133709508026
2.3000000000000007,4.0,10.891101036013355
2.4000000000000004,4.0,11.27792203858693
2.5,4.0,11.454215696941548
2.6000000000000005,4.0,11.43174689039558
2.7,4.0,11.19851082839044
2.8000000000000007,4.0,10.76764920473096
2.9000000000000004,4.0,10.303069180122467
3.0,4.0,10.138626172095204
3.0999999999999996,4.0,10.470387684925932
3.200000000000001,4.0,11.102078899201134
3.3000000000000007,4.0,11.699637263854717
3.4000000000000004,4.0,12.098948854400353
3.5,4.0,12.286665784156442
3.5999999999999996,4.0,12.274587442075271
3.700000000000001,4.0,12.050744583968434
3.8000000000000007,4.0,11.628315177979495
3.9000000000000004,4.0,11.171243108611154
4.0,4.0,11.013420717655569
4.1,4.0,11.350952413520297
4.200000000000001,4.0,11.987600067193839
4.300000000000001,4.0,12.58933743608022
4.4,4.0,12.992086377686364
4.5,4.0,13.182534138149894
4.600000000000001,4.0,13.17251448738336
4.700000000000001,4.0,12.950091725805947
4.800000000000001,4.0,12.528476461737931
4.9,4.0,12.071644262058816
5.0,4.0,11.913518152857637
-5.0,4.1,12.232742753298032
-4.9,4.1,12.369992866955641
-4.8,4.1,12.778757632597346
-4.7,4.1,13.15552959315828
-4.6,4.1,13.351271126396904
-4.5,4.1,13.353978970163466
-4.4,4.1,13.174506153894054
-4.3,4.1,12.802101171674614
-4.2,4.1,12.24886900278673
-4.1,4.1,11.66394937213706
-4.0,4.1,11.350952413520297
-3.9,4.1,11.488249193085121
-3.8,4.1,11.897600547697504
-3.7,4.1,12.275528397587244
-3.5999999999999996,4.1,12.473025370816334
-3.5,4.1,12.478119281787029
-3.4,4.1,12.301695003308392
-3.3,4.1,11.933033566126925
-3.2,4.1,11.38427309033644
-3.0999999999999996,4.1,10.804586939532868
-3.0,4.1,10.49761925911242
-2.9,4.1,10.641775354547255
-2.8,4.1,11.058850362851523
-2.6999999999999997,4.1,11.445400375242656
-2.5999999999999996,4.1,11.652451847310076
-2.5,4.1,11.668065837900736
-2.4,4.1,11.503159615521366
-2.3,4.1,11.14704546581318
-2.1999999999999997,4.1,10.611891304620118
-2.0999999999999996,4.1,10.046898488169226
-2.0,4.1,9.755736983056257
-1.9,4.1,9.91683535390002
-1.7999999999999998,4.1,10.352009024731267
-1.6999999999999997,4.1,10.757830975875697
-1.5999999999999996,4.1,10.985340717362144
-1.5,4.1,11.022608085787878
-1.4,4.1,10.880554410177023
-1.2999999999999998,4.1,10.54849088811066
-1.1999999999999997,4.1,10.03857878528882
-1.0999999999999996,4.1,9.500006859479054
-1.0,4.1,9.236426181605154
-0.8999999999999995,4.1,9.42623982229766
-0.7999999999999998,4.1,9.891230870546554
-0.7000000000000002,4.1,10.327932956578366
-0.5999999999999996,4.1,10.587339129769472
-0.5,4.1,10.65746564733067
-0.39999999999999947,4.1,10.54917322671665
-0.2999999999999998,4.1,10.251705608672975
-0.1999999999999993,4.1,9.77715004756332
-0.09999999999999964,4.1,9.274615130949007
0.0,4.1,9.047666099488636
0.10000000000000053,4.1,9.27461513094901
0.20000000000000018,4.1,9.777150047563325
0.3000000000000007,4.1,10.251705608672978
0.40000000000000036,4.1,10.549173226716652
0.5,4.1,10.65746564733067
0.6000000000000005,4.1,10.58733912976947
0.7000000000000002,4.1,10.327932956578366
0.8000000000000007,4.1,9.891230870546549
0.9000000000000004,4.1,9.426239822297656
1.0,4.1,9.236426181605154
1.1000000000000005,4.1,9.500006859479058
1.2000000000000002,4.1,10.038578785288824
1.3000000000000007,4.1,10.548490888110665
1.4000000000000004,4.1,10.880554410177023
1.5,4.1,11.022608085787878
1.6000000000000005,4.1,10.985340717362142
1.7000000000000002,4.1,10.757830975875695
1.8000000000000007,4.1,10.352009024731261
1.9000000000000004,4.1,9.91683535390002
2.0,4.1,9.755736983056257
2.1000000000000005,4.1,10.04689848816923
2.2,4.1,10.611891304620121
2.3000000000000007,4.1,11.147045465813186
2.4000000000000004,4.1,11.503159615521366
2.5,4.1,11.668065837900736
2.6000000000000005,4.1,11.652451847310074
2.7,4.1,11.44540037524266
2.8000000000000007,4.1,11.05885036285152
2.9000000000000004,4.1,10.641775354547253
3.0,4.1,10.49761925911242
3.0999999999999996,4.1,10.804586939532868
3.200000000000001,4.1,11.384273090336446
3.3000000000000007,4.1,11.933033566126927
3.4000000000000004,4.1,12.301695003308396
3.5,4.1,12.478119281787029
3.5999999999999996,4.1,12.473025370816334
3.700000000000001,4.1,12.275528397587243
3.8000000000000007,4.1,11.897600547697502
3.9000000000000004,4.1,11.48824919308512
4.0,4.1,11.350952413520297
4.1,4.1,11.66394937213706
4.200000000000001,4.1,12.248869002786735
4.300000000000001,4.1,12.802101171674616
4.4,4.1,13.174506153894054
4.5,4.1,13.353978970163466
4.600000000000001,4.1,13.351271126396902
4.700000000000001,4.1,13.155529593158274
4.800000000000001,4.1,12.778757632597344
4.9,4.1,12.369992866955641
5.0,4.1,12.232742753298032
-5.0,4.200000000000001,12.851327347181755
-4.9,4.200000000000001,12.94045827096014
-4.8,4.200000000000001,13.241031656272634
-4.7,4.200000000000001,13.51668487581452
-4.6,4.200000000000001,13.651357004469066
-4.5,4.200000000000001,13.635710070773188
-4.4,4.200000000000001,13.478207099939704
-4.3,4.200000000000001,13.170485998394652
-4.2,4.200000000000001,12.721985841778718
-4.1,4.200000000000001,12.248869002786735
-4.0,4.200000000000001,11.987600067193839
-3.9,4.200000000000001,12.077107880714559
-3.8,4.200000000000001,12.378593511508786
-3.7,4.200000000000001,12.655722411916365
-3.5999999999999996,4.200000000000001,12.792462492916266
-3.5,4.200000000000001,12.779505323567143
-3.4,4.200000000000001,12.625344109840391
-3.3,4.200000000000001,12.321647501537493
-3.2,4.200000000000001,11.877885787939846
-3.0999999999999996,4.200000000000001,11.410252917249192
-3.0,4.200000000000001,11.15524528686082
-2.9,4.200000000000001,11.25182364584888
-2.8,4.200000000000001,11.561220893286666
-2.6999999999999997,4.200000000000001,11.84713405491111
-2.5999999999999996,4.200000000000001,11.993562150723223
-2.5,4.200000000000001,11.99122716510186
-2.4,4.200000000000001,11.8486517734501
-2.3,4.200000000000001,11.557532874030473
-2.1999999999999997,4.200000000000001,11.127367486031238
-2.0999999999999996,4.200000000000001,10.674374449821176
-2.0,4.200000000000001,10.435072877916326
-1.9,4.200000000000001,10.548443700174959
-1.7999999999999998,4.200000000000001,10.875737089703446
-1.6999999999999997,4.200000000000001,11.180664055621985
-1.5999999999999996,4.200000000000001,11.347233919742402
-1.5,4.200000000000001,11.366174894036606
-1.4,4.200000000000001,11.246011419050761
-1.2999999999999998,4.200000000000001,10.978437318853057
-1.1999999999999997,4.200000000000001,10.572941341210013
-1.0999999999999996,4.200000000000001,10.145728527206739
-1.0,4.200000000000001,9.933298367539363
-0.8999999999999995,4.200000000000001,10.074606097945264
-0.7999999999999998,4.200000000000001,10.430869929204492
-0.7000000000000002,4.200000000000001,10.765762506533376
-0.5999999999999996,4.200000000000001,10.963248323507115
-0.5,4.200000000000001,11.014004314560633
-0.39999999999999947,4.200000000000001,10.926497292148271
-0.2999999999999998,4.200000000000001,10.692357288511626
-0.1999999999999993,4.200000000000001,10.321003373257263
-0.09999999999999964,4.200000000000001,9.928565391368911
0.0,4.200000000000001,9.751462577014433
0.10000000000000053,4.200000000000001,9.928565391368913
0.20000000000000018,4.200000000000001,10.321003373257266
0.3000000000000007,4.200000000000001,10.69235728851163
0.40000000000000036,4.200000000000001,10.926497292148273
0.5,4.200000000000001,11.014004314560633
0.6000000000000005,4.200000000000001,10.963248323507113
0.7000000000000002,4.200000000000001,10.765762506533376
0.8000000000000007,4.200000000000001,10.430869929204489
0.9000000000000004,4.200000000000001,10.074606097945262
1.0,4.200000000000001,9.933298367539363
1.1000000000000005,4.200000000000001,10.14572852720674
1.2000000000000002,4.200000000000001,10.572941341210015
1.3000000000000007,4.200000000000001,10.97843731885306
1.4000000000000004,4.200000000000001,11.246011419050761
1.5,4.200000000000001,11.366174894036606
1.6000000000000005,4.200000000000001,11.347233919742404
1.7000000000000002,4.200000000000001,11.180664055621984
1.8000000000000007,4.200000000000001,10.87573708970344
1.9000000000000004,4.200000000000001,10.548443700174957
2.0,4.200000000000001,10.435072877916326
2.1000000000000005,4.200000000000001,10.674374449821178
2.2,4.200000000000001,11.12736748603124
2.3000000000000007,4.200000000000001,11.557532874030477
2.4000000000000004,4.200000000000001,11.8486517734501
2.5,4.200000000000001,11.99122716510186
2.6000000000000005,4.200000000000001,11.993562150723221
2.7,4.200000000000001,11.84713405491111
2.8000000000000007,4.200000000000001,11.561220893286665
2.9000000000000004,4.200000000000001,11.251823645848878
3.0,4.200000000000001,11.15524528686082
3.0999999999999996,4.200000000000001,11.410252917249192
3.200000000000001,4.200000000000001,11.877885787939851
3.3000000000000007,4.200000000000001,12.321647501537495
3.4000000000000004,4.200000000000001,12.625344109840393
3.5,4.200000000000001,12.779505323567143
3.5999999999999996,4.200000000000001,12.792462492916266
3.700000000000001,4.200000000000001,12.655722411916361
3.8000000000000007,4.200000000000001,12.378593511508786
3.9000000000000004,4.200000000000001,12.077107880714557
4.0,4.200000000000001,11.987600067193839
4.1,4.200000000000001,12.248869002786735
4.200000000000001,4.200000000000001,12.721985841778725
4.300000000000001,4.200000000000001,13.170485998394653
4.4,4.200000000000001,13.478207099939704
4.5,4.200000000000001,13.635710070773188
4.600000000000001,4.200000000000001,13.651357004469062
4.700000000000001,4.200000000000001,13.516684875814516
4.800000000000001,4.200000000000001,13.241031656272632
4.9,4.200000000000001,12.94045827096014
5.0,4.200000000000001,12.851327347181755
-5.0,4.300000000000001,13.435255205909511
-4.9,4.300000000000001,13.47943805388945
-4.8,4.300000000000001,13.678839791867258
-4.7,4.300000000000001,13.859941471422001
-4.6,4.300000000000001,13.93754640240159
-4.5,4.300000000000001,13.904811081548655
-4.4,4.300000000000001,13.767961525628394
-4.3,4.300000000000001,13.520871888915071
-4.2,4.300000000000001,13.17048599839465
-4.1,4.300000000000001,12.802101171674616
-4.0,4.300000000000001,12.58933743608022
-3.9,4.300000000000001,12.634207818047006
-3.8,4.300000000000001,12.834827068018638
-3.7,4.300000000000001,13.017703035356366
-3.5999999999999996,4.300000000000001,13.097666475995185
-3.5,4.300000000000001,13.06790192487644
-3.4,4.300000000000001,12.934663961281327
-3.3,4.300000000000001,12.691855745816266
-3.2,4.300000000000001,12.346450461287706
-3.0999999999999996,4.300000000000001,11.983775021342423
-3.0,4.300000000000001,11.777479164266293
-2.9,4.300000000000001,11.82960560002262
-2.8,4.300000000000001,12.038298574801622
-2.6999999999999997,4.300000000000001,12.23009506678043
-2.5999999999999996,4.300000000000001,12.31985439519711
-2.5,4.300000000000001,12.300788874361976
-2.4,4.300000000000001,12.179179840604093
-2.3,4.300000000000001,11.948955931115906
-2.1999999999999997,4.300000000000001,11.617114247545388
-2.0999999999999996,4.300000000000001,11.269003769285778
-2.0,4.300000000000001,11.07829413545342
-1.9,4.300000000000001,11.147045465813186
-1.7999999999999998,4.300000000000001,11.373416587732411
-1.6999999999999997,4.300000000000001,11.583955886342968
-1.5999999999999996,4.300000000000001,11.693530564190354
-1.5,4.300000000000001,11.69535694686973
-1.4,4.300000000000001,11.595716168206753
-1.2999999999999998,4.300000000000001,11.388532120144331
-1.1999999999999997,4.300000000000001,11.080792306945444
-1.0999999999999996,4.300000000000001,10.757830975875699
-1.0,4.300000000000001,10.593297650878883
-0.8999999999999995,4.300000000000001,10.689226747158346
-0.7999999999999998,4.300000000000001,10.943745641319053
-0.7000000000000002,4.300000000000001,11.183365421506906
-0.5999999999999996,4.300000000000001,11.322910110506017
-0.5,4.300000000000001,11.355547004131918
-0.39999999999999947,4.300000000000001,11.28750246320335
-0.2999999999999998,4.300000000000001,11.112640047609478
-0.1999999999999993,4.300000000000001,10.837881633839803
-0.09999999999999964,4.300000000000001,10.548490888110663
0.0,4.300000000000001,10.418042219649958
0.10000000000000053,4.300000000000001,10.548490888110667
0.20000000000000018,4.300000000000001,10.837881633839805
0.3000000000000007,4.300000000000001,11.112640047609482
0.40000000000000036,4.300000000000001,11.287502463203351
0.5,4.300000000000001,11.355547004131918
0.6000000000000005,4.300000000000001,11.322910110506015
0.7000000000000002,4.300000000000001,11.183365421506906
0.8000000000000007,4.300000000000001,10.943745641319051
0.9000000000000004,4.300000000000001,10.689226747158344
1.0,4.300000000000001,10.593297650878883
1.1000000000000005,4.300000000000001,10.757830975875702
1.2000000000000002,4.300000000000001,11.080792306945446
1.3000000000000007,4.300000000000001,11.388532120144335
1.4000000000000004,4.300000000000001,11.595716168206753
1.5,4.300000000000001,11.69535694686973
1.6000000000000005,4.300000000000001,11.693530564190354
1.7000000000000002,4.300000000000001,11.583955886342967
1.8000000000000007,4.300000000000001,11.373416587732407
1.9000000000000004,4.300000000000001,11.147045465813186
2.0,4.300000000000001,11.07829413545342
2.1000000000000005,4.300000000000001,11.269003769285781
2.2,4.300000000000001,11.61711424754539
2.3000000000000007,4.300000000000001,11.94895593111591
2.4000000000000004,4.300000000000001,12.179179840604093
2.5,4.300000000000001,12.300788874361976
2.6000000000000005,4.300000000000001,12.319854395197108
2.7,4.300000000000001,12.23009506678043
2.8000000000000007,4.300000000000001,12.03829857480162
2.9000000000000004,4.300000000000001,11.82960560002262
3.0,4.300000000000001,11.777479164266293
3.0999999999999996,4.300000000000001,11.983775021342423
3.200000000000001,4.300000000000001,12.34645046128771
3.3000000000000007,4.300000000000001,12.691855745816268
3.4000000000000004,4.300000000000001,12.934663961281327
3.5,4.300000000000001,13.06790192487644
3.5999999999999996,4.300000000000001,13.097666475995185
3.700000000000001,4.300000000000001,13.017703035356362
3.8000000000000007,4.300000000000001,12.834827068018637
3.9000000000000004,4.300000000000001,12.634207818047006
4.0,4.300000000000001,12.58933743608022
4.1,4.300000000000001,12.802101171674616
4.200000000000001,4.300000000000001,13.170485998394653
4.300000000000001,4.300000000000001,13.520871888915075
4.4,4.300000000000001,13.767961525628394
4.5,4.300000000000001,13.904811081548655
4.600000000000001,4.300000000000001,13.93754640240159
4.700000000000001,4.300000000000001,13.859941471421998
4.800000000000001,4.300000000000001,13.678839791867258
4.9,4.300000000000001,13.47943805388945
5.0,4.300000000000001,13.435255205909511
-5.0,4.4,13.820456370551573
-4.9,4.4,13.837799135826392
-4.8,4.4,13.976024707652575
-4.7,4.4,14.100005450257079
-4.6,4.4,14.143399606965417
-4.5,4.4,14.100887389399437
-4.4,4.4,13.977328015619397
-4.3,4.4,13.76796152562839
-4.2,4.4,13.4782070999397
-4.1,4.4,13.174506153894054
-4.0,4.4,12.992086377686364
-3.9,4.4,13.0104083552832
-3.8,4.4,13.150137016736451
-3.7,4.4,13.276170263479322
-3.5999999999999996,4.4,13.322192424429634
-3.5,4.4,13.28291028580722
-3.4,4.4,13.163210058898997
-3.3,4.4,12.958359113233314
-3.2,4.4,12.673804199909675
-3.0999999999999996,4.4,12.376014436837139
-3.0,4.4,12.200245224950908
-2.9,4.4,12.22598472776895
-2.8,4.4,12.37392516807629
-2.6999999999999997,4.4,12.508991280742732
-2.5999999999999996,4.4,12.564893579095557
-2.5,4.4,12.53636417757149
-2.4,4.4,12.428313534966906
-2.3,4.4,12.236031946150804
-2.1999999999999997,4.4,11.964987507758176
-2.0999999999999996,4.4,11.681668830807583
-2.0,4.4,11.521348670970847
-1.9,4.4,11.563530111026314
-1.7999999999999998,4.4,11.728917552001096
-1.6999999999999997,4.4,11.882444855299761
-1.5999999999999996,4.4,11.957828297119285
-1.5,4.4,11.94980208233464
-1.4,4.4,11.863274787190704
-1.2999999999999998,4.4,11.693530564190352
-1.1999999999999997,4.4,11.446026840655572
-1.0999999999999996,4.4,11.187236790197588
-1.0,4.4,11.052412754318881
-0.8999999999999995,4.4,11.121032255220586
-0.7999999999999998,4.4,11.313768862728287
-0.7000000000000002,4.4,11.495520263706112
-0.5999999999999996,4.4,11.599961200780774
-0.5,4.4,11.621779032309227
-0.39999999999999947,4.4,11.565830286684008
-0.2999999999999998,4.4,11.427342046927453
-0.1999999999999993,4.4,11.211709898234961
-0.09999999999999964,4.4,10.985340717362144
0.0,4.4,10.88341647911267
0.10000000000000053,4.4,10.985340717362146
0.20000000000000018,4.4,11.211709898234963
0.3000000000000007,4.4,11.427342046927455
0.40000000000000036,4.4,11.565830286684008
0.5,4.4,11.621779032309227
0.6000000000000005,4.4,11.599961200780774
0.7000000000000002,4.4,11.495520263706112
0.8000000000000007,4.4,11.313768862728285
0.9000000000000004,4.4,11.121032255220584
1.0,4.4,11.052412754318881
1.1000000000000005,4.4,11.18723679019759
1.2000000000000002,4.4,11.446026840655573
1.3000000000000007,4.4,11.693530564190354
1.4000000000000004,4.4,11.863274787190704
1.5,4.4,11.94980208233464
1.6000000000000005,4.4,11.957828297119285
1.7000000000000002,4.4,11.88244485529976
1.8000000000000007,4.4,11.728917552001098
1.9000000000000004,4.4,11.563530111026312
2.0,4.4,11.521348670970847
2.1000000000000005,4.4,11.681668830807585
2.2,4.4,11.964987507758178
2.3000000000000007,4.4,12.236031946150808
2.4000000000000004,4.4,12.428313534966906
2.5,4.4,12.53636417757149
2.6000000000000005,4.4,12.564893579095557
2.7,4.4,12.508991280742732
2.8000000000000007,4.4,12.373925168076289
2.9000000000000004,4.4,12.225984727768948
3.0,4.4,12.200245224950908
3.0999999999999996,4.4,12.376014436837139
3.200000000000001,4.4,12.673804199909679
3.3000000000000007,4.4,12.958359113233316
3.4000000000000004,4.4,13.163210058898997
3.5,4.4,13.28291028580722
3.5999999999999996,4.4,13.322192424429634
3.700000000000001,4.4,13.27617026347932
3.8000000000000007,4.4,13.150137016736453
3.9000000000000004,4.4,13.010408355283198
4.0,4.4,12.992086377686364
4.1,4.4,13.174506153894054
4.200000000000001,4.4,13.478207099939704
4.300000000000001,4.4,13.767961525628394
4.4,4.4,13.977328015619397
4.5,4.4,14.100887389399437
4.600000000000001,4.4,14.143399606965417
4.700000000000001,4.4,14.100005450257077
4.800000000000001,4.4,13.976024707652574
4.9,4.4,13.837799135826392
5.0,4.4,13.820456370551573
-5.0,4.5,13.993625032942882
-4.9,4.5,14.00344218755902
-4.8,4.5,14.123151620106317
-4.7,4.5,14.229935872734975
-4.6,4.5,14.263498889145335
-4.5,4.5,14.21900919247562
-4.4,4.5,14.100887389399437
-4.3,4.5,13.904811081548651
-4.2,4.5,13.635710070773184
-4.1,4.5,13.353978970163466
-4.0,4.5,13.182534138149894
-3.9,4.5,13.19360385625669
-3.8,4.5,13.315082988555455
-3.7,4.5,13.424178379747518
-3.5999999999999996,4.5,13.460618732529399
-3.5,4.5,13.419597723783458
-3.4,4.5,13.305561436612068
-3.3,4.5,13.11421318851135
-3.2,4.5,12.850508641391484
-3.0999999999999996,4.5,12.574868304597981
-3.0,4.5,12.410234347531583
-2.9,4.5,12.428860641807093
-2.8,4.5,12.558667270467385
-2.6999999999999997,4.5,12.676885760792441
-2.5999999999999996,4.5,12.723268781143453
-2.5,4.5,12.693033061382796
-2.4,4.5,12.590646614140013
-2.3,4.5,12.411833337766517
-2.1999999999999997,4.5,12.161567887569356
-2.0999999999999996,4.5,11.900287927739168
-2.0,4.5,11.750950682245877
-1.9,4.5,11.785822706766414
-1.7999999999999998,4.5,11.932834121758058
-1.6999999999999997,4.5,12.069223566303913
-1.5999999999999996,4.5,12.134747616749658
-1.5,4.5,12.12462343373197
-1.4,4.5,12.043315719379581
-1.2999999999999998,4.5,11.886541070442133
-1.1999999999999997,4.5,11.659262619180687
-1.0999999999999996,4.5,11.421902079916581
-1.0,4.5,11.29739612511602
-0.8999999999999995,4.5,11.357986018664553
-0.7999999999999998,4.5,11.531571751865492
-0.7000000000000002,4.5,11.69535694686973
-0.5999999999999996,4.5,11.789058276118006
-0.5,4.5,11.807848165256003
-0.39999999999999947,4.5,11.756141864283189
-0.2999999999999998,4.5,11.629601974625285
-0.1999999999999993,4.5,11.433133324710278
-0.09999999999999964,4.5,11.227095311388446
0.0,4.5,11.134358629140673
0.10000000000000053,4.5,11.227095311388448
0.20000000000000018,4.5,11.43313332471028
0.3000000000000007,4.5,11.629601974625285
0.40000000000000036,4.5,11.756141864283189
0.5,4.5,11.807848165256003
0.6000000000000005,4.5,11.789058276118006
0.7000000000000002,4.5,11.69535694686973
0.8000000000000007,4.5,11.53157175186549
0.9000000000000004,4.5,11.357986018664555
1.0,4.5,11.29739612511602
1.1000000000000005,4.5,11.421902079916583
1.2000000000000002,4.5,11.659262619180689
1.3000000000000007,4.5,11.886541070442135
1.4000000000000004,4.5,12.043315719379581
1.5,4.5,12.12462343373197
1.6000000000000005,4.5,12.134747616749658
1.7000000000000002,4.5,12.069223566303911
1.8000000000000007,4.5,11.932834121758056
1.9000000000000004,4.5,11.785822706766414
2.0,4.5,11.750950682245877
2.1000000000000005,4.5,11.900287927739171
2.2,4.5,12.161567887569358
2.3000000000000007,4.5,12.411833337766518
2.4000000000000004,4.5,12.590646614140013
2.5,4.5,12.693033061382796
2.6000000000000005,4.5,12.723268781143455
2.7,4.5,12.676885760792441
2.8000000000000007,4.5,12.558667270467383
2.9000000000000004,4.5,12.428860641807091
3.0,4.5,12.410234347531583
3.0999999999999996,4.5,12.574868304597981
3.200000000000001,4.5,12.850508641391485
3.3000000000000007,4.5,13.11421318851135
3.4000000000000004,4.5,13.305561436612068
3.5,4.5,13.419597723783458
3.5999999999999996,4.5,13.460618732529399
3.700000000000001,4.5,13.424178379747516
3.8000000000000007,4.5,13.315082988555453
3.9000000000000004,4.5,13.19360385625669
4.0,4.5,13.182534138149894
4.1,4.5,13.353978970163466
4.200000000000001,4.5,13.635710070773188
4.300000000000001,4.5,13.904811081548655
4.4,4.5,14.100887389399437
4.5,4.5,14.21900919247562
4.600000000000001,4.5,14.263498889145334
4.700000000000001,4.5,14.229935872734973
4.800000000000001,4.5,14.123151620106317
4.9,4.5,14.00344218755902
5.0,4.5,13.993625032942882
-5.0,4.600000000000001,13.966600760360677
-4.9,4.600000000000001,13.987123441535804
-4.8,4.600000000000001,14.128586219463541
-4.7,4.600000000000001,14.255861007020663
-4.6,4.600000000000001,14.30260542756074
-4.5,4.600000000000001,14.263498889145334
-4.4,4.600000000000001,14.143399606965417
-4.3,4.600000000000001,13.937546402401589
-4.2,4.600000000000001,13.65135700446906
-4.1,4.600000000000001,13.351271126396902
-4.0,4.600000000000001,13.17251448738336
-3.9,4.600000000000001,13.19454541281295
-3.8,4.600000000000001,13.338026267570074
-3.7,4.600000000000001,13.467852062192245
-3.5999999999999996,4.600000000000001,13.517703889875083
-3.5,4.600000000000001,13.482284937455805
-3.4,4.600000000000001,13.366477434863734
-3.3,4.600000000000001,13.165544370791409
-3.2,4.600000000000001,12.88492769966248
-3.0999999999999996,4.600000000000001,12.591091312018694
-3.0,4.600000000000001,12.419284937802999
-2.9,4.600000000000001,12.448990615345036
-2.8,4.600000000000001,12.600893980315227
-2.6999999999999997,4.600000000000001,12.73991271416121
-2.5999999999999996,4.600000000000001,12.799749809979318
-2.5,4.600000000000001,12.775129399090966
-2.4,4.600000000000001,12.670953503192347
-2.3,4.600000000000001,12.482503540482004
-2.1999999999999997,4.600000000000001,12.215238311798952
-2.0999999999999996,4.600000000000001,11.935636740187785
-2.0,4.600000000000001,11.778961535028547
-1.9,4.600000000000001,11.82470541558886
-1.7999999999999998,4.600000000000001,11.993562150723221
-1.6999999999999997,4.600000000000001,12.150454757106958
-1.5999999999999996,4.600000000000001,12.229088517243088
-1.5,4.600000000000001,12.22418656419244
-1.4,4.600000000000001,12.140646401939234
-1.2999999999999998,4.600000000000001,11.973741194155103
-1.1999999999999997,4.600000000000001,11.728917552001096
-1.0999999999999996,4.600000000000001,11.472638099154786
-1.0,4.600000000000001,11.34014499003266
-0.8999999999999995,4.600000000000001,11.410906020840438
-0.7999999999999998,4.600000000000001,11.605585594761104
-0.7000000000000002,4.600000000000001,11.789072887919403
-0.5999999999999996,4.600000000000001,11.895034881128222
-0.5,4.600000000000001,11.918152007500286
-0.39999999999999947,4.600000000000001,11.863274787190704
-0.2999999999999998,4.600000000000001,11.725625283474232
-0.1999999999999993,4.600000000000001,11.510595111211646
-0.09999999999999964,4.600000000000001,11.284588275193471
0.0,4.600000000000001,11.182785012462766
0.10000000000000053,4.600000000000001,11.284588275193473
0.20000000000000018,4.600000000000001,11.510595111211648
0.3000000000000007,4.600000000000001,11.725625283474233
0.40000000000000036,4.600000000000001,11.863274787190704
0.5,4.600000000000001,11.918152007500286
0.6000000000000005,4.600000000000001,11.895034881128222
0.7000000000000002,4.600000000000001,11.789072887919403
0.8000000000000007,4.600000000000001,11.605585594761102
0.9000000000000004,4.600000000000001,11.410906020840436
1.0,4.600000000000001,11.34014499003266
1.1000000000000005,4.600000000000001,11.472638099154787
1.2000000000000002,4.600000000000001,11.728917552001098
1.3000000000000007,4.600000000000001,11.973741194155105
1.4000000000000004,4.600000000000001,12.140646401939234
1.5,4.600000000000001,12.22418656419244
1.6000000000000005,4.600000000000001,12.229088517243088
1.7000000000000002,4.600000000000001,12.150454757106957
1.8000000000000007,4.600000000000001,11.993562150723218
1.9000000000000004,4.600000000000001,11.82470541558886
2.0,4.600000000000001,11.778961535028547
2.1000000000000005,4.600000000000001,11.935636740187787
2.2,4.600000000000001,12.215238311798952
2.3000000000000007,4.600000000000001,12.482503540482007
2.4000000000000004,4.600000000000001,12.670953503192347
2.5,4.600000000000001,12.775129399090966
2.6000000000000005,4.600000000000001,12.799749809979318
2.7,4.600000000000001,12.73991271416121
2.8000000000000007,4.600000000000001,12.600893980315227
2.9000000000000004,4.600000000000001,12.448990615345036
3.0,4.600000000000001,12.419284937802999
3.0999999999999996,4.600000000000001,12.591091312018694
3.200000000000001,4.600000000000001,12.884927699662484
3.3000000000000007,4.600000000000001,13.16554437079141
3.4000000000000004,4.600000000000001,13.366477434863734
3.5,4.600000000000001,13.482284937455805
3.5999999999999996,4.600000000000001,13.517703889875083
3.700000000000001,4.600000000000001,13.467852062192243
3.8000000000000007,4.600000000000001,13.338026267570076
3.9000000000000004,4.600000000000001,13.194545412812953
4.0,4.600000000000001,13.17251448738336
4.1,4.600000000000001,13.351271126396902
4.200000000000001,4.600000000000001,13.651357004469062
4.300000000000001,4.600000000000001,13.93754640240159
4.4,4.600000000000001,14.143399606965417
4.5,4.600000000000001,14.263498889145334
4.600000000000001,4.600000000000001,14.30260542756074
4.700000000000001,4.600000000000001,14.25586100702066
4.800000000000001,4.600000000000001,14.12858621946354
4.9,4.600000000000001,13.987123441535804
5.0,4.600000000000001,13.966600760360677
-5.0,4.700000000000001,13.727452588394167
-4.9,4.700000000000001,13.777993740082385
-4.8,4.700000000000001,13.983868433194647
-4.7,4.700000000000001,14.171556828099627
-4.6,4.700000000000001,14.25586100702066
-4.5,4.700000000000001,14.229935872734973
-4.4,4.700000000000001,14.100005450257077
-4.3,4.700000000000001,13.859941471421998
-4.2,4.700000000000001,13.516684875814512
-4.1,4.700000000000001,13.155529593158274
-4.0,4.700000000000001,12.950091725805947
-3.9,4.700000000000001,13.002379800646592
-3.8,4.700000000000001,13.210503455895234
-3.7,4.700000000000001,13.40096477758218
-3.5999999999999996,4.700000000000001,13.488588068848793
-3.5,4.700000000000001,13.466550684516907
-3.4,4.700000000000001,13.341099259564162
-3.3,4.700000000000001,13.106128210838111
-3.2,4.700000000000001,12.768601144905883
-3.0999999999999996,4.700000000000001,12.413834536653006
-3.0,4.700000000000001,12.21546679683979
-2.9,4.700000000000001,12.275528397587244
-2.8,4.700000000000001,12.492150421024224
-2.6999999999999997,4.700000000000001,12.691855745816264
-2.5999999999999996,4.700000000000001,12.78948865474845
-2.5,4.700000000000001,12.778245496085743
-2.4,4.700000000000001,12.664390727818507
-2.3,4.700000000000001,12.44183522484936
-2.1999999999999997,4.700000000000001,12.11755748301657
-2.0999999999999996,4.700000000000001,11.776887085866495
-2.0,4.700000000000001,11.593473554004657
-1.9,4.700000000000001,11.66935624795739
-1.7999999999999998,4.700000000000001,11.902672692084915
-1.6999999999999997,4.700000000000001,12.11994953692622
-1.5999999999999996,4.700000000000001,12.236031946150806
-1.5,4.700000000000001,12.244114044166459
-1.4,4.700000000000001,12.150454757106957
-1.2999999999999998,4.700000000000001,11.948955931115904
-1.1999999999999997,4.700000000000001,11.64658336586439
-1.0999999999999996,4.700000000000001,11.328650133364008
-1.0,4.700000000000001,11.168785306070113
-0.8999999999999995,4.700000000000001,11.269003769285776
-0.7999999999999998,4.700000000000001,11.527414489285277
-0.7000000000000002,4.700000000000001,11.770511458093958
-0.5999999999999996,4.700000000000001,11.91310310420886
-0.5,4.700000000000001,11.948342807847796
-0.39999999999999947,4.700000000000001,11.88244485529976
-0.2999999999999998,4.700000000000001,11.709262717345412
-0.1999999999999993,4.700000000000001,11.435710289851562
-0.09999999999999964,4.700000000000001,11.14704546581318
0.0,4.700000000000001,11.016839161054726
0.10000000000000053,4.700000000000001,11.147045465813182
0.20000000000000018,4.700000000000001,11.435710289851565
0.3000000000000007,4.700000000000001,11.709262717345414
0.40000000000000036,4.700000000000001,11.882444855299761
0.5,4.700000000000001,11.948342807847796
0.6000000000000005,4.700000000000001,11.913103104208858
0.7000000000000002,4.700000000000001,11.770511458093958
0.8000000000000007,4.700000000000001,11.527414489285274
0.9000000000000004,4.700000000000001,11.269003769285774
1.0,4.700000000000001,11.168785306070113
1.1000000000000005,4.700000000000001,11.328650133364011
1.2000000000000002,4.700000000000001,11.646583365864391
1.3000000000000007,4.700000000000001,11.948955931115906
1.4000000000000004,4.700000000000001,12.150454757106958
1.5,4.700000000000001,12.244114044166459
1.6000000000000005,4.700000000000001,12.236031946150806
1.7000000000000002,4.700000000000001,12.11994953692622
1.8000000000000007,4.700000000000001,11.902672692084911
1.9000000000000004,4.700000000000001,11.66935624795739
2.0,4.700000000000001,11.593473554004657
2.1000000000000005,4.700000000000001,11.776887085866498
2.2,4.700000000000001,12.117557483016572
2.3000000000000007,4.700000000000001,12.441835224849362
2.4000000000000004,4.700000000000001,12.664390727818509
2.5,4.700000000000001,12.778245496085743
2.6000000000000005,4.700000000000001,12.789488654748448
2.7,4.700000000000001,12.691855745816264
2.8000000000000007,4.700000000000001,12.492150421024222
2.9000000000000004,4.700000000000001,12.275528397587244
3.0,4.700000000000001,12.21546679683979
3.0999999999999996,4.700000000000001,12.413834536653006
3.200000000000001,4.700000000000001,12.76860114490589
3.3000000000000007,4.700000000000001,13.106128210838113
3.4000000000000004,4.700000000000001,13.341099259564164
3.5,4.700000000000001,13.466550684516907
3.5999999999999996,4.700000000000001,13.488588068848793
3.700000000000001,4.700000000000001,13.400964777582178
3.8000000000000007,4.700000000000001,13.210503455895232
3.9000000000000004,4.700000000000001,13.002379800646592
4.0,4.700000000000001,12.950091725805947
4.1,4.700000000000001,13.155529593158274
4.200000000000001,4.700000000000001,13.516684875814516
4.300000000000001,4.700000000000001,13.859941471421998
4.4,4.700000000000001,14.100005450257077
4.5,4.700000000000001,14.229935872734973
4.600000000000001,4.700000000000001,14.25586100702066
4.700000000000001,4.700000000000001,14.171556828099625
4.800000000000001,4.700000000000001,13.983868433194647
4.9,4.700000000000001,13.777993740082385
5.0,4.700000000000001,13.727452588394167
-5.0,4.800000000000001,13.289394880814852
-4.9,4.800000000000001,13.388059428250815
-4.8,4.800000000000001,13.698338590858068
-4.7,4.800000000000001,13.98386843319465
-4.6,4.800000000000001,14.128586219463541
-4.5,4.800000000000001,14.123151620106317
-4.4,4.800000000000001,13.976024707652574
-4.3,4.800000000000001,13.678839791867254
-4.2,4.800000000000001,13.241031656272627
-4.1,4.800000000000001,12.778757632597344
-4.0,4.800000000000001,12.528476461737931
-3.9,4.800000000000001,12.629110284181984
-3.8,4.800000000000001,12.941852545084206
-3.7,4.800000000000001,13.230360098037073
-3.5999999999999996,4.800000000000001,13.378591221582942
-3.5,4.800000000000001,13.377226761374247
-3.4,4.800000000000001,13.234748053148882
-3.3,4.800000000000001,12.942810676080974
-3.2,4.800000000000001,12.510870598140743
-3.0999999999999996,4.800000000000001,12.055106149626607
-3.0,4.800000000000001,11.81199677313619
-2.9,4.800000000000001,11.920484892695903
-2.8,4.800000000000001,12.241783687120096
-2.6999999999999997,4.800000000000001,12.539569051652464
-2.5999999999999996,4.800000000000001,12.697817462101636
-2.5,4.800000000000001,12.70722695472031
-2.4,4.800000000000001,12.576294877539464
-2.3,4.800000000000001,12.296691463486928
-2.1999999999999997,4.800000000000001,11.877885787939839
-2.0999999999999996,4.800000000000001,11.43606754815603
-2.0,4.800000000000001,11.207725614414795
-1.9,4.800000000000001,11.331809697443449
-1.7999999999999998,4.800000000000001,11.669537919355356
-1.6999999999999997,4.800000000000001,11.984588574602117
-1.5999999999999996,4.800000000000001,12.160937797885913
-1.5,4.800000000000001,12.189280355278107
-1.4,4.800000000000001,12.078107217482845
-1.2999999999999998,4.800000000000001,11.81907896898845
-1.1999999999999997,4.800000000000001,11.421651619300082
-1.0999999999999996,4.800000000000001,11.001998257304805
-1.0,4.800000000000001,10.79658750218871
-0.8999999999999995,4.800000000000001,10.944345098965712
-0.7999999999999998,4.800000000000001,11.30646144912357
-0.7000000000000002,4.800000000000001,11.646583365864391
-0.5999999999999996,4.800000000000001,11.848651773450097
-0.5,4.800000000000001,11.90332256895122
-0.39999999999999947,4.800000000000001,11.819044306780897
-0.2999999999999998,4.800000000000001,11.587431760504868
-0.1999999999999993,4.800000000000001,11.217891928102452
-0.09999999999999964,4.800000000000001,10.826545920892471
0.0,4.800000000000001,10.649807687858154
0.10000000000000053,4.800000000000001,10.826545920892473
0.20000000000000018,4.800000000000001,11.217891928102455
0.3000000000000007,4.800000000000001,11.58743176050487
0.40000000000000036,4.800000000000001,11.8190443067809
0.5,4.800000000000001,11.90332256895122
0.6000000000000005,4.800000000000001,11.848651773450095
0.7000000000000002,4.800000000000001,11.646583365864391
0.8000000000000007,4.800000000000001,11.306461449123567
0.9000000000000004,4.800000000000001,10.944345098965709
1.0,4.800000000000001,10.79658750218871
1.1000000000000005,4.800000000000001,11.001998257304809
1.2000000000000002,4.800000000000001,11.421651619300086
1.3000000000000007,4.800000000000001,11.819078968988453
1.4000000000000004,4.800000000000001,12.078107217482845
1.5,4.800000000000001,12.189280355278107
1.6000000000000005,4.800000000000001,12.16093779788591
1.7000000000000002,4.800000000000001,11.984588574602116
1.8000000000000007,4.800000000000001,11.669537919355353
1.9000000000000004,4.800000000000001,11.331809697443447
2.0,4.800000000000001,11.207725614414795
2.1000000000000005,4.800000000000001,11.436067548156032
2.2,4.800000000000001,11.87788578793984
2.3000000000000007,4.800000000000001,12.296691463486932
2.4000000000000004,4.800000000000001,12.576294877539464
2.5,4.800000000000001,12.70722695472031
2.6000000000000005,4.800000000000001,12.697817462101634
2.7,4.800000000000001,12.539569051652464
2.8000000000000007,4.800000000000001,12.241783687120094
2.9000000000000004,4.800000000000001,11.9204848926959
3.0,4.800000000000001,11.81199677313619
3.0999999999999996,4.800000000000001,12.055106149626607
3.200000000000001,4.800000000000001,12.51087059814075
3.3000000000000007,4.800000000000001,12.942810676080976
3.4000000000000004,4.800000000000001,13.234748053148882
3.5,4.800000000000001,13.377226761374247
3.5999999999999996,4.800000000000001,13.378591221582942
3.700000000000001,4.800000000000001,13.23036009803707
3.8000000000000007,4.800000000000001,12.941852545084204
3.9000000000000004,4.800000000000001,12.629110284181982
4.0,4.800000000000001,12.528476461737931
4.1,4.800000000000001,12.778757632597344
4.200000000000001,4.800000000000001,13.241031656272632
4.300000000000001,4.800000000000001,13.678839791867258
4.4,4.800000000000001,13.976024707652574
4.5,4.800000000000001,14.123151620106317
4.600000000000001,4.800000000000001,14.12858621946354
4.700000000000001,4.800000000000001,13.983868433194647
4.800000000000001,4.800000000000001,13.698338590858066
4.9,4.800000000000001,13.388059428250815
5.0,4.800000000000001,13.289394880814852
-5.0,4.9,12.816406058863894
-4.9,4.9,12.96636048522906
-4.8,4.9,13.388059428250815
-4.7,4.9,13.777993740082389
-4.6,4.9,13.987123441535804
-4.5,4.9,14.00344218755902
-4.4,4.9,13.837799135826392
-4.3,4.9,13.479438053889444
-4.2,4.9,12.94045827096013
-4.1,4.9,12.369992866955641
-4.0,4.9,12.071644262058816
-3.9,4.9,12.223774664555384
-3.8,4.9,12.648134832132694
-3.7,4.9,13.04123530662636
-3.5999999999999996,4.9,13.25405596047521
-3.5,4.9,13.27461039795686
-3.4,4.9,13.113767751719742
-3.3,4.9,12.760791709666094
-3.2,4.9,12.22780137790864
-3.0999999999999996,4.9,11.663949372137065
-3.0,4.9,11.372857300427192
-2.9,4.9,11.532906095121056
-2.8,4.9,11.965864648935696
-2.6999999999999997,4.9,12.368260915385157
-2.5999999999999996,4.9,12.591091312018698
-2.5,4.9,12.622384969954577
-2.4,4.9,12.473025370816334
-2.3,4.9,12.132289206920035
-2.1999999999999997,4.9,11.612307071449166
-2.0999999999999996,4.9,11.062241372201772
-2.0,4.9,10.785721633436843
-1.9,4.9,10.961134645194747
-1.7999999999999998,4.9,11.41025291724919
-1.6999999999999997,4.9,11.82960560002262
-1.5999999999999996,4.9,12.070187713449783
-1.5,4.9,12.120024229962667
-1.4,4.9,11.98999155557894
-1.2999999999999998,4.9,11.669356247957392
-1.1999999999999997,4.9,11.170235581261307
-1.0999999999999996,4.9,10.641775354547256
-1.0,4.9,10.38758511129848
-0.8999999999999995,4.9,10.5860282324521
-0.7999999999999998,4.9,11.058850362851524
-0.7000000000000002,4.9,11.502550335943113
-0.5999999999999996,4.9,11.768089439814789
-0.5,4.9,11.843455572404405
-0.39999999999999947,4.9,11.739484830976744
-0.2999999999999998,4.9,11.445400375242658
-0.1999999999999993,4.9,10.973273173807671
-0.09999999999999964,4.9,10.47220002981044
0.0,4.9,10.245739051787993
0.10000000000000053,4.9,10.472200029810443
0.20000000000000018,4.9,10.973273173807675
0.3000000000000007,4.9,11.445400375242661
0.40000000000000036,4.9,11.739484830976746
0.5,4.9,11.843455572404405
0.6000000000000005,4.9,11.768089439814787
0.7000000000000002,4.9,11.502550335943113
0.8000000000000007,4.9,11.058850362851521
0.9000000000000004,4.9,10.586028232452096
1.0,4.9,10.38758511129848
1.1000000000000005,4.9,10.64177535454726
1.2000000000000002,4.9,11.17023558126131
1.3000000000000007,4.9,11.669356247957396
1.4000000000000004,4.9,11.98999155557894
1.5,4.9,12.120024229962667
1.6000000000000005,4.9,12.070187713449782
1.7000000000000002,4.9,11.829605600022617
1.8000000000000007,4.9,11.410252917249185
1.9000000000000004,4.9,10.961134645194745
2.0,4.9,10.785721633436843
2.1000000000000005,4.9,11.062241372201777
2.2,4.9,11.61230707144917
2.3000000000000007,4.9,12.132289206920039
2.4000000000000004,4.9,12.473025370816334
2.5,4.9,12.622384969954577
2.6000000000000005,4.9,12.591091312018696
2.7,4.9,12.368260915385157
2.8000000000000007,4.9,11.965864648935693
2.9000000000000004,4.9,11.532906095121056
3.0,4.9,11.372857300427192
3.0999999999999996,4.9,11.663949372137065
3.200000000000001,4.9,12.227801377908646
3.3000000000000007,4.9,12.760791709666098
3.4000000000000004,4.9,13.113767751719742
3.5,4.9,13.27461039795686
3.5999999999999996,4.9,13.25405596047521
3.700000000000001,4.9,13.041235306626358
3.8000000000000007,4.9,12.648134832132694
3.9000000000000004,4.9,12.223774664555382
4.0,4.9,12.071644262058816
4.1,4.9,12.369992866955641
4.200000000000001,4.9,12.94045827096014
4.300000000000001,4.9,13.47943805388945
4.4,4.9,13.837799135826392
4.5,4.9,14.00344218755902
4.600000000000001,4.9,13.987123441535804
4.700000000000001,4.9,13.777993740082385
4.800000000000001,4.9,13.388059428250815
4.9,4.9,12.96636048522906
5.0,4.9,12.816406058863894
-5.0,5.0,12.642411176571153
-4.9,5.0,12.816406058863894
-4.8,5.0,13.289394880814854
-4.7,5.0,13.72745258839417
-4.6,5.0,13.96660076036068
-4.5,5.0,13.993625032942882
-4.4,5.0,13.820456370551573
-4.3,5.0,13.435255205909508
-4.2,5.0,12.851327347181748
-4.1,5.0,12.232742753298032
-4.0,5.0,11.913518152857637
-3.9,5.0,12.089880735310784
-3.8,5.0,12.565713630021115
-3.7,5.0,13.007110411955244
-3.5999999999999996,5.0,13.250111393651359
-3.5,5.0,13.281520986270928
-3.4,5.0,13.11328889946921
-3.3,5.0,12.73359420315658
-3.2,5.0,12.155761148466503
-3.0999999999999996,5.0,11.543877848911533
-3.0,5.0,11.231978796979323
-2.9,5.0,11.41630844481025
-2.8,5.0,11.900766564610436
-2.6999999999999997,5.0,12.351462627713314
-2.5999999999999996,5.0,12.604451962243326
-2.5,5.0,12.646552972638574
-2.4,5.0,12.48972819138796
-2.3,5.0,12.122168186856864
-2.1999999999999997,5.0,11.557207225514446
-2.0999999999999996,5.0,10.958941790747236
-2.0,5.0,10.661412934927588
-1.9,5.0,10.860869695011637
-1.7999999999999998,5.0,11.361214289168212
-1.6999999999999997,5.0,11.828556335406152
-1.5999999999999996,5.0,12.098948854400351
-1.5,5.0,12.159205342190257
-1.4,5.0,12.021280685664069
-1.2999999999999998,5.0,11.673354947363217
-1.1999999999999997,5.0,11.128748920637596
-1.0999999999999996,5.0,10.551542560057083
-1.0,5.0,10.275757266411311
-0.8999999999999995,5.0,10.497619259112426
-0.7999999999999998,5.0,11.021004755847796
-0.7000000000000002,5.0,11.511994202528943
-0.5999999999999996,5.0,11.806608317475751
-0.5,5.0,11.891625236838896
-0.39999999999999947,5.0,11.778961535028547
-0.2999999999999998,5.0,11.456756147008575
-0.1999999999999993,5.0,10.938286093236474
-0.09999999999999964,5.0,10.38758511129848
0.0,5.0,10.138626172095204
0.10000000000000053,5.0,10.387585111298483
0.20000000000000018,5.0,10.938286093236478
0.3000000000000007,5.0,11.456756147008578
0.40000000000000036,5.0,11.778961535028547
0.5,5.0,11.891625236838896
0.6000000000000005,5.0,11.80660831747575
0.7000000000000002,5.0,11.511994202528943
0.8000000000000007,5.0,11.021004755847793
0.9000000000000004,5.0,10.497619259112424
1.0,5.0,10.275757266411311
1.1000000000000005,5.0,10.551542560057086
1.2000000000000002,5.0,11.128748920637598
1.3000000000000007,5.0,11.67335494736322
1.4000000000000004,5.0,12.021280685664069
1.5,5.0,12.159205342190257
1.6000000000000005,5.0,12.098948854400351
1.7000000000000002,5.0,11.82855633540615
1.8000000000000007,5.0,11.361214289168206
1.9000000000000004,5.0,10.860869695011635
2.0,5.0,10.661412934927588
2.1000000000000005,5.0,10.95894179074724
2.2,5.0,11.55720722551445
2.3000000000000007,5.0,12.12216818685687
2.4000000000000004,5.0,12.489728191387961
2.5,5.0,12.646552972638574
2.6000000000000005,5.0,12.604451962243326
2.7,5.0,12.351462627713314
2.8000000000000007,5.0,11.900766564610432
2.9000000000000004,5.0,11.416308444810248
3.0,5.0,11.231978796979323
3.0999999999999996,5.0,11.543877848911533
3.200000000000001,5.0,12.155761148466508
3.3000000000000007,5.0,12.733594203156581
3.4000000000000004,5.0,13.113288899469211
3.5,5.0,13.281520986270928
3.5999999999999996,5.0,13.250111393651359
3.700000000000001,5.0,13.007110411955242
3.8000000000000007,5.0,12.565713630021115
3.9000000000000004,5.0,12.089880735310782
4.0,5.0,11.913518152857637
4.1,5.0,12.232742753298032
4.200000000000001,5.0,12.851327347181755
4.300000000000001,5.0,13.435255205909511
4.4,5.0,13.820456370551573
4.5,5.0,13.993625032942882
4.600000000000001,5.0,13.966600760360677
4.700000000000001,5.0,13.727452588394167
4.800000000000001,5.0,13.289394880814852
4.9,5.0,12.816406058863894
5.0,5.0,12.642411176571153
