x,y,z
-2.0,-1.0,31.0
-1.955,-1.0,29.6800125503125
-1.91,-1.0,28.418616805
-1.865,-1.0,27.2136995753125
-1.82,-1.0,26.063196880000003
-1.775,-1.0,24.965093945312496
-1.73,-1.0,23.917425205
-1.685,-1.0,22.9182743003125
-1.6400000000000001,-1.0,21.965774080000003
-1.595,-1.0,21.0581066003125
-1.55,-1.0,20.193503125
-1.505,-1.0,19.370244125312496
-1.46,-1.0,18.58665928
-1.415,-1.0,17.841127475312504
-1.37,-1.0,17.132076805000004
-1.3250000000000002,-1.0,16.4579845703125
-1.28,-1.0,15.81737728
-1.2349999999999999,-1.0,15.208830650312498
-1.19,-1.0,14.630969604999999
-1.145,-1.0,14.0824682753125
-1.1,-1.0,13.562050000000001
-1.0550000000000002,-1.0,13.068487325312502
-1.01,-1.0,12.600602004999999
-0.9650000000000001,-1.0,12.157265000312501
-0.9199999999999999,-1.0,11.73739648
-0.875,-1.0,11.3399658203125
-0.8300000000000001,-1.0,10.963991605
-0.7850000000000001,-1.0,10.608541625312501
-0.74,-1.0,10.27273288
-0.6950000000000001,-1.0,9.9557315753125
-0.6500000000000001,-1.0,9.656753125000002
-0.605,-1.0,9.3750621503125
-0.56,-1.0,9.10997248
-0.5150000000000001,-1.0,8.860847150312502
-0.47,-1.0,8.627098405
-0.42500000000000004,-1.0,8.4081876953125
-0.3800000000000001,-1.0,8.203625680000002
-0.33499999999999996,-1.0,8.0129722253125
-0.29000000000000004,-1.0,7.835836405
-0.2450000000000001,-1.0,7.6718765003125
-0.20000000000000018,-1.0,7.5208
-0.15500000000000003,-1.0,7.382363600312501
-0.1100000000000001,-1.0,7.256373205
-0.06500000000000017,-1.0,7.1426839253125
-0.020000000000000018,-1.0,7.04120008
0.02499999999999991,-1.0,6.951875195312501
0.06999999999999984,-1.0,6.874712005000001
0.11499999999999977,-1.0,6.8097624503125
0.16000000000000014,-1.0,6.757127679999999
0.20500000000000007,-1.0,6.7169580503125
0.25,-1.0,6.689453125
0.29499999999999993,-1.0,6.6748616753125
0.33999999999999986,-1.0,6.673481679999999
0.3849999999999998,-1.0,6.685660325312501
0.4299999999999997,-1.0,6.711794005
0.4750000000000001,-1.0,6.7523283203124995
0.52,-1.0,6.80775808
0.565,-1.0,6.8786273003125
0.6099999999999999,-1.0,6.965529204999999
0.6549999999999998,-1.0,7.069106225312499
0.6999999999999997,-1.0,7.190049999999999
0.7450000000000001,-1.0,7.329101375312501
0.79,-1.0,7.487050405
0.835,-1.0,7.6647363503124994
0.8799999999999999,-1.0,7.86304768
0.9249999999999998,-1.0,8.082922070312499
0.9699999999999998,-1.0,8.325346404999998
1.0149999999999997,-1.0,8.591356775312498
1.06,-1.0,8.88203848
1.105,-1.0,9.1985260253125
1.15,-1.0,9.542003124999999
1.1949999999999998,-1.0,9.913702700312498
1.2399999999999998,-1.0,10.314906879999999
1.2849999999999997,-1.0,10.746947000312497
1.33,-1.0,11.211203605000001
1.375,-1.0,11.7091064453125
1.42,-1.0,12.24213448
1.4649999999999999,-1.0,12.811815875312497
1.5099999999999998,-1.0,13.419728004999996
1.5549999999999997,-1.0,14.067497450312496
1.5999999999999996,-1.0,14.756799999999995
1.645,-1.0,15.489360650312502
1.69,-1.0,16.266953604999998
1.7349999999999999,-1.0,17.091402275312497
1.7799999999999998,-1.0,17.964579279999995
1.8249999999999997,-1.0,18.888406445312494
1.8699999999999997,-1.0,19.864854804999993
1.915,-1.0,20.8959446003125
1.96,-1.0,21.983745279999997
2.005,-1.0,23.130375500312496
2.05,-1.0,24.338003124999993
2.0949999999999998,-1.0,25.608845225312493
2.1399999999999997,-1.0,26.945168079999988
2.1849999999999996,-1.0,28.34928717531249
2.2299999999999995,-1.0,29.82356720499999
2.2749999999999995,-1.0,31.37042207031248
2.3200000000000003,-1.0,32.99231488000001
2.365,-1.0,34.69175795031251
2.41,-1.0,36.471312805000004
2.455,-1.0,38.33359017531251
2.5,-1.0,40.28125
-2.0,-0.955,30.286075
-1.955,-0.955,28.9821053003125
-1.91,-0.955,27.736362805
-1.865,-0.955,26.5467343253125
-1.82,-0.955,25.411155880000003
-1.775,-0.955,24.3276126953125
-1.73,-0.955,23.294139205
-1.685,-0.955,22.3088190503125
-1.6400000000000001,-0.955,21.369785080000003
-1.595,-0.955,20.4752193503125
-1.55,-0.955,19.623353125
-1.505,-0.955,18.8124668753125
-1.46,-0.955,18.04089028
-1.415,-0.955,17.3070022253125
-1.37,-0.955,16.609230805000003
-1.3250000000000002,-0.955,15.946053320312501
-1.28,-0.955,15.31599628
-1.2349999999999999,-0.955,14.717635400312497
-1.19,-0.955,14.149595605
-1.145,-0.955,13.6105510253125
-1.1,-0.955,13.099225
-1.0550000000000002,-0.955,12.614390075312503
-1.01,-0.955,12.154868004999997
-0.9650000000000001,-0.955,11.719529750312502
-0.9199999999999999,-0.955,11.30729548
-0.875,-0.955,10.9171345703125
-0.8300000000000001,-0.955,10.548065605000001
-0.7850000000000001,-0.955,10.1991563753125
-0.74,-0.955,9.86952388
-0.6950000000000001,-0.955,9.5583343253125
-0.6500000000000001,-0.955,9.264803125000002
-0.605,-0.955,8.9881949003125
-0.56,-0.955,8.727823480000001
-0.5150000000000001,-0.955,8.483051900312502
-0.47,-0.955,8.253292405
-0.42500000000000004,-0.955,8.0380064453125
-0.3800000000000001,-0.955,7.83670468
-0.33499999999999996,-0.955,7.648946975312501
-0.29000000000000004,-0.955,7.474342405000001
-0.2450000000000001,-0.955,7.312549250312501
-0.20000000000000018,-0.955,7.163275000000001
-0.15500000000000003,-0.955,7.026276350312501
-0.1100000000000001,-0.955,6.901359205
-0.06500000000000017,-0.955,6.7883786753125
-0.020000000000000018,-0.955,6.68723908
0.02499999999999991,-0.955,6.5978939453125
0.06999999999999984,-0.955,6.520346005
0.11499999999999977,-0.955,6.4546472003125
0.16000000000000014,-0.955,6.40089868
0.20500000000000007,-0.955,6.3592508003125
0.25,-0.955,6.3299031249999995
0.29499999999999993,-0.955,6.3131044253125
0.33999999999999986,-0.955,6.30915268
0.3849999999999998,-0.955,6.3183950753125
0.4299999999999997,-0.955,6.341228005
0.4750000000000001,-0.955,6.3780970703125
0.52,-0.955,6.42949708
0.565,-0.955,6.4959720503125
0.6099999999999999,-0.955,6.578115205
0.6549999999999998,-0.955,6.6765689753125
0.6999999999999997,-0.955,6.792025
0.7450000000000001,-0.955,6.925224125312501
0.79,-0.955,7.076956405
0.835,-0.955,7.2480611003124995
0.8799999999999999,-0.955,7.4394266799999995
0.9249999999999998,-0.955,7.651990820312499
0.9699999999999998,-0.955,7.886740404999999
1.0149999999999997,-0.955,8.144711525312498
1.06,-0.955,8.426989480000001
1.105,-0.955,8.7347087753125
1.15,-0.955,9.069053125
1.1949999999999998,-0.955,9.431255450312499
1.2399999999999998,-0.955,9.822597879999998
1.2849999999999997,-0.955,10.244411750312498
1.33,-0.955,10.698077605
1.375,-0.955,11.1850251953125
1.42,-0.955,11.70673348
1.4649999999999999,-0.955,12.264730625312499
1.5099999999999998,-0.955,12.860594005
1.5549999999999997,-0.955,13.495950200312496
1.5999999999999996,-0.955,14.172474999999995
1.645,-0.955,14.891893400312501
1.69,-0.955,15.655979604999999
1.7349999999999999,-0.955,16.4665570253125
1.7799999999999998,-0.955,17.325498279999998
1.8249999999999997,-0.955,18.234725195312492
1.8699999999999997,-0.955,19.196208804999994
1.915,-0.955,20.2119693503125
1.96,-0.955,21.284076279999997
2.005,-0.955,22.414648250312496
2.05,-0.955,23.605853124999996
2.0949999999999998,-0.955,24.859907975312495
2.1399999999999997,-0.955,26.179079079999987
2.1849999999999996,-0.955,27.56568192531249
2.2299999999999995,-0.955,29.022081204999985
2.2749999999999995,-0.955,30.550690820312482
2.3200000000000003,-0.955,32.15397388000001
2.365,-0.955,33.83444270031251
2.41,-0.955,35.59465880500001
2.455,-0.955,37.4372329253125
2.5,-0.955,39.364824999999996
-2.0,-0.91,29.5843
-1.955,-0.91,28.296348050312503
-1.91,-0.91,27.066258804999997
-1.865,-0.91,25.8919190753125
-1.82,-0.91,24.771264880000004
-1.775,-0.91,23.7022814453125
-1.73,-0.91,22.683003205
-1.685,-0.91,21.711513800312503
-1.6400000000000001,-0.91,20.785946080000002
-1.595,-0.91,19.9044821003125
-1.55,-0.91,19.065353125
-1.505,-0.91,18.2668396253125
-1.46,-0.91,17.507271279999998
-1.415,-0.91,16.785026975312505
-1.37,-0.91,16.098534805
-1.3250000000000002,-0.91,15.446272070312501
-1.28,-0.91,14.826765280000002
-1.2349999999999999,-0.91,14.2385901503125
-1.19,-0.91,13.680371605
-1.145,-0.91,13.150783775312501
-1.1,-0.91,12.648550000000002
-1.0550000000000002,-0.91,12.172442825312503
-1.01,-0.91,11.721284005
-0.9650000000000001,-0.91,11.2939445003125
-0.9199999999999999,-0.91,10.88934448
-0.875,-0.91,10.5064533203125
-0.8300000000000001,-0.91,10.144289605
-0.7850000000000001,-0.91,9.801921125312502
-0.74,-0.91,9.47846488
-0.6950000000000001,-0.91,9.173087075312502
-0.6500000000000001,-0.91,8.885003125
-0.605,-0.91,8.6134776503125
-0.56,-0.91,8.357824480000001
-0.5150000000000001,-0.91,8.117406650312502
-0.47,-0.91,7.891636405000001
-0.42500000000000004,-0.91,7.6799751953125
-0.3800000000000001,-0.91,7.481933680000001
-0.33499999999999996,-0.91,7.297071725312501
-0.29000000000000004,-0.91,7.124998405000001
-0.2450000000000001,-0.91,6.9653720003125015
-0.20000000000000018,-0.91,6.817900000000001
-0.15500000000000003,-0.91,6.6823391003125
-0.1100000000000001,-0.91,6.558495205
-0.06500000000000017,-0.91,6.4462234253125
-0.020000000000000018,-0.91,6.3454280800000005
0.02499999999999991,-0.91,6.256062695312501
0.06999999999999984,-0.91,6.178130005000001
0.11499999999999977,-0.91,6.111681950312501
0.16000000000000014,-0.91,6.05681968
0.20500000000000007,-0.91,6.0136935503125
0.25,-0.91,5.982503125
0.29499999999999993,-0.91,5.9634971753125
0.33999999999999986,-0.91,5.95697368
0.3849999999999998,-0.91,5.963279825312501
0.4299999999999997,-0.91,5.982812005
0.4750000000000001,-0.91,6.0160158203125
0.52,-0.91,6.06338608
0.565,-0.91,6.1254668003125
0.6099999999999999,-0.91,6.202851205
0.6549999999999998,-0.91,6.2961817253125
0.6999999999999997,-0.91,6.40615
0.7450000000000001,-0.91,6.533496875312501
0.79,-0.91,6.679012405000001
0.835,-0.91,6.843535850312501
0.8799999999999999,-0.91,7.027955680000001
0.9249999999999998,-0.91,7.2332095703125
0.9699999999999998,-0.91,7.4602844049999995
1.0149999999999997,-0.91,7.710216275312499
1.06,-0.91,7.984090480000001
1.105,-0.91,8.2830415253125
1.15,-0.91,8.608253125
1.1949999999999998,-0.91,8.9609582003125
1.2399999999999998,-0.91,9.34243888
1.2849999999999997,-0.91,9.754026500312497
1.33,-0.91,10.197101605000002
1.375,-0.91,10.6730939453125
1.42,-0.91,11.18348248
1.4649999999999999,-0.91,11.729795375312499
1.5099999999999998,-0.91,12.313610005
1.5549999999999997,-0.91,12.936552950312498
1.5999999999999996,-0.91,13.600299999999995
1.645,-0.91,14.3065761503125
1.69,-0.91,15.057155605
1.7349999999999999,-0.91,15.853861775312499
1.7799999999999998,-0.91,16.69856728
1.8249999999999997,-0.91,17.5931939453125
1.8699999999999997,-0.91,18.539712804999994
1.915,-0.91,19.540144100312503
1.96,-0.91,20.59655728
2.005,-0.91,21.7110710003125
2.05,-0.91,22.885853124999997
2.0949999999999998,-0.91,24.123120725312496
2.1399999999999997,-0.91,25.42514007999999
2.1849999999999996,-0.91,26.794226675312494
2.2299999999999995,-0.91,28.232745204999986
2.2749999999999995,-0.91,29.743109570312477
2.3200000000000003,-0.91,31.327782880000008
2.365,-0.91,32.98927745031251
2.41,-0.91,34.730154805000005
2.455,-0.91,36.553025675312504
2.5,-0.91,38.46055
-2.0,-0.865,28.894675000000003
-1.955,-0.865,27.6227408003125
-1.91,-0.865,26.408304805
-1.865,-0.865,25.2492538253125
-1.82,-0.865,24.143523880000004
-1.775,-0.865,23.089100195312497
-1.73,-0.865,22.084017205
-1.685,-0.865,21.1263585503125
-1.6400000000000001,-0.865,20.214257080000003
-1.595,-0.865,19.345894850312497
-1.55,-0.865,18.519503125
-1.505,-0.865,17.7333623753125
-1.46,-0.865,16.985802279999998
-1.415,-0.865,16.2752017253125
-1.37,-0.865,15.599988805
-1.3250000000000002,-0.865,14.958640820312503
-1.28,-0.865,14.34968428
-1.2349999999999999,-0.865,13.771694900312498
-1.19,-0.865,13.223297604999999
-1.145,-0.865,12.7031665253125
-1.1,-0.865,12.210025000000002
-1.0550000000000002,-0.865,11.742645575312501
-1.01,-0.865,11.299850004999998
-0.9650000000000001,-0.865,10.8805092503125
-0.9199999999999999,-0.865,10.48354348
-0.875,-0.865,10.1079220703125
-0.8300000000000001,-0.865,9.752663605
-0.7850000000000001,-0.865,9.4168358753125
-0.74,-0.865,9.099555879999999
-0.6950000000000001,-0.865,8.7999898253125
-0.6500000000000001,-0.865,8.517353125
-0.605,-0.865,8.2509104003125
-0.56,-0.865,7.999975480000001
-0.5150000000000001,-0.865,7.763911400312502
-0.47,-0.865,7.542130405000001
-0.42500000000000004,-0.865,7.334093945312501
-0.3800000000000001,-0.865,7.1393126800000015
-0.33499999999999996,-0.865,6.957346475312501
-0.29000000000000004,-0.865,6.787804405000001
-0.2450000000000001,-0.865,6.6303447503125
-0.20000000000000018,-0.865,6.484675000000001
-0.15500000000000003,-0.865,6.350551850312502
-0.1100000000000001,-0.865,6.227781205
-0.06500000000000017,-0.865,6.1162181753125004
-0.020000000000000018,-0.865,6.015767080000001
0.02499999999999991,-0.865,5.926381445312502
0.06999999999999984,-0.865,5.848064005000001
0.11499999999999977,-0.865,5.780866700312501
0.16000000000000014,-0.865,5.72489068
0.20500000000000007,-0.865,5.6802863003125
0.25,-0.865,5.647253125000001
0.29499999999999993,-0.865,5.626039925312501
0.33999999999999986,-0.865,5.6169446800000005
0.3849999999999998,-0.865,5.6203145753125
0.4299999999999997,-0.865,5.6365460050000005
0.4750000000000001,-0.865,5.6660845703125
0.52,-0.865,5.70942508
0.565,-0.865,5.7671115503125
0.6099999999999999,-0.865,5.8397372050000005
0.6549999999999998,-0.865,5.9279444753125
0.6999999999999997,-0.865,6.032425
0.7450000000000001,-0.865,6.153919625312501
0.79,-0.865,6.293218405
0.835,-0.865,6.451160600312501
0.8799999999999999,-0.865,6.62863468
0.9249999999999998,-0.865,6.8265783203125
0.9699999999999998,-0.865,7.045978405
1.0149999999999997,-0.865,7.287871025312499
1.06,-0.865,7.553341480000001
1.105,-0.865,7.8435242753125
1.15,-0.865,8.159603124999999
1.1949999999999998,-0.865,8.502810950312497
1.2399999999999998,-0.865,8.874429879999997
1.2849999999999997,-0.865,9.275791250312498
1.33,-0.865,9.708275605
1.375,-0.865,10.1733126953125
1.42,-0.865,10.672381479999999
1.4649999999999999,-0.865,11.207010125312497
1.5099999999999998,-0.865,11.778776004999997
1.5549999999999997,-0.865,12.389305700312496
1.5999999999999996,-0.865,13.040274999999994
1.645,-0.865,13.733408900312499
1.69,-0.865,14.470481605
1.7349999999999999,-0.865,15.253316525312497
1.7799999999999998,-0.865,16.083786279999995
1.8249999999999997,-0.865,16.963812695312495
1.8699999999999997,-0.865,17.89536680499999
1.915,-0.865,18.8804688503125
1.96,-0.865,19.92118828
2.005,-0.865,21.019643750312497
2.05,-0.865,22.178003124999993
2.0949999999999998,-0.865,23.398483475312492
2.1399999999999997,-0.865,24.683351079999987
2.1849999999999996,-0.865,26.03492142531249
2.2299999999999995,-0.865,27.455559204999986
2.2749999999999995,-0.865,28.94767832031248
2.3200000000000003,-0.865,30.51374188000001
2.365,-0.865,32.15626220031251
2.41,-0.865,33.877800805000014
2.455,-0.865,35.68096842531251
2.5,-0.865,37.568425000000005
-2.0,-0.8200000000000001,28.2172
-1.955,-0.8200000000000001,26.9612835503125
-1.91,-0.8200000000000001,25.762500805000002
-1.865,-0.8200000000000001,24.6187385753125
-1.82,-0.8200000000000001,23.52793288
-1.775,-0.8200000000000001,22.488068945312495
-1.73,-0.8200000000000001,21.497181205
-1.685,-0.8200000000000001,20.5533533003125
-1.6400000000000001,-0.8200000000000001,19.654718080000002
-1.595,-0.8200000000000001,18.7994576003125
-1.55,-0.8200000000000001,17.985803125
-1.505,-0.8200000000000001,17.2120351253125
-1.46,-0.8200000000000001,16.47648328
-1.415,-0.8200000000000001,15.777526475312502
-1.37,-0.8200000000000001,15.113592805000003
-1.3250000000000002,-0.8200000000000001,14.483159570312502
-1.28,-0.8200000000000001,13.884753280000002
-1.2349999999999999,-0.8200000000000001,13.316949650312498
-1.19,-0.8200000000000001,12.778373604999999
-1.145,-0.8200000000000001,12.267699275312502
-1.1,-0.8200000000000001,11.783650000000002
-1.0550000000000002,-0.8200000000000001,11.324998325312503
-1.01,-0.8200000000000001,10.890566005
-0.9650000000000001,-0.8200000000000001,10.479224000312502
-0.9199999999999999,-0.8200000000000001,10.08989248
-0.875,-0.8200000000000001,9.721540820312502
-0.8300000000000001,-0.8200000000000001,9.373187605000002
-0.7850000000000001,-0.8200000000000001,9.043900625312501
-0.74,-0.8200000000000001,8.732796879999999
-0.6950000000000001,-0.8200000000000001,8.4390425753125
-0.6500000000000001,-0.8200000000000001,8.161853125
-0.605,-0.8200000000000001,7.9004931503125
-0.56,-0.8200000000000001,7.654276480000001
-0.5150000000000001,-0.8200000000000001,7.422566150312502
-0.47,-0.8200000000000001,7.204774405
-0.42500000000000004,-0.8200000000000001,7.000362695312501
-0.3800000000000001,-0.8200000000000001,6.808841680000001
-0.33499999999999996,-0.8200000000000001,6.629771225312501
-0.29000000000000004,-0.8200000000000001,6.462760405000001
-0.2450000000000001,-0.8200000000000001,6.307467500312501
-0.20000000000000018,-0.8200000000000001,6.163600000000001
-0.15500000000000003,-0.8200000000000001,6.030914600312501
-0.1100000000000001,-0.8200000000000001,5.909217205
-0.06500000000000017,-0.8200000000000001,5.798362925312501
-0.020000000000000018,-0.8200000000000001,5.698256080000001
0.02499999999999991,-0.8200000000000001,5.608850195312502
0.06999999999999984,-0.8200000000000001,5.530148005000001
0.11499999999999977,-0.8200000000000001,5.462201450312501
0.16000000000000014,-0.8200000000000001,5.40511168
0.20500000000000007,-0.8200000000000001,5.3590290503125
0.25,-0.8200000000000001,5.3241531250000005
0.29499999999999993,-0.8200000000000001,5.300732675312501
0.33999999999999986,-0.8200000000000001,5.28906568
0.3849999999999998,-0.8200000000000001,5.289499325312501
0.4299999999999997,-0.8200000000000001,5.302430005000001
0.4750000000000001,-0.8200000000000001,5.3283033203125
0.52,-0.8200000000000001,5.36761408
0.565,-0.8200000000000001,5.4209063003125
0.6099999999999999,-0.8200000000000001,5.488773205
0.6549999999999998,-0.8200000000000001,5.5718572253125
0.6999999999999997,-0.8200000000000001,5.670850000000001
0.7450000000000001,-0.8200000000000001,5.786492375312501
0.79,-0.8200000000000001,5.9195744050000005
0.835,-0.8200000000000001,6.0709353503125
0.8799999999999999,-0.8200000000000001,6.241463680000001
0.9249999999999998,-0.8200000000000001,6.4320970703125
0.9699999999999998,-0.8200000000000001,6.643822404999999
1.0149999999999997,-0.8200000000000001,6.877675775312499
1.06,-0.8200000000000001,7.134742480000001
1.105,-0.8200000000000001,7.416157025312501
1.15,-0.8200000000000001,7.723103125
1.1949999999999998,-0.8200000000000001,8.0568137003125
1.2399999999999998,-0.8200000000000001,8.418570879999997
1.2849999999999997,-0.8200000000000001,8.809706000312499
1.33,-0.8200000000000001,9.231599605000003
1.375,-0.8200000000000001,9.6856814453125
1.42,-0.8200000000000001,10.17343048
1.4649999999999999,-0.8200000000000001,10.696374875312497
1.5099999999999998,-0.8200000000000001,11.256092005
1.5549999999999997,-0.8200000000000001,11.854208450312498
1.5999999999999996,-0.8200000000000001,12.492399999999996
1.645,-0.8200000000000001,13.172391650312498
1.69,-0.8200000000000001,13.895957605
1.7349999999999999,-0.8200000000000001,14.664921275312498
1.7799999999999998,-0.8200000000000001,15.48115528
1.8249999999999997,-0.8200000000000001,16.346581445312495
1.8699999999999997,-0.8200000000000001,17.263170804999994
1.915,-0.8200000000000001,18.2329436003125
1.96,-0.8200000000000001,19.257969279999998
2.005,-0.8200000000000001,20.3403665003125
2.05,-0.8200000000000001,21.482303124999994
2.0949999999999998,-0.8200000000000001,22.685996225312493
2.1399999999999997,-0.8200000000000001,23.95371207999999
2.1849999999999996,-0.8200000000000001,25.28776617531249
2.2299999999999995,-0.8200000000000001,26.690523204999984
2.2749999999999995,-0.8200000000000001,28.164397070312482
2.3200000000000003,-0.8200000000000001,29.71185088000001
2.365,-0.8200000000000001,31.335396950312507
2.41,-0.8200000000000001,33.03759680500001
2.455,-0.8200000000000001,34.8210611753125
2.5,-0.8200000000000001,36.688449999999996
-2.0,-0.775,27.551875
-1.955,-0.775,26.311976300312505
-1.91,-0.775,25.128846805000002
-1.865,-0.775,24.000373325312502
-1.82,-0.775,22.924491880000005
-1.775,-0.775,21.8991876953125
-1.73,-0.775,20.922495205
-1.685,-0.775,19.992498050312502
-1.6400000000000001,-0.775,19.107329080000007
-1.595,-0.775,18.2651703503125
-1.55,-0.775,17.464253125000003
-1.505,-0.775,16.7028578753125
-1.46,-0.775,15.979314279999997
-1.415,-0.775,15.2920012253125
-1.37,-0.775,14.639346805
-1.3250000000000002,-0.775,14.019828320312502
-1.28,-0.775,13.43197228
-1.2349999999999999,-0.775,12.8743544003125
-1.19,-0.775,12.345599605
-1.145,-0.775,11.8443820253125
-1.1,-0.775,11.369425000000001
-1.0550000000000002,-0.775,10.919501075312501
-1.01,-0.775,10.493432004999999
-0.9650000000000001,-0.775,10.0900887503125
-0.9199999999999999,-0.775,9.70839148
-0.875,-0.775,9.3473095703125
-0.8300000000000001,-0.775,9.005861605000002
-0.7850000000000001,-0.775,8.6831153753125
-0.74,-0.775,8.378187879999999
-0.6950000000000001,-0.775,8.0902453253125
-0.6500000000000001,-0.775,7.818503125
-0.605,-0.775,7.5622259003125
-0.56,-0.775,7.32072748
-0.5150000000000001,-0.775,7.0933709003125
-0.47,-0.775,6.879568405
-0.42500000000000004,-0.775,6.6787814453125005
-0.3800000000000001,-0.775,6.49052068
-0.33499999999999996,-0.775,6.3143459753125
-0.29000000000000004,-0.775,6.149866405
-0.2450000000000001,-0.775,5.9967402503125
-0.20000000000000018,-0.775,5.854675
-0.15500000000000003,-0.775,5.723427350312501
-0.1100000000000001,-0.775,5.602803204999999
-0.06500000000000017,-0.775,5.4926576753125005
-0.020000000000000018,-0.775,5.39289508
0.02499999999999991,-0.775,5.303468945312501
0.06999999999999984,-0.775,5.224382005000001
0.11499999999999977,-0.775,5.1556862003125
0.16000000000000014,-0.775,5.09748268
0.20500000000000007,-0.775,5.049921800312499
0.25,-0.775,5.0132031249999995
0.29499999999999993,-0.775,4.9875754253125
0.33999999999999986,-0.775,4.973336679999999
0.3849999999999998,-0.775,4.9708340753125
0.4299999999999997,-0.775,4.980464005
0.4750000000000001,-0.775,5.002672070312499
0.52,-0.775,5.037953079999999
0.565,-0.775,5.086851050312499
0.6099999999999999,-0.775,5.149959205
0.6549999999999998,-0.775,5.227919975312499
0.6999999999999997,-0.775,5.321425
0.7450000000000001,-0.775,5.4312151253125
0.79,-0.775,5.558080405
0.835,-0.775,5.7028601003125
0.8799999999999999,-0.775,5.86644268
0.9249999999999998,-0.775,6.0497658203124995
0.9699999999999998,-0.775,6.2538164049999985
1.0149999999999997,-0.775,6.479630525312498
1.06,-0.775,6.72829348
1.105,-0.775,7.000939775312499
1.15,-0.775,7.298753124999999
1.1949999999999998,-0.775,7.622966450312498
1.2399999999999998,-0.775,7.974861879999998
1.2849999999999997,-0.775,8.355770750312498
1.33,-0.775,8.767073605
1.375,-0.775,9.2102001953125
1.42,-0.775,9.686629479999999
1.4649999999999999,-0.775,10.197889625312497
1.5099999999999998,-0.775,10.745558004999998
1.5549999999999997,-0.775,11.331261200312497
1.5999999999999996,-0.775,11.956674999999995
1.645,-0.775,12.6235244003125
1.69,-0.775,13.333583605
1.7349999999999999,-0.775,14.088676025312497
1.7799999999999998,-0.775,14.890674279999995
1.8249999999999997,-0.775,15.741500195312495
1.8699999999999997,-0.775,16.643124804999992
1.915,-0.775,17.597568350312503
1.96,-0.775,18.60690028
2.005,-0.775,19.6732392503125
2.05,-0.775,20.798753124999998
2.0949999999999998,-0.775,21.985658975312496
2.1399999999999997,-0.775,23.23622307999999
2.1849999999999996,-0.775,24.55276092531249
2.2299999999999995,-0.775,25.937637204999987
2.2749999999999995,-0.775,27.393265820312486
2.3200000000000003,-0.775,28.922109880000008
2.365,-0.775,30.526681700312512
2.41,-0.775,32.209542805000005
2.455,-0.775,33.97330392531251
2.5,-0.775,35.820625
-2.0,-0.73,26.898699999999998
-1.955,-0.73,25.674819050312504
-1.91,-0.73,24.507342804999997
-1.865,-0.73,23.3941580753125
-1.82,-0.73,22.333200880000003
-1.775,-0.73,21.322456445312497
-1.73,-0.73,20.359959205
-1.685,-0.73,19.4437928003125
-1.6400000000000001,-0.73,18.57209008
-1.595,-0.73,17.7430331003125
-1.55,-0.73,16.954853125
-1.505,-0.73,16.205830625312498
-1.46,-0.73,15.494295279999998
-1.415,-0.73,14.8186259753125
-1.37,-0.73,14.177250805
-1.3250000000000002,-0.73,13.568647070312503
-1.28,-0.73,12.99134128
-1.2349999999999999,-0.73,12.4439091503125
-1.19,-0.73,11.924975604999998
-1.145,-0.73,11.4332147753125
-1.1,-0.73,10.967350000000001
-1.0550000000000002,-0.73,10.5261538253125
-1.01,-0.73,10.108448004999998
-0.9650000000000001,-0.73,9.7131035003125
-0.9199999999999999,-0.73,9.33904048
-0.875,-0.73,8.9852283203125
-0.8300000000000001,-0.73,8.650685605000001
-0.7850000000000001,-0.73,8.334480125312501
-0.74,-0.73,8.035728879999999
-0.6950000000000001,-0.73,7.7535980753125
-0.6500000000000001,-0.73,7.487303125
-0.605,-0.73,7.2361086503125005
-0.56,-0.73,6.999328480000001
-0.5150000000000001,-0.73,6.776325650312501
-0.47,-0.73,6.566512405000001
-0.42500000000000004,-0.73,6.369350195312501
-0.3800000000000001,-0.73,6.18434968
-0.33499999999999996,-0.73,6.0110707253125
-0.29000000000000004,-0.73,5.849122404999999
-0.2450000000000001,-0.73,5.698163000312501
-0.20000000000000018,-0.73,5.5579
-0.15500000000000003,-0.73,5.428090100312501
-0.1100000000000001,-0.73,5.308539205000001
-0.06500000000000017,-0.73,5.1991024253125
-0.020000000000000018,-0.73,5.099684080000001
0.02499999999999991,-0.73,5.0102376953125
0.06999999999999984,-0.73,4.930766005000001
0.11499999999999977,-0.73,4.8613209503125
0.16000000000000014,-0.73,4.80200368
0.20500000000000007,-0.73,4.7529645503125
0.25,-0.73,4.7144031250000005
0.29499999999999993,-0.73,4.6865681753125
0.33999999999999986,-0.73,4.66975768
0.3849999999999998,-0.73,4.664318825312499
0.4299999999999997,-0.73,4.670648005
0.4750000000000001,-0.73,4.6891908203125
0.52,-0.73,4.72044208
0.565,-0.73,4.7649458003125
0.6099999999999999,-0.73,4.823295204999999
0.6549999999999998,-0.73,4.8961327253124995
0.6999999999999997,-0.73,4.98415
0.7450000000000001,-0.73,5.0880878753125
0.79,-0.73,5.208736405
0.835,-0.73,5.3469348503125005
0.8799999999999999,-0.73,5.50357168
0.9249999999999998,-0.73,5.6795845703125
0.9699999999999998,-0.73,5.875960404999999
1.0149999999999997,-0.73,6.093735275312499
1.06,-0.73,6.333994480000001
1.105,-0.73,6.5978725253125
1.15,-0.73,6.886553124999999
1.1949999999999998,-0.73,7.201269200312499
1.2399999999999998,-0.73,7.543302879999997
1.2849999999999997,-0.73,7.9139855003124975
1.33,-0.73,8.314697605000001
1.375,-0.73,8.7468689453125
1.42,-0.73,9.211978479999999
1.4649999999999999,-0.73,9.711554375312497
1.5099999999999998,-0.73,10.247174004999998
1.5549999999999997,-0.73,10.820463950312497
1.5999999999999996,-0.73,11.433099999999994
1.645,-0.73,12.086807150312499
1.69,-0.73,12.783359604999998
1.7349999999999999,-0.73,13.524580775312497
1.7799999999999998,-0.73,14.312343279999997
1.8249999999999997,-0.73,15.148568945312496
1.8699999999999997,-0.73,16.035228804999992
1.915,-0.73,16.9743431003125
1.96,-0.73,17.96798128
2.005,-0.73,19.018262000312497
2.05,-0.73,20.127353124999996
2.0949999999999998,-0.73,21.297471725312494
2.1399999999999997,-0.73,22.53088407999999
2.1849999999999996,-0.73,23.82990567531249
2.2299999999999995,-0.73,25.196901204999985
2.2749999999999995,-0.73,26.63428457031248
2.3200000000000003,-0.73,28.14451888000001
2.365,-0.73,29.730116450312504
2.41,-0.73,31.393638805000005
2.455,-0.73,33.137696675312505
2.5,-0.73,34.96495
-2.0,-0.685,26.257675
-1.955,-0.685,25.049811800312504
-1.91,-0.685,23.897988805
-1.865,-0.685,22.8000928253125
-1.82,-0.685,21.754059880000003
-1.775,-0.685,20.757875195312497
-1.73,-0.685,19.809573205
-1.685,-0.685,18.9072375503125
-1.6400000000000001,-0.685,18.04900108
-1.595,-0.685,17.233045850312497
-1.55,-0.685,16.457603125000002
-1.505,-0.685,15.720953375312499
-1.46,-0.685,15.021426279999998
-1.415,-0.685,14.357400725312502
-1.37,-0.685,13.727304805000001
-1.3250000000000002,-0.685,13.129615820312504
-1.28,-0.685,12.562860280000002
-1.2349999999999999,-0.685,12.0256139003125
-1.19,-0.685,11.516501604999998
-1.145,-0.685,11.034197525312502
-1.1,-0.685,10.577425000000002
-1.0550000000000002,-0.685,10.1449565753125
-1.01,-0.685,9.735614004999999
-0.9650000000000001,-0.685,9.3482682503125
-0.9199999999999999,-0.685,8.98183948
-0.875,-0.685,8.6352970703125
-0.8300000000000001,-0.685,8.307659605000001
-0.7850000000000001,-0.685,7.997994875312502
-0.74,-0.685,7.705419880000001
-0.6950000000000001,-0.685,7.429100825312501
-0.6500000000000001,-0.685,7.1682531250000014
-0.605,-0.685,6.922141400312501
-0.56,-0.685,6.690079480000001
-0.5150000000000001,-0.685,6.471430400312502
-0.47,-0.685,6.2656064050000015
-0.42500000000000004,-0.685,6.072068945312501
-0.3800000000000001,-0.685,5.890328680000001
-0.33499999999999996,-0.685,5.7199454753125005
-0.29000000000000004,-0.685,5.560528405000001
-0.2450000000000001,-0.685,5.411735750312501
-0.20000000000000018,-0.685,5.273275000000001
-0.15500000000000003,-0.685,5.144902850312501
-0.1100000000000001,-0.685,5.026425205000001
-0.06500000000000017,-0.685,4.917697175312501
-0.020000000000000018,-0.685,4.818623080000001
0.02499999999999991,-0.685,4.7291564453125
0.06999999999999984,-0.685,4.649300005000001
0.11499999999999977,-0.685,4.579105700312501
0.16000000000000014,-0.685,4.51867468
0.20500000000000007,-0.685,4.468157300312501
0.25,-0.685,4.427753125000001
0.29499999999999993,-0.685,4.3977109253125
0.33999999999999986,-0.685,4.378328680000001
0.3849999999999998,-0.685,4.3699535753125005
0.4299999999999997,-0.685,4.372982005000001
0.4750000000000001,-0.685,4.3878595703125
0.52,-0.685,4.41508108
0.565,-0.685,4.4551905503125
0.6099999999999999,-0.685,4.508781205
0.6549999999999998,-0.685,4.5764954753125
0.6999999999999997,-0.685,4.659025000000001
0.7450000000000001,-0.685,4.757110625312501
0.79,-0.685,4.8715424050000005
0.835,-0.685,5.003159600312501
0.8799999999999999,-0.685,5.15285068
0.9249999999999998,-0.685,5.321553320312501
0.9699999999999998,-0.685,5.510254405
1.0149999999999997,-0.685,5.719990025312499
1.06,-0.685,5.951845480000002
1.105,-0.685,6.2069552753125015
1.15,-0.685,6.4865031250000005
1.1949999999999998,-0.685,6.7917219503125
1.2399999999999998,-0.685,7.123893879999999
1.2849999999999997,-0.685,7.4843502503125
1.33,-0.685,7.874471605000001
1.375,-0.685,8.2956876953125
1.42,-0.685,8.74947748
1.4649999999999999,-0.685,9.237369125312497
1.5099999999999998,-0.685,9.760940004999998
1.5549999999999997,-0.685,10.321816700312496
1.5999999999999996,-0.685,10.921674999999993
1.645,-0.685,11.5622399003125
1.69,-0.685,12.245285605
1.7349999999999999,-0.685,12.972635525312498
1.7799999999999998,-0.685,13.746162279999997
1.8249999999999997,-0.685,14.567787695312497
1.8699999999999997,-0.685,15.439482804999994
1.915,-0.685,16.3632678503125
1.96,-0.685,17.34121228
2.005,-0.685,18.375434750312497
2.05,-0.685,19.468103124999995
2.0949999999999998,-0.685,20.621434475312494
2.1399999999999997,-0.685,21.83769507999999
2.1849999999999996,-0.685,23.11920042531249
2.2299999999999995,-0.685,24.468315204999985
2.2749999999999995,-0.685,25.88745332031248
2.3200000000000003,-0.685,27.379077880000008
2.365,-0.685,28.945701200312506
2.41,-0.685,30.589884805000008
2.455,-0.685,32.31423942531251
2.5,-0.685,34.121425
-2.0,-0.64,25.6288
-1.955,-0.64,24.436954550312503
-1.91,-0.64,23.300784804999996
-1.865,-0.64,22.2181775753125
-1.82,-0.64,21.18706888
-1.775,-0.64,20.2054439453125
-1.73,-0.64,19.271337205
-1.685,-0.64,18.3828323003125
-1.6400000000000001,-0.64,17.538062080000003
-1.595,-0.64,16.735208600312497
-1.55,-0.64,15.972503125000001
-1.505,-0.64,15.248226125312499
-1.46,-0.64,14.560707279999999
-1.415,-0.64,13.908325475312502
-1.37,-0.64,13.289508805000002
-1.3250000000000002,-0.64,12.702734570312504
-1.28,-0.64,12.146529280000001
-1.2349999999999999,-0.64,11.6194686503125
-1.19,-0.64,11.120177605
-1.145,-0.64,10.647330275312502
-1.1,-0.64,10.199650000000002
-1.0550000000000002,-0.64,9.775909325312503
-1.01,-0.64,9.374930005
-0.9650000000000001,-0.64,8.995583000312502
-0.9199999999999999,-0.64,8.63678848
-0.875,-0.64,8.297515820312501
-0.8300000000000001,-0.64,7.976783605000001
-0.7850000000000001,-0.64,7.673659625312501
-0.74,-0.64,7.38726088
-0.6950000000000001,-0.64,7.116753575312501
-0.6500000000000001,-0.64,6.861353125000001
-0.605,-0.64,6.6203241503125
-0.56,-0.64,6.392980480000001
-0.5150000000000001,-0.64,6.178685150312502
-0.47,-0.64,5.976850405000001
-0.42500000000000004,-0.64,5.786937695312502
-0.3800000000000001,-0.64,5.608457680000002
-0.33499999999999996,-0.64,5.440970225312501
-0.29000000000000004,-0.64,5.2840844050000015
-0.2450000000000001,-0.64,5.137458500312501
-0.20000000000000018,-0.64,5.000800000000001
-0.15500000000000003,-0.64,4.873865600312501
-0.1100000000000001,-0.64,4.756461205000001
-0.06500000000000017,-0.64,4.648441925312501
-0.020000000000000018,-0.64,4.549712080000001
0.02499999999999991,-0.64,4.460225195312501
0.06999999999999984,-0.64,4.379984005000001
0.11499999999999977,-0.64,4.309040450312501
0.16000000000000014,-0.64,4.24749568
0.20500000000000007,-0.64,4.1955000503125
0.25,-0.64,4.153253125000001
0.29499999999999993,-0.64,4.121003675312501
0.33999999999999986,-0.64,4.09904968
0.3849999999999998,-0.64,4.0877383253125
0.4299999999999997,-0.64,4.0874660050000005
0.4750000000000001,-0.64,4.098678320312501
0.52,-0.64,4.121870080000001
0.565,-0.64,4.1575853003125
0.6099999999999999,-0.64,4.206417205
0.6549999999999998,-0.64,4.269008225312501
0.6999999999999997,-0.64,4.346050000000001
0.7450000000000001,-0.64,4.438283375312501
0.79,-0.64,4.546498405
0.835,-0.64,4.6715343503125
0.8799999999999999,-0.64,4.814279680000001
0.9249999999999998,-0.64,4.9756720703125
0.9699999999999998,-0.64,5.156698405
1.0149999999999997,-0.64,5.358394775312499
1.06,-0.64,5.581846480000001
1.105,-0.64,5.8281880253125005
1.15,-0.64,6.098603125
1.1949999999999998,-0.64,6.3943247003125
1.2399999999999998,-0.64,6.716634879999999
1.2849999999999997,-0.64,7.066865000312498
1.33,-0.64,7.446395605000002
1.375,-0.64,7.856656445312501
1.42,-0.64,8.29912648
1.4649999999999999,-0.64,8.775333875312498
1.5099999999999998,-0.64,9.286856004999999
1.5549999999999997,-0.64,9.835319450312499
1.5999999999999996,-0.64,10.422399999999996
1.645,-0.64,11.049822650312501
1.69,-0.64,11.719361605
1.7349999999999999,-0.64,12.432840275312499
1.7799999999999998,-0.64,13.192131279999996
1.8249999999999997,-0.64,13.999156445312495
1.8699999999999997,-0.64,14.855886804999994
1.915,-0.64,15.764342600312503
1.96,-0.64,16.72659328
2.005,-0.64,17.744757500312495
2.05,-0.64,18.821003124999994
2.0949999999999998,-0.64,19.957547225312492
2.1399999999999997,-0.64,21.156656079999987
2.1849999999999996,-0.64,22.42064517531249
2.2299999999999995,-0.64,23.751879204999984
2.2749999999999995,-0.64,25.152772070312484
2.3200000000000003,-0.64,26.625786880000007
2.365,-0.64,28.17343595031251
2.41,-0.64,29.798280805000008
2.455,-0.64,31.502932175312502
2.5,-0.64,33.29005
-2.0,-0.595,25.012074999999996
-1.955,-0.595,23.836247300312504
-1.91,-0.595,22.715730805
-1.865,-0.595,21.6484123253125
-1.82,-0.595,20.632227880000006
-1.775,-0.595,19.665162695312496
-1.73,-0.595,18.745251205
-1.685,-0.595,17.8705770503125
-1.6400000000000001,-0.595,17.039273080000005
-1.595,-0.595,16.249521350312495
-1.55,-0.595,15.499553124999998
-1.505,-0.595,14.787648875312497
-1.46,-0.595,14.11213828
-1.415,-0.595,13.4714002253125
-1.37,-0.595,12.863862805000002
-1.3250000000000002,-0.595,12.288003320312502
-1.28,-0.595,11.74234828
-1.2349999999999999,-0.595,11.225473400312499
-1.19,-0.595,10.736003605
-1.145,-0.595,10.2726130253125
-1.1,-0.595,9.834025
-1.0550000000000002,-0.595,9.419012075312502
-1.01,-0.595,9.026396004999999
-0.9650000000000001,-0.595,8.6550477503125
-0.9199999999999999,-0.595,8.30388748
-0.875,-0.595,7.9718845703125
-0.8300000000000001,-0.595,7.658057605000001
-0.7850000000000001,-0.595,7.3614743753125005
-0.74,-0.595,7.08125188
-0.6950000000000001,-0.595,6.8165563253125
-0.6500000000000001,-0.595,6.566603125
-0.605,-0.595,6.3306569003125
-0.56,-0.595,6.10803148
-0.5150000000000001,-0.595,5.898089900312501
-0.47,-0.595,5.700244404999999
-0.42500000000000004,-0.595,5.5139564453125
-0.3800000000000001,-0.595,5.33873668
-0.33499999999999996,-0.595,5.1741449753125
-0.29000000000000004,-0.595,5.019790405
-0.2450000000000001,-0.595,4.875331250312501
-0.20000000000000018,-0.595,4.740475
-0.15500000000000003,-0.595,4.6149783503125
-0.1100000000000001,-0.595,4.498647205
-0.06500000000000017,-0.595,4.3913366753125
-0.020000000000000018,-0.595,4.29295108
0.02499999999999991,-0.595,4.203443945312499
0.06999999999999984,-0.595,4.122818005
0.11499999999999977,-0.595,4.0511252003125
0.16000000000000014,-0.595,3.98846668
0.20500000000000007,-0.595,3.9349928003125
0.25,-0.595,3.890903125
0.29499999999999993,-0.595,3.8564464253125004
0.33999999999999986,-0.595,3.83192068
0.3849999999999998,-0.595,3.8176730753125
0.4299999999999997,-0.595,3.8141000050000002
0.4750000000000001,-0.595,3.8216470703125
0.52,-0.595,3.8408090799999997
0.565,-0.595,3.8721300503125
0.6099999999999999,-0.595,3.916203205
0.6549999999999998,-0.595,3.9736709753124995
0.6999999999999997,-0.595,4.045224999999999
0.7450000000000001,-0.595,4.1316061253125005
0.79,-0.595,4.233604405
0.835,-0.595,4.352059100312499
0.8799999999999999,-0.595,4.4878586799999995
0.9249999999999998,-0.595,4.6419408203125
0.9699999999999998,-0.595,4.815292404999999
1.0149999999999997,-0.595,5.008949525312499
1.06,-0.595,5.22399748
1.105,-0.595,5.4615707753125005
1.15,-0.595,5.722853124999999
1.1949999999999998,-0.595,6.009077450312499
1.2399999999999998,-0.595,6.3215258799999985
1.2849999999999997,-0.595,6.661529750312498
1.33,-0.595,7.030469605
1.375,-0.595,7.4297751953125
1.42,-0.595,7.860925480000001
1.4649999999999999,-0.595,8.325448625312497
1.5099999999999998,-0.595,8.824922004999998
1.5549999999999997,-0.595,9.360972200312496
1.5999999999999996,-0.595,9.935274999999995
1.645,-0.595,10.5495554003125
1.69,-0.595,11.205587604999998
1.7349999999999999,-0.595,11.905195025312498
1.7799999999999998,-0.595,12.650250279999998
1.8249999999999997,-0.595,13.442675195312496
1.8699999999999997,-0.595,14.284440804999992
1.915,-0.595,15.1775673503125
1.96,-0.595,16.124124279999997
2.005,-0.595,17.126230250312496
2.05,-0.595,18.186053124999997
2.0949999999999998,-0.595,19.305809975312492
2.1399999999999997,-0.595,20.48776707999999
2.1849999999999996,-0.595,21.73423992531249
2.2299999999999995,-0.595,23.047593204999984
2.2749999999999995,-0.595,24.430240820312484
2.3200000000000003,-0.595,25.884645880000008
2.365,-0.595,27.41332070031251
2.41,-0.595,29.018826805000007
2.455,-0.595,30.7037749253125
2.5,-0.595,32.470825
-2.0,-0.55,24.407500000000002
-1.955,-0.55,23.247690050312503
-1.91,-0.55,22.142826805000002
-1.865,-0.55,21.0907970753125
-1.82,-0.55,20.089536880000004
-1.775,-0.55,19.137031445312502
-1.73,-0.55,18.231315205
-1.685,-0.55,17.3704718003125
-1.6400000000000001,-0.55,16.55263408
-1.595,-0.55,15.7759841003125
-1.55,-0.55,15.038753125
-1.505,-0.55,14.339221625312499
-1.46,-0.55,13.67571928
-1.415,-0.55,13.046624975312502
-1.37,-0.55,12.450366805000003
-1.3250000000000002,-0.55,11.8854220703125
-1.28,-0.55,11.350317280000002
-1.2349999999999999,-0.55,10.843628150312497
-1.19,-0.55,10.363979605
-1.145,-0.55,9.9100457753125
-1.1,-0.55,9.480550000000001
-1.0550000000000002,-0.55,9.074264825312502
-1.01,-0.55,8.690012005
-0.9650000000000001,-0.55,8.326662500312501
-0.9199999999999999,-0.55,7.983136480000001
-0.875,-0.55,7.6584033203125
-0.8300000000000001,-0.55,7.351481605000001
-0.7850000000000001,-0.55,7.061439125312501
-0.74,-0.55,6.7873928800000005
-0.6950000000000001,-0.55,6.528509075312501
-0.6500000000000001,-0.55,6.284003125000002
-0.605,-0.55,6.0531396503125015
-0.56,-0.55,5.835232480000001
-0.5150000000000001,-0.55,5.6296446503125015
-0.47,-0.55,5.435788405
-0.42500000000000004,-0.55,5.253125195312501
-0.3800000000000001,-0.55,5.081165680000002
-0.33499999999999996,-0.55,4.919469725312501
-0.29000000000000004,-0.55,4.767646405000001
-0.2450000000000001,-0.55,4.625354000312501
-0.20000000000000018,-0.55,4.492300000000001
-0.15500000000000003,-0.55,4.368241100312501
-0.1100000000000001,-0.55,4.252983205000001
-0.06500000000000017,-0.55,4.146381425312501
-0.020000000000000018,-0.55,4.048340080000001
0.02499999999999991,-0.55,3.9588126953125005
0.06999999999999984,-0.55,3.8778020050000004
0.11499999999999977,-0.55,3.8053599503125004
0.16000000000000014,-0.55,3.7415876800000003
0.20500000000000007,-0.55,3.6866355503125003
0.25,-0.55,3.6407031250000004
0.29499999999999993,-0.55,3.6040391753125003
0.33999999999999986,-0.55,3.5769416800000005
0.3849999999999998,-0.55,3.5597578253125
0.4299999999999997,-0.55,3.5528840050000006
0.4750000000000001,-0.55,3.5567658203125
0.52,-0.55,3.57189808
0.565,-0.55,3.5988248003125
0.6099999999999999,-0.55,3.6381392050000003
0.6549999999999998,-0.55,3.6904837253125
0.6999999999999997,-0.55,3.7565500000000003
0.7450000000000001,-0.55,3.8370788753125007
0.79,-0.55,3.9328604050000004
0.835,-0.55,4.0447338503125
0.8799999999999999,-0.55,4.173587680000001
0.9249999999999998,-0.55,4.3203595703125
0.9699999999999998,-0.55,4.486036405
1.0149999999999997,-0.55,4.671654275312499
1.06,-0.55,4.8782984800000015
1.105,-0.55,5.1071035253125014
1.15,-0.55,5.359253125
1.1949999999999998,-0.55,5.6359802003125
1.2399999999999998,-0.55,5.93856688
1.2849999999999997,-0.55,6.268344500312499
1.33,-0.55,6.626693605000002
1.375,-0.55,7.015043945312501
1.42,-0.55,7.434874480000001
1.4649999999999999,-0.55,7.887713375312498
1.5099999999999998,-0.55,8.375138005
1.5549999999999997,-0.55,8.898774950312497
1.5999999999999996,-0.55,9.460299999999997
1.645,-0.55,10.061438150312501
1.69,-0.55,10.703963605
1.7349999999999999,-0.55,11.389699775312499
1.7799999999999998,-0.55,12.120519279999998
1.8249999999999997,-0.55,12.898343945312497
1.8699999999999997,-0.55,13.725144804999996
1.915,-0.55,14.602942100312504
1.96,-0.55,15.53380528
2.005,-0.55,16.519853000312498
2.05,-0.55,17.563253124999996
2.0949999999999998,-0.55,18.666222725312497
2.1399999999999997,-0.55,19.831028079999992
2.1849999999999996,-0.55,21.05998467531249
2.2299999999999995,-0.55,22.35545720499999
2.2749999999999995,-0.55,23.719859570312487
2.3200000000000003,-0.55,25.15565488000001
2.365,-0.55,26.665355450312507
2.41,-0.55,28.25152280500001
2.455,-0.55,29.916767675312506
2.5,-0.55,31.66375
-2.0,-0.505,23.815075
-1.955,-0.505,22.6712828003125
-1.91,-0.505,21.582072805000003
-1.865,-0.505,20.545331825312502
-1.82,-0.505,19.558995880000005
-1.775,-0.505,18.6210501953125
-1.73,-0.505,17.729529205
-1.685,-0.505,16.882516550312502
-1.6400000000000001,-0.505,16.078145080000002
-1.595,-0.505,15.314596850312498
-1.55,-0.505,14.590103124999999
-1.505,-0.505,13.902944375312497
-1.46,-0.505,13.251450279999997
-1.415,-0.505,12.6339997253125
-1.37,-0.505,12.049020805
-1.3250000000000002,-0.505,11.494990820312502
-1.28,-0.505,10.97043628
-1.2349999999999999,-0.505,10.4739329003125
-1.19,-0.505,10.004105605
-1.145,-0.505,9.5596285253125
-1.1,-0.505,9.139225
-1.0550000000000002,-0.505,8.741667575312501
-1.01,-0.505,8.365778004999997
-0.9650000000000001,-0.505,8.0104272503125
-0.9199999999999999,-0.505,7.674535479999999
-0.875,-0.505,7.357072070312499
-0.8300000000000001,-0.505,7.057055605
-0.7850000000000001,-0.505,6.7735538753124995
-0.74,-0.505,6.5056838799999985
-0.6950000000000001,-0.505,6.252611825312499
-0.6500000000000001,-0.505,6.013553125
-0.605,-0.505,5.787772400312499
-0.56,-0.505,5.574583479999999
-0.5150000000000001,-0.505,5.373349400312501
-0.47,-0.505,5.1834824049999995
-0.42500000000000004,-0.505,5.0044439453125005
-0.3800000000000001,-0.505,4.83574468
-0.33499999999999996,-0.505,4.6769444753125
-0.29000000000000004,-0.505,4.5276524049999995
-0.2450000000000001,-0.505,4.3875267503124995
-0.20000000000000018,-0.505,4.256275
-0.15500000000000003,-0.505,4.133653850312499
-0.1100000000000001,-0.505,4.019469204999999
-0.06500000000000017,-0.505,3.9135761753125
-0.020000000000000018,-0.505,3.8158790799999998
0.02499999999999991,-0.505,3.7263314453125
0.06999999999999984,-0.505,3.644936005
0.11499999999999977,-0.505,3.5717447003125
0.16000000000000014,-0.505,3.5068586799999992
0.20500000000000007,-0.505,3.4504283003124994
0.25,-0.505,3.4026531249999996
0.29499999999999993,-0.505,3.3637819253125
0.33999999999999986,-0.505,3.3341126799999996
0.3849999999999998,-0.505,3.3139925753124997
0.4299999999999997,-0.505,3.303818005
0.4750000000000001,-0.505,3.3040345703124996
0.52,-0.505,3.3151370799999995
0.565,-0.505,3.3376695503124996
0.6099999999999999,-0.505,3.3722252049999994
0.6549999999999998,-0.505,3.4194464753124993
0.6999999999999997,-0.505,3.4800249999999995
0.7450000000000001,-0.505,3.5547016253125
0.79,-0.505,3.6442664049999998
0.835,-0.505,3.7495586003124997
0.8799999999999999,-0.505,3.8714666799999997
0.9249999999999998,-0.505,4.010928320312499
0.9699999999999998,-0.505,4.1689304049999985
1.0149999999999997,-0.505,4.346509025312498
1.06,-0.505,4.544749479999999
1.105,-0.505,4.764786275312499
1.15,-0.505,5.007803124999999
1.1949999999999998,-0.505,5.275032950312498
1.2399999999999998,-0.505,5.567757879999998
1.2849999999999997,-0.505,5.887309250312497
1.33,-0.505,6.235067605
1.375,-0.505,6.6124626953125
1.42,-0.505,7.0209734799999985
1.4649999999999999,-0.505,7.462128125312497
1.5099999999999998,-0.505,7.9375040049999965
1.5549999999999997,-0.505,8.448727700312496
1.5999999999999996,-0.505,8.997474999999994
1.645,-0.505,9.5854709003125
1.69,-0.505,10.214489604999997
1.7349999999999999,-0.505,10.886354525312498
1.7799999999999998,-0.505,11.602938279999996
1.8249999999999997,-0.505,12.366162695312495
1.8699999999999997,-0.505,13.177998804999993
1.915,-0.505,14.040466850312502
1.96,-0.505,14.955636279999998
2.005,-0.505,15.925625750312495
2.05,-0.505,16.952603124999996
2.0949999999999998,-0.505,18.038785475312494
2.1399999999999997,-0.505,19.18643907999999
2.1849999999999996,-0.505,20.39787942531249
2.2299999999999995,-0.505,21.675471204999987
2.2749999999999995,-0.505,23.021628320312484
2.3200000000000003,-0.505,24.438813880000005
2.365,-0.505,25.92954020031251
2.41,-0.505,27.496368805000007
2.455,-0.505,29.141910425312503
2.5,-0.505,30.868825
-2.0,-0.45999999999999996,23.2348
-1.955,-0.45999999999999996,22.1070255503125
-1.91,-0.45999999999999996,21.033468805
-1.865,-0.45999999999999996,20.012016575312504
-1.82,-0.45999999999999996,19.040604880000004
-1.775,-0.45999999999999996,18.1172189453125
-1.73,-0.45999999999999996,17.239893205
-1.685,-0.45999999999999996,16.4067113003125
-1.6400000000000001,-0.45999999999999996,15.61580608
-1.595,-0.45999999999999996,14.865359600312498
-1.55,-0.45999999999999996,14.153603125
-1.505,-0.45999999999999996,13.478817125312496
-1.46,-0.45999999999999996,12.839331279999998
-1.415,-0.45999999999999996,12.233524475312501
-1.37,-0.45999999999999996,11.659824805000001
-1.3250000000000002,-0.45999999999999996,11.116709570312501
-1.28,-0.45999999999999996,10.60270528
-1.2349999999999999,-0.45999999999999996,10.116387650312499
-1.19,-0.45999999999999996,9.656381604999998
-1.145,-0.45999999999999996,9.221361275312498
-1.1,-0.45999999999999996,8.81005
-1.0550000000000002,-0.45999999999999996,8.4212203253125
-1.01,-0.45999999999999996,8.053694004999999
-0.9650000000000001,-0.45999999999999996,7.7063420003125
-0.9199999999999999,-0.45999999999999996,7.378084479999999
-0.875,-0.45999999999999996,7.067890820312499
-0.8300000000000001,-0.45999999999999996,6.774779605
-0.7850000000000001,-0.45999999999999996,6.497818625312499
-0.74,-0.45999999999999996,6.236124879999999
-0.6950000000000001,-0.45999999999999996,5.988864575312499
-0.6500000000000001,-0.45999999999999996,5.755253125
-0.605,-0.45999999999999996,5.5345551503125
-0.56,-0.45999999999999996,5.32608448
-0.5150000000000001,-0.45999999999999996,5.1292041503125
-0.47,-0.45999999999999996,4.943326405
-0.42500000000000004,-0.45999999999999996,4.767912695312499
-0.3800000000000001,-0.45999999999999996,4.602473679999999
-0.33499999999999996,-0.45999999999999996,4.4465692253124995
-0.29000000000000004,-0.45999999999999996,4.299808405
-0.2450000000000001,-0.45999999999999996,4.1618495003125
-0.20000000000000018,-0.45999999999999996,4.0324
-0.15500000000000003,-0.45999999999999996,3.9112166003124997
-0.1100000000000001,-0.45999999999999996,3.7981052049999997
-0.06500000000000017,-0.45999999999999996,3.6929209253125004
-0.020000000000000018,-0.45999999999999996,3.5955680799999996
0.02499999999999991,-0.45999999999999996,3.5060001953124997
0.06999999999999984,-0.45999999999999996,3.424220005
0.11499999999999977,-0.45999999999999996,3.3502794503124997
0.16000000000000014,-0.45999999999999996,3.284279679999999
0.20500000000000007,-0.45999999999999996,3.2263710503124994
0.25,-0.45999999999999996,3.176753125
0.29499999999999993,-0.45999999999999996,3.1356746753125
0.33999999999999986,-0.45999999999999996,3.1034336799999993
0.3849999999999998,-0.45999999999999996,3.0803773253125
0.4299999999999997,-0.45999999999999996,3.066902005
0.4750000000000001,-0.45999999999999996,3.0634533203124996
0.52,-0.45999999999999996,3.0705260799999996
0.565,-0.45999999999999996,3.0886643003124994
0.6099999999999999,-0.45999999999999996,3.1184612049999996
0.6549999999999998,-0.45999999999999996,3.1605592253124994
0.6999999999999997,-0.45999999999999996,3.2156499999999997
0.7450000000000001,-0.45999999999999996,3.2844743753125
0.79,-0.45999999999999996,3.3678224049999996
0.835,-0.45999999999999996,3.4665333503124995
0.8799999999999999,-0.45999999999999996,3.5814956799999997
0.9249999999999998,-0.45999999999999996,3.7136470703124993
0.9699999999999998,-0.45999999999999996,3.863974404999999
1.0149999999999997,-0.45999999999999996,4.033513775312498
1.06,-0.45999999999999996,4.22335048
1.105,-0.45999999999999996,4.434619025312499
1.15,-0.45999999999999996,4.668503124999998
1.1949999999999998,-0.45999999999999996,4.926235700312498
1.2399999999999998,-0.45999999999999996,5.209098879999997
1.2849999999999997,-0.45999999999999996,5.518424000312497
1.33,-0.45999999999999996,5.855591605
1.375,-0.45999999999999996,6.222031445312499
1.42,-0.45999999999999996,6.6192224799999995
1.4649999999999999,-0.45999999999999996,7.048692875312497
1.5099999999999998,-0.45999999999999996,7.5120200049999974
1.5549999999999997,-0.45999999999999996,8.010830450312497
1.5999999999999996,-0.45999999999999996,8.546799999999994
1.645,-0.45999999999999996,9.1216536503125
1.69,-0.45999999999999996,9.737165604999998
1.7349999999999999,-0.45999999999999996,10.395159275312498
1.7799999999999998,-0.45999999999999996,11.097507279999997
1.8249999999999997,-0.45999999999999996,11.846131445312494
1.8699999999999997,-0.45999999999999996,12.643002804999993
1.915,-0.45999999999999996,13.4901416003125
1.96,-0.45999999999999996,14.389617279999998
2.005,-0.45999999999999996,15.343548500312496
2.05,-0.45999999999999996,16.354103124999995
2.0949999999999998,-0.45999999999999996,17.423498225312496
2.1399999999999997,-0.45999999999999996,18.55400007999999
2.1849999999999996,-0.45999999999999996,19.74792417531249
2.2299999999999995,-0.45999999999999996,21.00763520499999
2.2749999999999995,-0.45999999999999996,22.335547070312483
2.3200000000000003,-0.45999999999999996,23.734122880000008
2.365,-0.45999999999999996,25.205874950312506
2.41,-0.45999999999999996,26.753364805000004
2.455,-0.45999999999999996,28.379203175312504
2.5,-0.45999999999999996,30.08605
-2.0,-0.41500000000000004,22.666674999999998
-1.955,-0.41500000000000004,21.554918300312497
-1.91,-0.41500000000000004,20.497014805000003
-1.865,-0.41500000000000004,19.4908513253125
-1.82,-0.41500000000000004,18.53436388
-1.775,-0.41500000000000004,17.6255376953125
-1.73,-0.41500000000000004,16.762407205
-1.685,-0.41500000000000004,15.943056050312501
-1.6400000000000001,-0.41500000000000004,15.165617080000002
-1.595,-0.41500000000000004,14.428272350312499
-1.55,-0.41500000000000004,13.729253125000001
-1.505,-0.41500000000000004,13.066839875312498
-1.46,-0.41500000000000004,12.43936228
-1.415,-0.41500000000000004,11.845199225312502
-1.37,-0.41500000000000004,11.282778805000001
-1.3250000000000002,-0.41500000000000004,10.750578320312503
-1.28,-0.41500000000000004,10.247124280000003
-1.2349999999999999,-0.41500000000000004,9.7709924003125
-1.19,-0.41500000000000004,9.320807605
-1.145,-0.41500000000000004,8.8952440253125
-1.1,-0.41500000000000004,8.493025000000001
-1.0550000000000002,-0.41500000000000004,8.112923075312501
-1.01,-0.41500000000000004,7.753760005
-0.9650000000000001,-0.41500000000000004,7.414406750312501
-0.9199999999999999,-0.41500000000000004,7.09378348
-0.875,-0.41500000000000004,6.7908595703125005
-0.8300000000000001,-0.41500000000000004,6.5046536050000014
-0.7850000000000001,-0.41500000000000004,6.234233375312501
-0.74,-0.41500000000000004,5.97871588
-0.6950000000000001,-0.41500000000000004,5.737267325312501
-0.6500000000000001,-0.41500000000000004,5.509103125000001
-0.605,-0.41500000000000004,5.293487900312501
-0.56,-0.41500000000000004,5.089735480000001
-0.5150000000000001,-0.41500000000000004,4.897208900312501
-0.47,-0.41500000000000004,4.715320405000001
-0.42500000000000004,-0.41500000000000004,4.5435314453125
-0.3800000000000001,-0.41500000000000004,4.381352680000001
-0.33499999999999996,-0.41500000000000004,4.2283439753125
-0.29000000000000004,-0.41500000000000004,4.084114405
-0.2450000000000001,-0.41500000000000004,3.9483222503125
-0.20000000000000018,-0.41500000000000004,3.8206750000000005
-0.15500000000000003,-0.41500000000000004,3.7009293503125003
-0.1100000000000001,-0.41500000000000004,3.5888912050000004
-0.06500000000000017,-0.41500000000000004,3.484415675312501
-0.020000000000000018,-0.41500000000000004,3.3874070800000005
0.02499999999999991,-0.41500000000000004,3.2978189453125
0.06999999999999984,-0.41500000000000004,3.2156540050000006
0.11499999999999977,-0.41500000000000004,3.1409642003125002
0.16000000000000014,-0.41500000000000004,3.0738506799999996
0.20500000000000007,-0.41500000000000004,3.0144638003125
0.25,-0.41500000000000004,2.963003125
0.29499999999999993,-0.41500000000000004,2.9197174253125007
0.33999999999999986,-0.41500000000000004,2.88490468
0.3849999999999998,-0.41500000000000004,2.8589120753125004
0.4299999999999997,-0.41500000000000004,2.842136005000001
0.4750000000000001,-0.41500000000000004,2.8350220703124998
0.52,-0.41500000000000004,2.8380650800000002
0.565,-0.41500000000000004,2.8518090503125
0.6099999999999999,-0.41500000000000004,2.8768472050000002
0.6549999999999998,-0.41500000000000004,2.9138219753125
0.6999999999999997,-0.41500000000000004,2.9634250000000004
0.7450000000000001,-0.41500000000000004,3.0263971253125006
0.79,-0.41500000000000004,3.1035284050000005
0.835,-0.41500000000000004,3.1956581003125004
0.8799999999999999,-0.41500000000000004,3.3036746800000003
0.9249999999999998,-0.41500000000000004,3.4285158203125
0.9699999999999998,-0.41500000000000004,3.571168405
1.0149999999999997,-0.41500000000000004,3.732668525312499
1.06,-0.41500000000000004,3.9141014800000002
1.105,-0.41500000000000004,4.1166017753125
1.15,-0.41500000000000004,4.3413531249999995
1.1949999999999998,-0.41500000000000004,4.589588450312499
1.2399999999999998,-0.41500000000000004,4.862589879999999
1.2849999999999997,-0.41500000000000004,5.161688750312498
1.33,-0.41500000000000004,5.488265605000001
1.375,-0.41500000000000004,5.8437501953125
1.42,-0.41500000000000004,6.2296214800000005
1.4649999999999999,-0.41500000000000004,6.647407625312498
1.5099999999999998,-0.41500000000000004,7.098686004999999
1.5549999999999997,-0.41500000000000004,7.585083200312497
1.5999999999999996,-0.41500000000000004,8.108274999999995
1.645,-0.41500000000000004,8.669986400312501
1.69,-0.41500000000000004,9.271991604999998
1.7349999999999999,-0.41500000000000004,9.916114025312499
1.7799999999999998,-0.41500000000000004,10.604226279999997
1.8249999999999997,-0.41500000000000004,11.338250195312495
1.8699999999999997,-0.41500000000000004,12.120156804999995
1.915,-0.41500000000000004,12.951966350312501
1.96,-0.41500000000000004,13.835748279999999
2.005,-0.41500000000000004,14.773621250312498
2.05,-0.41500000000000004,15.767753124999997
2.0949999999999998,-0.41500000000000004,16.820360975312493
2.1399999999999997,-0.41500000000000004,17.93371107999999
2.1849999999999996,-0.41500000000000004,19.110118925312488
2.2299999999999995,-0.41500000000000004,20.351949204999986
2.2749999999999995,-0.41500000000000004,21.661615820312484
2.3200000000000003,-0.41500000000000004,23.041581880000006
2.365,-0.41500000000000004,24.494359700312508
2.41,-0.41500000000000004,26.022510805000007
2.455,-0.41500000000000004,27.6286459253125
2.5,-0.41500000000000004,29.315424999999998
-2.0,-0.37,22.1107
-1.955,-0.37,21.014961050312504
-1.91,-0.37,19.972710805000002
-1.865,-0.37,18.981836075312504
-1.82,-0.37,18.040272880000003
-1.775,-0.37,17.1460064453125
-1.73,-0.37,16.297071205
-1.685,-0.37,15.4915508003125
-1.6400000000000001,-0.37,14.72757808
-1.595,-0.37,14.003335100312498
-1.55,-0.37,13.317053125000001
-1.505,-0.37,12.667012625312498
-1.46,-0.37,12.051543279999999
-1.415,-0.37,11.469023975312501
-1.37,-0.37,10.917882805000001
-1.3250000000000002,-0.37,10.3965970703125
-1.28,-0.37,9.90369328
-1.2349999999999999,-0.37,9.437747150312498
-1.19,-0.37,8.997383605
-1.145,-0.37,8.5812767753125
-1.1,-0.37,8.18815
-1.0550000000000002,-0.37,7.816775825312501
-1.01,-0.37,7.465976004999999
-0.9650000000000001,-0.37,7.1346215003125
-0.9199999999999999,-0.37,6.82163248
-0.875,-0.37,6.5259783203124995
-0.8300000000000001,-0.37,6.246677605
-0.7850000000000001,-0.37,5.9827981253125
-0.74,-0.37,5.733456879999999
-0.6950000000000001,-0.37,5.497820075312499
-0.6500000000000001,-0.37,5.275103125000001
-0.605,-0.37,5.0645706503125005
-0.56,-0.37,4.86553648
-0.5150000000000001,-0.37,4.6773636503125005
-0.47,-0.37,4.4994644049999994
-0.42500000000000004,-0.37,4.3313001953125
-0.3800000000000001,-0.37,4.172381680000001
-0.33499999999999996,-0.37,4.0222687253125
-0.29000000000000004,-0.37,3.8805704050000007
-0.2450000000000001,-0.37,3.7469450003125004
-0.20000000000000018,-0.37,3.6211
-0.15500000000000003,-0.37,3.5027921003125004
-0.1100000000000001,-0.37,3.3918272050000007
-0.06500000000000017,-0.37,3.288060425312501
-0.020000000000000018,-0.37,3.19139608
0.02499999999999991,-0.37,3.1017876953125003
0.06999999999999984,-0.37,3.0192380050000005
0.11499999999999977,-0.37,2.943798950312501
0.16000000000000014,-0.37,2.8755716799999997
0.20500000000000007,-0.37,2.8147065503125
0.25,-0.37,2.761403125
0.29499999999999993,-0.37,2.7159101753125
0.33999999999999986,-0.37,2.6785256800000004
0.3849999999999998,-0.37,2.6495968253125004
0.4299999999999997,-0.37,2.6295200050000003
0.4750000000000001,-0.37,2.6187408203125
0.52,-0.37,2.61775408
0.565,-0.37,2.6271038003125002
0.6099999999999999,-0.37,2.6473832050000006
0.6549999999999998,-0.37,2.6792347253125004
0.6999999999999997,-0.37,2.72335
0.7450000000000001,-0.37,2.7804698753125003
0.79,-0.37,2.8513844050000006
0.835,-0.37,2.9369328503125005
0.8799999999999999,-0.37,3.03800368
0.9249999999999998,-0.37,3.1555345703124997
0.9699999999999998,-0.37,3.2905124049999994
1.0149999999999997,-0.37,3.443973275312499
1.06,-0.37,3.6170024800000005
1.105,-0.37,3.8107345253125002
1.15,-0.37,4.026353124999999
1.1949999999999998,-0.37,4.265091200312499
1.2399999999999998,-0.37,4.528230879999998
1.2849999999999997,-0.37,4.817103500312498
1.33,-0.37,5.133089605
1.375,-0.37,5.4776189453125
1.42,-0.37,5.85217048
1.4649999999999999,-0.37,6.258272375312499
1.5099999999999998,-0.37,6.697502004999998
1.5549999999999997,-0.37,7.171485950312497
1.5999999999999996,-0.37,7.681899999999995
1.645,-0.37,8.2304691503125
1.69,-0.37,8.818967605
1.7349999999999999,-0.37,9.449218775312499
1.7799999999999998,-0.37,10.123095279999996
1.8249999999999997,-0.37,10.842518945312497
1.8699999999999997,-0.37,11.609460804999994
1.915,-0.37,12.425941100312501
1.96,-0.37,13.294029279999998
2.005,-0.37,14.215844000312497
2.05,-0.37,15.193553124999996
2.0949999999999998,-0.37,16.229373725312495
2.1399999999999997,-0.37,17.325572079999993
2.1849999999999996,-0.37,18.484463675312494
2.2299999999999995,-0.37,19.70841320499999
2.2749999999999995,-0.37,20.999834570312483
2.3200000000000003,-0.37,22.36119088000001
2.365,-0.37,23.794994450312508
2.41,-0.37,25.303806805000008
2.455,-0.37,26.890238675312506
2.5,-0.37,28.55695
-2.0,-0.32500000000000007,21.566875000000003
-1.955,-0.32500000000000007,20.487153800312498
-1.91,-0.32500000000000007,19.460556805000003
-1.865,-0.32500000000000007,18.4849708253125
-1.82,-0.32500000000000007,17.558331880000004
-1.775,-0.32500000000000007,16.6786251953125
-1.73,-0.32500000000000007,15.843885205
-1.685,-0.32500000000000007,15.0521955503125
-1.6400000000000001,-0.32500000000000007,14.301689080000004
-1.595,-0.32500000000000007,13.590547850312499
-1.55,-0.32500000000000007,12.917003125
-1.505,-0.32500000000000007,12.279335375312499
-1.46,-0.32500000000000007,11.67587428
-1.415,-0.32500000000000007,11.1049987253125
-1.37,-0.32500000000000007,10.565136805000002
-1.3250000000000002,-0.32500000000000007,10.054765820312502
-1.28,-0.32500000000000007,9.572412280000002
-1.2349999999999999,-0.32500000000000007,9.1166519003125
-1.19,-0.32500000000000007,8.686109605
-1.145,-0.32500000000000007,8.2794595253125
-1.1,-0.32500000000000007,7.895425
-1.0550000000000002,-0.32500000000000007,7.532778575312501
-1.01,-0.32500000000000007,7.190342004999999
-0.9650000000000001,-0.32500000000000007,6.8669862503125
-0.9199999999999999,-0.32500000000000007,6.56163148
-0.875,-0.32500000000000007,6.2732470703125
-0.8300000000000001,-0.32500000000000007,6.000851605000001
-0.7850000000000001,-0.32500000000000007,5.743512875312501
-0.74,-0.32500000000000007,5.5003478800000005
-0.6950000000000001,-0.32500000000000007,5.2705228253125
-0.6500000000000001,-0.32500000000000007,5.053253125000001
-0.605,-0.32500000000000007,4.8478034003125
-0.56,-0.32500000000000007,4.653487480000001
-0.5150000000000001,-0.32500000000000007,4.469668400312501
-0.47,-0.32500000000000007,4.295758405
-0.42500000000000004,-0.32500000000000007,4.131218945312501
-0.3800000000000001,-0.32500000000000007,3.9755606800000014
-0.33499999999999996,-0.32500000000000007,3.828343475312501
-0.29000000000000004,-0.32500000000000007,3.689176405000001
-0.2450000000000001,-0.32500000000000007,3.557717750312501
-0.20000000000000018,-0.32500000000000007,3.433675000000001
-0.15500000000000003,-0.32500000000000007,3.3168048503125007
-0.1100000000000001,-0.32500000000000007,3.206913205000001
-0.06500000000000017,-0.32500000000000007,3.103855175312501
-0.020000000000000018,-0.32500000000000007,3.0075350800000002
0.02499999999999991,-0.32500000000000007,2.917906445312501
0.06999999999999984,-0.32500000000000007,2.8349720050000005
0.11499999999999977,-0.32500000000000007,2.758783700312501
0.16000000000000014,-0.32500000000000007,2.6894426800000004
0.20500000000000007,-0.32500000000000007,2.6270993003125005
0.25,-0.32500000000000007,2.5719531250000003
0.29499999999999993,-0.32500000000000007,2.5242529253125006
0.33999999999999986,-0.32500000000000007,2.4842966800000004
0.3849999999999998,-0.32500000000000007,2.4524315753125006
0.4299999999999997,-0.32500000000000007,2.4290540050000007
0.4750000000000001,-0.32500000000000007,2.4146095703125003
0.52,-0.32500000000000007,2.4095930800000005
0.565,-0.32500000000000007,2.414548550312501
0.6099999999999999,-0.32500000000000007,2.4300692050000006
0.6549999999999998,-0.32500000000000007,2.456797475312501
0.6999999999999997,-0.32500000000000007,2.4954250000000004
0.7450000000000001,-0.32500000000000007,2.5466926253125006
0.79,-0.32500000000000007,2.6113904050000007
0.835,-0.32500000000000007,2.6903576003125007
0.8799999999999999,-0.32500000000000007,2.7844826800000004
0.9249999999999998,-0.32500000000000007,2.8947033203125003
0.9699999999999998,-0.32500000000000007,3.022006405
1.0149999999999997,-0.32500000000000007,3.1674280253124993
1.06,-0.32500000000000007,3.3320534800000012
1.105,-0.32500000000000007,3.517017275312501
1.15,-0.32500000000000007,3.723503125
1.1949999999999998,-0.32500000000000007,3.9527439503125
1.2399999999999998,-0.32500000000000007,4.206021879999999
1.2849999999999997,-0.32500000000000007,4.484668250312499
1.33,-0.32500000000000007,4.790063605000001
1.375,-0.32500000000000007,5.1236376953125005
1.42,-0.32500000000000007,5.48686948
1.4649999999999999,-0.32500000000000007,5.8812871253124985
1.5099999999999998,-0.32500000000000007,6.308468004999998
1.5549999999999997,-0.32500000000000007,6.770038700312497
1.5999999999999996,-0.32500000000000007,7.267674999999997
1.645,-0.32500000000000007,7.803101900312501
1.69,-0.32500000000000007,8.378093605
1.7349999999999999,-0.32500000000000007,8.994473525312499
1.7799999999999998,-0.32500000000000007,9.654114279999998
1.8249999999999997,-0.32500000000000007,10.358937695312497
1.8699999999999997,-0.32500000000000007,11.110914804999995
1.915,-0.32500000000000007,11.912065850312501
1.96,-0.32500000000000007,12.76446028
2.005,-0.32500000000000007,13.670216750312498
2.05,-0.32500000000000007,14.631503124999998
2.0949999999999998,-0.32500000000000007,15.650536475312494
2.1399999999999997,-0.32500000000000007,16.72958307999999
2.1849999999999996,-0.32500000000000007,17.870958425312494
2.2299999999999995,-0.32500000000000007,19.07702720499999
2.2749999999999995,-0.32500000000000007,20.350203320312488
2.3200000000000003,-0.32500000000000007,21.692949880000008
2.365,-0.32500000000000007,23.10777920031251
2.41,-0.32500000000000007,24.597252805000007
2.455,-0.32500000000000007,26.163981425312503
2.5,-0.32500000000000007,27.810625
-2.0,-0.28,21.0352
-1.955,-0.28,19.9714965503125
-1.91,-0.28,18.960552805000003
-1.865,-0.28,18.0002555753125
-1.82,-0.28,17.088540880000004
-1.775,-0.28,16.2233939453125
-1.73,-0.28,15.402849205
-1.685,-0.28,14.624990300312502
-1.6400000000000001,-0.28,13.887950080000003
-1.595,-0.28,13.189910600312501
-1.55,-0.28,12.529103125
-1.505,-0.28,11.903808125312498
-1.46,-0.28,11.312355279999998
-1.415,-0.28,10.7531234753125
-1.37,-0.28,10.224540805000002
-1.3250000000000002,-0.28,9.725084570312502
-1.28,-0.28,9.253281280000003
-1.2349999999999999,-0.28,8.807706650312499
-1.19,-0.28,8.386985605
-1.145,-0.28,7.9897922753124995
-1.1,-0.28,7.61485
-1.0550000000000002,-0.28,7.260931325312501
-1.01,-0.28,6.926858004999999
-0.9650000000000001,-0.28,6.6115010003125
-0.9199999999999999,-0.28,6.313780479999999
-0.875,-0.28,6.032665820312499
-0.8300000000000001,-0.28,5.767175605
-0.7850000000000001,-0.28,5.5163776253125
-0.74,-0.28,5.27938888
-0.6950000000000001,-0.28,5.0553755753125
-0.6500000000000001,-0.28,4.843553125000001
-0.605,-0.28,4.6431861503125
-0.56,-0.28,4.45358848
-0.5150000000000001,-0.28,4.2741231503125
-0.47,-0.28,4.104202405
-0.42500000000000004,-0.28,3.9432876953125007
-0.3800000000000001,-0.28,3.7908896800000007
-0.33499999999999996,-0.28,3.6465682253125005
-0.29000000000000004,-0.28,3.5099324050000003
-0.2450000000000001,-0.28,3.3806405003125004
-0.20000000000000018,-0.28,3.2584000000000004
-0.15500000000000003,-0.28,3.1429676003125
-0.1100000000000001,-0.28,3.0341492050000003
-0.06500000000000017,-0.28,2.9317999253125007
-0.020000000000000018,-0.28,2.8358240799999996
0.02499999999999991,-0.28,2.7461751953125004
0.06999999999999984,-0.28,2.662856005
0.11499999999999977,-0.28,2.5859184503125006
0.16000000000000014,-0.28,2.51546368
0.20500000000000007,-0.28,2.4516420503125
0.25,-0.28,2.394653125
0.29499999999999993,-0.28,2.3447456753125
0.33999999999999986,-0.28,2.30221768
0.3849999999999998,-0.28,2.2674163253125
0.4299999999999997,-0.28,2.2407380050000003
0.4750000000000001,-0.28,2.2226283203125003
0.52,-0.28,2.21358208
0.565,-0.28,2.2141433003125
0.6099999999999999,-0.28,2.224905205
0.6549999999999998,-0.28,2.2465102253125
0.6999999999999997,-0.28,2.2796499999999997
0.7450000000000001,-0.28,2.3250653753125
0.79,-0.28,2.383546405
0.835,-0.28,2.4559323503125
0.8799999999999999,-0.28,2.54311168
0.9249999999999998,-0.28,2.6460220703124997
0.9699999999999998,-0.28,2.7656504049999993
1.0149999999999997,-0.28,2.9030327753124987
1.06,-0.28,3.0592544800000003
1.105,-0.28,3.2354500253125003
1.15,-0.28,3.432803125
1.1949999999999998,-0.28,3.652546700312499
1.2399999999999998,-0.28,3.8959628799999986
1.2849999999999997,-0.28,4.1643830003124975
1.33,-0.28,4.459187605
1.375,-0.28,4.781806445312499
1.42,-0.28,5.13371848
1.4649999999999999,-0.28,5.516451875312499
1.5099999999999998,-0.28,5.931584004999999
1.5549999999999997,-0.28,6.380741450312497
1.5999999999999996,-0.28,6.865599999999995
1.645,-0.28,7.3878846503124995
1.69,-0.28,7.9493696049999985
1.7349999999999999,-0.28,8.5518782753125
1.7799999999999998,-0.28,9.197283279999997
1.8249999999999997,-0.28,9.887506445312496
1.8699999999999997,-0.28,10.624518804999996
1.915,-0.28,11.410340600312502
1.96,-0.28,12.24704128
2.005,-0.28,13.136739500312498
2.05,-0.28,14.081603124999997
2.0949999999999998,-0.28,15.083849225312495
2.1399999999999997,-0.28,16.14574407999999
2.1849999999999996,-0.28,17.269603175312493
2.2299999999999995,-0.28,18.45779120499999
2.2749999999999995,-0.28,19.712722070312484
2.3200000000000003,-0.28,21.036858880000008
2.365,-0.28,22.432713950312507
2.41,-0.28,23.902848805000005
2.455,-0.28,25.4498741753125
2.5,-0.28,27.07645
-2.0,-0.235,20.515674999999998
-1.955,-0.235,19.4679893003125
-1.91,-0.235,18.472698805
-1.865,-0.235,17.5276903253125
-1.82,-0.235,16.63089988
-1.775,-0.235,15.7803126953125
-1.73,-0.235,14.973963204999999
-1.685,-0.235,14.2099350503125
-1.6400000000000001,-0.235,13.486361080000002
-1.595,-0.235,12.801423350312499
-1.55,-0.235,12.153353124999999
-1.505,-0.235,11.540430875312499
-1.46,-0.235,10.960986279999998
-1.415,-0.235,10.413398225312502
-1.37,-0.235,9.896094805
-1.3250000000000002,-0.235,9.407553320312502
-1.28,-0.235,8.94630028
-1.2349999999999999,-0.235,8.5109114003125
-1.19,-0.235,8.100011604999999
-1.145,-0.235,7.7122750253125
-1.1,-0.235,7.346425
-1.0550000000000002,-0.235,7.001234075312501
-1.01,-0.235,6.675524005
-0.9650000000000001,-0.235,6.3681657503125
-0.9199999999999999,-0.235,6.0780794799999995
-0.875,-0.235,5.8042345703125
-0.8300000000000001,-0.235,5.545649605
-0.7850000000000001,-0.235,5.3013923753125
-0.74,-0.235,5.0705798799999995
-0.6950000000000001,-0.235,4.8523783253125
-0.6500000000000001,-0.235,4.646003125
-0.605,-0.235,4.4507189003125
-0.56,-0.235,4.26583948
-0.5150000000000001,-0.235,4.0907279003125
-0.47,-0.235,3.9247964049999995
-0.42500000000000004,-0.235,3.7675064453125
-0.3800000000000001,-0.235,3.6183686799999997
-0.33499999999999996,-0.235,3.4769429753125
-0.29000000000000004,-0.235,3.342838405
-0.2450000000000001,-0.235,3.2157132503124997
-0.20000000000000018,-0.235,3.0952750000000004
-0.15500000000000003,-0.235,2.9812803503124994
-0.1100000000000001,-0.235,2.873535205
-0.06500000000000017,-0.235,2.7718946753125002
-0.020000000000000018,-0.235,2.67626308
0.02499999999999991,-0.235,2.5865939453125
0.06999999999999984,-0.235,2.502890005
0.11499999999999977,-0.235,2.4252032003125
0.16000000000000014,-0.235,2.3536346799999994
0.20500000000000007,-0.235,2.2883348003124997
0.25,-0.235,2.229503125
0.29499999999999993,-0.235,2.1773884253125
0.33999999999999986,-0.235,2.13228868
0.3849999999999998,-0.235,2.0945510753125
0.4299999999999997,-0.235,2.0645720049999996
0.4750000000000001,-0.235,2.0427970703124996
0.52,-0.235,2.02972108
0.565,-0.235,2.0258880503124996
0.6099999999999999,-0.235,2.0318912049999995
0.6549999999999998,-0.235,2.0483729753124997
0.6999999999999997,-0.235,2.076024999999999
0.7450000000000001,-0.235,2.1155881253124997
0.79,-0.235,2.1678524049999996
0.835,-0.235,2.2336571003124996
0.8799999999999999,-0.235,2.3138906799999996
0.9249999999999998,-0.235,2.4094908203124996
0.9699999999999998,-0.235,2.521444404999999
1.0149999999999997,-0.235,2.6507875253124986
1.06,-0.235,2.79860548
1.105,-0.235,2.9660327753124998
1.15,-0.235,3.1542531249999994
1.1949999999999998,-0.235,3.3644994503124988
1.2399999999999998,-0.235,3.598053879999999
1.2849999999999997,-0.235,3.856247750312498
1.33,-0.235,4.140461605
1.375,-0.235,4.4521251953125
1.42,-0.235,4.792717479999999
1.4649999999999999,-0.235,5.1637666253124985
1.5099999999999998,-0.235,5.566850004999998
1.5549999999999997,-0.235,6.003594200312497
1.5999999999999996,-0.235,6.475674999999995
1.645,-0.235,6.9848174003125
1.69,-0.235,7.532795604999999
1.7349999999999999,-0.235,8.121433025312498
1.7799999999999998,-0.235,8.752602279999998
1.8249999999999997,-0.235,9.428225195312496
1.8699999999999997,-0.235,10.150272804999995
1.915,-0.235,10.9207653503125
1.96,-0.235,11.74177228
2.005,-0.235,12.615412250312497
2.05,-0.235,13.543853124999995
2.0949999999999998,-0.235,14.529311975312496
2.1399999999999997,-0.235,15.57405507999999
2.1849999999999996,-0.235,16.68039792531249
2.2299999999999995,-0.235,17.85070520499999
2.2749999999999995,-0.235,19.087390820312486
2.3200000000000003,-0.235,20.392917880000006
2.365,-0.235,21.769798700312506
2.41,-0.235,23.220594805000005
2.455,-0.235,24.747916925312502
2.5,-0.235,26.354425
-2.0,-0.19000000000000006,20.0083
-1.955,-0.19000000000000006,18.9766320503125
-1.91,-0.19000000000000006,17.996994805
-1.865,-0.19000000000000006,17.067275075312498
-1.82,-0.19000000000000006,16.18540888
-1.775,-0.19000000000000006,15.349381445312497
-1.73,-0.19000000000000006,14.557227205
-1.685,-0.19000000000000006,13.807029800312502
-1.6400000000000001,-0.19000000000000006,13.096922080000002
-1.595,-0.19000000000000006,12.4250861003125
-1.55,-0.19000000000000006,11.789753125
-1.505,-0.19000000000000006,11.1892036253125
-1.46,-0.19000000000000006,10.62176728
-1.415,-0.19000000000000006,10.085822975312501
-1.37,-0.19000000000000006,9.579798805000001
-1.3250000000000002,-0.19000000000000006,9.102172070312502
-1.28,-0.19000000000000006,8.651469280000002
-1.2349999999999999,-0.19000000000000006,8.2262661503125
-1.19,-0.19000000000000006,7.825187605
-1.145,-0.19000000000000006,7.4469077753125
-1.1,-0.19000000000000006,7.090150000000001
-1.0550000000000002,-0.19000000000000006,6.753686825312501
-1.01,-0.19000000000000006,6.436340004999998
-0.9650000000000001,-0.19000000000000006,6.1369805003125
-0.9199999999999999,-0.19000000000000006,5.854528480000001
-0.875,-0.19000000000000006,5.587953320312501
-0.8300000000000001,-0.19000000000000006,5.336273605000001
-0.7850000000000001,-0.19000000000000006,5.098557125312501
-0.74,-0.19000000000000006,4.87392088
-0.6950000000000001,-0.19000000000000006,4.661531075312499
-0.6500000000000001,-0.19000000000000006,4.4606031250000004
-0.605,-0.19000000000000006,4.2704016503125
-0.56,-0.19000000000000006,4.09024048
-0.5150000000000001,-0.19000000000000006,3.9194826503125006
-0.47,-0.19000000000000006,3.757540405
-0.42500000000000004,-0.19000000000000006,3.6038751953125
-0.3800000000000001,-0.19000000000000006,3.45799768
-0.33499999999999996,-0.19000000000000006,3.3194677253125
-0.29000000000000004,-0.19000000000000006,3.187894405
-0.2450000000000001,-0.19000000000000006,3.0629360003125
-0.20000000000000018,-0.19000000000000006,2.9443000000000006
-0.15500000000000003,-0.19000000000000006,2.8317431003124995
-0.1100000000000001,-0.19000000000000006,2.7250712050000003
-0.06500000000000017,-0.19000000000000006,2.6241394253125003
-0.020000000000000018,-0.19000000000000006,2.52885208
0.02499999999999991,-0.19000000000000006,2.4391626953125
0.06999999999999984,-0.19000000000000006,2.355074005
0.11499999999999977,-0.19000000000000006,2.2766379503125003
0.16000000000000014,-0.19000000000000006,2.2039556799999995
0.20500000000000007,-0.19000000000000006,2.1371775503125
0.25,-0.19000000000000006,2.076503125
0.29499999999999993,-0.19000000000000006,2.0221811753125003
0.33999999999999986,-0.19000000000000006,1.9745096800000002
0.3849999999999998,-0.19000000000000006,1.9338358253125003
0.4299999999999997,-0.19000000000000006,1.9005560049999999
0.4750000000000001,-0.19000000000000006,1.8751158203125
0.52,-0.19000000000000006,1.85801008
0.565,-0.19000000000000006,1.8497828003125
0.6099999999999999,-0.19000000000000006,1.8510272049999998
0.6549999999999998,-0.19000000000000006,1.8623857253125
0.6999999999999997,-0.19000000000000006,1.8845499999999997
0.7450000000000001,-0.19000000000000006,1.9182608753125
0.79,-0.19000000000000006,1.9643084050000001
0.835,-0.19000000000000006,2.0235318503124997
0.8799999999999999,-0.19000000000000006,2.09681968
0.9249999999999998,-0.19000000000000006,2.1851095703124996
0.9699999999999998,-0.19000000000000006,2.2893884049999995
1.0149999999999997,-0.19000000000000006,2.410692275312499
1.06,-0.19000000000000006,2.55010648
1.105,-0.19000000000000006,2.7087655253125003
1.15,-0.19000000000000006,2.887853125
1.1949999999999998,-0.19000000000000006,3.0886022003124993
1.2399999999999998,-0.19000000000000006,3.312294879999999
1.2849999999999997,-0.19000000000000006,3.560262500312499
1.33,-0.19000000000000006,3.8338856050000003
1.375,-0.19000000000000006,4.134593945312501
1.42,-0.19000000000000006,4.46386648
1.4649999999999999,-0.19000000000000006,4.823231375312499
1.5099999999999998,-0.19000000000000006,5.214266004999999
1.5549999999999997,-0.19000000000000006,5.638596950312499
1.5999999999999996,-0.19000000000000006,6.097899999999996
1.645,-0.19000000000000006,6.5939001503125
1.69,-0.19000000000000006,7.128371605
1.7349999999999999,-0.19000000000000006,7.7031377753124985
1.7799999999999998,-0.19000000000000006,8.320071279999999
1.8249999999999997,-0.19000000000000006,8.981093945312496
1.8699999999999997,-0.19000000000000006,9.688176804999996
1.915,-0.19000000000000006,10.4433401003125
1.96,-0.19000000000000006,11.24865328
2.005,-0.19000000000000006,12.1062350003125
2.05,-0.19000000000000006,13.018253124999996
2.0949999999999998,-0.19000000000000006,13.986924725312495
2.1399999999999997,-0.19000000000000006,15.014516079999993
2.1849999999999996,-0.19000000000000006,16.10334267531249
2.2299999999999995,-0.19000000000000006,17.25576920499999
2.2749999999999995,-0.19000000000000006,18.474209570312485
2.3200000000000003,-0.19000000000000006,19.76112688000001
2.365,-0.19000000000000006,21.119033450312507
2.41,-0.19000000000000006,22.550490805000006
2.455,-0.19000000000000006,24.058109675312505
2.5,-0.19000000000000006,25.64455
-2.0,-0.14500000000000002,19.513075
-1.955,-0.14500000000000002,18.4974248003125
-1.91,-0.14500000000000002,17.533440805
-1.865,-0.14500000000000002,16.6190098253125
-1.82,-0.14500000000000002,15.752067880000004
-1.775,-0.14500000000000002,14.930600195312497
-1.73,-0.14500000000000002,14.152641205
-1.685,-0.14500000000000002,13.416274550312501
-1.6400000000000001,-0.14500000000000002,12.719633080000003
-1.595,-0.14500000000000002,12.060898850312501
-1.55,-0.14500000000000002,11.438303125000001
-1.505,-0.14500000000000002,10.850126375312497
-1.46,-0.14500000000000002,10.294698279999999
-1.415,-0.14500000000000002,9.770397725312499
-1.37,-0.14500000000000002,9.275652805000002
-1.3250000000000002,-0.14500000000000002,8.8089408203125
-1.28,-0.14500000000000002,8.368788280000002
-1.2349999999999999,-0.14500000000000002,7.953770900312499
-1.19,-0.14500000000000002,7.5625136049999995
-1.145,-0.14500000000000002,7.193690525312499
-1.1,-0.14500000000000002,6.846025
-1.0550000000000002,-0.14500000000000002,6.518289575312501
-1.01,-0.14500000000000002,6.209306004999999
-0.9650000000000001,-0.14500000000000002,5.9179452503125
-0.9199999999999999,-0.14500000000000002,5.6431274799999995
-0.875,-0.14500000000000002,5.383822070312499
-0.8300000000000001,-0.14500000000000002,5.139047605
-0.7850000000000001,-0.14500000000000002,4.9078718753125
-0.74,-0.14500000000000002,4.68941188
-0.6950000000000001,-0.14500000000000002,4.4828338253124995
-0.6500000000000001,-0.14500000000000002,4.287353125000001
-0.605,-0.14500000000000002,4.1022344003125
-0.56,-0.14500000000000002,3.9267914800000003
-0.5150000000000001,-0.14500000000000002,3.7603874003125
-0.47,-0.14500000000000002,3.602434405
-0.42500000000000004,-0.14500000000000002,3.4523939453125005
-0.3800000000000001,-0.14500000000000002,3.309776680000001
-0.33499999999999996,-0.14500000000000002,3.1741424753125007
-0.29000000000000004,-0.14500000000000002,3.045100405000001
-0.2450000000000001,-0.14500000000000002,2.9223087503125007
-0.20000000000000018,-0.14500000000000002,2.8054750000000004
-0.15500000000000003,-0.14500000000000002,2.6943558503125007
-0.1100000000000001,-0.14500000000000002,2.5887572050000007
-0.06500000000000017,-0.14500000000000002,2.488534175312501
-0.020000000000000018,-0.14500000000000002,2.3935910799999998
0.02499999999999991,-0.14500000000000002,2.3038814453125003
0.06999999999999984,-0.14500000000000002,2.2194080050000005
0.11499999999999977,-0.14500000000000002,2.1402227003125005
0.16000000000000014,-0.14500000000000002,2.0664266799999997
0.20500000000000007,-0.14500000000000002,1.9981703003124998
0.25,-0.14500000000000002,1.935653125
0.29499999999999993,-0.14500000000000002,1.8791239253125
0.33999999999999986,-0.14500000000000002,1.8288806800000001
0.3849999999999998,-0.14500000000000002,1.7852705753125002
0.4299999999999997,-0.14500000000000002,1.748690005
0.4750000000000001,-0.14500000000000002,1.7195845703125001
0.52,-0.14500000000000002,1.69844908
0.565,-0.14500000000000002,1.6858275503125
0.6099999999999999,-0.14500000000000002,1.682313205
0.6549999999999998,-0.14500000000000002,1.6885484753125002
0.6999999999999997,-0.14500000000000002,1.7052249999999998
0.7450000000000001,-0.14500000000000002,1.7330836253125
0.79,-0.14500000000000002,1.772914405
0.835,-0.14500000000000002,1.8255566003124999
0.8799999999999999,-0.14500000000000002,1.89189868
0.9249999999999998,-0.14500000000000002,1.9728783203124998
0.9699999999999998,-0.14500000000000002,2.0694824049999996
1.0149999999999997,-0.14500000000000002,2.182747025312499
1.06,-0.14500000000000002,2.3137574800000005
1.105,-0.14500000000000002,2.4636482753125004
1.15,-0.14500000000000002,2.633603125
1.1949999999999998,-0.14500000000000002,2.8248549503124996
1.2399999999999998,-0.14500000000000002,3.038685879999999
1.2849999999999997,-0.14500000000000002,3.2764272503124983
1.33,-0.14500000000000002,3.5394596050000007
1.375,-0.14500000000000002,3.8292126953125
1.42,-0.14500000000000002,4.14716548
1.4649999999999999,-0.14500000000000002,4.494846125312499
1.5099999999999998,-0.14500000000000002,4.873832004999998
1.5549999999999997,-0.14500000000000002,5.285749700312497
1.5999999999999996,-0.14500000000000002,5.732274999999996
1.645,-0.14500000000000002,6.215132900312501
1.69,-0.14500000000000002,6.7360976049999985
1.7349999999999999,-0.14500000000000002,7.296992525312499
1.7799999999999998,-0.14500000000000002,7.899690279999997
1.8249999999999997,-0.14500000000000002,8.546112695312496
1.8699999999999997,-0.14500000000000002,9.238230804999995
1.915,-0.14500000000000002,9.978064850312501
1.96,-0.14500000000000002,10.767684279999997
2.005,-0.14500000000000002,11.609207750312498
2.05,-0.14500000000000002,12.504803124999995
2.0949999999999998,-0.14500000000000002,13.456687475312494
2.1399999999999997,-0.14500000000000002,14.46712707999999
2.1849999999999996,-0.14500000000000002,15.538437425312491
2.2299999999999995,-0.14500000000000002,16.67298320499999
2.2749999999999995,-0.14500000000000002,17.873178320312487
2.3200000000000003,-0.14500000000000002,19.14148588000001
2.365,-0.14500000000000002,20.480418200312506
2.41,-0.14500000000000002,21.892536805000006
2.455,-0.14500000000000002,23.380452425312505
2.5,-0.14500000000000002,24.946825
-2.0,-0.10000000000000009,19.03
-1.955,-0.10000000000000009,18.0303675503125
-1.91,-0.10000000000000009,17.082036805
-1.865,-0.10000000000000009,16.1828945753125
-1.82,-0.10000000000000009,15.330876880000003
-1.775,-0.10000000000000009,14.523968945312497
-1.73,-0.10000000000000009,13.760205205
-1.685,-0.10000000000000009,13.037669300312501
-1.6400000000000001,-0.10000000000000009,12.354494080000002
-1.595,-0.10000000000000009,11.708861600312499
-1.55,-0.10000000000000009,11.099003125000001
-1.505,-0.10000000000000009,10.523199125312498
-1.46,-0.10000000000000009,9.979779279999999
-1.415,-0.10000000000000009,9.4671224753125
-1.37,-0.10000000000000009,8.983656805
-1.3250000000000002,-0.10000000000000009,8.5278595703125
-1.28,-0.10000000000000009,8.098257280000002
-1.2349999999999999,-0.10000000000000009,7.693425650312499
-1.19,-0.10000000000000009,7.311989605
-1.145,-0.10000000000000009,6.9526232753125
-1.1,-0.10000000000000009,6.614050000000001
-1.0550000000000002,-0.10000000000000009,6.295042325312502
-1.01,-0.10000000000000009,5.994422005
-0.9650000000000001,-0.10000000000000009,5.711060000312501
-0.9199999999999999,-0.10000000000000009,5.443876480000001
-0.875,-0.10000000000000009,5.191840820312501
-0.8300000000000001,-0.10000000000000009,4.953971605000001
-0.7850000000000001,-0.10000000000000009,4.7293366253125
-0.74,-0.10000000000000009,4.5170528800000005
-0.6950000000000001,-0.10000000000000009,4.316286575312501
-0.6500000000000001,-0.10000000000000009,4.126253125000002
-0.605,-0.10000000000000009,3.9462171503125005
-0.56,-0.10000000000000009,3.7754924800000005
-0.5150000000000001,-0.10000000000000009,3.6134421503125003
-0.47,-0.10000000000000009,3.4594784049999996
-0.42500000000000004,-0.10000000000000009,3.313062695312501
-0.3800000000000001,-0.10000000000000009,3.1737056800000008
-0.33499999999999996,-0.10000000000000009,3.0409672253125004
-0.29000000000000004,-0.10000000000000009,2.9144564050000006
-0.2450000000000001,-0.10000000000000009,2.7938315003125003
-0.20000000000000018,-0.10000000000000009,2.6788000000000003
-0.15500000000000003,-0.10000000000000009,2.5691186003125006
-0.1100000000000001,-0.10000000000000009,2.4645932050000003
-0.06500000000000017,-0.10000000000000009,2.365078925312501
-0.020000000000000018,-0.10000000000000009,2.27048008
0.02499999999999991,-0.10000000000000009,2.1807501953125006
0.06999999999999984,-0.10000000000000009,2.0958920050000005
0.11499999999999977,-0.10000000000000009,2.015957450312501
0.16000000000000014,-0.10000000000000009,1.94104768
0.20500000000000007,-0.10000000000000009,1.8713130503125
0.25,-0.10000000000000009,1.8069531250000002
0.29499999999999993,-0.10000000000000009,1.7482166753125004
0.33999999999999986,-0.10000000000000009,1.6954016800000005
0.3849999999999998,-0.10000000000000009,1.6488553253125005
0.4299999999999997,-0.10000000000000009,1.6089740050000003
0.4750000000000001,-0.10000000000000009,1.5762033203125003
0.52,-0.10000000000000009,1.5510380800000003
0.565,-0.10000000000000009,1.5340223003125004
0.6099999999999999,-0.10000000000000009,1.5257492050000003
0.6549999999999998,-0.10000000000000009,1.5268612253125005
0.6999999999999997,-0.10000000000000009,1.5380500000000001
0.7450000000000001,-0.10000000000000009,1.5600563753125003
0.79,-0.10000000000000009,1.5936704050000003
0.835,-0.10000000000000009,1.6397313503125002
0.8799999999999999,-0.10000000000000009,1.6991276800000001
0.9249999999999998,-0.10000000000000009,1.7727970703125
0.9699999999999998,-0.10000000000000009,1.8617264049999998
1.0149999999999997,-0.10000000000000009,1.9669517753124994
1.06,-0.10000000000000009,2.0895584800000004
1.105,-0.10000000000000009,2.2306810253125007
1.15,-0.10000000000000009,2.3915031250000003
1.1949999999999998,-0.10000000000000009,2.5732577003125
1.2399999999999998,-0.10000000000000009,2.7772268799999993
1.2849999999999997,-0.10000000000000009,3.0047420003124987
1.33,-0.10000000000000009,3.257183605000001
1.375,-0.10000000000000009,3.5359814453125002
1.42,-0.10000000000000009,3.8426144800000004
1.4649999999999999,-0.10000000000000009,4.1786108753125
1.5099999999999998,-0.10000000000000009,4.545548005
1.5549999999999997,-0.10000000000000009,4.945052450312498
1.5999999999999996,-0.10000000000000009,5.378799999999997
1.645,-0.10000000000000009,5.8485156503125015
1.69,-0.10000000000000009,6.355973605
1.7349999999999999,-0.10000000000000009,6.9029972753125
1.7799999999999998,-0.10000000000000009,7.491459279999998
1.8249999999999997,-0.10000000000000009,8.123281445312497
1.8699999999999997,-0.10000000000000009,8.800434804999995
1.915,-0.10000000000000009,9.524939600312502
1.96,-0.10000000000000009,10.29886528
2.005,-0.10000000000000009,11.124330500312498
2.05,-0.10000000000000009,12.003503124999996
2.0949999999999998,-0.10000000000000009,12.938600225312495
2.1399999999999997,-0.10000000000000009,13.931888079999991
2.1849999999999996,-0.10000000000000009,14.985682175312492
2.2299999999999995,-0.10000000000000009,16.10234720499999
2.2749999999999995,-0.10000000000000009,17.284297070312487
2.3200000000000003,-0.10000000000000009,18.53399488000001
2.365,-0.10000000000000009,19.853952950312507
2.41,-0.10000000000000009,21.246732805000008
2.455,-0.10000000000000009,22.714945175312508
2.5,-0.10000000000000009,24.26125
-2.0,-0.05500000000000005,18.559075
-1.955,-0.05500000000000005,17.5754603003125
-1.91,-0.05500000000000005,16.642782805
-1.865,-0.05500000000000005,15.7589293253125
-1.82,-0.05500000000000005,14.921835880000003
-1.775,-0.05500000000000005,14.129487695312497
-1.73,-0.05500000000000005,13.379919205
-1.685,-0.05500000000000005,12.671214050312502
-1.6400000000000001,-0.05500000000000005,12.001505080000003
-1.595,-0.05500000000000005,11.3689743503125
-1.55,-0.05500000000000005,10.771853125
-1.505,-0.05500000000000005,10.2084218753125
-1.46,-0.05500000000000005,9.677010280000001
-1.415,-0.05500000000000005,9.175997225312502
-1.37,-0.05500000000000005,8.703810805000002
-1.3250000000000002,-0.05500000000000005,8.258928320312501
-1.28,-0.05500000000000005,7.839876280000001
-1.2349999999999999,-0.05500000000000005,7.4452304003125
-1.19,-0.05500000000000005,7.073615605000001
-1.145,-0.05500000000000005,6.7237060253125005
-1.1,-0.05500000000000005,6.3942250000000005
-1.0550000000000002,-0.05500000000000005,6.083945075312501
-1.01,-0.05500000000000005,5.791688004999999
-0.9650000000000001,-0.05500000000000005,5.516324750312501
-0.9199999999999999,-0.05500000000000005,5.256775480000001
-0.875,-0.05500000000000005,5.0120095703125
-0.8300000000000001,-0.05500000000000005,4.781045605000001
-0.7850000000000001,-0.05500000000000005,4.562951375312501
-0.74,-0.05500000000000005,4.35684388
-0.6950000000000001,-0.05500000000000005,4.1618893253125
-0.6500000000000001,-0.05500000000000005,3.977303125000001
-0.605,-0.05500000000000005,3.8023499003125005
-0.56,-0.05500000000000005,3.6363434800000007
-0.5150000000000001,-0.05500000000000005,3.478646900312501
-0.47,-0.05500000000000005,3.3286724050000003
-0.42500000000000004,-0.05500000000000005,3.185881445312501
-0.3800000000000001,-0.05500000000000005,3.049784680000001
-0.33499999999999996,-0.05500000000000005,2.9199419753125007
-0.29000000000000004,-0.05500000000000005,2.795962405000001
-0.2450000000000001,-0.05500000000000005,2.6775042503125004
-0.20000000000000018,-0.05500000000000005,2.5642750000000007
-0.15500000000000003,-0.05500000000000005,2.4560313503125006
-0.1100000000000001,-0.05500000000000005,2.3525792050000005
-0.06500000000000017,-0.05500000000000005,2.253773675312501
-0.020000000000000018,-0.05500000000000005,2.1595190800000004
0.02499999999999991,-0.05500000000000005,2.0697689453125006
0.06999999999999984,-0.05500000000000005,1.984526005000001
0.11499999999999977,-0.05500000000000005,1.9038422003125006
0.16000000000000014,-0.05500000000000005,1.8278186800000003
0.20500000000000007,-0.05500000000000005,1.7566058003125002
0.25,-0.05500000000000005,1.6904031250000005
0.29499999999999993,-0.05500000000000005,1.6294594253125005
0.33999999999999986,-0.05500000000000005,1.5740726800000007
0.3849999999999998,-0.05500000000000005,1.5245900753125008
0.4299999999999997,-0.05500000000000005,1.4814080050000007
0.4750000000000001,-0.05500000000000005,1.4449720703125004
0.52,-0.05500000000000005,1.4157770800000005
0.565,-0.05500000000000005,1.3943670503125005
0.6099999999999999,-0.05500000000000005,1.3813352050000005
0.6549999999999998,-0.05500000000000005,1.3773239753125006
0.6999999999999997,-0.05500000000000005,1.3830250000000004
0.7450000000000001,-0.05500000000000005,1.3991791253125005
0.79,-0.05500000000000005,1.4265764050000005
0.835,-0.05500000000000005,1.4660561003125006
0.8799999999999999,-0.05500000000000005,1.5185066800000004
0.9249999999999998,-0.05500000000000005,1.5848658203125001
0.9699999999999998,-0.05500000000000005,1.6661204050000002
1.0149999999999997,-0.05500000000000005,1.7633065253125
1.06,-0.05500000000000005,1.8775094800000007
1.105,-0.05500000000000005,2.0098637753125006
1.15,-0.05500000000000005,2.161553125
1.1949999999999998,-0.05500000000000005,2.3338104503125003
1.2399999999999998,-0.05500000000000005,2.5279178799999995
1.2849999999999997,-0.05500000000000005,2.7452067503124993
1.33,-0.05500000000000005,2.987057605000001
1.375,-0.05500000000000005,3.2549001953125005
1.42,-0.05500000000000005,3.5502134800000005
1.4649999999999999,-0.05500000000000005,3.8745256253124993
1.5099999999999998,-0.05500000000000005,4.229414005
1.5549999999999997,-0.05500000000000005,4.616505200312498
1.5999999999999996,-0.05500000000000005,5.037474999999997
1.645,-0.05500000000000005,5.494048400312502
1.69,-0.05500000000000005,5.987999605
1.7349999999999999,-0.05500000000000005,6.521152025312499
1.7799999999999998,-0.05500000000000005,7.0953782799999985
1.8249999999999997,-0.05500000000000005,7.712600195312498
1.8699999999999997,-0.05500000000000005,8.374788804999996
1.915,-0.05500000000000005,9.0839643503125
1.96,-0.05500000000000005,9.84219628
2.005,-0.05500000000000005,10.6516032503125
2.05,-0.05500000000000005,11.514353124999996
2.0949999999999998,-0.05500000000000005,12.432662975312496
2.1399999999999997,-0.05500000000000005,13.408799079999994
2.1849999999999996,-0.05500000000000005,14.445076925312492
2.2299999999999995,-0.05500000000000005,15.54386120499999
2.2749999999999995,-0.05500000000000005,16.707565820312485
2.3200000000000003,-0.05500000000000005,17.938653880000007
2.365,-0.05500000000000005,19.239637700312507
2.41,-0.05500000000000005,20.613078805000004
2.455,-0.05500000000000005,22.061587925312505
2.5,-0.05500000000000005,23.587825
-2.0,-0.010000000000000009,18.100299999999997
-1.955,-0.010000000000000009,17.1327030503125
-1.91,-0.010000000000000009,16.215678805
-1.865,-0.010000000000000009,15.347114075312499
-1.82,-0.010000000000000009,14.524944880000001
-1.775,-0.010000000000000009,13.747156445312498
-1.73,-0.010000000000000009,13.011783204999999
-1.685,-0.010000000000000009,12.3169088003125
-1.6400000000000001,-0.010000000000000009,11.66066608
-1.595,-0.010000000000000009,11.041237100312498
-1.55,-0.010000000000000009,10.456853124999999
-1.505,-0.010000000000000009,9.905794625312499
-1.46,-0.010000000000000009,9.386391279999998
-1.415,-0.010000000000000009,8.897021975312501
-1.37,-0.010000000000000009,8.436114805
-1.3250000000000002,-0.010000000000000009,8.002147070312501
-1.28,-0.010000000000000009,7.593645280000002
-1.2349999999999999,-0.010000000000000009,7.2091851503125
-1.19,-0.010000000000000009,6.847391605
-1.145,-0.010000000000000009,6.5069387753125
-1.1,-0.010000000000000009,6.186550000000001
-1.0550000000000002,-0.010000000000000009,5.884997825312501
-1.01,-0.010000000000000009,5.601104005
-0.9650000000000001,-0.010000000000000009,5.3337395003125
-0.9199999999999999,-0.010000000000000009,5.081824480000001
-0.875,-0.010000000000000009,4.844328320312501
-0.8300000000000001,-0.010000000000000009,4.620269605000002
-0.7850000000000001,-0.010000000000000009,4.408716125312501
-0.74,-0.010000000000000009,4.20878488
-0.6950000000000001,-0.010000000000000009,4.0196420753125
-0.6500000000000001,-0.010000000000000009,3.840503125
-0.605,-0.010000000000000009,3.6706326503124997
-0.56,-0.010000000000000009,3.5093444800000007
-0.5150000000000001,-0.010000000000000009,3.3560016503125003
-0.47,-0.010000000000000009,3.2100164049999997
-0.42500000000000004,-0.010000000000000009,3.0708501953125
-0.3800000000000001,-0.010000000000000009,2.93801368
-0.33499999999999996,-0.010000000000000009,2.8110667253125
-0.29000000000000004,-0.010000000000000009,2.6896184050000005
-0.2450000000000001,-0.010000000000000009,2.5733270003124997
-0.20000000000000018,-0.010000000000000009,2.4619000000000004
-0.15500000000000003,-0.010000000000000009,2.3550941003125
-0.1100000000000001,-0.010000000000000009,2.2527152050000003
-0.06500000000000017,-0.010000000000000009,2.1546184253125
-0.020000000000000018,-0.010000000000000009,2.06070808
0.02499999999999991,-0.010000000000000009,1.9709376953125002
0.06999999999999984,-0.010000000000000009,1.8853100050000002
0.11499999999999977,-0.010000000000000009,1.8038769503125003
0.16000000000000014,-0.010000000000000009,1.7267396799999999
0.20500000000000007,-0.010000000000000009,1.6540485503124998
0.25,-0.010000000000000009,1.586003125
0.29499999999999993,-0.010000000000000009,1.5228521753125
0.33999999999999986,-0.010000000000000009,1.4648936800000003
0.3849999999999998,-0.010000000000000009,1.4124748253125003
0.4299999999999997,-0.010000000000000009,1.365992005
0.4750000000000001,-0.010000000000000009,1.3258908203125
0.52,-0.010000000000000009,1.29266608
0.565,-0.010000000000000009,1.2668618003125
0.6099999999999999,-0.010000000000000009,1.249071205
0.6549999999999998,-0.010000000000000009,1.2399367253125002
0.6999999999999997,-0.010000000000000009,1.2401499999999999
0.7450000000000001,-0.010000000000000009,1.2504518753124998
0.79,-0.010000000000000009,1.271632405
0.835,-0.010000000000000009,1.3045308503125
0.8799999999999999,-0.010000000000000009,1.3500356799999997
0.9249999999999998,-0.010000000000000009,1.4090845703125
0.9699999999999998,-0.010000000000000009,1.4826644049999995
1.0149999999999997,-0.010000000000000009,1.571811275312499
1.06,-0.010000000000000009,1.6776104800000002
1.105,-0.010000000000000009,1.8011965253125
1.15,-0.010000000000000009,1.9437531249999997
1.1949999999999998,-0.010000000000000009,2.1065132003124996
1.2399999999999998,-0.010000000000000009,2.2907588799999994
1.2849999999999997,-0.010000000000000009,2.4978215003124986
1.33,-0.010000000000000009,2.729081605
1.375,-0.010000000000000009,2.9859689453125005
1.42,-0.010000000000000009,3.26996248
1.4649999999999999,-0.010000000000000009,3.5825903753124986
1.5099999999999998,-0.010000000000000009,3.9254300049999986
1.5549999999999997,-0.010000000000000009,4.300107950312498
1.5999999999999996,-0.010000000000000009,4.708299999999997
1.645,-0.010000000000000009,5.151731150312501
1.69,-0.010000000000000009,5.632175605
1.7349999999999999,-0.010000000000000009,6.151456775312499
1.7799999999999998,-0.010000000000000009,6.711447279999998
1.8249999999999997,-0.010000000000000009,7.3140689453124965
1.8699999999999997,-0.010000000000000009,7.961292804999995
1.915,-0.010000000000000009,8.6551391003125
1.96,-0.010000000000000009,9.397677279999998
2.005,-0.010000000000000009,10.191026000312498
2.05,-0.010000000000000009,11.037353124999994
2.0949999999999998,-0.010000000000000009,11.938875725312496
2.1399999999999997,-0.010000000000000009,12.897860079999992
2.1849999999999996,-0.010000000000000009,13.916621675312491
2.2299999999999995,-0.010000000000000009,14.99752520499999
2.2749999999999995,-0.010000000000000009,16.142984570312485
2.3200000000000003,-0.010000000000000009,17.355462880000008
2.365,-0.010000000000000009,18.637472450312504
2.41,-0.010000000000000009,19.991574805000003
2.455,-0.010000000000000009,21.420380675312504
2.5,-0.010000000000000009,22.92655
-2.0,0.03499999999999992,17.653674999999996
-1.955,0.03499999999999992,16.702095800312502
-1.91,0.03499999999999992,15.800724804999998
-1.865,0.03499999999999992,14.9474488253125
-1.82,0.03499999999999992,14.140203880000005
-1.775,0.03499999999999992,13.376975195312498
-1.73,0.03499999999999992,12.655797204999999
-1.685,0.03499999999999992,11.974753550312501
-1.6400000000000001,0.03499999999999992,11.331977080000003
-1.595,0.03499999999999992,10.7256498503125
-1.55,0.03499999999999992,10.154003125000001
-1.505,0.03499999999999992,9.615317375312499
-1.46,0.03499999999999992,9.107922279999999
-1.415,0.03499999999999992,8.6301967253125
-1.37,0.03499999999999992,8.180568805000002
-1.3250000000000002,0.03499999999999992,7.757515820312502
-1.28,0.03499999999999992,7.359564280000002
-1.2349999999999999,0.03499999999999992,6.985289900312499
-1.19,0.03499999999999992,6.633317604999999
-1.145,0.03499999999999992,6.3023215253125
-1.1,0.03499999999999992,5.9910250000000005
-1.0550000000000002,0.03499999999999992,5.698200575312501
-1.01,0.03499999999999992,5.422670005
-0.9650000000000001,0.03499999999999992,5.163304250312501
-0.9199999999999999,0.03499999999999992,4.91902348
-0.875,0.03499999999999992,4.6887970703125
-0.8300000000000001,0.03499999999999992,4.471643605000001
-0.7850000000000001,0.03499999999999992,4.2666308753125
-0.74,0.03499999999999992,4.07287588
-0.6950000000000001,0.03499999999999992,3.889544825312501
-0.6500000000000001,0.03499999999999992,3.7158531250000006
-0.605,0.03499999999999992,3.5510654003125
-0.56,0.03499999999999992,3.394495480000001
-0.5150000000000001,0.03499999999999992,3.2455064003125007
-0.47,0.03499999999999992,3.103510405
-0.42500000000000004,0.03499999999999992,2.9679689453125
-0.3800000000000001,0.03499999999999992,2.8383926800000006
-0.33499999999999996,0.03499999999999992,2.7143414753125
-0.29000000000000004,0.03499999999999992,2.5954244050000006
-0.2450000000000001,0.03499999999999992,2.4812997503125
-0.20000000000000018,0.03499999999999992,2.3716750000000006
-0.15500000000000003,0.03499999999999992,2.2663068503125
-0.1100000000000001,0.03499999999999992,2.1650012050000007
-0.06500000000000017,0.03499999999999992,2.0676131753125007
-0.020000000000000018,0.03499999999999992,1.9740470800000003
0.02499999999999991,0.03499999999999992,1.8842564453125006
0.06999999999999984,0.03499999999999992,1.7982440050000006
0.11499999999999977,0.03499999999999992,1.7160617003125007
0.16000000000000014,0.03499999999999992,1.63781068
0.20500000000000007,0.03499999999999992,1.5636413003125
0.25,0.03499999999999992,1.4937531250000002
0.29499999999999993,0.03499999999999992,1.4283949253125003
0.33999999999999986,0.03499999999999992,1.3678646800000005
0.3849999999999998,0.03499999999999992,1.3125095753125007
0.4299999999999997,0.03499999999999992,1.2627260050000004
0.4750000000000001,0.03499999999999992,1.2189595703125002
0.52,0.03499999999999992,1.1817050800000002
0.565,0.03499999999999992,1.1515065503125004
0.6099999999999999,0.03499999999999992,1.1289572050000003
0.6549999999999998,0.03499999999999992,1.1146994753125004
0.6999999999999997,0.03499999999999992,1.109425
0.7450000000000001,0.03499999999999992,1.1138746253125003
0.79,0.03499999999999992,1.1288384050000004
0.835,0.03499999999999992,1.1551556003125003
0.8799999999999999,0.03499999999999992,1.1937146800000005
0.9249999999999998,0.03499999999999992,1.2454533203125002
0.9699999999999998,0.03499999999999992,1.311358405
1.0149999999999997,0.03499999999999992,1.3924660253124999
1.06,0.03499999999999992,1.4898614800000005
1.105,0.03499999999999992,1.6046792753125005
1.15,0.03499999999999992,1.738103125
1.1949999999999998,0.03499999999999992,1.8913659503124998
1.2399999999999998,0.03499999999999992,2.06574988
1.2849999999999997,0.03499999999999992,2.2625862503124994
1.33,0.03499999999999992,2.4832556050000005
1.375,0.03499999999999992,2.729187695312501
1.42,0.03499999999999992,3.00186148
1.4649999999999999,0.03499999999999992,3.3028051253124993
1.5099999999999998,0.03499999999999992,3.633596004999999
1.5549999999999997,0.03499999999999992,3.9958607003124977
1.5999999999999996,0.03499999999999992,4.391274999999997
1.645,0.03499999999999992,4.821563900312501
1.69,0.03499999999999992,5.2885016049999996
1.7349999999999999,0.03499999999999992,5.793911525312499
1.7799999999999998,0.03499999999999992,6.3396662799999985
1.8249999999999997,0.03499999999999992,6.927687695312497
1.8699999999999997,0.03499999999999992,7.559946804999996
1.915,0.03499999999999992,8.2384638503125
1.96,0.03499999999999992,8.965308279999999
2.005,0.03499999999999992,9.7425987503125
2.05,0.03499999999999992,10.572503124999997
2.0949999999999998,0.03499999999999992,11.457238475312495
2.1399999999999997,0.03499999999999992,12.399071079999993
2.1849999999999996,0.03499999999999992,13.400316425312493
2.2299999999999995,0.03499999999999992,14.46333920499999
2.2749999999999995,0.03499999999999992,15.590553320312488
2.3200000000000003,0.03499999999999992,16.784421880000007
2.365,0.03499999999999992,18.047457200312508
2.41,0.03499999999999992,19.382220805000006
2.455,0.03499999999999992,20.791323425312502
2.5,0.03499999999999992,22.277425
-2.0,0.08000000000000007,17.219199999999997
-1.955,0.08000000000000007,16.2836385503125
-1.91,0.08000000000000007,15.397920805
-1.865,0.08000000000000007,14.559933575312499
-1.82,0.08000000000000007,13.767612880000001
-1.775,0.08000000000000007,13.018943945312499
-1.73,0.08000000000000007,12.311961205
-1.685,0.08000000000000007,11.6447483003125
-1.6400000000000001,0.08000000000000007,11.015438080000001
-1.595,0.08000000000000007,10.422212600312498
-1.55,0.08000000000000007,9.863303124999998
-1.505,0.08000000000000007,9.3369901253125
-1.46,0.08000000000000007,8.84160328
-1.415,0.08000000000000007,8.375521475312501
-1.37,0.08000000000000007,7.937172805000001
-1.3250000000000002,0.08000000000000007,7.525034570312502
-1.28,0.08000000000000007,7.137633280000002
-1.2349999999999999,0.08000000000000007,6.773544650312499
-1.19,0.08000000000000007,6.431393604999999
-1.145,0.08000000000000007,6.1098542753125
-1.1,0.08000000000000007,5.807650000000001
-1.0550000000000002,0.08000000000000007,5.523553325312501
-1.01,0.08000000000000007,5.2563860049999995
-0.9650000000000001,0.08000000000000007,5.0050190003125
-0.9199999999999999,0.08000000000000007,4.76837248
-0.875,0.08000000000000007,4.5454158203125
-0.8300000000000001,0.08000000000000007,4.3351676050000005
-0.7850000000000001,0.08000000000000007,4.1366956253125
-0.74,0.08000000000000007,3.949116879999999
-0.6950000000000001,0.08000000000000007,3.7715975753125
-0.6500000000000001,0.08000000000000007,3.603353125
-0.605,0.08000000000000007,3.4436481503124994
-0.56,0.08000000000000007,3.2917964800000004
-0.5150000000000001,0.08000000000000007,3.1471611503125003
-0.47,0.08000000000000007,3.009154405
-0.42500000000000004,0.08000000000000007,2.8772376953124996
-0.3800000000000001,0.08000000000000007,2.75092168
-0.33499999999999996,0.08000000000000007,2.6297662253125
-0.29000000000000004,0.08000000000000007,2.513380405
-0.2450000000000001,0.08000000000000007,2.4014225003124996
-0.20000000000000018,0.08000000000000007,2.2936
-0.15500000000000003,0.08000000000000007,2.1896696003124996
-0.1100000000000001,0.08000000000000007,2.089437205
-0.06500000000000017,0.08000000000000007,1.9927579253125
-0.020000000000000018,0.08000000000000007,1.8995360799999996
0.02499999999999991,0.08000000000000007,1.8097251953125
0.06999999999999984,0.08000000000000007,1.7233280050000002
0.11499999999999977,0.08000000000000007,1.6403964503125001
0.16000000000000014,0.08000000000000007,1.5610316799999995
0.20500000000000007,0.08000000000000007,1.4853840503124995
0.25,0.08000000000000007,1.4136531249999997
0.29499999999999993,0.08000000000000007,1.3460876753124997
0.33999999999999986,0.08000000000000007,1.28298568
0.3849999999999998,0.08000000000000007,1.2246943253125
0.4299999999999997,0.08000000000000007,1.1716100049999998
0.4750000000000001,0.08000000000000007,1.1241783203124998
0.52,0.08000000000000007,1.0828940799999998
0.565,0.08000000000000007,1.0483013003124997
0.6099999999999999,0.08000000000000007,1.0209932049999997
0.6549999999999998,0.08000000000000007,1.0016122253125
0.6999999999999997,0.08000000000000007,0.9908499999999999
0.7450000000000001,0.08000000000000007,0.9894473753124996
0.79,0.08000000000000007,0.9981944049999997
0.835,0.08000000000000007,1.0179303503124997
0.8799999999999999,0.08000000000000007,1.0495436799999998
0.9249999999999998,0.08000000000000007,1.0939720703124995
0.9699999999999998,0.08000000000000007,1.1522024049999993
1.0149999999999997,0.08000000000000007,1.2252707753124992
1.06,0.08000000000000007,1.3142624799999998
1.105,0.08000000000000007,1.4203120253124997
1.15,0.08000000000000007,1.5446031249999992
1.1949999999999998,0.08000000000000007,1.688368700312499
1.2399999999999998,0.08000000000000007,1.852890879999999
1.2849999999999997,0.08000000000000007,2.0395010003124985
1.33,0.08000000000000007,2.2495796049999996
1.375,0.08000000000000007,2.4845564453124998
1.42,0.08000000000000007,2.745910479999999
1.4649999999999999,0.08000000000000007,3.0351698753124983
1.5099999999999998,0.08000000000000007,3.353912004999998
1.5549999999999997,0.08000000000000007,3.7037634503124965
1.5999999999999996,0.08000000000000007,4.086399999999997
1.645,0.08000000000000007,4.503546650312501
1.69,0.08000000000000007,4.956977605
1.7349999999999999,0.08000000000000007,5.448516275312498
1.7799999999999998,0.08000000000000007,5.980035279999997
1.8249999999999997,0.08000000000000007,6.553456445312496
1.8699999999999997,0.08000000000000007,7.170750804999995
1.915,0.08000000000000007,7.833938600312501
1.96,0.08000000000000007,8.54508928
2.005,0.08000000000000007,9.306321500312498
2.05,0.08000000000000007,10.119803124999995
2.0949999999999998,0.08000000000000007,10.987751225312495
2.1399999999999997,0.08000000000000007,11.912432079999991
2.1849999999999996,0.08000000000000007,12.896161175312493
2.2299999999999995,0.08000000000000007,13.94130320499999
2.2749999999999995,0.08000000000000007,15.050272070312486
2.3200000000000003,0.08000000000000007,16.225530880000004
2.365,0.08000000000000007,17.469591950312502
2.41,0.08000000000000007,18.785016805000005
2.455,0.08000000000000007,20.1744161753125
2.5,0.08000000000000007,21.640449999999998
-2.0,0.125,16.796875
-1.955,0.125,15.8773313003125
-1.91,0.125,15.007266805
-1.865,0.125,14.1845683253125
-1.82,0.125,13.407171880000003
-1.775,0.125,12.673062695312497
-1.73,0.125,11.980275205
-1.685,0.125,11.326893050312501
-1.6400000000000001,0.125,10.711049080000002
-1.595,0.125,10.1309253503125
-1.55,0.125,9.584753124999999
-1.505,0.125,9.070812875312498
-1.46,0.125,8.58743428
-1.415,0.125,8.1329962253125
-1.37,0.125,7.705926805000001
-1.3250000000000002,0.125,7.304703320312501
-1.28,0.125,6.927852280000001
-1.2349999999999999,0.125,6.573949400312499
-1.19,0.125,6.241619605
-1.145,0.125,5.9295370253124995
-1.1,0.125,5.636425
-1.0550000000000002,0.125,5.361056075312501
-1.01,0.125,5.102252004999999
-0.9650000000000001,0.125,4.8588837503125
-0.9199999999999999,0.125,4.62987148
-0.875,0.125,4.4141845703125
-0.8300000000000001,0.125,4.210841605000001
-0.7850000000000001,0.125,4.0189103753125
-0.74,0.125,3.8375078800000004
-0.6950000000000001,0.125,3.6658003253125004
-0.6500000000000001,0.125,3.5030031250000007
-0.605,0.125,3.3483809003125
-0.56,0.125,3.2012474800000006
-0.5150000000000001,0.125,3.0609659003125
-0.47,0.125,2.9269484049999996
-0.42500000000000004,0.125,2.7986564453125
-0.3800000000000001,0.125,2.6756006800000005
-0.33499999999999996,0.125,2.5573409753125
-0.29000000000000004,0.125,2.4434864050000007
-0.2450000000000001,0.125,2.3336952503125
-0.20000000000000018,0.125,2.227675
-0.15500000000000003,0.125,2.1251823503125
-0.1100000000000001,0.125,2.0260232050000004
-0.06500000000000017,0.125,1.9300526753125002
-0.020000000000000018,0.125,1.83717508
0.02499999999999991,0.125,1.7473439453125
0.06999999999999984,0.125,1.6605620050000005
0.11499999999999977,0.125,1.5768812003125001
0.16000000000000014,0.125,1.4964026799999999
0.20500000000000007,0.125,1.4192768003124998
0.25,0.125,1.345703125
0.29499999999999993,0.125,1.2759304253125001
0.33999999999999986,0.125,1.2102566800000003
0.3849999999999998,0.125,1.1490290753125003
0.4299999999999997,0.125,1.0926440050000004
0.4750000000000001,0.125,1.0415470703124998
0.52,0.125,0.99623308
0.565,0.125,0.9572460503125001
0.6099999999999999,0.125,0.9251792050000001
0.6549999999999998,0.125,0.9006749753125001
0.6999999999999997,0.125,0.8844250000000001
0.7450000000000001,0.125,0.8771701253124999
0.79,0.125,0.8797004049999999
0.835,0.125,0.8928551003124999
0.8799999999999999,0.125,0.9175226799999998
0.9249999999999998,0.125,0.9546408203124996
0.9699999999999998,0.125,1.0051964049999995
1.0149999999999997,0.125,1.0702255253124995
1.06,0.125,1.15081348
1.105,0.125,1.2480947753124998
1.15,0.125,1.3632531249999997
1.1949999999999998,0.125,1.4975214503124994
1.2399999999999998,0.125,1.6521818799999992
1.2849999999999997,0.125,1.8285657503124988
1.33,0.125,2.028053605
1.375,0.125,2.2520751953125
1.42,0.125,2.5021094799999997
1.4649999999999999,0.125,2.7796846253124987
1.5099999999999998,0.125,3.086378004999999
1.5549999999999997,0.125,3.4238162003124977
1.5999999999999996,0.125,3.793674999999997
1.645,0.125,4.1976794003125
1.69,0.125,4.637603604999999
1.7349999999999999,0.125,5.115271025312499
1.7799999999999998,0.125,5.632554279999998
1.8249999999999997,0.125,6.191375195312498
1.8699999999999997,0.125,6.793704804999995
1.915,0.125,7.441563350312499
1.96,0.125,8.13702028
2.005,0.125,8.8821942503125
2.05,0.125,9.679253124999995
2.0949999999999998,0.125,10.530413975312495
2.1399999999999997,0.125,11.437943079999993
2.1849999999999996,0.125,12.404155925312491
2.2299999999999995,0.125,13.43141720499999
2.2749999999999995,0.125,14.522140820312487
2.3200000000000003,0.125,15.678789880000007
2.365,0.125,16.903876700312505
2.41,0.125,18.199962805000006
2.455,0.125,19.569658925312506
2.5,0.125,21.015625
-2.0,0.16999999999999993,16.3867
-1.955,0.16999999999999993,15.483174050312503
-1.91,0.16999999999999993,14.628762805000001
-1.865,0.16999999999999993,13.821353075312501
-1.82,0.16999999999999993,13.058880880000004
-1.775,0.16999999999999993,12.339331445312498
-1.73,0.16999999999999993,11.660739205
-1.685,0.16999999999999993,11.021187800312502
-1.6400000000000001,0.16999999999999993,10.418810080000004
-1.595,0.16999999999999993,9.8517881003125
-1.55,0.16999999999999993,9.318353125
-1.505,0.16999999999999993,8.8167856253125
-1.46,0.16999999999999993,8.345415280000001
-1.415,0.16999999999999993,7.902620975312502
-1.37,0.16999999999999993,7.486830805000001
-1.3250000000000002,0.16999999999999993,7.096522070312502
-1.28,0.16999999999999993,6.730221280000002
-1.2349999999999999,0.16999999999999993,6.3865041503125
-1.19,0.16999999999999993,6.0639956050000015
-1.145,0.16999999999999993,5.761369775312501
-1.1,0.16999999999999993,5.477350000000001
-1.0550000000000002,0.16999999999999993,5.210708825312501
-1.01,0.16999999999999993,4.960268005
-0.9650000000000001,0.16999999999999993,4.7248985003125
-0.9199999999999999,0.16999999999999993,4.503520480000001
-0.875,0.16999999999999993,4.295103320312501
-0.8300000000000001,0.16999999999999993,4.098665605000002
-0.7850000000000001,0.16999999999999993,3.9132751253125004
-0.74,0.16999999999999993,3.73804888
-0.6950000000000001,0.16999999999999993,3.5721530753125004
-0.6500000000000001,0.16999999999999993,3.414803125
-0.605,0.16999999999999993,3.2652636503125
-0.56,0.16999999999999993,3.1228484800000005
-0.5150000000000001,0.16999999999999993,2.9869206503125003
-0.47,0.16999999999999993,2.856892405
-0.42500000000000004,0.16999999999999993,2.7322251953125
-0.3800000000000001,0.16999999999999993,2.61242968
-0.33499999999999996,0.16999999999999993,2.4970657253125
-0.29000000000000004,0.16999999999999993,2.3857424050000002
-0.2450000000000001,0.16999999999999993,2.2781180003125
-0.20000000000000018,0.16999999999999993,2.1739000000000006
-0.15500000000000003,0.16999999999999993,2.0728451003124997
-0.1100000000000001,0.16999999999999993,1.9747592050000002
-0.06500000000000017,0.16999999999999993,1.8794974253125
-0.020000000000000018,0.16999999999999993,1.78696408
0.02499999999999991,0.16999999999999993,1.6971126953125002
0.06999999999999984,0.16999999999999993,1.6099460050000003
0.11499999999999977,0.16999999999999993,1.5255159503125004
0.16000000000000014,0.16999999999999993,1.4439236799999997
0.20500000000000007,0.16999999999999993,1.3653195503124997
0.25,0.16999999999999993,1.289903125
0.29499999999999993,0.16999999999999993,1.2179231753125
0.33999999999999986,0.16999999999999993,1.1496776800000001
0.3849999999999998,0.16999999999999993,1.0855138253125003
0.4299999999999997,0.16999999999999993,1.0258280050000002
0.4750000000000001,0.16999999999999993,0.9710658203125
0.52,0.16999999999999993,0.92172208
0.565,0.16999999999999993,0.8783408003125002
0.6099999999999999,0.16999999999999993,0.8415152050000002
0.6549999999999998,0.16999999999999993,0.8118877253125002
0.6999999999999997,0.16999999999999993,0.7901500000000002
0.7450000000000001,0.16999999999999993,0.7770428753124999
0.79,0.16999999999999993,0.7733564050000002
0.835,0.16999999999999993,0.7799298503125002
0.8799999999999999,0.16999999999999993,0.7976516800000002
0.9249999999999998,0.16999999999999993,0.8274595703125002
0.9699999999999998,0.16999999999999993,0.8703404049999999
1.0149999999999997,0.16999999999999993,0.9273302753124998
1.06,0.16999999999999993,0.9995144800000003
1.105,0.16999999999999993,1.0880275253125
1.15,0.16999999999999993,1.194053125
1.1949999999999998,0.16999999999999993,1.3188242003124997
1.2399999999999998,0.16999999999999993,1.4636228799999995
1.2849999999999997,0.16999999999999993,1.6297805003124992
1.33,0.16999999999999993,1.8186776050000002
1.375,0.16999999999999993,2.0317439453125004
1.42,0.16999999999999993,2.27045848
1.4649999999999999,0.16999999999999993,2.5363493753124993
1.5099999999999998,0.16999999999999993,2.8309940049999986
1.5549999999999997,0.16999999999999993,3.156018950312498
1.5999999999999996,0.16999999999999993,3.5130999999999974
1.645,0.16999999999999993,3.9039621503125
1.69,0.16999999999999993,4.330379605
1.7349999999999999,0.16999999999999993,4.7941757753125
1.7799999999999998,0.16999999999999993,5.297223279999999
1.8249999999999997,0.16999999999999993,5.8414439453124976
1.8699999999999997,0.16999999999999993,6.428808804999996
1.915,0.16999999999999993,7.061338100312501
1.96,0.16999999999999993,7.741101279999999
2.005,0.16999999999999993,8.470217000312498
2.05,0.16999999999999993,9.250853124999997
2.0949999999999998,0.16999999999999993,10.085226725312495
2.1399999999999997,0.16999999999999993,10.975604079999995
2.1849999999999996,0.16999999999999993,11.924300675312493
2.2299999999999995,0.16999999999999993,12.93368120499999
2.2749999999999995,0.16999999999999993,14.006159570312487
2.3200000000000003,0.16999999999999993,15.144198880000008
2.365,0.16999999999999993,16.350311450312507
2.41,0.16999999999999993,17.627058805000004
2.455,0.16999999999999993,18.977051675312502
2.5,0.16999999999999993,20.40295
-2.0,0.21499999999999986,15.988675
-1.955,0.21499999999999986,15.101166800312502
-1.91,0.21499999999999986,14.262408805000002
-1.865,0.21499999999999986,13.4702878253125
-1.82,0.21499999999999986,12.722739880000002
-1.775,0.21499999999999986,12.017750195312502
-1.73,0.21499999999999986,11.353353205
-1.685,0.21499999999999986,10.727632550312501
-1.6400000000000001,0.21499999999999986,10.138721080000002
-1.595,0.21499999999999986,9.5848008503125
-1.55,0.21499999999999986,9.064103124999999
-1.505,0.21499999999999986,8.574908375312498
-1.46,0.21499999999999986,8.11554628
-1.415,0.21499999999999986,7.6843957253125
-1.37,0.21499999999999986,7.279884805
-1.3250000000000002,0.21499999999999986,6.900490820312501
-1.28,0.21499999999999986,6.544740280000001
-1.2349999999999999,0.21499999999999986,6.211208900312499
-1.19,0.21499999999999986,5.898521605
-1.145,0.21499999999999986,5.605352525312499
-1.1,0.21499999999999986,5.330425
-1.0550000000000002,0.21499999999999986,5.0725115753125
-1.01,0.21499999999999986,4.830434004999998
-0.9650000000000001,0.21499999999999986,4.6030632503125
-0.9199999999999999,0.21499999999999986,4.38931948
-0.875,0.21499999999999986,4.1881720703125
-0.8300000000000001,0.21499999999999986,3.9986396050000006
-0.7850000000000001,0.21499999999999986,3.819789875312501
-0.74,0.21499999999999986,3.6507398800000006
-0.6950000000000001,0.21499999999999986,3.4906558253125004
-0.6500000000000001,0.21499999999999986,3.338753125000001
-0.605,0.21499999999999986,3.1942964003125005
-0.56,0.21499999999999986,3.0565994800000005
-0.5150000000000001,0.21499999999999986,2.9250254003125002
-0.47,0.21499999999999986,2.7989864049999995
-0.42500000000000004,0.21499999999999986,2.6779439453125007
-0.3800000000000001,0.21499999999999986,2.561408680000001
-0.33499999999999996,0.21499999999999986,2.4489404753125004
-0.29000000000000004,0.21499999999999986,2.3401484050000003
-0.2450000000000001,0.21499999999999986,2.2346907503125
-0.20000000000000018,0.21499999999999986,2.1322750000000004
-0.15500000000000003,0.21499999999999986,2.0326578503125
-0.1100000000000001,0.21499999999999986,1.9356452050000004
-0.06500000000000017,0.21499999999999986,1.8410921753125005
-0.020000000000000018,0.21499999999999986,1.74890308
0.02499999999999991,0.21499999999999986,1.6590314453125004
0.06999999999999984,0.21499999999999986,1.5714800050000004
0.11499999999999977,0.21499999999999986,1.4863007003125006
0.16000000000000014,0.21499999999999986,1.40359468
0.20500000000000007,0.21499999999999986,1.3235123003125
0.25,0.21499999999999986,1.2462531250000002
0.29499999999999993,0.21499999999999986,1.1720659253125003
0.33999999999999986,0.21499999999999986,1.1012486800000005
0.3849999999999998,0.21499999999999986,1.0341485753125006
0.4299999999999997,0.21499999999999986,0.9711620050000005
0.4750000000000001,0.21499999999999986,0.9127345703125002
0.52,0.21499999999999986,0.8593610800000002
0.565,0.21499999999999986,0.8115855503125003
0.6099999999999999,0.21499999999999986,0.7700012050000005
0.6549999999999998,0.21499999999999986,0.7352504753125004
0.6999999999999997,0.21499999999999986,0.7080250000000006
0.7450000000000001,0.21499999999999986,0.6890656253125003
0.79,0.21499999999999986,0.6791624050000005
0.835,0.21499999999999986,0.6791546003125004
0.8799999999999999,0.21499999999999986,0.6899306800000004
0.9249999999999998,0.21499999999999986,0.7124283203125004
0.9699999999999998,0.21499999999999986,0.7476344050000001
1.0149999999999997,0.21499999999999986,0.7965850253125002
1.06,0.21499999999999986,0.8603654800000007
1.105,0.21499999999999986,0.9401102753125006
1.15,0.21499999999999986,1.0370031250000002
1.1949999999999998,0.21499999999999986,1.1522769503125
1.2399999999999998,0.21499999999999986,1.28721388
1.2849999999999997,0.21499999999999986,1.4431452503124993
1.33,0.21499999999999986,1.6214516050000012
1.375,0.21499999999999986,1.8235626953125004
1.42,0.21499999999999986,2.0509574800000006
1.4649999999999999,0.21499999999999986,2.3051641253125
1.5099999999999998,0.21499999999999986,2.5877600049999994
1.5549999999999997,0.21499999999999986,2.900371700312499
1.5999999999999996,0.21499999999999986,3.2446749999999986
1.645,0.21499999999999986,3.6223949003125013
1.69,0.21499999999999986,4.0353056050000005
1.7349999999999999,0.21499999999999986,4.485230525312499
1.7799999999999998,0.21499999999999986,4.974042279999999
1.8249999999999997,0.21499999999999986,5.503662695312498
1.8699999999999997,0.21499999999999986,6.076062804999997
1.915,0.21499999999999986,6.693262850312502
1.96,0.21499999999999986,7.3573322800000005
2.005,0.21499999999999986,8.0703897503125
2.05,0.21499999999999986,8.834603124999996
2.0949999999999998,0.21499999999999986,9.652189475312497
2.1399999999999997,0.21499999999999986,10.525415079999995
2.1849999999999996,0.21499999999999986,11.456595425312493
2.2299999999999995,0.21499999999999986,12.448095204999992
2.2749999999999995,0.21499999999999986,13.502328320312488
2.3200000000000003,0.21499999999999986,14.621757880000008
2.365,0.21499999999999986,15.808896200312507
2.41,0.21499999999999986,17.066304805000005
2.455,0.21499999999999986,18.396594425312507
2.5,0.21499999999999986,19.802425
-2.0,0.26,15.602799999999998
-1.955,0.26,14.7313095503125
-1.91,0.26,13.908204804999999
-1.865,0.26,13.131372575312499
-1.82,0.26,12.398748880000001
-1.775,0.26,11.708318945312499
-1.73,0.26,11.058117204999999
-1.685,0.26,10.4462273003125
-1.6400000000000001,0.26,9.87078208
-1.595,0.26,9.329963600312498
-1.55,0.26,8.822003124999998
-1.505,0.26,8.345181125312498
-1.46,0.26,7.89782728
-1.415,0.26,7.478320475312501
-1.37,0.26,7.085088805000001
-1.3250000000000002,0.26,6.716609570312501
-1.28,0.26,6.371409280000002
-1.2349999999999999,0.26,6.0480636503125
-1.19,0.26,5.7451976049999995
-1.145,0.26,5.4614852753125
-1.1,0.26,5.1956500000000005
-1.0550000000000002,0.26,4.946464325312501
-1.01,0.26,4.712750004999999
-0.9650000000000001,0.26,4.4933780003125
-0.9199999999999999,0.26,4.287268480000001
-0.875,0.26,4.0933908203125
-0.8300000000000001,0.26,3.910763605000001
-0.7850000000000001,0.26,3.738454625312501
-0.74,0.26,3.5755808800000004
-0.6950000000000001,0.26,3.4213085753125005
-0.6500000000000001,0.26,3.274853125000001
-0.605,0.26,3.1354791503125004
-0.56,0.26,3.0025004800000006
-0.5150000000000001,0.26,2.8752801503125003
-0.47,0.26,2.753230405
-0.42500000000000004,0.26,2.6358126953125005
-0.3800000000000001,0.26,2.5225376800000006
-0.33499999999999996,0.26,2.4129652253125005
-0.29000000000000004,0.26,2.3067044050000005
-0.2450000000000001,0.26,2.2034135003125
-0.20000000000000018,0.26,2.1028000000000007
-0.15500000000000003,0.26,2.0046206003125002
-0.1100000000000001,0.26,1.9086812050000002
-0.06500000000000017,0.26,1.8148369253125003
-0.020000000000000018,0.26,1.72299208
0.02499999999999991,0.26,1.6331001953125002
0.06999999999999984,0.26,1.5451640050000004
0.11499999999999977,0.26,1.4592354503125002
0.16000000000000014,0.26,1.3754156799999997
0.20500000000000007,0.26,1.2938550503124995
0.25,0.26,1.214753125
0.29499999999999993,0.26,1.1383586753125001
0.33999999999999986,0.26,1.0649696800000004
0.3849999999999998,0.26,0.9949333253125002
0.4299999999999997,0.26,0.9286460050000003
0.4750000000000001,0.26,0.8665533203124999
0.52,0.26,0.80915008
0.565,0.26,0.7569803003125001
0.6099999999999999,0.26,0.710637205
0.6549999999999998,0.26,0.6707632253125001
0.6999999999999997,0.26,0.6380500000000001
0.7450000000000001,0.26,0.6132383753124999
0.79,0.26,0.597118405
0.835,0.26,0.5905293503125
0.8799999999999999,0.26,0.59435968
0.9249999999999998,0.26,0.6095470703124999
0.9699999999999998,0.26,0.6370784049999998
1.0149999999999997,0.26,0.6779897753124998
1.06,0.26,0.7333664799999999
1.105,0.26,0.8043430253124998
1.15,0.26,0.8921031249999997
1.1949999999999998,0.26,0.9978797003124994
1.2399999999999998,0.26,1.1229548799999995
1.2849999999999997,0.26,1.2686600003124988
1.33,0.26,1.4363756050000003
1.375,0.26,1.6275314453125
1.42,0.26,1.8436064799999998
1.4649999999999999,0.26,2.086128875312499
1.5099999999999998,0.26,2.356676004999999
1.5549999999999997,0.26,2.6568744503124986
1.5999999999999996,0.26,2.9883999999999977
1.645,0.26,3.352977650312501
1.69,0.26,3.7523816049999996
1.7349999999999999,0.26,4.188435275312499
1.7799999999999998,0.26,4.663011279999998
1.8249999999999997,0.26,5.178031445312497
1.8699999999999997,0.26,5.735466804999996
1.915,0.26,6.337337600312501
1.96,0.26,6.98571328
2.005,0.26,7.6827125003124985
2.05,0.26,8.430503124999996
2.0949999999999998,0.26,9.231302225312495
2.1399999999999997,0.26,10.087376079999993
2.1849999999999996,0.26,11.001040175312491
2.2299999999999995,0.26,11.97465920499999
2.2749999999999995,0.26,13.010647070312487
2.3200000000000003,0.26,14.111466880000005
2.365,0.26,15.279630950312503
2.41,0.26,16.517700805000008
2.455,0.26,17.828287175312504
2.5,0.26,19.21405
-2.0,0.30499999999999994,15.229074999999998
-1.955,0.30499999999999994,14.373602300312502
-1.91,0.30499999999999994,13.566150805000001
-1.865,0.30499999999999994,12.804607325312501
-1.82,0.30499999999999994,12.086907880000004
-1.775,0.30499999999999994,11.411037695312498
-1.73,0.30499999999999994,10.775031205000001
-1.685,0.30499999999999994,10.1769720503125
-1.6400000000000001,0.30499999999999994,9.614993080000003
-1.595,0.30499999999999994,9.0872763503125
-1.55,0.30499999999999994,8.592053125000001
-1.505,0.30499999999999994,8.127603875312499
-1.46,0.30499999999999994,7.69225828
-1.415,0.30499999999999994,7.2843952253125
-1.37,0.30499999999999994,6.902442805000001
-1.3250000000000002,0.30499999999999994,6.544878320312502
-1.28,0.30499999999999994,6.210228280000003
-1.2349999999999999,0.30499999999999994,5.8970684003125
-1.19,0.30499999999999994,5.604023605
-1.145,0.30499999999999994,5.3297680253125
-1.1,0.30499999999999994,5.073025
-1.0550000000000002,0.30499999999999994,4.832567075312501
-1.01,0.30499999999999994,4.607216005
-0.9650000000000001,0.30499999999999994,4.3958427503125
-0.9199999999999999,0.30499999999999994,4.1973674800000005
-0.875,0.30499999999999994,4.0107595703125
-0.8300000000000001,0.30499999999999994,3.835037605
-0.7850000000000001,0.30499999999999994,3.6692693753125005
-0.74,0.30499999999999994,3.5125718800000003
-0.6950000000000001,0.30499999999999994,3.3641113253125003
-0.6500000000000001,0.30499999999999994,3.223103125
-0.605,0.30499999999999994,3.0888119003125
-0.56,0.30499999999999994,2.9605514800000003
-0.5150000000000001,0.30499999999999994,2.8376849003125
-0.47,0.30499999999999994,2.719624405
-0.42500000000000004,0.30499999999999994,2.6058314453125
-0.3800000000000001,0.30499999999999994,2.4958166800000003
-0.33499999999999996,0.30499999999999994,2.3891399753125
-0.29000000000000004,0.30499999999999994,2.2854104050000004
-0.2450000000000001,0.30499999999999994,2.1842862503125
-0.20000000000000018,0.30499999999999994,2.085475
-0.15500000000000003,0.30499999999999994,1.9887333503125002
-0.1100000000000001,0.30499999999999994,1.8938672050000003
-0.06500000000000017,0.30499999999999994,1.8007316753125
-0.020000000000000018,0.30499999999999994,1.70923108
0.02499999999999991,0.30499999999999994,1.6193189453125
0.06999999999999984,0.30499999999999994,1.5309980050000007
0.11499999999999977,0.30499999999999994,1.4443202003125006
0.16000000000000014,0.30499999999999994,1.3593866799999996
0.20500000000000007,0.30499999999999994,1.2763478003124997
0.25,0.30499999999999994,1.195403125
0.29499999999999993,0.30499999999999994,1.1168014253125
0.33999999999999986,0.30499999999999994,1.0408406800000003
0.3849999999999998,0.30499999999999994,0.9678680753125003
0.4299999999999997,0.30499999999999994,0.8982800050000005
0.4750000000000001,0.30499999999999994,0.8325220703125
0.52,0.30499999999999994,0.7710890800000001
0.565,0.30499999999999994,0.7145250503125001
0.6099999999999999,0.30499999999999994,0.6634232050000002
0.6549999999999998,0.30499999999999994,0.6184259753125002
0.6999999999999997,0.30499999999999994,0.5802250000000003
0.7450000000000001,0.30499999999999994,0.5495611253125
0.79,0.30499999999999994,0.5272244050000001
0.835,0.30499999999999994,0.5140541003125001
0.8799999999999999,0.30499999999999994,0.5109386800000001
0.9249999999999998,0.30499999999999994,0.5188158203125002
0.9699999999999998,0.30499999999999994,0.5386724049999999
1.0149999999999997,0.30499999999999994,0.5715445253125
1.06,0.30499999999999994,0.6185174800000002
1.105,0.30499999999999994,0.6807257753125001
1.15,0.30499999999999994,0.7593531250000002
1.1949999999999998,0.30499999999999994,0.8556324503124997
1.2399999999999998,0.30499999999999994,0.9708458799999996
1.2849999999999997,0.30499999999999994,1.106324750312499
1.33,0.30499999999999994,1.2634496050000004
1.375,0.30499999999999994,1.4436501953125003
1.42,0.30499999999999994,1.64840548
1.4649999999999999,0.30499999999999994,1.8792436253124998
1.5099999999999998,0.30499999999999994,2.137742004999999
1.5549999999999997,0.30499999999999994,2.4255272003124984
1.5999999999999996,0.30499999999999994,2.744274999999998
1.645,0.30499999999999994,3.0957104003125
1.69,0.30499999999999994,3.481607605
1.7349999999999999,0.30499999999999994,3.903790025312499
1.7799999999999998,0.30499999999999994,4.364130279999999
1.8249999999999997,0.30499999999999994,4.864550195312497
1.8699999999999997,0.30499999999999994,5.407020804999997
1.915,0.30499999999999994,5.9935623503125015
1.96,0.30499999999999994,6.62624428
2.005,0.30499999999999994,7.307185250312499
2.05,0.30499999999999994,8.038553124999998
2.0949999999999998,0.30499999999999994,8.822564975312497
2.1399999999999997,0.30499999999999994,9.661487079999993
2.1849999999999996,0.30499999999999994,10.557634925312493
2.2299999999999995,0.30499999999999994,11.51337320499999
2.2749999999999995,0.30499999999999994,12.53111582031249
2.3200000000000003,0.30499999999999994,13.613325880000005
2.365,0.30499999999999994,14.762515700312507
2.41,0.30499999999999994,15.981246805000007
2.455,0.30499999999999994,17.272129925312505
2.5,0.30499999999999994,18.637825000000003
-2.0,0.34999999999999987,14.8675
-1.955,0.34999999999999987,14.028045050312501
-1.91,0.34999999999999987,13.236246805
-1.865,0.34999999999999987,12.489992075312498
-1.82,0.34999999999999987,11.787216880000003
-1.775,0.34999999999999987,11.1259064453125
-1.73,0.34999999999999987,10.504095204999999
-1.685,0.34999999999999987,9.919866800312501
-1.6400000000000001,0.34999999999999987,9.371354080000001
-1.595,0.34999999999999987,8.856739100312499
-1.55,0.34999999999999987,8.374253125
-1.505,0.34999999999999987,7.922176625312501
-1.46,0.34999999999999987,7.49883928
-1.415,0.34999999999999987,7.1026199753125026
-1.37,0.34999999999999987,6.7319468050000015
-1.3250000000000002,0.34999999999999987,6.385297070312502
-1.28,0.34999999999999987,6.061197280000003
-1.2349999999999999,0.34999999999999987,5.7582231503125
-1.19,0.34999999999999987,5.474999605000001
-1.145,0.34999999999999987,5.2102007753125
-1.1,0.34999999999999987,4.962550000000001
-1.0550000000000002,0.34999999999999987,4.730819825312501
-1.01,0.34999999999999987,4.513832005
-0.9650000000000001,0.34999999999999987,4.3104575003125
-0.9199999999999999,0.34999999999999987,4.11961648
-0.875,0.34999999999999987,3.9402783203125002
-0.8300000000000001,0.34999999999999987,3.7714616050000007
-0.7850000000000001,0.34999999999999987,3.6122341253125008
-0.74,0.34999999999999987,3.4617128800000003
-0.6950000000000001,0.34999999999999987,3.3190640753125003
-0.6500000000000001,0.34999999999999987,3.1835031250000005
-0.605,0.34999999999999987,3.0542946503125
-0.56,0.34999999999999987,2.93075248
-0.5150000000000001,0.34999999999999987,2.8122396503125002
-0.47,0.34999999999999987,2.6981684049999997
-0.42500000000000004,0.34999999999999987,2.5880001953125
-0.3800000000000001,0.34999999999999987,2.4812456800000002
-0.33499999999999996,0.34999999999999987,2.3774647253125
-0.29000000000000004,0.34999999999999987,2.276266405
-0.2450000000000001,0.34999999999999987,2.1773090003125
-0.20000000000000018,0.34999999999999987,2.0803000000000003
-0.15500000000000003,0.34999999999999987,1.9849961003125
-0.1100000000000001,0.34999999999999987,1.8912032050000003
-0.06500000000000017,0.34999999999999987,1.7987764253125003
-0.020000000000000018,0.34999999999999987,1.7076200799999999
0.02499999999999991,0.34999999999999987,1.6176876953125001
0.06999999999999984,0.34999999999999987,1.5289820050000005
0.11499999999999977,0.34999999999999987,1.4415549503125005
0.16000000000000014,0.34999999999999987,1.3555076799999999
0.20500000000000007,0.34999999999999987,1.2709905503124996
0.25,0.34999999999999987,1.188203125
0.29499999999999993,0.34999999999999987,1.1073941753125
0.33999999999999986,0.34999999999999987,1.0288616800000003
0.3849999999999998,0.34999999999999987,0.9529528253125003
0.4299999999999997,0.34999999999999987,0.8800640050000004
0.4750000000000001,0.34999999999999987,0.8106408203125
0.52,0.34999999999999987,0.74517808
0.565,0.34999999999999987,0.6842198003125001
0.6099999999999999,0.34999999999999987,0.6283592050000002
0.6549999999999998,0.34999999999999987,0.5782387253125002
0.6999999999999997,0.34999999999999987,0.5345500000000004
0.7450000000000001,0.34999999999999987,0.4980338753125
0.79,0.34999999999999987,0.4694804050000001
0.835,0.34999999999999987,0.4497288503125001
0.8799999999999999,0.34999999999999987,0.4396676800000001
0.9249999999999998,0.34999999999999987,0.44023457031250013
0.9699999999999998,0.34999999999999987,0.452416405
1.0149999999999997,0.34999999999999987,0.47724927531250005
1.06,0.34999999999999987,0.5158184800000003
1.105,0.34999999999999987,0.5692585253125002
1.15,0.34999999999999987,0.638753125
1.1949999999999998,0.34999999999999987,0.7255352003124999
1.2399999999999998,0.34999999999999987,0.8308868799999997
1.2849999999999997,0.34999999999999987,0.9561395003124994
1.33,0.34999999999999987,1.1026736050000008
1.375,0.34999999999999987,1.2719189453125006
1.42,0.34999999999999987,1.4653544800000002
1.4649999999999999,0.34999999999999987,1.6845083753124999
1.5099999999999998,0.34999999999999987,1.9309580049999995
1.5549999999999997,0.34999999999999987,2.206329950312499
1.5999999999999996,0.34999999999999987,2.512299999999998
1.645,0.34999999999999987,2.8505931503125015
1.69,0.34999999999999987,3.222983605
1.7349999999999999,0.34999999999999987,3.631294775312499
1.7799999999999998,0.34999999999999987,4.077399279999999
1.8249999999999997,0.34999999999999987,4.5632189453124985
1.8699999999999997,0.34999999999999987,5.090724804999996
1.915,0.34999999999999987,5.661937100312502
1.96,0.34999999999999987,6.27892528
2.005,0.34999999999999987,6.9438080003125
2.05,0.34999999999999987,7.658753124999998
2.0949999999999998,0.34999999999999987,8.425977725312496
2.1399999999999997,0.34999999999999987,9.247748079999994
2.1849999999999996,0.34999999999999987,10.126379675312494
2.2299999999999995,0.34999999999999987,11.064237204999992
2.2749999999999995,0.34999999999999987,12.063734570312489
2.3200000000000003,0.34999999999999987,13.127334880000008
2.365,0.34999999999999987,14.257550450312506
2.41,0.34999999999999987,15.456942805000004
2.455,0.34999999999999987,16.72812267531251
2.5,0.34999999999999987,18.07375
-2.0,0.395,14.518075
-1.955,0.395,13.6946378003125
-1.91,0.395,12.918492805
-1.865,0.395,12.1875268253125
-1.82,0.395,11.499675880000002
-1.775,0.395,10.852925195312496
-1.73,0.395,10.245309204999998
-1.685,0.395,9.674911550312498
-1.6400000000000001,0.395,9.139865080000002
-1.595,0.395,8.638351850312498
-1.55,0.395,8.168603124999999
-1.505,0.395,7.728899375312498
-1.46,0.395,7.317570279999999
-1.415,0.395,6.932994725312499
-1.37,0.395,6.573600805
-1.3250000000000002,0.395,6.237865820312501
-1.28,0.395,5.924316280000001
-1.2349999999999999,0.395,5.631527900312499
-1.19,0.395,5.358125604999999
-1.145,0.395,5.102783525312499
-1.1,0.395,4.864225
-1.0550000000000002,0.395,4.6412225753125
-1.01,0.395,4.432598004999999
-0.9650000000000001,0.395,4.2372222503125
-0.9199999999999999,0.395,4.0540154799999994
-0.875,0.395,3.8819470703125005
-0.8300000000000001,0.395,3.7200356050000005
-0.7850000000000001,0.395,3.5673488753125007
-0.74,0.395,3.4230038800000004
-0.6950000000000001,0.395,3.2861668253125003
-0.6500000000000001,0.395,3.1560531250000006
-0.605,0.395,3.0319274003125
-0.56,0.395,2.9131034800000006
-0.5150000000000001,0.395,2.7989444003125
-0.47,0.395,2.688862405
-0.42500000000000004,0.395,2.5823189453125006
-0.3800000000000001,0.395,2.4788246800000007
-0.33499999999999996,0.395,2.3779394753125005
-0.29000000000000004,0.395,2.2792724050000004
-0.2450000000000001,0.395,2.1824817503125002
-0.20000000000000018,0.395,2.0872750000000004
-0.15500000000000003,0.395,1.9934088503125
-0.1100000000000001,0.395,1.9006892050000004
-0.06500000000000017,0.395,1.8089711753125002
-0.020000000000000018,0.395,1.71815908
0.02499999999999991,0.395,1.6282064453125003
0.06999999999999984,0.395,1.5391160050000003
0.11499999999999977,0.395,1.4509397003125004
0.16000000000000014,0.395,1.3637786799999998
0.20500000000000007,0.395,1.2777833003125
0.25,0.395,1.1931531250000003
0.29499999999999993,0.395,1.1101369253125002
0.33999999999999986,0.395,1.0290326800000003
0.3849999999999998,0.395,0.9501875753125004
0.4299999999999997,0.395,0.8739980050000004
0.4750000000000001,0.395,0.8009095703124999
0.52,0.395,0.73141708
0.565,0.395,0.6660645503125001
0.6099999999999999,0.395,0.6054452050000001
0.6549999999999998,0.395,0.5502014753125002
0.6999999999999997,0.395,0.5010250000000003
0.7450000000000001,0.395,0.45865662531249984
0.79,0.395,0.42388640499999997
0.835,0.395,0.3975536003125
0.8799999999999999,0.395,0.38054668
0.9249999999999998,0.395,0.3738033203125001
0.9699999999999998,0.395,0.378310405
1.0149999999999997,0.395,0.3951040253124999
1.06,0.395,0.42526947999999987
1.105,0.395,0.46994127531249985
1.15,0.395,0.530303125
1.1949999999999998,0.395,0.6075879503124993
1.2399999999999998,0.395,0.7030778799999996
1.2849999999999997,0.395,0.8181042503124992
1.33,0.395,0.9540476050000003
1.375,0.395,1.1123376953125002
1.42,0.395,1.2944534799999996
1.4649999999999999,0.395,1.5019231253124992
1.5099999999999998,0.395,1.7363240049999984
1.5549999999999997,0.395,1.9992827003124978
1.5999999999999996,0.395,2.2924749999999983
1.645,0.395,2.6176259003125004
1.69,0.395,2.976509605
1.7349999999999999,0.395,3.3709495253124993
1.7799999999999998,0.395,3.802818279999998
1.8249999999999997,0.395,4.274037695312497
1.8699999999999997,0.395,4.786578804999996
1.915,0.395,5.3424618503125005
1.96,0.395,5.943756279999999
2.005,0.395,6.592580750312498
2.05,0.395,7.291103124999997
2.0949999999999998,0.395,8.041540475312495
2.1399999999999997,0.395,8.846159079999993
2.1849999999999996,0.395,9.707274425312491
2.2299999999999995,0.395,10.62725120499999
2.2749999999999995,0.395,11.608503320312487
2.3200000000000003,0.395,12.653493880000006
2.365,0.395,13.764735200312504
2.41,0.395,14.944788805000004
2.455,0.395,16.196265425312504
2.5,0.395,17.521825
-2.0,0.43999999999999995,14.180800000000001
-1.955,0.43999999999999995,13.373380550312499
-1.91,0.43999999999999995,12.612888805
-1.865,0.43999999999999995,11.8972115753125
-1.82,0.43999999999999995,11.224284880000004
-1.775,0.43999999999999995,10.592093945312499
-1.73,0.43999999999999995,9.998673205000001
-1.685,0.43999999999999995,9.4421063003125
-1.6400000000000001,0.43999999999999995,8.920526080000002
-1.595,0.43999999999999995,8.432114600312499
-1.55,0.43999999999999995,7.975103125
-1.505,0.43999999999999995,7.547772125312498
-1.46,0.43999999999999995,7.14845128
-1.415,0.43999999999999995,6.7755194753125
-1.37,0.43999999999999995,6.427404805
-1.3250000000000002,0.43999999999999995,6.1025845703125015
-1.28,0.43999999999999995,5.799585280000002
-1.2349999999999999,0.43999999999999995,5.5169826503124995
-1.19,0.43999999999999995,5.253401605
-1.145,0.43999999999999995,5.0075162753125
-1.1,0.43999999999999995,4.77805
-1.0550000000000002,0.43999999999999995,4.563775325312501
-1.01,0.43999999999999995,4.363514004999999
-0.9650000000000001,0.43999999999999995,4.1761370003125
-0.9199999999999999,0.43999999999999995,4.00056448
-0.875,0.43999999999999995,3.8357658203125
-0.8300000000000001,0.43999999999999995,3.680759605000001
-0.7850000000000001,0.43999999999999995,3.5346136253125007
-0.74,0.43999999999999995,3.39644488
-0.6950000000000001,0.43999999999999995,3.2654195753125004
-0.6500000000000001,0.43999999999999995,3.1407531250000007
-0.605,0.43999999999999995,3.0217101503125
-0.56,0.43999999999999995,2.9076044800000007
-0.5150000000000001,0.43999999999999995,2.7977991503125
-0.47,0.43999999999999995,2.6917064049999997
-0.42500000000000004,0.43999999999999995,2.5887876953125004
-0.3800000000000001,0.43999999999999995,2.4885536800000003
-0.33499999999999996,0.43999999999999995,2.3905642253125
-0.29000000000000004,0.43999999999999995,2.294428405
-0.2450000000000001,0.43999999999999995,2.1998045003125
-0.20000000000000018,0.43999999999999995,2.1064000000000003
-0.15500000000000003,0.43999999999999995,2.0139716003125
-0.1100000000000001,0.43999999999999995,1.9223252050000004
-0.06500000000000017,0.43999999999999995,1.8313159253125002
-0.020000000000000018,0.43999999999999995,1.7408480800000001
0.02499999999999991,0.43999999999999995,1.6508751953125
0.06999999999999984,0.43999999999999995,1.5614000050000005
0.11499999999999977,0.43999999999999995,1.4724744503125002
0.16000000000000014,0.43999999999999995,1.3841996799999998
0.20500000000000007,0.43999999999999995,1.2967260503124998
0.25,0.43999999999999995,1.2102531250000002
0.29499999999999993,0.43999999999999995,1.1250296753125002
0.33999999999999986,0.43999999999999995,1.0413536800000003
0.3849999999999998,0.43999999999999995,0.9595723253125004
0.4299999999999997,0.43999999999999995,0.8800820050000004
0.4750000000000001,0.43999999999999995,0.8033283203124999
0.52,0.43999999999999995,0.72980608
0.565,0.43999999999999995,0.6600593003125002
0.6099999999999999,0.43999999999999995,0.5946812050000001
0.6549999999999998,0.43999999999999995,0.5343142253125002
0.6999999999999997,0.43999999999999995,0.4796500000000003
0.7450000000000001,0.43999999999999995,0.43142937531249986
0.79,0.43999999999999995,0.390442405
0.835,0.43999999999999995,0.3575283503125
0.8799999999999999,0.43999999999999995,0.3335756800000001
0.9249999999999998,0.43999999999999995,0.3195220703125002
0.9699999999999998,0.43999999999999995,0.31635440500000006
1.0149999999999997,0.43999999999999995,0.3251087753125001
1.06,0.43999999999999995,0.34687048000000015
1.105,0.43999999999999995,0.3827740253125
1.15,0.43999999999999995,0.434003125
1.1949999999999998,0.43999999999999995,0.5017907003124997
1.2399999999999998,0.43999999999999995,0.5874188799999998
1.2849999999999997,0.43999999999999995,0.6922190003124995
1.33,0.43999999999999995,0.8175716050000004
1.375,0.43999999999999995,0.9649064453125002
1.42,0.43999999999999995,1.1357024800000002
1.4649999999999999,0.43999999999999995,1.3314878753124995
1.5099999999999998,0.43999999999999995,1.5538400049999996
1.5549999999999997,0.43999999999999995,1.8043854503124988
1.5999999999999996,0.43999999999999995,2.0847999999999978
1.645,0.43999999999999995,2.396808650312501
1.69,0.43999999999999995,2.742185605
1.7349999999999999,0.43999999999999995,3.122754275312499
1.7799999999999998,0.43999999999999995,3.5403872799999987
1.8249999999999997,0.43999999999999995,3.9970064453124974
1.8699999999999997,0.43999999999999995,4.494582804999997
1.915,0.43999999999999995,5.0351366003125015
1.96,0.43999999999999995,5.62073728
2.005,0.43999999999999995,6.253503500312499
2.05,0.43999999999999995,6.9356031249999965
2.0949999999999998,0.43999999999999995,7.669253225312496
2.1399999999999997,0.43999999999999995,8.456720079999993
2.1849999999999996,0.43999999999999995,9.300319175312495
2.2299999999999995,0.43999999999999995,10.202415204999992
2.2749999999999995,0.43999999999999995,11.16542207031249
2.3200000000000003,0.43999999999999995,12.191802880000008
2.365,0.43999999999999995,13.284069950312507
2.41,0.43999999999999995,14.444784805000005
2.455,0.43999999999999995,15.676558175312504
2.5,0.43999999999999995,16.98205
-2.0,0.4849999999999999,13.855675000000002
-1.955,0.4849999999999999,13.064273300312502
-1.91,0.4849999999999999,12.319434805000002
-1.865,0.4849999999999999,11.619046325312501
-1.82,0.4849999999999999,10.961043880000004
-1.775,0.4849999999999999,10.343412695312498
-1.73,0.4849999999999999,9.764187205
-1.685,0.4849999999999999,9.2214510503125
-1.6400000000000001,0.4849999999999999,8.713337080000002
-1.595,0.4849999999999999,8.2380273503125
-1.55,0.4849999999999999,7.793753125
-1.505,0.4849999999999999,7.378794875312498
-1.46,0.4849999999999999,6.99148228
-1.415,0.4849999999999999,6.6301942253125
-1.37,0.4849999999999999,6.2933588050000004
-1.3250000000000002,0.4849999999999999,5.979453320312501
-1.28,0.4849999999999999,5.687004280000002
-1.2349999999999999,0.4849999999999999,5.4145874003125
-1.19,0.4849999999999999,5.160827605
-1.145,0.4849999999999999,4.9243990253125
-1.1,0.4849999999999999,4.704025
-1.0550000000000002,0.4849999999999999,4.498478075312501
-1.01,0.4849999999999999,4.306580005
-0.9650000000000001,0.4849999999999999,4.1272017503125
-0.9199999999999999,0.4849999999999999,3.95926348
-0.875,0.4849999999999999,3.8017345703125
-0.8300000000000001,0.4849999999999999,3.6536336050000005
-0.7850000000000001,0.4849999999999999,3.5140283753125
-0.74,0.4849999999999999,3.38203588
-0.6950000000000001,0.4849999999999999,3.2568223253125
-0.6500000000000001,0.4849999999999999,3.137603125
-0.605,0.4849999999999999,3.0236429003125
-0.56,0.4849999999999999,2.91425548
-0.5150000000000001,0.4849999999999999,2.8088039003125
-0.47,0.4849999999999999,2.7067004049999994
-0.42500000000000004,0.4849999999999999,2.6074064453125
-0.3800000000000001,0.4849999999999999,2.51043268
-0.33499999999999996,0.4849999999999999,2.4153389753125
-0.29000000000000004,0.4849999999999999,2.321734405
-0.2450000000000001,0.4849999999999999,2.2292772503125
-0.20000000000000018,0.4849999999999999,2.1376749999999998
-0.15500000000000003,0.4849999999999999,2.0466843503125
-0.1100000000000001,0.4849999999999999,1.9561112050000002
-0.06500000000000017,0.4849999999999999,1.8658106753125
-0.020000000000000018,0.4849999999999999,1.7756870799999998
0.02499999999999991,0.4849999999999999,1.6856939453125002
0.06999999999999984,0.4849999999999999,1.5958340050000004
0.11499999999999977,0.4849999999999999,1.5061592003125004
0.16000000000000014,0.4849999999999999,1.4167706799999997
0.20500000000000007,0.4849999999999999,1.3278188003124998
0.25,0.4849999999999999,1.239503125
0.29499999999999993,0.4849999999999999,1.1520724253125
0.33999999999999986,0.4849999999999999,1.0658246800000002
0.3849999999999998,0.4849999999999999,0.9811070753125004
0.4299999999999997,0.4849999999999999,0.8983160050000004
0.4750000000000001,0.4849999999999999,0.8178970703124998
0.52,0.4849999999999999,0.74034508
0.565,0.4849999999999999,0.6662040503125002
0.6099999999999999,0.4849999999999999,0.5960672050000002
0.6549999999999998,0.4849999999999999,0.5305769753125003
0.6999999999999997,0.4849999999999999,0.4704250000000004
0.7450000000000001,0.4849999999999999,0.4163521253124999
0.79,0.4849999999999999,0.36914840499999996
0.835,0.4849999999999999,0.3296531003125
0.8799999999999999,0.4849999999999999,0.2987546800000001
0.9249999999999998,0.4849999999999999,0.27739082031250023
0.9699999999999998,0.4849999999999999,0.26654840500000015
1.0149999999999997,0.4849999999999999,0.26726352531250014
1.06,0.4849999999999999,0.28062148000000015
1.105,0.4849999999999999,0.30775677531250006
1.15,0.4849999999999999,0.34985312500000026
1.1949999999999998,0.4849999999999999,0.4081434503124998
1.2399999999999998,0.4849999999999999,0.48390987999999985
1.2849999999999997,0.4849999999999999,0.5784837503124995
1.33,0.4849999999999999,0.6932456050000007
1.375,0.4849999999999999,0.8296251953125002
1.42,0.4849999999999999,0.9891014800000002
1.4649999999999999,0.4849999999999999,1.1732026253125
1.5099999999999998,0.4849999999999999,1.3835060049999994
1.5549999999999997,0.4849999999999999,1.6216382003124987
1.5999999999999996,0.4849999999999999,1.889274999999998
1.645,0.4849999999999999,2.188141400312501
1.69,0.4849999999999999,2.520011605
1.7349999999999999,0.4849999999999999,2.8867090253125
1.7799999999999998,0.4849999999999999,3.290106279999999
1.8249999999999997,0.4849999999999999,3.7321251953124985
1.8699999999999997,0.4849999999999999,4.214736804999998
1.915,0.4849999999999999,4.739961350312502
1.96,0.4849999999999999,5.30986828
2.005,0.4849999999999999,5.926576250312499
2.05,0.4849999999999999,6.592253124999997
2.0949999999999998,0.4849999999999999,7.309115975312497
2.1399999999999997,0.4849999999999999,8.079431079999996
2.1849999999999996,0.4849999999999999,8.905513925312494
2.2299999999999995,0.4849999999999999,9.789729204999993
2.2749999999999995,0.4849999999999999,10.734490820312491
2.3200000000000003,0.4849999999999999,11.742261880000008
2.365,0.4849999999999999,12.815554700312507
2.41,0.4849999999999999,13.956930805000006
2.455,0.4849999999999999,15.169000925312503
2.5,0.4849999999999999,16.454425000000004
-2.0,0.53,13.5427
-1.955,0.53,12.7673160503125
-1.91,0.53,12.038130805
-1.865,0.53,11.353031075312499
-1.82,0.53,10.709952880000003
-1.775,0.53,10.1068814453125
-1.73,0.53,9.541851204999999
-1.685,0.53,9.012945800312501
-1.6400000000000001,0.53,8.518298080000001
-1.595,0.53,8.0560901003125
-1.55,0.53,7.624553124999999
-1.505,0.53,7.221967625312499
-1.46,0.53,6.84666328
-1.415,0.53,6.4970189753125
-1.37,0.53,6.171462805
-1.3250000000000002,0.53,5.868472070312501
-1.28,0.53,5.5865732800000005
-1.2349999999999999,0.53,5.3243421503125
-1.19,0.53,5.080403605000001
-1.145,0.53,4.853431775312499
-1.1,0.53,4.64215
-1.0550000000000002,0.53,4.4453308253125
-1.01,0.53,4.261796004999999
-0.9650000000000001,0.53,4.0904165003125
-0.9199999999999999,0.53,3.93011248
-0.875,0.53,3.7798533203125
-0.8300000000000001,0.53,3.6386576050000006
-0.7850000000000001,0.53,3.5055931253125
-0.74,0.53,3.3797768800000005
-0.6950000000000001,0.53,3.2603750753125
-0.6500000000000001,0.53,3.1466031250000004
-0.605,0.53,3.0377256503125
-0.56,0.53,2.9330564800000003
-0.5150000000000001,0.53,2.8319586503125
-0.47,0.53,2.7338444049999993
-0.42500000000000004,0.53,2.6381751953125
-0.3800000000000001,0.53,2.5444616800000004
-0.33499999999999996,0.53,2.4522637253125
-0.29000000000000004,0.53,2.3611904050000003
-0.2450000000000001,0.53,2.2709000003125004
-0.20000000000000018,0.53,2.1811000000000003
-0.15500000000000003,0.53,2.0915471003125
-0.1100000000000001,0.53,2.002047205
-0.06500000000000017,0.53,1.9124554253125001
-0.020000000000000018,0.53,1.82267608
0.02499999999999991,0.53,1.7326626953125002
0.06999999999999984,0.53,1.6424180050000006
0.11499999999999977,0.53,1.5519939503125004
0.16000000000000014,0.53,1.46149168
0.20500000000000007,0.53,1.3710615503124999
0.25,0.53,1.280903125
0.29499999999999993,0.53,1.1912651753125
0.33999999999999986,0.53,1.1024456800000004
0.3849999999999998,0.53,1.0147918253125003
0.4299999999999997,0.53,0.9287000050000005
0.4750000000000001,0.53,0.8446158203124999
0.52,0.53,0.76303408
0.565,0.53,0.6844988003125002
0.6099999999999999,0.53,0.6096032050000002
0.6549999999999998,0.53,0.5389897253125003
0.6999999999999997,0.53,0.47335000000000044
0.7450000000000001,0.53,0.4134248753124998
0.79,0.53,0.36000440499999986
0.835,0.53,0.3139278503124999
0.8799999999999999,0.53,0.27608368000000005
0.9249999999999998,0.53,0.2474095703125001
0.9699999999999998,0.53,0.22889240500000008
1.0149999999999997,0.53,0.22156827531250023
1.06,0.53,0.22652247999999997
1.105,0.53,0.24488952531249986
1.15,0.53,0.27785312500000003
1.1949999999999998,0.53,0.3266462003124997
1.2399999999999998,0.53,0.3925508799999995
1.2849999999999997,0.53,0.47689850031249925
1.33,0.53,0.5810696050000002
1.375,0.53,0.7064939453124996
1.42,0.53,0.8546504799999999
1.4649999999999999,0.53,1.0270673753124997
1.5099999999999998,0.53,1.225322004999999
1.5549999999999997,0.53,1.4510409503124986
1.5999999999999996,0.53,1.7058999999999982
1.645,0.53,1.9916241503124998
1.69,0.53,2.309987605
1.7349999999999999,0.53,2.6628137753124985
1.7799999999999998,0.53,3.051975279999999
1.8249999999999997,0.53,3.4793939453124976
1.8699999999999997,0.53,3.947040804999996
1.915,0.53,4.4569361003125
1.96,0.53,5.011149279999998
2.005,0.53,5.611799000312498
2.05,0.53,6.261053124999996
2.0949999999999998,0.53,6.961128725312495
2.1399999999999997,0.53,7.7142920799999946
2.1849999999999996,0.53,8.522858675312493
2.2299999999999995,0.53,9.38919320499999
2.2749999999999995,0.53,10.315709570312489
2.3200000000000003,0.53,11.304870880000006
2.365,0.53,12.359189450312504
2.41,0.53,13.481226805000004
2.455,0.53,14.673593675312505
2.5,0.53,15.93895
-2.0,0.575,13.241875
-1.955,0.575,12.482508800312498
-1.91,0.575,11.768976805000001
-1.865,0.575,11.099165825312504
-1.82,0.575,10.471011880000002
-1.775,0.575,9.882500195312499
-1.73,0.575,9.331665205
-1.685,0.575,8.816590550312501
-1.6400000000000001,0.575,8.335409080000002
-1.595,0.575,7.886302850312499
-1.55,0.575,7.467503124999999
-1.505,0.575,7.0772903753125
-1.46,0.575,6.713994279999999
-1.415,0.575,6.375993725312502
-1.37,0.575,6.0617168050000005
-1.3250000000000002,0.575,5.7696408203125005
-1.28,0.575,5.498292280000002
-1.2349999999999999,0.575,5.246246900312499
-1.19,0.575,5.012129604999999
-1.145,0.575,4.794614525312499
-1.1,0.575,4.592425
-1.0550000000000002,0.575,4.4043335753125
-1.01,0.575,4.229162004999999
-0.9650000000000001,0.575,4.0657812503125
-0.9199999999999999,0.575,3.9131114800000004
-0.875,0.575,3.7701220703125
-0.8300000000000001,0.575,3.635831605000001
-0.7850000000000001,0.575,3.5093078753125004
-0.74,0.575,3.38966788
-0.6950000000000001,0.575,3.2760778253125
-0.6500000000000001,0.575,3.1677531250000004
-0.605,0.575,3.0639584003125
-0.56,0.575,2.9640074800000002
-0.5150000000000001,0.575,2.8672634003125
-0.47,0.575,2.7731384049999996
-0.42500000000000004,0.575,2.6810939453125
-0.3800000000000001,0.575,2.59064068
-0.33499999999999996,0.575,2.5013384753125
-0.29000000000000004,0.575,2.412796405
-0.2450000000000001,0.575,2.3246727503125
-0.20000000000000018,0.575,2.236675
-0.15500000000000003,0.575,2.1485598503125
-0.1100000000000001,0.575,2.060133205
-0.06500000000000017,0.575,1.9712501753125
-0.020000000000000018,0.575,1.88181508
0.02499999999999991,0.575,1.7917814453124998
0.06999999999999984,0.575,1.7011520050000004
0.11499999999999977,0.575,1.6099787003125003
0.16000000000000014,0.575,1.5183626799999996
0.20500000000000007,0.575,1.4264543003124999
0.25,0.575,1.334453125
0.29499999999999993,0.575,1.2426079253125
0.33999999999999986,0.575,1.1512166800000003
0.3849999999999998,0.575,1.0606265753125004
0.4299999999999997,0.575,0.9712340050000005
0.4750000000000001,0.575,0.8834845703124998
0.52,0.575,0.7978730799999999
0.565,0.575,0.7149435503125001
0.6099999999999999,0.575,0.6352892050000002
0.6549999999999998,0.575,0.5595524753125003
0.6999999999999997,0.575,0.4884250000000005
0.7450000000000001,0.575,0.4226476253124997
0.79,0.575,0.3630104049999998
0.835,0.575,0.3103526003124999
0.8799999999999999,0.575,0.26556268
0.9249999999999998,0.575,0.22957832031250014
0.9699999999999998,0.575,0.20338640500000005
1.0149999999999997,0.575,0.18802302531250037
1.06,0.575,0.18457348000000007
1.105,0.575,0.19417227531249992
1.15,0.575,0.21800312500000008
1.1949999999999998,0.575,0.25729895031249983
1.2399999999999998,0.575,0.31334187999999985
1.2849999999999997,0.575,0.3874632503124995
1.33,0.575,0.48104360500000043
1.375,0.575,0.5955126953125003
1.42,0.575,0.7323494799999999
1.4649999999999999,0.575,0.8930821253124992
1.5099999999999998,0.575,1.0792880049999996
1.5549999999999997,0.575,1.2925937003124988
1.5999999999999996,0.575,1.5346749999999982
1.645,0.575,1.8072569003125007
1.69,0.575,2.112113605
1.7349999999999999,0.575,2.4510685253124986
1.7799999999999998,0.575,2.825994279999999
1.8249999999999997,0.575,3.2388126953124976
1.8699999999999997,0.575,3.691494804999997
1.915,0.575,4.186060850312501
1.96,0.575,4.72458028
2.005,0.575,5.309171750312499
2.05,0.575,5.942003124999997
2.0949999999999998,0.575,6.625291475312496
2.1399999999999997,0.575,7.361303079999995
2.1849999999999996,0.575,8.152353425312494
2.2299999999999995,0.575,9.00080720499999
2.2749999999999995,0.575,9.909078320312489
2.3200000000000003,0.575,10.879629880000007
2.365,0.575,11.914974200312503
2.41,0.575,13.017672805000004
2.455,0.575,14.190336425312505
2.5,0.575,15.435624999999998
-2.0,0.6199999999999999,12.953200000000002
-1.955,0.6199999999999999,12.2098515503125
-1.91,0.6199999999999999,11.511972805
-1.865,0.6199999999999999,10.857450575312502
-1.82,0.6199999999999999,10.244220880000004
-1.775,0.6199999999999999,9.670268945312497
-1.73,0.6199999999999999,9.133629205000002
-1.685,0.6199999999999999,8.6323853003125
-1.6400000000000001,0.6199999999999999,8.164670080000004
-1.595,0.6199999999999999,7.728665600312499
-1.55,0.6199999999999999,7.3226031250000005
-1.505,0.6199999999999999,6.944763125312498
-1.46,0.6199999999999999,6.593475279999999
-1.415,0.6199999999999999,6.2671184753125
-1.37,0.6199999999999999,5.964120805
-1.3250000000000002,0.6199999999999999,5.682959570312501
-1.28,0.6199999999999999,5.422161280000002
-1.2349999999999999,0.6199999999999999,5.1803016503125
-1.19,0.6199999999999999,4.956005605
-1.145,0.6199999999999999,4.7479472753125
-1.1,0.6199999999999999,4.55485
-1.0550000000000002,0.6199999999999999,4.375486325312501
-1.01,0.6199999999999999,4.2086780049999994
-0.9650000000000001,0.6199999999999999,4.0532960003125
-0.9199999999999999,0.6199999999999999,3.90826048
-0.875,0.6199999999999999,3.7725408203125
-0.8300000000000001,0.6199999999999999,3.6451556050000007
-0.7850000000000001,0.6199999999999999,3.5251726253125
-0.74,0.6199999999999999,3.41170888
-0.6950000000000001,0.6199999999999999,3.3039305753125
-0.6500000000000001,0.6199999999999999,3.201053125
-0.605,0.6199999999999999,3.1023411503125
-0.56,0.6199999999999999,3.0071084800000003
-0.5150000000000001,0.6199999999999999,2.9147181503125
-0.47,0.6199999999999999,2.8245824049999997
-0.42500000000000004,0.6199999999999999,2.7361626953125002
-0.3800000000000001,0.6199999999999999,2.64896968
-0.33499999999999996,0.6199999999999999,2.5625632253124997
-0.29000000000000004,0.6199999999999999,2.4765524049999996
-0.2450000000000001,0.6199999999999999,2.3905955003125
-0.20000000000000018,0.6199999999999999,2.3044000000000002
-0.15500000000000003,0.6199999999999999,2.2177226003125
-0.1100000000000001,0.6199999999999999,2.130369205
-0.06500000000000017,0.6199999999999999,2.0421949253125
-0.020000000000000018,0.6199999999999999,1.9531040799999997
0.02499999999999991,0.6199999999999999,1.8630501953124998
0.06999999999999984,0.6199999999999999,1.7720360050000004
0.11499999999999977,0.6199999999999999,1.6801134503125001
0.16000000000000014,0.6199999999999999,1.5873836799999996
0.20500000000000007,0.6199999999999999,1.4939970503124997
0.25,0.6199999999999999,1.4001531249999997
0.29499999999999993,0.6199999999999999,1.3061006753125
0.33999999999999986,0.6199999999999999,1.21213768
0.3849999999999998,0.6199999999999999,1.1186113253125003
0.4299999999999997,0.6199999999999999,1.0259180050000003
0.4750000000000001,0.6199999999999999,0.9345033203124997
0.52,0.6199999999999999,0.8448620799999997
0.565,0.6199999999999999,0.7575383003125
0.6099999999999999,0.6199999999999999,0.6731252050000001
0.6549999999999998,0.6199999999999999,0.5922652253125003
0.6999999999999997,0.6199999999999999,0.5156500000000004
0.7450000000000001,0.6199999999999999,0.44402037531249966
0.79,0.6199999999999999,0.37816640499999976
0.835,0.6199999999999999,0.31892735031249986
0.8799999999999999,0.6199999999999999,0.26719168000000004
0.9249999999999998,0.6199999999999999,0.22389707031250017
0.9699999999999998,0.6199999999999999,0.19003040500000012
1.0149999999999997,0.6199999999999999,0.16662777531250028
1.06,0.6199999999999999,0.15477448000000016
1.105,0.6199999999999999,0.1556050253125001
1.15,0.6199999999999999,0.170303125
1.1949999999999998,0.6199999999999999,0.20010170031249985
1.2399999999999998,0.6199999999999999,0.24628287999999987
1.2849999999999997,0.6199999999999999,0.31017800031249987
1.33,0.6199999999999999,0.39316760500000036
1.375,0.6199999999999999,0.49668144531250036
1.42,0.6199999999999999,0.6221984800000002
1.4649999999999999,0.6199999999999999,0.7712468753124995
1.5099999999999998,0.6199999999999999,0.9454040049999994
1.5549999999999997,0.6199999999999999,1.1462964503124988
1.5999999999999996,0.6199999999999999,1.3755999999999986
1.645,0.6199999999999999,1.635039650312501
1.69,0.6199999999999999,1.9263896050000002
1.7349999999999999,0.6199999999999999,2.2514732753124993
1.7799999999999998,0.6199999999999999,2.6121632799999994
1.8249999999999997,0.6199999999999999,3.0103814453124977
1.8699999999999997,0.6199999999999999,3.448098804999997
1.915,0.6199999999999999,3.9273356003125013
1.96,0.6199999999999999,4.45016128
2.005,0.6199999999999999,5.018694500312499
2.05,0.6199999999999999,5.635103124999998
2.0949999999999998,0.6199999999999999,6.301604225312497
2.1399999999999997,0.6199999999999999,7.020464079999995
2.1849999999999996,0.6199999999999999,7.7939981753124945
2.2299999999999995,0.6199999999999999,8.624571204999992
2.2749999999999995,0.6199999999999999,9.51459707031249
2.3200000000000003,0.6199999999999999,10.466538880000005
2.365,0.6199999999999999,11.482908950312506
2.41,0.6199999999999999,12.566268805000007
2.455,0.6199999999999999,13.719229175312503
2.5,0.6199999999999999,14.944450000000003
-2.0,0.665,12.676675000000001
-1.955,0.665,11.949344300312498
-1.91,0.665,11.267118805
-1.865,0.665,10.6278853253125
-1.82,0.665,10.02957988
-1.775,0.665,9.470187695312498
-1.73,0.665,8.947743204999997
-1.685,0.665,8.4603300503125
-1.6400000000000001,0.665,8.00608108
-1.595,0.665,7.583178350312498
-1.55,0.665,7.189853124999998
-1.505,0.665,6.824385875312499
-1.46,0.665,6.485106279999999
-1.415,0.665,6.170393225312499
-1.37,0.665,5.878674805
-1.3250000000000002,0.665,5.608428320312501
-1.28,0.665,5.358180280000002
-1.2349999999999999,0.665,5.1265064003125
-1.19,0.665,4.912031604999999
-1.145,0.665,4.713430025312499
-1.1,0.665,4.529425
-1.0550000000000002,0.665,4.3587890753125
-1.01,0.665,4.200344004999999
-0.9650000000000001,0.665,4.052960750312501
-0.9199999999999999,0.665,3.9155594799999998
-0.875,0.665,3.7871095703125004
-0.8300000000000001,0.665,3.6666296050000007
-0.7850000000000001,0.665,3.5531873753125005
-0.74,0.665,3.4458998800000007
-0.6950000000000001,0.665,3.3439333253125003
-0.6500000000000001,0.665,3.2465031250000003
-0.605,0.665,3.1528739003125
-0.56,0.665,3.0623594800000005
-0.5150000000000001,0.665,2.9743229003125
-0.47,0.665,2.888176405
-0.42500000000000004,0.665,2.8033814453125
-0.3800000000000001,0.665,2.71944868
-0.33499999999999996,0.665,2.6359379753125
-0.29000000000000004,0.665,2.5524584050000003
-0.2450000000000001,0.665,2.4686682503125
-0.20000000000000018,0.665,2.384275
-0.15500000000000003,0.665,2.2990353503125003
-0.1100000000000001,0.665,2.212755205
-0.06500000000000017,0.665,2.1252896753125
-0.020000000000000018,0.665,2.03654308
0.02499999999999991,0.665,1.9464689453125001
0.06999999999999984,0.665,1.8550700050000004
0.11499999999999977,0.665,1.7623982003125005
0.16000000000000014,0.665,1.6685546799999997
0.20500000000000007,0.665,1.5736898003125
0.25,0.665,1.478003125
0.29499999999999993,0.665,1.3817434253125
0.33999999999999986,0.665,1.2852086800000004
0.3849999999999998,0.665,1.1887460753125005
0.4299999999999997,0.665,1.0927520050000006
0.4750000000000001,0.665,0.9976720703124998
0.52,0.665,0.90400108
0.565,0.665,0.8122830503125003
0.6099999999999999,0.665,0.7231112050000003
0.6549999999999998,0.665,0.6371279753125004
0.6999999999999997,0.665,0.5550250000000005
0.7450000000000001,0.665,0.47754312531249976
0.79,0.665,0.4054724049999999
0.835,0.665,0.33965210031250004
0.8799999999999999,0.665,0.2809706799999999
0.9249999999999998,0.665,0.2303658203125003
0.9699999999999998,0.665,0.1888244050000002
1.0149999999999997,0.665,0.1573825253125003
1.06,0.665,0.1371254799999999
1.105,0.665,0.12918777531249992
1.15,0.665,0.13475312499999992
1.1949999999999998,0.665,0.15505445031249987
1.2399999999999998,0.665,0.19137387999999989
1.2849999999999997,0.665,0.24504275031249934
1.33,0.665,0.3174416050000003
1.375,0.665,0.4100001953125
1.42,0.665,0.5241974799999992
1.4649999999999999,0.665,0.6615616253124993
1.5099999999999998,0.665,0.8236700049999989
1.5549999999999997,0.665,1.012149200312499
1.5999999999999996,0.665,1.2286749999999982
1.645,0.665,1.4749724003125002
1.69,0.665,1.7528156050000003
1.7349999999999999,0.665,2.064028025312499
1.7799999999999998,0.665,2.410482279999999
1.8249999999999997,0.665,2.794100195312498
1.8699999999999997,0.665,3.2168528049999967
1.915,0.665,3.6807603503125
1.96,0.665,4.187892279999999
2.005,0.665,4.740367250312498
2.05,0.665,5.3403531249999965
2.0949999999999998,0.665,5.990066975312495
2.1399999999999997,0.665,6.691775079999994
2.1849999999999996,0.665,7.447792925312493
2.2299999999999995,0.665,8.260485204999991
2.2749999999999995,0.665,9.132265820312488
2.3200000000000003,0.665,10.065597880000004
2.365,0.665,11.062993700312505
2.41,0.665,12.127014805000005
2.455,0.665,13.260271925312502
2.5,0.665,14.465424999999998
-2.0,0.71,12.4123
-1.955,0.71,11.7009870503125
-1.91,0.71,11.034414805
-1.865,0.71,10.4104700753125
-1.82,0.71,9.827088880000003
-1.775,0.71,9.2822564453125
-1.73,0.71,8.774007204999998
-1.685,0.71,8.300424800312502
-1.6400000000000001,0.71,7.85964208
-1.595,0.71,7.449841100312499
-1.55,0.71,7.0692531249999995
-1.505,0.71,6.7161586253125005
-1.46,0.71,6.3888872800000005
-1.415,0.71,6.0858179753125015
-1.37,0.71,5.805378805
-1.3250000000000002,0.71,5.546047070312502
-1.28,0.71,5.306349280000003
-1.2349999999999999,0.71,5.0848611503125
-1.19,0.71,4.880207605
-1.145,0.71,4.691062775312499
-1.1,0.71,4.51615
-1.0550000000000002,0.71,4.354241825312501
-1.01,0.71,4.204160005
-0.9650000000000001,0.71,4.0647755003125
-0.9199999999999999,0.71,3.93500848
-0.875,0.71,3.8138283203124996
-0.8300000000000001,0.71,3.7002536050000003
-0.7850000000000001,0.71,3.5933521253125003
-0.74,0.71,3.49224088
-0.6950000000000001,0.71,3.3960860753125
-0.6500000000000001,0.71,3.304103125
-0.605,0.71,3.2155566503124997
-0.56,0.71,3.1297604800000003
-0.5150000000000001,0.71,3.0460776503124998
-0.47,0.71,2.9639204049999996
-0.42500000000000004,0.71,2.8827501953125
-0.3800000000000001,0.71,2.80207768
-0.33499999999999996,0.71,2.7214627253125
-0.29000000000000004,0.71,2.6405144050000002
-0.2450000000000001,0.71,2.5588910003125003
-0.20000000000000018,0.71,2.4763
-0.15500000000000003,0.71,2.3924981003125003
-0.1100000000000001,0.71,2.3072912050000003
-0.06500000000000017,0.71,2.2205344253125006
-0.020000000000000018,0.71,2.13213208
0.02499999999999991,0.71,2.0420376953125
0.06999999999999984,0.71,1.9502540050000003
0.11499999999999977,0.71,1.8568329503125005
0.16000000000000014,0.71,1.7618756799999997
0.20500000000000007,0.71,1.6655325503124998
0.25,0.71,1.5680031250000002
0.29499999999999993,0.71,1.4695361753125002
0.33999999999999986,0.71,1.3704296800000004
0.3849999999999998,0.71,1.2710308253125004
0.4299999999999997,0.71,1.1717360050000005
0.4750000000000001,0.71,1.0729908203124998
0.52,0.71,0.97529008
0.565,0.71,0.8791778003125001
0.6099999999999999,0.71,0.7852472050000003
0.6549999999999998,0.71,0.6941407253125004
0.6999999999999997,0.71,0.6065500000000006
0.7450000000000001,0.71,0.5232158753124998
0.79,0.71,0.44492840499999997
0.835,0.71,0.3725268503125
0.8799999999999999,0.71,0.3068996800000001
0.9249999999999998,0.71,0.24898457031250032
0.9699999999999998,0.71,0.19976840500000037
1.0149999999999997,0.71,0.16028727531250053
1.06,0.71,0.1316264800000001
1.105,0.71,0.11492052531249997
1.15,0.71,0.11135312500000016
1.1949999999999998,0.71,0.12215720031249999
1.2399999999999998,0.71,0.14861488
1.2849999999999997,0.71,0.19205750031249957
1.33,0.71,0.2538656050000003
1.375,0.71,0.33546894531249993
1.42,0.71,0.43834647999999987
1.4649999999999999,0.71,0.5640263753124999
1.5099999999999998,0.71,0.7140860049999995
1.5549999999999997,0.71,0.8901519503124988
1.5999999999999996,0.71,1.0938999999999988
1.645,0.71,1.3270551503125003
1.69,0.71,1.5913916050000005
1.7349999999999999,0.71,1.8887327753124992
1.7799999999999998,0.71,2.220951279999999
1.8249999999999997,0.71,2.589968945312498
1.8699999999999997,0.71,2.9977568049999967
1.915,0.71,3.4463351003125013
1.96,0.71,3.9377732799999996
2.005,0.71,4.474190000312499
2.05,0.71,5.057753124999998
2.0949999999999998,0.71,5.690679725312497
2.1399999999999997,0.71,6.375236079999995
2.1849999999999996,0.71,7.113737675312494
2.2299999999999995,0.71,7.908549204999993
2.2749999999999995,0.71,8.76208457031249
2.3200000000000003,0.71,9.676806880000006
2.365,0.71,10.655228450312505
2.41,0.71,11.699910805000004
2.455,0.71,12.813464675312504
2.5,0.71,13.99855
-2.0,0.7549999999999999,12.160075
-1.955,0.7549999999999999,11.4647798003125
-1.91,0.7549999999999999,10.813860805000001
-1.865,0.7549999999999999,10.205204825312501
-1.82,0.7549999999999999,9.636747880000003
-1.775,0.7549999999999999,9.1064751953125
-1.73,0.7549999999999999,8.612421205
-1.685,0.7549999999999999,8.152669550312503
-1.6400000000000001,0.7549999999999999,7.7253530800000005
-1.595,0.7549999999999999,7.3286538503125
-1.55,0.7549999999999999,6.960803124999999
-1.505,0.7549999999999999,6.620081375312501
-1.46,0.7549999999999999,6.30481828
-1.415,0.7549999999999999,6.0133927253125
-1.37,0.7549999999999999,5.744232805
-1.3250000000000002,0.7549999999999999,5.495815820312501
-1.28,0.7549999999999999,5.266668280000002
-1.2349999999999999,0.7549999999999999,5.0553659003125
-1.19,0.7549999999999999,4.8605336050000005
-1.145,0.7549999999999999,4.6808455253125
-1.1,0.7549999999999999,4.5150250000000005
-1.0550000000000002,0.7549999999999999,4.3618445753125
-1.01,0.7549999999999999,4.220126005
-0.9650000000000001,0.7549999999999999,4.0887402503125
-0.9199999999999999,0.7549999999999999,3.9666074799999995
-0.875,0.7549999999999999,3.8526970703125
-0.8300000000000001,0.7549999999999999,3.746027605
-0.7850000000000001,0.7549999999999999,3.6456668753125
-0.74,0.7549999999999999,3.55073188
-0.6950000000000001,0.7549999999999999,3.4603888253125
-0.6500000000000001,0.7549999999999999,3.373853125
-0.605,0.7549999999999999,3.2903894003125
-0.56,0.7549999999999999,3.20931148
-0.5150000000000001,0.7549999999999999,3.1299824003124996
-0.47,0.7549999999999999,3.0518144049999996
-0.42500000000000004,0.7549999999999999,2.9742689453124997
-0.3800000000000001,0.7549999999999999,2.89685668
-0.33499999999999996,0.7549999999999999,2.8191374753125
-0.29000000000000004,0.7549999999999999,2.740720405
-0.2450000000000001,0.7549999999999999,2.6612637503125
-0.20000000000000018,0.7549999999999999,2.580475
-0.15500000000000003,0.7549999999999999,2.4981108503125
-0.1100000000000001,0.7549999999999999,2.413977205
-0.06500000000000017,0.7549999999999999,2.3279291753124998
-0.020000000000000018,0.7549999999999999,2.2398710799999995
0.02499999999999991,0.7549999999999999,2.1497564453124998
0.06999999999999984,0.7549999999999999,2.0575880050000004
0.11499999999999977,0.7549999999999999,1.9634177003125004
0.16000000000000014,0.7549999999999999,1.8673466799999996
0.20500000000000007,0.7549999999999999,1.7695253003124995
0.25,0.7549999999999999,1.6701531249999997
0.29499999999999993,0.7549999999999999,1.5694789253125
0.33999999999999986,0.7549999999999999,1.4678006800000003
0.3849999999999998,0.7549999999999999,1.3654655753125002
0.4299999999999997,0.7549999999999999,1.2628700050000006
0.4750000000000001,0.7549999999999999,1.1604595703124998
0.52,0.7549999999999999,1.0587290799999998
0.565,0.7549999999999999,0.9582225503125001
0.6099999999999999,0.7549999999999999,0.8595332050000001
0.6549999999999998,0.7549999999999999,0.7633034753125003
0.6999999999999997,0.7549999999999999,0.6702250000000005
0.7450000000000001,0.7549999999999999,0.5810386253124996
0.79,0.7549999999999999,0.4965344049999999
0.835,0.7549999999999999,0.41755160031250005
0.8799999999999999,0.7549999999999999,0.34497868
0.9249999999999998,0.7549999999999999,0.27975332031250044
0.9699999999999998,0.7549999999999999,0.22286240500000032
1.0149999999999997,0.7549999999999999,0.17534202531250043
1.06,0.7549999999999999,0.13827747999999995
1.105,0.7549999999999999,0.11280327531250012
1.15,0.7549999999999999,0.10010312500000018
1.1949999999999998,0.7549999999999999,0.10140995031250011
1.2399999999999998,0.7549999999999999,0.1180058799999999
1.2849999999999997,0.7549999999999999,0.15122225031250003
1.33,0.7549999999999999,0.20243960500000013
1.375,0.7549999999999999,0.2730876953125001
1.42,0.7549999999999999,0.3646454800000003
1.4649999999999999,0.7549999999999999,0.47864112531250025
1.5099999999999998,0.7549999999999999,0.6166520049999995
1.5549999999999997,0.7549999999999999,0.780304700312499
1.5999999999999996,0.7549999999999999,0.9712749999999992
1.645,0.7549999999999999,1.1912879003125003
1.69,0.7549999999999999,1.442117605000001
1.7349999999999999,0.7549999999999999,1.7255875253124995
1.7799999999999998,0.7549999999999999,2.04357028
1.8249999999999997,0.7549999999999999,2.397987695312498
1.8699999999999997,0.7549999999999999,2.790810804999997
1.915,0.7549999999999999,3.224059850312501
1.96,0.7549999999999999,3.6998042800000004
2.005,0.7549999999999999,4.220162750312499
2.05,0.7549999999999999,4.787303124999996
2.0949999999999998,0.7549999999999999,5.403442475312497
2.1399999999999997,0.7549999999999999,6.070847079999996
2.1849999999999996,0.7549999999999999,6.791832425312495
2.2299999999999995,0.7549999999999999,7.5687632049999936
2.2749999999999995,0.7549999999999999,8.404053320312492
2.3200000000000003,0.7549999999999999,9.300165880000007
2.365,0.7549999999999999,10.259613200312506
2.41,0.7549999999999999,11.284956805000009
2.455,0.7549999999999999,12.378807425312505
2.5,0.7549999999999999,13.543825000000002
-2.0,0.7999999999999998,11.92
-1.955,0.7999999999999998,11.240722550312503
-1.91,0.7999999999999998,10.605456805000001
-1.865,0.7999999999999998,10.012089575312503
-1.82,0.7999999999999998,9.458556880000001
-1.775,0.7999999999999998,8.9428439453125
-1.73,0.7999999999999998,8.462985204999999
-1.685,0.7999999999999998,8.017064300312502
-1.6400000000000001,0.7999999999999998,7.603214080000001
-1.595,0.7999999999999998,7.2196166003124995
-1.55,0.7999999999999998,6.864503124999999
-1.505,0.7999999999999998,6.5361541253125
-1.46,0.7999999999999998,6.23289928
-1.415,0.7999999999999998,5.9531174753125
-1.37,0.7999999999999998,5.695236805
-1.3250000000000002,0.7999999999999998,5.457734570312501
-1.28,0.7999999999999998,5.239137280000001
-1.2349999999999999,0.7999999999999998,5.0380206503125
-1.19,0.7999999999999998,4.853009605
-1.145,0.7999999999999998,4.682778275312499
-1.1,0.7999999999999998,4.52605
-1.0550000000000002,0.7999999999999998,4.3815973253125
-1.01,0.7999999999999998,4.248242004999999
-0.9650000000000001,0.7999999999999998,4.1248550003124995
-0.9199999999999999,0.7999999999999998,4.0103564800000004
-0.875,0.7999999999999998,3.9037158203124998
-0.8300000000000001,0.7999999999999998,3.803951605
-0.7850000000000001,0.7999999999999998,3.7101316253125
-0.74,0.7999999999999998,3.62137288
-0.6950000000000001,0.7999999999999998,3.5368415753124998
-0.6500000000000001,0.7999999999999998,3.4557531249999998
-0.605,0.7999999999999998,3.3773721503124996
-0.56,0.7999999999999998,3.30101248
-0.5150000000000001,0.7999999999999998,3.2260371503124996
-0.47,0.7999999999999998,3.151858404999999
-0.42500000000000004,0.7999999999999998,3.0779376953124995
-0.3800000000000001,0.7999999999999998,3.0037856799999996
-0.33499999999999996,0.7999999999999998,2.9289622253124996
-0.29000000000000004,0.7999999999999998,2.8530764049999995
-0.2450000000000001,0.7999999999999998,2.7757865003124995
-0.20000000000000018,0.7999999999999998,2.6967999999999996
-0.15500000000000003,0.7999999999999998,2.6158736003124994
-0.1100000000000001,0.7999999999999998,2.5328132049999996
-0.06500000000000017,0.7999999999999998,2.4474739253124995
-0.020000000000000018,0.7999999999999998,2.359760079999999
0.02499999999999991,0.7999999999999998,2.2696251953124995
0.06999999999999984,0.7999999999999998,2.177072005
0.11499999999999977,0.7999999999999998,2.0821524503125
0.16000000000000014,0.7999999999999998,1.9849676799999991
0.20500000000000007,0.7999999999999998,1.8856680503124992
0.25,0.7999999999999998,1.7844531249999993
0.29499999999999993,0.7999999999999998,1.6815716753124996
0.33999999999999986,0.7999999999999998,1.5773216799999998
0.3849999999999998,0.7999999999999998,1.4720503253125
0.4299999999999997,0.7999999999999998,1.3661540050000003
0.4750000000000001,0.7999999999999998,1.2600783203124992
0.52,0.7999999999999998,1.1543180799999995
0.565,0.7999999999999998,1.0494173003124998
0.6099999999999999,0.7999999999999998,0.9459692049999998
0.6549999999999998,0.7999999999999998,0.8446162253125
0.6999999999999997,0.7999999999999998,0.7460500000000003
0.7450000000000001,0.7999999999999998,0.6510113753124993
0.79,0.7999999999999998,0.5602904049999996
0.835,0.7999999999999998,0.47472635031249977
0.8799999999999999,0.7999999999999998,0.39520767999999984
0.9249999999999998,0.7999999999999998,0.3226720703125001
0.9699999999999998,0.7999999999999998,0.25810640500000015
1.0149999999999997,0.7999999999999998,0.20254677531250032
1.06,0.7999999999999998,0.1570784799999998
1.105,0.7999999999999998,0.12283602531249982
1.15,0.7999999999999998,0.10100312499999986
1.1949999999999998,0.7999999999999998,0.09281270031249966
1.2399999999999998,0.7999999999999998,0.09954688000000012
1.2849999999999997,0.7999999999999998,0.1225370003124997
1.33,0.7999999999999998,0.16316360500000027
1.375,0.7999999999999998,0.22285644531249993
1.42,0.7999999999999998,0.30309447999999994
1.4649999999999999,0.7999999999999998,0.40540587531249983
1.5099999999999998,0.7999999999999998,0.5313680049999996
1.5549999999999997,0.7999999999999998,0.6826074503124993
1.5999999999999996,0.7999999999999998,0.8607999999999985
1.645,0.7999999999999998,1.0676706503125013
1.69,0.7999999999999998,1.304993605
1.7349999999999999,0.7999999999999998,1.574592275312499
1.7799999999999998,0.7999999999999998,1.8783392799999996
1.8249999999999997,0.7999999999999998,2.2181564453124984
1.8699999999999997,0.7999999999999998,2.5960148049999985
1.915,0.7999999999999998,3.013934600312501
1.96,0.7999999999999998,3.47398528
2.005,0.7999999999999998,3.9782855003124995
2.05,0.7999999999999998,4.529003124999997
2.0949999999999998,0.7999999999999998,5.1283552253124975
2.1399999999999997,0.7999999999999998,5.778608079999995
2.1849999999999996,0.7999999999999998,6.4820771753124955
2.2299999999999995,0.7999999999999998,7.2411272049999935
2.2749999999999995,0.7999999999999998,8.058172070312493
2.3200000000000003,0.7999999999999998,8.935674880000006
2.365,0.7999999999999998,9.876147950312506
2.41,0.7999999999999998,10.882152805000008
2.455,0.7999999999999998,11.956300175312505
2.5,0.7999999999999998,13.10125
-2.0,0.845,11.692075000000003
-1.955,0.845,11.028815300312498
-1.91,0.845,10.409202805
-1.865,0.845,9.831124325312501
-1.82,0.845,9.292515880000003
-1.775,0.845,8.791362695312499
-1.73,0.845,8.325699205
-1.685,0.845,7.8936090503125005
-1.6400000000000001,0.845,7.493225080000001
-1.595,0.845,7.122729350312498
-1.55,0.845,6.7803531249999995
-1.505,0.845,6.464376875312499
-1.46,0.845,6.17313028
-1.415,0.845,5.9049922253125
-1.37,0.845,5.658390805
-1.3250000000000002,0.845,5.4318033203125005
-1.28,0.845,5.22375628
-1.2349999999999999,0.845,5.0328254003124995
-1.19,0.845,4.8576356050000005
-1.145,0.845,4.696861025312499
-1.1,0.845,4.549225
-1.0550000000000002,0.845,4.4135000753125
-1.01,0.845,4.288508004999999
-0.9650000000000001,0.845,4.1731197503125
-0.9199999999999999,0.845,4.066255480000001
-0.875,0.845,3.9668845703124997
-0.8300000000000001,0.845,3.8740256050000004
-0.7850000000000001,0.845,3.7867463753125
-0.74,0.845,3.7041638800000003
-0.6950000000000001,0.845,3.6254443253125
-0.6500000000000001,0.845,3.549803125
-0.605,0.845,3.4765049003124995
-0.56,0.845,3.4048634800000004
-0.5150000000000001,0.845,3.3342419003124997
-0.47,0.845,3.2640524049999993
-0.42500000000000004,0.845,3.1937564453125002
-0.3800000000000001,0.845,3.12286468
-0.33499999999999996,0.845,3.0509369753124997
-0.29000000000000004,0.845,2.9775824049999997
-0.2450000000000001,0.845,2.9024592503125
-0.20000000000000018,0.845,2.825275
-0.15500000000000003,0.845,2.7457863503124997
-0.1100000000000001,0.845,2.663799205
-0.06500000000000017,0.845,2.5791686753125003
-0.020000000000000018,0.845,2.49179908
0.02499999999999991,0.845,2.4016439453125
0.06999999999999984,0.845,2.3087060050000003
0.11499999999999977,0.845,2.2130372003125003
0.16000000000000014,0.845,2.1147386799999994
0.20500000000000007,0.845,2.0139608003125
0.25,0.845,1.910903125
0.29499999999999993,0.845,1.8058144253125001
0.33999999999999986,0.845,1.6989926800000001
0.3849999999999998,0.845,1.5907850753125004
0.4299999999999997,0.845,1.4815880050000005
0.4750000000000001,0.845,1.3718470703124996
0.52,0.845,1.2620570799999997
0.565,0.845,1.1527620503125
0.6099999999999999,0.845,1.044555205
0.6549999999999998,0.845,0.9380789753125003
0.6999999999999997,0.845,0.8340250000000005
0.7450000000000001,0.845,0.7331341253124996
0.79,0.845,0.6361964049999999
0.835,0.845,0.5440511003124998
0.8799999999999999,0.845,0.45758668
0.9249999999999998,0.845,0.37774082031250034
0.9699999999999998,0.845,0.3055004050000001
1.0149999999999997,0.845,0.24190152531250053
1.06,0.845,0.18802947999999975
1.105,0.845,0.14501877531249963
1.15,0.845,0.11405312500000009
1.1949999999999998,0.845,0.09636545031249999
1.2399999999999998,0.845,0.09323787999999977
1.2849999999999997,0.845,0.1060017503124997
1.33,0.845,0.13603760499999984
1.375,0.845,0.18477519531250008
1.42,0.845,0.2536934799999999
1.4649999999999999,0.845,0.34432062531249974
1.5099999999999998,0.845,0.45823400499999956
1.5549999999999997,0.845,0.597060200312499
1.5999999999999996,0.845,0.7624749999999985
1.645,0.845,0.9562034003125008
1.69,0.845,1.180019605
1.7349999999999999,0.845,1.4357470253124989
1.7799999999999998,0.845,1.7252582799999994
1.8249999999999997,0.845,2.0504751953124982
1.8699999999999997,0.845,2.4133688049999966
1.915,0.845,2.8159593503125
1.96,0.845,3.2603162800000005
2.005,0.845,3.748558250312498
2.05,0.845,4.282853124999996
2.0949999999999998,0.845,4.8654179753124955
2.1399999999999997,0.845,5.498519079999996
2.1849999999999996,0.845,6.1844719253124945
2.2299999999999995,0.845,6.925641204999992
2.2749999999999995,0.845,7.724440820312492
2.3200000000000003,0.845,8.583333880000005
2.365,0.845,9.504832700312505
2.41,0.845,10.491498805000006
2.455,0.845,11.545942925312502
2.5,0.845,12.670825
-2.0,0.8899999999999999,11.4763
-1.955,0.8899999999999999,10.8290580503125
-1.91,0.8899999999999999,10.225098805000002
-1.865,0.8899999999999999,9.6623090753125
-1.82,0.8899999999999999,9.138624880000002
-1.775,0.8899999999999999,8.652031445312499
-1.73,0.8899999999999999,8.200563205
-1.685,0.8899999999999999,7.782303800312501
-1.6400000000000001,0.8899999999999999,7.3953860800000015
-1.595,0.8899999999999999,7.0379921003125006
-1.55,0.8899999999999999,6.708353125
-1.505,0.8899999999999999,6.404749625312499
-1.46,0.8899999999999999,6.12551128
-1.415,0.8899999999999999,5.869016975312499
-1.37,0.8899999999999999,5.633694804999999
-1.3250000000000002,0.8899999999999999,5.418022070312501
-1.28,0.8899999999999999,5.22052528
-1.2349999999999999,0.8899999999999999,5.039780150312501
-1.19,0.8899999999999999,4.874411605000001
-1.145,0.8899999999999999,4.723093775312499
-1.1,0.8899999999999999,4.58455
-1.0550000000000002,0.8899999999999999,4.457552825312501
-1.01,0.8899999999999999,4.340924004999998
-0.9650000000000001,0.8899999999999999,4.2335345003125
-0.9199999999999999,0.8899999999999999,4.134304480000001
-0.875,0.8899999999999999,4.042203320312501
-0.8300000000000001,0.8899999999999999,3.9562496050000004
-0.7850000000000001,0.8899999999999999,3.8755111253125
-0.74,0.8899999999999999,3.7991048800000002
-0.6950000000000001,0.8899999999999999,3.7261970753125
-0.6500000000000001,0.8899999999999999,3.6560031250000002
-0.605,0.8899999999999999,3.5877876503125
-0.56,0.8899999999999999,3.52086448
-0.5150000000000001,0.8899999999999999,3.4545966503125
-0.47,0.8899999999999999,3.3883964049999995
-0.42500000000000004,0.8899999999999999,3.3217251953125
-0.3800000000000001,0.8899999999999999,3.2540936799999995
-0.33499999999999996,0.8899999999999999,3.1850617253124995
-0.29000000000000004,0.8899999999999999,3.1142384049999996
-0.2450000000000001,0.8899999999999999,3.0412820003125
-0.20000000000000018,0.8899999999999999,2.9658999999999995
-0.15500000000000003,0.8899999999999999,2.8878491003124998
-0.1100000000000001,0.8899999999999999,2.806935205
-0.06500000000000017,0.8899999999999999,2.7230134253125
-0.020000000000000018,0.8899999999999999,2.6359880799999997
0.02499999999999991,0.8899999999999999,2.5458126953124998
0.06999999999999984,0.8899999999999999,2.452490005
0.11499999999999977,0.8899999999999999,2.3560719503125003
0.16000000000000014,0.8899999999999999,2.2566596799999994
0.20500000000000007,0.8899999999999999,2.1544035503124994
0.25,0.8899999999999999,2.0495031249999998
0.29499999999999993,0.8899999999999999,1.9422071753124999
0.33999999999999986,0.8899999999999999,1.8328136800000001
0.3849999999999998,0.8899999999999999,1.7216698253125002
0.4299999999999997,0.8899999999999999,1.6091720050000005
0.4750000000000001,0.8899999999999999,1.4957658203124995
0.52,0.8899999999999999,1.3819460799999996
0.565,0.8899999999999999,1.2682568003124999
0.6099999999999999,0.8899999999999999,1.155291205
0.6549999999999998,0.8899999999999999,1.0436917253125002
0.6999999999999997,0.8899999999999999,0.9341500000000005
0.7450000000000001,0.8899999999999999,0.8274068753124995
0.79,0.8899999999999999,0.7242524049999994
0.835,0.8899999999999999,0.6255258503124996
0.8799999999999999,0.8899999999999999,0.5321156799999998
0.9249999999999998,0.8899999999999999,0.4449595703125002
0.9699999999999998,0.8899999999999999,0.3650444050000001
1.0149999999999997,0.8899999999999999,0.2934062753125004
1.06,0.8899999999999999,0.23113047999999958
1.105,0.8899999999999999,0.17935152531249976
1.15,0.8899999999999999,0.13925312499999976
1.1949999999999998,0.8899999999999999,0.11206820031249976
1.2399999999999998,0.8899999999999999,0.0990788800000002
1.2849999999999997,0.8899999999999999,0.10161650031250002
1.33,0.8899999999999999,0.12106160500000018
1.375,0.8899999999999999,0.15884394531250012
1.42,0.8899999999999999,0.21644247999999955
1.4649999999999999,0.8899999999999999,0.29538537531249975
1.5099999999999998,0.8899999999999999,0.3972500049999992
1.5549999999999997,0.8899999999999999,0.5236629503124988
1.5999999999999996,0.8899999999999999,0.676299999999999
1.645,0.8899999999999999,0.8568861503125
1.69,0.8899999999999999,1.0671956050000007
1.7349999999999999,0.8899999999999999,1.3090517753124993
1.7799999999999998,0.8899999999999999,1.5843272799999997
1.8249999999999997,0.8899999999999999,1.8949439453124985
1.8699999999999997,0.8899999999999999,2.242872804999997
1.915,0.8899999999999999,2.630134100312501
1.96,0.8899999999999999,3.058797279999999
2.005,0.8899999999999999,3.5309810003124986
2.05,0.8899999999999999,4.048853124999997
2.0949999999999998,0.8899999999999999,4.614630725312496
2.1399999999999997,0.8899999999999999,5.230580079999996
2.1849999999999996,0.8899999999999999,5.8990166753124935
2.2299999999999995,0.8899999999999999,6.622305204999993
2.2749999999999995,0.8899999999999999,7.40285957031249
2.3200000000000003,0.8899999999999999,8.243142880000006
2.365,0.8899999999999999,9.145667450312505
2.41,0.8899999999999999,10.112994805000005
2.455,0.8899999999999999,11.147735675312505
2.5,0.8899999999999999,12.252550000000001
-2.0,0.9349999999999998,11.272675
-1.955,0.9349999999999998,10.641450800312503
-1.91,0.9349999999999998,10.053144805
-1.865,0.9349999999999998,9.505643825312502
-1.82,0.9349999999999998,8.996883880000002
-1.775,0.9349999999999998,8.5248501953125
-1.73,0.9349999999999998,8.087577205
-1.685,0.9349999999999998,7.6831485503125005
-1.6400000000000001,0.9349999999999998,7.309697080000001
-1.595,0.9349999999999998,6.965404850312498
-1.55,0.9349999999999998,6.648503124999999
-1.505,0.9349999999999998,6.357272375312499
-1.46,0.9349999999999998,6.09004228
-1.415,0.9349999999999998,5.8451917253125005
-1.37,0.9349999999999998,5.621148805
-1.3250000000000002,0.9349999999999998,5.4163908203125
-1.28,0.9349999999999998,5.229444280000001
-1.2349999999999999,0.9349999999999998,5.0588849003125
-1.19,0.9349999999999998,4.903337605
-1.145,0.9349999999999998,4.761476525312499
-1.1,0.9349999999999998,4.632025
-1.0550000000000002,0.9349999999999998,4.5137555753125
-1.01,0.9349999999999998,4.405490004999998
-0.9650000000000001,0.9349999999999998,4.306099250312499
-0.9199999999999999,0.9349999999999998,4.21450348
-0.875,0.9349999999999998,4.129672070312499
-0.8300000000000001,0.9349999999999998,4.050623605
-0.7850000000000001,0.9349999999999998,3.9764258753124997
-0.74,0.9349999999999998,3.9061958799999994
-0.6950000000000001,0.9349999999999998,3.8390998253124993
-0.6500000000000001,0.9349999999999998,3.7743531249999993
-0.605,0.9349999999999998,3.7112204003124996
-0.56,0.9349999999999998,3.64901548
-0.5150000000000001,0.9349999999999998,3.5871014003124992
-0.47,0.9349999999999998,3.524890404999999
-0.42500000000000004,0.9349999999999998,3.4618439453124994
-0.3800000000000001,0.9349999999999998,3.3974726799999995
-0.33499999999999996,0.9349999999999998,3.331336475312499
-0.29000000000000004,0.9349999999999998,3.2630444049999996
-0.2450000000000001,0.9349999999999998,3.1922547503124994
-0.20000000000000018,0.9349999999999998,3.1186749999999996
-0.15500000000000003,0.9349999999999998,3.0420618503124994
-0.1100000000000001,0.9349999999999998,2.9622212049999996
-0.06500000000000017,0.9349999999999998,2.8790081753124994
-0.020000000000000018,0.9349999999999998,2.7923270799999993
0.02499999999999991,0.9349999999999998,2.7021314453124994
0.06999999999999984,0.9349999999999998,2.608424005
0.11499999999999977,0.9349999999999998,2.5112567003125
0.16000000000000014,0.9349999999999998,2.4107306799999995
0.20500000000000007,0.9349999999999998,2.306996300312499
0.25,0.9349999999999998,2.2002531249999997
0.29499999999999993,0.9349999999999998,2.0907499253124997
0.33999999999999986,0.9349999999999998,1.9787846799999997
0.3849999999999998,0.9349999999999998,1.8647045753125
0.4299999999999997,0.9349999999999998,1.7489060050000003
0.4750000000000001,0.9349999999999998,1.6318345703124992
0.52,0.9349999999999998,1.5139850799999994
0.565,0.9349999999999998,1.3959015503124999
0.6099999999999999,0.9349999999999998,1.2781772049999998
0.6549999999999998,0.9349999999999998,1.1614544753125
0.6999999999999997,0.9349999999999998,1.0464250000000002
0.7450000000000001,0.9349999999999998,0.9338296253124991
0.79,0.9349999999999998,0.8244584049999993
0.835,0.9349999999999998,0.7191506003124994
0.8799999999999999,0.9349999999999998,0.6187946799999999
0.9249999999999998,0.9349999999999998,0.5243283203125002
0.9699999999999998,0.9349999999999998,0.43673840500000005
1.0149999999999997,0.9349999999999998,0.3570610253125006
1.06,0.9349999999999998,0.28638147999999997
1.105,0.9349999999999998,0.22583427531249978
1.15,0.9349999999999998,0.17660312499999997
1.1949999999999998,0.9349999999999998,0.13992095031249985
1.2399999999999998,0.9349999999999998,0.11706988000000007
1.2849999999999997,0.9349999999999998,0.10938125031249979
1.33,0.9349999999999998,0.11823560500000019
1.375,0.9349999999999998,0.14506269531250005
1.42,0.9349999999999998,0.19134147999999995
1.4649999999999999,0.9349999999999998,0.2586001253125001
1.5099999999999998,0.9349999999999998,0.34841600500000003
1.5549999999999997,0.9349999999999998,0.4624157003124989
1.5999999999999996,0.9349999999999998,0.6022749999999994
1.645,0.9349999999999998,0.7697189003125013
1.69,0.9349999999999998,0.9665216049999998
1.7349999999999999,0.9349999999999998,1.1945065253124991
1.7799999999999998,0.9349999999999998,1.4555462799999994
1.8249999999999997,0.9349999999999998,1.7515626953124992
1.8699999999999997,0.9349999999999998,2.0845268049999977
1.915,0.9349999999999998,2.456458850312501
1.96,0.9349999999999998,2.869428280000001
2.005,0.9349999999999998,3.3255537503124986
2.05,0.9349999999999998,3.8270031249999965
2.0949999999999998,0.9349999999999998,4.375993475312495
2.1399999999999997,0.9349999999999998,4.974791079999997
2.1849999999999996,0.9349999999999998,5.6257114253124945
2.2299999999999995,0.9349999999999998,6.331119204999992
2.2749999999999995,0.9349999999999998,7.093428320312493
2.3200000000000003,0.9349999999999998,7.915101880000004
2.365,0.9349999999999998,8.798652200312507
2.41,0.9349999999999998,9.746640805000007
2.455,0.9349999999999998,10.761678425312505
2.5,0.9349999999999998,11.846425
-2.0,0.98,11.081199999999999
-1.955,0.98,10.465993550312502
-1.91,0.98,9.893340805000001
-1.865,0.98,9.361128575312502
-1.82,0.98,8.86729288
-1.775,0.98,8.4098189453125
-1.73,0.98,7.986741204999999
-1.685,0.98,7.596143300312501
-1.6400000000000001,0.98,7.23615808
-1.595,0.98,6.9049676003124985
-1.55,0.98,6.600803124999998
-1.505,0.98,6.3219451253125
-1.46,0.98,6.06672328
-1.415,0.98,5.8335164753125
-1.37,0.98,5.620752805
-1.3250000000000002,0.98,5.4269095703125005
-1.28,0.98,5.250513280000002
-1.2349999999999999,0.98,5.0901396503125
-1.19,0.98,4.944413604999999
-1.145,0.98,4.8120092753125
-1.1,0.98,4.691649999999999
-1.0550000000000002,0.98,4.5821083253125
-1.01,0.98,4.482206004999999
-0.9650000000000001,0.98,4.390814000312499
-0.9199999999999999,0.98,4.30685248
-0.875,0.98,4.2292908203124995
-0.8300000000000001,0.98,4.1571476050000005
-0.7850000000000001,0.98,4.0894906253125
-0.74,0.98,4.02543688
-0.6950000000000001,0.98,3.9641525753125
-0.6500000000000001,0.98,3.904853125
-0.605,0.98,3.8468031503124998
-0.56,0.98,3.78931648
-0.5150000000000001,0.98,3.7317561503124996
-0.47,0.98,3.673534405
-0.42500000000000004,0.98,3.6141126953125
-0.3800000000000001,0.98,3.55300168
-0.33499999999999996,0.98,3.4897612253125
-0.29000000000000004,0.98,3.424000405
-0.2450000000000001,0.98,3.3553775003124997
-0.20000000000000018,0.98,3.2836
-0.15500000000000003,0.98,3.2084246003125
-0.1100000000000001,0.98,3.129657205
-0.06500000000000017,0.98,3.0471529253125
-0.020000000000000018,0.98,2.96081608
0.02499999999999991,0.98,2.8706001953125
0.06999999999999984,0.98,2.776508005
0.11499999999999977,0.98,2.6785914503125
0.16000000000000014,0.98,2.5769516799999996
0.20500000000000007,0.98,2.4717390503124994
0.25,0.98,2.3631531249999997
0.29499999999999993,0.98,2.2514426753125
0.33999999999999986,0.98,2.1369056800000004
0.3849999999999998,0.98,2.0198893253125005
0.4299999999999997,0.98,1.9007900050000006
0.4750000000000001,0.98,1.7800533203124997
0.52,0.98,1.6581740799999998
0.565,0.98,1.5356963003125
0.6099999999999999,0.98,1.4132132050000001
0.6549999999999998,0.98,1.2913672253125004
0.6999999999999997,0.98,1.1708500000000006
0.7450000000000001,0.98,1.0524023753124996
0.79,0.98,0.9368144049999997
0.835,0.98,0.8249253503124998
0.8799999999999999,0.98,0.71762368
0.9249999999999998,0.98,0.6158470703125003
0.9699999999999998,0.98,0.5205824050000003
1.0149999999999997,0.98,0.4328657753125005
1.06,0.98,0.3537824799999998
1.105,0.98,0.2844670253124997
1.15,0.98,0.22610312500000007
1.1949999999999998,0.98,0.17992370031249982
1.2399999999999998,0.98,0.14721088000000027
1.2849999999999997,0.98,0.12929600031249988
1.33,0.98,0.12755960500000008
1.375,0.98,0.14343144531249985
1.42,0.98,0.17839048000000002
1.4649999999999999,0.98,0.23396487531249965
1.5099999999999998,0.98,0.31173200499999965
1.5549999999999997,0.98,0.4133184503124987
1.5999999999999996,0.98,0.5403999999999991
1.645,0.98,0.694701650312501
1.69,0.98,0.877997605
1.7349999999999999,0.98,1.092111275312499
1.7799999999999998,0.98,1.3389152799999993
1.8249999999999997,0.98,1.6203314453124982
1.8699999999999997,0.98,1.9383308049999979
1.915,0.98,2.2949336003125005
1.96,0.98,2.6922092799999993
2.005,0.98,3.132276500312499
2.05,0.98,3.6173031249999976
2.0949999999999998,0.98,4.149506225312496
2.1399999999999997,0.98,4.731152079999996
2.1849999999999996,0.98,5.3645561753124955
2.2299999999999995,0.98,6.0520832049999935
2.2749999999999995,0.98,6.796147070312491
2.3200000000000003,0.98,7.599210880000005
2.365,0.98,8.463786950312503
2.41,0.98,9.392436805000006
2.455,0.98,10.387771175312503
2.5,0.98,11.452449999999999
-2.0,1.025,10.901875
-1.955,1.025,10.302686300312502
-1.91,1.025,9.745686805
-1.865,1.025,9.2287633253125
-1.82,1.025,8.749851880000001
-1.775,1.025,8.3069376953125
-1.73,1.025,7.898055204999999
-1.685,1.025,7.521288050312501
-1.6400000000000001,1.025,7.174769080000001
-1.595,1.025,6.8566803503125
-1.55,1.025,6.565253124999998
-1.505,1.025,6.298767875312501
-1.46,1.025,6.055554280000001
-1.415,1.025,5.8339912253125
-1.37,1.025,5.632506805
-1.3250000000000002,1.025,5.449578320312501
-1.28,1.025,5.283732280000002
-1.2349999999999999,1.025,5.1335444003125
-1.19,1.025,4.997639605
-1.145,1.025,4.8746920253125
-1.1,1.025,4.763425
-1.0550000000000002,1.025,4.6626110753125
-1.01,1.025,4.5710720049999995
-0.9650000000000001,1.025,4.4876787503125
-0.9199999999999999,1.025,4.41135148
-0.875,1.025,4.3410595703125
-0.8300000000000001,1.025,4.275821605000001
-0.7850000000000001,1.025,4.2147053753125
-0.74,1.025,4.15682788
-0.6950000000000001,1.025,4.1013553253125
-0.6500000000000001,1.025,4.047503125
-0.605,1.025,3.9945359003124996
-0.56,1.025,3.94176748
-0.5150000000000001,1.025,3.8885609003124997
-0.47,1.025,3.8343284049999995
-0.42500000000000004,1.025,3.7785314453125
-0.3800000000000001,1.025,3.72068068
-0.33499999999999996,1.025,3.6603359753125
-0.29000000000000004,1.025,3.597106405
-0.2450000000000001,1.025,3.5306502503125
-0.20000000000000018,1.025,3.460675
-0.15500000000000003,1.025,3.3869373503125
-0.1100000000000001,1.025,3.3092432050000005
-0.06500000000000017,1.025,3.2274476753125
-0.020000000000000018,1.025,3.14145508
0.02499999999999991,1.025,3.0512189453125
0.06999999999999984,1.025,2.956742005
0.11499999999999977,1.025,2.8580762003125004
0.16000000000000014,1.025,2.7553226799999995
0.20500000000000007,1.025,2.6486318003125
0.25,1.025,2.538203125
0.29499999999999993,1.025,2.4242854253125
0.33999999999999986,1.025,2.3071766800000004
0.3849999999999998,1.025,2.1872240753125003
0.4299999999999997,1.025,2.0648240050000006
0.4750000000000001,1.025,1.9404220703124997
0.52,1.025,1.8145130799999998
0.565,1.025,1.6876410503125001
0.6099999999999999,1.025,1.5603992050000002
0.6549999999999998,1.025,1.4334299753125004
0.6999999999999997,1.025,1.3074250000000007
0.7450000000000001,1.025,1.1831251253124995
0.79,1.025,1.0613204049999998
0.835,1.025,0.9428501003125
0.8799999999999999,1.025,0.8286026800000001
0.9249999999999998,1.025,0.7195158203125005
0.9699999999999998,1.025,0.6165764050000004
1.0149999999999997,1.025,0.5208205253125007
1.06,1.025,0.43333347999999994
1.105,1.025,0.3552497753124999
1.15,1.025,0.2877531250000005
1.1949999999999998,1.025,0.23207645031250013
1.2399999999999998,1.025,0.18950188000000057
1.2849999999999997,1.025,0.1613607503125003
1.33,1.025,0.1490336050000003
1.375,1.025,0.15395019531249998
1.42,1.025,0.17758947999999997
1.4649999999999999,1.025,0.22147962531250043
1.5099999999999998,1.025,0.2871980049999996
1.5549999999999997,1.025,0.3763712003124997
1.5999999999999996,1.025,0.490675
1.645,1.025,0.6318344003125005
1.69,1.025,0.801623605000001
1.7349999999999999,1.025,1.0018660253124998
1.7799999999999998,1.025,1.2344342799999999
1.8249999999999997,1.025,1.5012501953124988
1.8699999999999997,1.025,1.8042848049999978
1.915,1.025,2.1455583503125015
1.96,1.025,2.5271402800000007
2.005,1.025,2.9511492503125
2.05,1.025,3.4197531249999975
2.0949999999999998,1.025,3.935168975312498
2.1399999999999997,1.025,4.499663079999996
2.1849999999999996,1.025,5.115550925312496
2.2299999999999995,1.025,5.785197204999994
2.2749999999999995,1.025,6.511015820312494
2.3200000000000003,1.025,7.295469880000006
2.365,1.025,8.141071700312505
2.41,1.025,9.050382805000003
2.455,1.025,10.026013925312505
2.5,1.025,11.070625000000001
-2.0,1.0699999999999998,10.7347
-1.955,1.0699999999999998,10.1515290503125
-1.91,1.0699999999999998,9.610182805
-1.865,1.0699999999999998,9.108548075312498
-1.82,1.0699999999999998,8.644560880000002
-1.775,1.0699999999999998,8.2162064453125
-1.73,1.0699999999999998,7.8215192049999995
-1.685,1.0699999999999998,7.4585828003125005
-1.6400000000000001,1.0699999999999998,7.125530080000001
-1.595,1.0699999999999998,6.8205431003124986
-1.55,1.0699999999999998,6.541853124999998
-1.505,1.0699999999999998,6.2877406253125
-1.46,1.0699999999999998,6.05653528
-1.415,1.0699999999999998,5.846615975312501
-1.37,1.0699999999999998,5.656410805
-1.3250000000000002,1.0699999999999998,5.4843970703125
-1.28,1.0699999999999998,5.3291012800000015
-1.2349999999999999,1.0699999999999998,5.1890991503125
-1.19,1.0699999999999998,5.0630156049999995
-1.145,1.0699999999999998,4.949524775312499
-1.1,1.0699999999999998,4.84735
-1.0550000000000002,1.0699999999999998,4.7552638253124995
-1.01,1.0699999999999998,4.672088004999999
-0.9650000000000001,1.0699999999999998,4.596693500312499
-0.9199999999999999,1.0699999999999998,4.528000479999999
-0.875,1.0699999999999998,4.4649783203124995
-0.8300000000000001,1.0699999999999998,4.406645605
-0.7850000000000001,1.0699999999999998,4.352070125312499
-0.74,1.0699999999999998,4.30036888
-0.6950000000000001,1.0699999999999998,4.2507080753125
-0.6500000000000001,1.0699999999999998,4.202303124999999
-0.605,1.0699999999999998,4.1544186503125
-0.56,1.0699999999999998,4.1063684799999995
-0.5150000000000001,1.0699999999999998,4.057515650312499
-0.47,1.0699999999999998,4.007272404999999
-0.42500000000000004,1.0699999999999998,3.9551001953124993
-0.3800000000000001,1.0699999999999998,3.900509679999999
-0.33499999999999996,1.0699999999999998,3.8430607253124993
-0.29000000000000004,1.0699999999999998,3.782362404999999
-0.2450000000000001,1.0699999999999998,3.7180730003124993
-0.20000000000000018,1.0699999999999998,3.6498999999999993
-0.15500000000000003,1.0699999999999998,3.577600100312499
-0.1100000000000001,1.0699999999999998,3.5009792049999993
-0.06500000000000017,1.0699999999999998,3.419892425312499
-0.020000000000000018,1.0699999999999998,3.334244079999999
0.02499999999999991,1.0699999999999998,3.2439876953124993
0.06999999999999984,1.0699999999999998,3.1491260049999994
0.11499999999999977,1.0699999999999998,3.0497109503125
0.16000000000000014,1.0699999999999998,2.945843679999999
0.20500000000000007,1.0699999999999998,2.837674550312499
0.25,1.0699999999999998,2.7254031249999993
0.29499999999999993,1.0699999999999998,2.6092781753124994
0.33999999999999986,1.0699999999999998,2.4895976799999997
0.3849999999999998,1.0699999999999998,2.3667088253124997
0.4299999999999997,1.0699999999999998,2.241008005
0.4750000000000001,1.0699999999999998,2.112940820312499
0.52,1.0699999999999998,1.9830020799999992
0.565,1.0699999999999998,1.8517358003124995
0.6099999999999999,1.0699999999999998,1.7197352049999997
0.6549999999999998,1.0699999999999998,1.5876427253124998
0.6999999999999997,1.0699999999999998,1.45615
0.7450000000000001,1.0699999999999998,1.3259978753124988
0.79,1.0699999999999998,1.197976404999999
0.835,1.0699999999999998,1.0729248503124995
0.8799999999999999,1.0699999999999998,0.9517316799999995
0.9249999999999998,1.0699999999999998,0.8353345703124999
0.9699999999999998,1.0699999999999998,0.7247204049999998
1.0149999999999997,1.0699999999999998,0.6209252753125003
1.06,1.0699999999999998,0.5250344799999995
1.105,1.0699999999999998,0.43818252531249957
1.15,1.0699999999999998,0.3615531249999995
1.1949999999999998,1.0699999999999998,0.2963792003124994
1.2399999999999998,1.0699999999999998,0.24394288000000008
1.2849999999999997,1.0699999999999998,0.20557550031249994
1.33,1.0699999999999998,0.18265760499999972
1.375,1.0699999999999998,0.17661894531250022
1.42,1.0699999999999998,0.18893847999999913
1.4649999999999999,1.0699999999999998,0.22114437531249953
1.5099999999999998,1.0699999999999998,0.27481400499999964
1.5549999999999997,1.0699999999999998,0.35157395031249905
1.5999999999999996,1.0699999999999998,0.4530999999999996
1.645,1.0699999999999998,0.5811171503125006
1.69,1.0699999999999998,0.7373996050000007
1.7349999999999999,1.0699999999999998,0.9237707753124993
1.7799999999999998,1.0699999999999998,1.1421032799999993
1.8249999999999997,1.0699999999999998,1.3943189453124982
1.8699999999999997,1.0699999999999998,1.6823888049999973
1.915,1.0699999999999998,2.0083331003125005
1.96,1.0699999999999998,2.37422128
2.005,1.0699999999999998,2.782172000312499
2.05,1.0699999999999998,3.234353124999998
2.0949999999999998,1.0699999999999998,3.732981725312498
2.1399999999999997,1.0699999999999998,4.280324079999996
2.1849999999999996,1.0699999999999998,4.878695675312496
2.2299999999999995,1.0699999999999998,5.530461204999995
2.2749999999999995,1.0699999999999998,6.238034570312493
2.3200000000000003,1.0699999999999998,7.003878880000006
2.365,1.0699999999999998,7.8305064503125035
2.41,1.0699999999999998,8.720478805000004
2.455,1.0699999999999998,9.676406675312505
2.5,1.0699999999999998,10.70095
-2.0,1.1149999999999998,10.579675
-1.955,1.1149999999999998,10.012521800312504
-1.91,1.1149999999999998,9.486828805000002
-1.865,1.1149999999999998,9.000482825312503
-1.82,1.1149999999999998,8.551419880000003
-1.775,1.1149999999999998,8.1376251953125
-1.73,1.1149999999999998,7.757133205000001
-1.685,1.1149999999999998,7.4080275503125
-1.6400000000000001,1.1149999999999998,7.088441080000001
-1.595,1.1149999999999998,6.796555850312499
-1.55,1.1149999999999998,6.530603124999999
-1.505,1.1149999999999998,6.2888633753125
-1.46,1.1149999999999998,6.069666280000002
-1.415,1.1149999999999998,5.8713907253125
-1.37,1.1149999999999998,5.692464805
-1.3250000000000002,1.1149999999999998,5.531365820312501
-1.28,1.1149999999999998,5.386620280000001
-1.2349999999999999,1.1149999999999998,5.2568039003125
-1.19,1.1149999999999998,5.140541605000001
-1.145,1.1149999999999998,5.0365075253125
-1.1,1.1149999999999998,4.9434249999999995
-1.0550000000000002,1.1149999999999998,4.8600665753125
-1.01,1.1149999999999998,4.785254004999999
-0.9650000000000001,1.1149999999999998,4.717858250312499
-0.9199999999999999,1.1149999999999998,4.65679948
-0.875,1.1149999999999998,4.601047070312499
-0.8300000000000001,1.1149999999999998,4.549619605
-0.7850000000000001,1.1149999999999998,4.501584875312499
-0.74,1.1149999999999998,4.45605988
-0.6950000000000001,1.1149999999999998,4.412210825312499
-0.6500000000000001,1.1149999999999998,4.369253124999999
-0.605,1.1149999999999998,4.326451400312499
-0.56,1.1149999999999998,4.28311948
-0.5150000000000001,1.1149999999999998,4.238620400312499
-0.47,1.1149999999999998,4.192366404999999
-0.42500000000000004,1.1149999999999998,4.143818945312499
-0.3800000000000001,1.1149999999999998,4.092488679999999
-0.33499999999999996,1.1149999999999998,4.0379354753125
-0.29000000000000004,1.1149999999999998,3.9797684049999993
-0.2450000000000001,1.1149999999999998,3.9176457503124995
-0.20000000000000018,1.1149999999999998,3.8512749999999993
-0.15500000000000003,1.1149999999999998,3.780412850312499
-0.1100000000000001,1.1149999999999998,3.7048652049999995
-0.06500000000000017,1.1149999999999998,3.6244871753124994
-0.020000000000000018,1.1149999999999998,3.539183079999999
0.02499999999999991,1.1149999999999998,3.4489064453124993
0.06999999999999984,1.1149999999999998,3.3536600049999996
0.11499999999999977,1.1149999999999998,3.2534957003124996
0.16000000000000014,1.1149999999999998,3.148514679999999
0.20500000000000007,1.1149999999999998,3.038867300312499
0.25,1.1149999999999998,2.924753124999999
0.29499999999999993,1.1149999999999998,2.806420925312499
0.33999999999999986,1.1149999999999998,2.6841686799999995
0.3849999999999998,1.1149999999999998,2.5583435753124997
0.4299999999999997,1.1149999999999998,2.429342005
0.4750000000000001,1.1149999999999998,2.297609570312499
0.52,1.1149999999999998,2.163641079999999
0.565,1.1149999999999998,2.0279805503124995
0.6099999999999999,1.1149999999999998,1.8912212049999995
0.6549999999999998,1.1149999999999998,1.7540054753124998
0.6999999999999997,1.1149999999999998,1.6170250000000002
0.7450000000000001,1.1149999999999998,1.481020625312499
0.79,1.1149999999999998,1.3467824049999992
0.835,1.1149999999999998,1.2151496003124995
0.8799999999999999,1.1149999999999998,1.0870106799999997
0.9249999999999998,1.1149999999999998,0.9633033203125001
0.9699999999999998,1.1149999999999998,0.8450144050000001
1.0149999999999997,1.1149999999999998,0.7331800253125005
1.06,1.1149999999999998,0.6288854799999997
1.105,1.1149999999999998,0.5332652753124996
1.15,1.1149999999999998,0.4475031249999999
1.1949999999999998,1.1149999999999998,0.37283195031249994
1.2399999999999998,1.1149999999999998,0.31053387999999993
1.2849999999999997,1.1149999999999998,0.2619402503125001
1.33,1.1149999999999998,0.22843160500000037
1.375,1.1149999999999998,0.21143769531250056
1.42,1.1149999999999998,0.21243748000000018
1.4649999999999999,1.1149999999999998,0.23295912531250051
1.5099999999999998,1.1149999999999998,0.2745800049999998
1.5549999999999997,1.1149999999999998,0.3389267003124994
1.5999999999999996,1.1149999999999998,0.42767500000000025
1.645,1.1149999999999998,0.5425499003125007
1.69,1.1149999999999998,0.6853256050000005
1.7349999999999999,1.1149999999999998,0.8578255253124998
1.7799999999999998,1.1149999999999998,1.0619222800000006
1.8249999999999997,1.1149999999999998,1.2995376953124995
1.8699999999999997,1.1149999999999998,1.5726428049999988
1.915,1.1149999999999998,1.8832578503125021
1.96,1.1149999999999998,2.2334522799999994
2.005,1.1149999999999998,2.6253447503125
2.05,1.1149999999999998,3.0611031249999967
2.0949999999999998,1.1149999999999998,3.542944475312497
2.1399999999999997,1.1149999999999998,4.073135079999997
2.1849999999999996,1.1149999999999998,4.653990425312497
2.2299999999999995,1.1149999999999998,5.287875204999995
2.2749999999999995,1.1149999999999998,5.977203320312494
2.3200000000000003,1.1149999999999998,6.724437880000005
2.365,1.1149999999999998,7.532091200312507
2.41,1.1149999999999998,8.402724805000007
2.455,1.1149999999999998,9.338949425312505
2.5,1.1149999999999998,10.343425000000002
-2.0,1.1600000000000001,10.4368
-1.955,1.1600000000000001,9.8856645503125
-1.91,1.1600000000000001,9.375624805000001
-1.865,1.1600000000000001,8.9045675753125
-1.82,1.1600000000000001,8.470428880000002
-1.775,1.1600000000000001,8.071193945312498
-1.73,1.1600000000000001,7.704897205
-1.685,1.1600000000000001,7.369622300312498
-1.6400000000000001,1.1600000000000001,7.063502080000001
-1.595,1.1600000000000001,6.784718600312498
-1.55,1.1600000000000001,6.531503125
-1.505,1.1600000000000001,6.302136125312499
-1.46,1.1600000000000001,6.0949472799999995
-1.415,1.1600000000000001,5.9083154753125005
-1.37,1.1600000000000001,5.740668805
-1.3250000000000002,1.1600000000000001,5.590484570312501
-1.28,1.1600000000000001,5.456289280000002
-1.2349999999999999,1.1600000000000001,5.336658650312501
-1.19,1.1600000000000001,5.230217605
-1.145,1.1600000000000001,5.1356402753124994
-1.1,1.1600000000000001,5.05165
-1.0550000000000002,1.1600000000000001,4.977019325312501
-1.01,1.1600000000000001,4.910570004999999
-0.9650000000000001,1.1600000000000001,4.8511730003124995
-0.9199999999999999,1.1600000000000001,4.797748480000001
-0.875,1.1600000000000001,4.7492658203125
-0.8300000000000001,1.1600000000000001,4.704743605000001
-0.7850000000000001,1.1600000000000001,4.663249625312501
-0.74,1.1600000000000001,4.623900880000001
-0.6950000000000001,1.1600000000000001,4.5858635753125006
-0.6500000000000001,1.1600000000000001,4.548353125
-0.605,1.1600000000000001,4.5106341503125
-0.56,1.1600000000000001,4.472020480000001
-0.5150000000000001,1.1600000000000001,4.4318751503125
-0.47,1.1600000000000001,4.389610405
-0.42500000000000004,1.1600000000000001,4.3446876953125
-0.3800000000000001,1.1600000000000001,4.296617680000001
-0.33499999999999996,1.1600000000000001,4.244960225312501
-0.29000000000000004,1.1600000000000001,4.189324405000001
-0.2450000000000001,1.1600000000000001,4.129368500312501
-0.20000000000000018,1.1600000000000001,4.064800000000001
-0.15500000000000003,1.1600000000000001,3.9953756003125007
-0.1100000000000001,1.1600000000000001,3.9209012050000007
-0.06500000000000017,1.1600000000000001,3.841231925312501
-0.020000000000000018,1.1600000000000001,3.7562720800000005
0.02499999999999991,1.1600000000000001,3.665975195312501
0.06999999999999984,1.1600000000000001,3.5703440050000013
0.11499999999999977,1.1600000000000001,3.469430450312501
0.16000000000000014,1.1600000000000001,3.3633356800000005
0.20500000000000007,1.1600000000000001,3.2522100503125007
0.25,1.1600000000000001,3.1362531250000005
0.29499999999999993,1.1600000000000001,3.015713675312501
0.33999999999999986,1.1600000000000001,2.8908896800000012
0.3849999999999998,1.1600000000000001,2.7621283253125015
0.4299999999999997,1.1600000000000001,2.6298260050000017
0.4750000000000001,1.1600000000000001,2.4944283203125006
0.52,1.1600000000000001,2.356430080000001
0.565,1.1600000000000001,2.216375300312501
0.6099999999999999,1.1600000000000001,2.0748572050000007
0.6549999999999998,1.1600000000000001,1.932518225312501
0.6999999999999997,1.1600000000000001,1.7900500000000017
0.7450000000000001,1.1600000000000001,1.6481933753125002
0.79,1.1600000000000001,1.5077384050000004
0.835,1.1600000000000001,1.3695243503125005
0.8799999999999999,1.1600000000000001,1.2344396800000006
0.9249999999999998,1.1600000000000001,1.1034220703125013
0.9699999999999998,1.1600000000000001,0.977458405000001
1.0149999999999997,1.1600000000000001,0.8575847753125014
1.06,1.1600000000000001,0.7448864800000004
1.105,1.1600000000000001,0.6404980253125006
1.15,1.1600000000000001,0.5456031250000004
1.1949999999999998,1.1600000000000001,0.46143470031250056
1.2399999999999998,1.1600000000000001,0.38927488000000077
1.2849999999999997,1.1600000000000001,0.3304550003125004
1.33,1.1600000000000001,0.28635560500000024
1.375,1.1600000000000001,0.2584064453125001
1.42,1.1600000000000001,0.24808648
1.4649999999999999,1.1600000000000001,0.25692387531250027
1.5099999999999998,1.1600000000000001,0.2864960049999996
1.5549999999999997,1.1600000000000001,0.3384294503124994
1.5999999999999996,1.1600000000000001,0.41439999999999966
1.645,1.1600000000000001,0.5161326503125001
1.69,1.1600000000000001,0.6454016049999995
1.7349999999999999,1.1600000000000001,0.8040302753124995
1.7799999999999998,1.1600000000000001,0.9938912799999993
1.8249999999999997,1.1600000000000001,1.2169064453124991
1.8699999999999997,1.1600000000000001,1.4750468049999985
1.915,1.1600000000000001,1.7703326003125004
1.96,1.1600000000000001,2.10483328
2.005,1.1600000000000001,2.480667500312498
2.05,1.1600000000000001,2.9000031249999965
2.0949999999999998,1.1600000000000001,3.3650572253124964
2.1399999999999997,1.1600000000000001,3.8780960799999957
2.1849999999999996,1.1600000000000001,4.441435175312494
2.2299999999999995,1.1600000000000001,5.0574392049999926
2.2749999999999995,1.1600000000000001,5.728522070312492
2.3200000000000003,1.1600000000000001,6.457146880000005
2.365,1.1600000000000001,7.245825950312502
2.41,1.1600000000000001,8.097120805000003
2.455,1.1600000000000001,9.0136421753125
2.5,1.1600000000000001,9.99805
-2.0,1.205,10.306075000000002
-1.955,1.205,9.770957300312498
-1.91,1.205,9.276570805
-1.865,1.205,8.820802325312501
-1.82,1.205,8.401587880000001
-1.775,1.205,8.016912695312499
-1.73,1.205,7.664811204999998
-1.685,1.205,7.3433670503125
-1.6400000000000001,1.205,7.0507130799999995
-1.595,1.205,6.785031350312499
-1.55,1.205,6.544553124999998
-1.505,1.205,6.3275588753125
-1.46,1.205,6.132378279999999
-1.415,1.205,5.9573902253124995
-1.37,1.205,5.801022804999999
-1.3250000000000002,1.205,5.661753320312499
-1.28,1.205,5.538108280000001
-1.2349999999999999,1.205,5.4286634003125
-1.19,1.205,5.332043604999999
-1.145,1.205,5.246923025312499
-1.1,1.205,5.172025
-1.0550000000000002,1.205,5.1061220753125
-1.01,1.205,5.048036004999999
-0.9650000000000001,1.205,4.9966377503125
-0.9199999999999999,1.205,4.95084748
-0.875,1.205,4.9096345703125
-0.8300000000000001,1.205,4.872017605000001
-0.7850000000000001,1.205,4.837064375312501
-0.74,1.205,4.80389188
-0.6950000000000001,1.205,4.7716663253125
-0.6500000000000001,1.205,4.739603125
-0.605,1.205,4.7069669003125005
-0.56,1.205,4.673071480000001
-0.5150000000000001,1.205,4.6372799003125005
-0.47,1.205,4.5990044050000005
-0.42500000000000004,1.205,4.557706445312501
-0.3800000000000001,1.205,4.512896680000001
-0.33499999999999996,1.205,4.464134975312501
-0.29000000000000004,1.205,4.411030405
-0.2450000000000001,1.205,4.3532412503125
-0.20000000000000018,1.205,4.290475000000001
-0.15500000000000003,1.205,4.2224883503125
-0.1100000000000001,1.205,4.149087205000001
-0.06500000000000017,1.205,4.0701266753125
-0.020000000000000018,1.205,3.98551108
0.02499999999999991,1.205,3.8951939453125
0.06999999999999984,1.205,3.799178005000001
0.11499999999999977,1.205,3.697515200312501
0.16000000000000014,1.205,3.59030668
0.20500000000000007,1.205,3.4777028003125
0.25,1.205,3.359903125
0.29499999999999993,1.205,3.2371564253125005
0.33999999999999986,1.205,3.109760680000001
0.3849999999999998,1.205,2.978063075312501
0.4299999999999997,1.205,2.8424600050000013
0.4750000000000001,1.205,2.7033970703125
0.52,1.205,2.56136908
0.565,1.205,2.4169200503125006
0.6099999999999999,1.205,2.2706432050000007
0.6549999999999998,1.205,2.1231809753125006
0.6999999999999997,1.205,1.9752250000000011
0.7450000000000001,1.205,1.8275161253124996
0.79,1.205,1.6808444050000002
0.835,1.205,1.5360491003125003
0.8799999999999999,1.205,1.3940186800000003
0.9249999999999998,1.205,1.255690820312501
0.9699999999999998,1.205,1.1220524050000007
1.0149999999999997,1.205,0.9941395253125014
1.06,1.205,0.8730374799999998
1.105,1.205,0.7598807753124999
1.15,1.205,0.6558531250000001
1.1949999999999998,1.205,0.5621874503125004
1.2399999999999998,1.205,0.4801658800000008
1.2849999999999997,1.205,0.4111197503124999
1.33,1.205,0.3564296050000002
1.375,1.205,0.3175251953124998
1.42,1.205,0.2958854799999995
1.4649999999999999,1.205,0.2930386253125006
1.5099999999999998,1.205,0.3105620049999991
1.5549999999999997,1.205,0.35008220031249904
1.5999999999999996,1.205,0.4132749999999996
1.645,1.205,0.5018654003125005
1.69,1.205,0.6176276049999996
1.7349999999999999,1.205,0.7623850253124993
1.7799999999999998,1.205,0.938010279999999
1.8249999999999997,1.205,1.1464251953124989
1.8699999999999997,1.205,1.3896008049999975
1.915,1.205,1.6695573503125005
1.96,1.205,1.9883642799999994
2.005,1.205,2.348140250312499
2.05,1.205,2.751053124999997
2.0949999999999998,1.205,3.199319975312497
2.1399999999999997,1.205,3.6952070799999945
2.1849999999999996,1.205,4.241029925312494
2.2299999999999995,1.205,4.8391532049999935
2.2749999999999995,1.205,5.491990820312491
2.3200000000000003,1.205,6.202005880000003
2.365,1.205,6.971710700312505
2.41,1.205,7.803666805000004
2.455,1.205,8.700484925312502
2.5,1.205,9.664824999999999
-2.0,1.25,10.1875
-1.955,1.25,9.6684000503125
-1.91,1.25,9.189666805
-1.865,1.25,8.749187075312499
-1.82,1.25,8.344896880000002
-1.775,1.25,7.974781445312499
-1.73,1.25,7.636875204999999
-1.685,1.25,7.3292618003125
-1.6400000000000001,1.25,7.050074080000001
-1.595,1.25,6.7974941003125
-1.55,1.25,6.569753124999999
-1.505,1.25,6.365131625312499
-1.46,1.25,6.181959280000001
-1.415,1.25,6.0186149753125004
-1.37,1.25,5.873526805
-1.3250000000000002,1.25,5.7451720703125
-1.28,1.25,5.632077280000001
-1.2349999999999999,1.25,5.5328181503125
-1.19,1.25,5.446019605
-1.145,1.25,5.3703557753124995
-1.1,1.25,5.30455
-1.0550000000000002,1.25,5.2473748253125
-1.01,1.25,5.197652004999998
-0.9650000000000001,1.25,5.1542525003124995
-0.9199999999999999,1.25,5.11609648
-0.875,1.25,5.0821533203125
-0.8300000000000001,1.25,5.051441605000001
-0.7850000000000001,1.25,5.0230291253125
-0.74,1.25,4.9960328800000005
-0.6950000000000001,1.25,4.9696190753125
-0.6500000000000001,1.25,4.943003125000001
-0.605,1.25,4.9154496503125
-0.56,1.25,4.886272480000001
-0.5150000000000001,1.25,4.8548346503125
-0.47,1.25,4.820548405
-0.42500000000000004,1.25,4.7828751953125
-0.3800000000000001,1.25,4.74132568
-0.33499999999999996,1.25,4.695459725312499
-0.29000000000000004,1.25,4.644886405
-0.2450000000000001,1.25,4.5892640003125
-0.20000000000000018,1.25,4.5283
-0.15500000000000003,1.25,4.4617511003125
-0.1100000000000001,1.25,4.389423205
-0.06500000000000017,1.25,4.3111714253125
-0.020000000000000018,1.25,4.22690008
0.02499999999999991,1.25,4.1365626953125005
0.06999999999999984,1.25,4.040162005
0.11499999999999977,1.25,3.9377499503125004
0.16000000000000014,1.25,3.82942768
0.20500000000000007,1.25,3.7153455503124997
0.25,1.25,3.595703125
0.29499999999999993,1.25,3.4707491753125
0.33999999999999986,1.25,3.3407816800000005
0.3849999999999998,1.25,3.2061478253125006
0.4299999999999997,1.25,3.067244005000001
0.4750000000000001,1.25,2.9245158203124997
0.52,1.25,2.77845808
0.565,1.25,2.6296148003125004
0.6099999999999999,1.25,2.4785792050000004
0.6549999999999998,1.25,2.3259937253125007
0.6999999999999997,1.25,2.172550000000001
0.7450000000000001,1.25,2.0189888753124996
0.79,1.25,1.8661004049999996
0.835,1.25,1.7147238503125
0.8799999999999999,1.25,1.56574768
0.9249999999999998,1.25,1.4201095703125006
0.9699999999999998,1.25,1.2787964050000007
1.0149999999999997,1.25,1.142844275312501
1.06,1.25,1.0133384799999998
1.105,1.25,0.8914135253124997
1.15,1.25,0.778253125
1.1949999999999998,1.25,0.6750902003124999
1.2399999999999998,1.25,0.5832068800000005
1.2849999999999997,1.25,0.5039345003125
1.33,1.25,0.4386536050000003
1.375,1.25,0.3887939453125
1.42,1.25,0.3558344799999995
1.4649999999999999,1.25,0.3413033753125001
1.5099999999999998,1.25,0.346778005
1.5549999999999997,1.25,0.37388495031249924
1.5999999999999996,1.25,0.4242999999999997
1.645,1.25,0.4997481503125005
1.69,1.25,0.6020036050000002
1.7349999999999999,1.25,0.7328897753124988
1.7799999999999998,1.25,0.8942792800000001
1.8249999999999997,1.25,1.0880939453124991
1.8699999999999997,1.25,1.316304804999998
1.915,1.25,1.5809321003124994
1.96,1.25,1.8840452800000005
2.005,1.25,2.2277630003124997
2.05,1.25,2.614253124999996
2.0949999999999998,1.25,3.0457327253124955
2.1399999999999997,1.25,3.5244680799999966
2.1849999999999996,1.25,4.052774675312495
2.2299999999999995,1.25,4.633017204999993
2.2749999999999995,1.25,5.2676095703124926
2.3200000000000003,1.25,5.959014880000005
2.365,1.25,6.709745450312504
2.41,1.25,7.522362805000004
2.455,1.25,8.399477675312504
2.5,1.25,9.34375
-2.0,1.295,10.081075
-1.955,1.295,9.5779928003125
-1.91,1.295,9.114912805000001
-1.865,1.295,8.6897218253125
-1.82,1.295,8.300355880000001
-1.775,1.295,7.944800195312498
-1.73,1.295,7.6210892050000005
-1.685,1.295,7.327306550312498
-1.6400000000000001,1.295,7.06158508
-1.595,1.295,6.822106850312499
-1.55,1.295,6.607103125
-1.505,1.295,6.414854375312498
-1.46,1.295,6.243690279999999
-1.415,1.295,6.0919897253125
-1.37,1.295,5.958180805
-1.3250000000000002,1.295,5.840740820312499
-1.28,1.295,5.73819628
-1.2349999999999999,1.295,5.649122900312499
-1.19,1.295,5.572145604999999
-1.145,1.295,5.505938525312499
-1.1,1.295,5.449224999999999
-1.0550000000000002,1.295,5.4007775753125
-1.01,1.295,5.359418004999998
-0.9650000000000001,1.295,5.324017250312499
-0.9199999999999999,1.295,5.29349548
-0.875,1.295,5.2668220703125
-0.8300000000000001,1.295,5.243015605
-0.7850000000000001,1.295,5.2211438753124995
-0.74,1.295,5.20032388
-0.6950000000000001,1.295,5.1797218253125
-0.6500000000000001,1.295,5.158553125
-0.605,1.295,5.1360824003125
-0.56,1.295,5.11162348
-0.5150000000000001,1.295,5.084539400312499
-0.47,1.295,5.054242404999999
-0.42500000000000004,1.295,5.020193945312499
-0.3800000000000001,1.295,4.9819046799999995
-0.33499999999999996,1.295,4.938934475312499
-0.29000000000000004,1.295,4.890892405
-0.2450000000000001,1.295,4.8374367503124995
-0.20000000000000018,1.295,4.778275
-0.15500000000000003,1.295,4.713163850312499
-0.1100000000000001,1.295,4.641909204999999
-0.06500000000000017,1.295,4.564366175312499
-0.020000000000000018,1.295,4.480439079999999
0.02499999999999991,1.295,4.3900814453125
0.06999999999999984,1.295,4.293296005
0.11499999999999977,1.295,4.1901347003125
0.16000000000000014,1.295,4.080698679999999
0.20500000000000007,1.295,3.9651383003124994
0.25,1.295,3.8436531249999994
0.29499999999999993,1.295,3.7164919253125
0.33999999999999986,1.295,3.58395268
0.3849999999999998,1.295,3.4463825753125
0.4299999999999997,1.295,3.3041780050000003
0.4750000000000001,1.295,3.1577845703124994
0.52,1.295,3.0076970799999994
0.565,1.295,2.8544595503125
0.6099999999999999,1.295,2.6986652049999997
0.6549999999999998,1.295,2.5409564753125
0.6999999999999997,1.295,2.3820250000000005
0.7450000000000001,1.295,2.2226116253124992
0.79,1.295,2.063506404999999
0.835,1.295,1.9055486003124997
0.8799999999999999,1.295,1.74962668
0.9249999999999998,1.295,1.5966783203125003
0.9699999999999998,1.295,1.4476904050000003
1.0149999999999997,1.295,1.303699025312501
1.06,1.295,1.1657894799999995
1.105,1.295,1.0350962753124997
1.15,1.295,0.9128031249999999
1.1949999999999998,1.295,0.8001429503124999
1.2399999999999998,1.295,0.6983978800000004
1.2849999999999997,1.295,0.6088992503125001
1.33,1.295,0.5330276049999996
1.375,1.295,0.4722126953124999
1.42,1.295,0.42793347999999964
1.4649999999999999,1.295,0.40171812531249973
1.5099999999999998,1.295,0.39514400499999924
1.5549999999999997,1.295,0.40983770031249955
1.5999999999999996,1.295,0.44747499999999985
1.645,1.295,0.5097809003125007
1.69,1.295,0.598529605
1.7349999999999999,1.295,0.7155445253124992
1.7799999999999998,1.295,0.8626982799999987
1.8249999999999997,1.295,1.0419126953124986
1.8699999999999997,1.295,1.2551588049999975
1.915,1.295,1.5044568503124993
1.96,1.295,1.791876279999999
2.005,1.295,2.1195357503124996
2.05,1.295,2.4896031249999973
2.0949999999999998,1.295,2.9042954753124968
2.1399999999999997,1.295,3.365879079999996
2.1849999999999996,1.295,3.8766694253124965
2.2299999999999995,1.295,4.439031204999994
2.2749999999999995,1.295,5.055378320312492
2.3200000000000003,1.295,5.728173880000005
2.365,1.295,6.459930200312504
2.41,1.295,7.253208805000003
2.455,1.295,8.110620425312502
2.5,1.295,9.034825
-2.0,1.3399999999999999,9.9868
-1.955,1.3399999999999999,9.4997355503125
-1.91,1.3399999999999999,9.052308805000001
-1.865,1.3399999999999999,8.6424065753125
-1.82,1.3399999999999999,8.267964880000003
-1.775,1.3399999999999999,7.926968945312497
-1.73,1.3399999999999999,7.617453205
-1.685,1.3399999999999999,7.337501300312498
-1.6400000000000001,1.3399999999999999,7.085246080000001
-1.595,1.3399999999999999,6.858869600312499
-1.55,1.3399999999999999,6.656603125
-1.505,1.3399999999999999,6.4767271253124985
-1.46,1.3399999999999999,6.317571279999999
-1.415,1.3399999999999999,6.177514475312499
-1.37,1.3399999999999999,6.054984805
-1.3250000000000002,1.3399999999999999,5.948459570312499
-1.28,1.3399999999999999,5.85646528
-1.2349999999999999,1.3399999999999999,5.7775776503125
-1.19,1.3399999999999999,5.710421604999999
-1.145,1.3399999999999999,5.653671275312499
-1.1,1.3399999999999999,5.606049999999999
-1.0550000000000002,1.3399999999999999,5.566330325312499
-1.01,1.3399999999999999,5.533334004999999
-0.9650000000000001,1.3399999999999999,5.505932000312499
-0.9199999999999999,1.3399999999999999,5.48304448
-0.875,1.3399999999999999,5.463640820312499
-0.8300000000000001,1.3399999999999999,5.446739604999999
-0.7850000000000001,1.3399999999999999,5.431408625312499
-0.74,1.3399999999999999,5.41676488
-0.6950000000000001,1.3399999999999999,5.401974575312499
-0.6500000000000001,1.3399999999999999,5.386253125
-0.605,1.3399999999999999,5.368865150312499
-0.56,1.3399999999999999,5.3491244799999995
-0.5150000000000001,1.3399999999999999,5.326394150312499
-0.47,1.3399999999999999,5.300086404999998
-0.42500000000000004,1.3399999999999999,5.269662695312499
-0.3800000000000001,1.3399999999999999,5.234633679999999
-0.33499999999999996,1.3399999999999999,5.194559225312499
-0.29000000000000004,1.3399999999999999,5.149048404999999
-0.2450000000000001,1.3399999999999999,5.097759500312499
-0.20000000000000018,1.3399999999999999,5.040399999999999
-0.15500000000000003,1.3399999999999999,4.9767266003124995
-0.1100000000000001,1.3399999999999999,4.906545205
-0.06500000000000017,1.3399999999999999,4.829710925312499
-0.020000000000000018,1.3399999999999999,4.746128079999999
0.02499999999999991,1.3399999999999999,4.655750195312499
0.06999999999999984,1.3399999999999999,4.558580005
0.11499999999999977,1.3399999999999999,4.454669450312499
0.16000000000000014,1.3399999999999999,4.344119679999999
0.20500000000000007,1.3399999999999999,4.227081050312499
0.25,1.3399999999999999,4.103753124999999
0.29499999999999993,1.3399999999999999,3.9743846753124994
0.33999999999999986,1.3399999999999999,3.83927368
0.3849999999999998,1.3399999999999999,3.6987673253124997
0.4299999999999997,1.3399999999999999,3.553262005
0.4750000000000001,1.3399999999999999,3.4032033203124987
0.52,1.3399999999999999,3.249086079999999
0.565,1.3399999999999999,3.0914543003124995
0.6099999999999999,1.3399999999999999,2.9309012049999996
0.6549999999999998,1.3399999999999999,2.7680692253125
0.6999999999999997,1.3399999999999999,2.6036500000000005
0.7450000000000001,1.3399999999999999,2.438384375312499
0.79,1.3399999999999999,2.2730624049999992
0.835,1.3399999999999999,2.1085233503124994
0.8799999999999999,1.3399999999999999,1.9456556799999996
0.9249999999999998,1.3399999999999999,1.7853970703125004
0.9699999999999998,1.3399999999999999,1.6287344050000003
1.0149999999999997,1.3399999999999999,1.4767037753125005
1.06,1.3399999999999999,1.3303904799999993
1.105,1.3399999999999999,1.1909290253124993
1.15,1.3399999999999999,1.059503125
1.1949999999999998,1.3399999999999999,0.9373457003125001
1.2399999999999998,1.3399999999999999,0.8257388799999998
1.2849999999999997,1.3399999999999999,0.7260140003125
1.33,1.3399999999999999,0.6395516049999999
1.375,1.3399999999999999,0.5677814453124994
1.42,1.3399999999999999,0.5121824799999994
1.4649999999999999,1.3399999999999999,0.47428287531250035
1.5099999999999998,1.3399999999999999,0.4556600049999999
1.5549999999999997,1.3399999999999999,0.4579404503124995
1.5999999999999996,1.3399999999999999,0.4828000000000001
1.645,1.3399999999999999,0.5319636503125005
1.69,1.3399999999999999,0.6072056050000003
1.7349999999999999,1.3399999999999999,0.7103492753124994
1.7799999999999998,1.3399999999999999,0.8432672799999996
1.8249999999999997,1.3399999999999999,1.0078814453124987
1.8699999999999997,1.3399999999999999,1.2061628049999986
1.915,1.3399999999999999,1.4401316003124998
1.96,1.3399999999999999,1.711857279999999
2.005,1.3399999999999999,2.023458500312499
2.05,1.3399999999999999,2.3771031249999965
2.0949999999999998,1.3399999999999999,2.7750082253124977
2.1399999999999997,1.3399999999999999,3.219440079999997
2.1849999999999996,1.3399999999999999,3.7127141753124957
2.2299999999999995,1.3399999999999999,4.257195204999995
2.2749999999999995,1.3399999999999999,4.855297070312494
2.3200000000000003,1.3399999999999999,5.5094828800000055
2.365,1.3399999999999999,6.222264950312503
2.41,1.3399999999999999,6.996204805000005
2.455,1.3399999999999999,7.833913175312501
2.5,1.3399999999999999,8.73805
-2.0,1.3849999999999998,9.904675000000001
-1.955,1.3849999999999998,9.4336283003125
-1.91,1.3849999999999998,9.001854805
-1.865,1.3849999999999998,8.6072413253125
-1.82,1.3849999999999998,8.247723880000002
-1.775,1.3849999999999998,7.9212876953125
-1.73,1.3849999999999998,7.625967205
-1.685,1.3849999999999998,7.3598460503125
-1.6400000000000001,1.3849999999999998,7.12105708
-1.595,1.3849999999999998,6.9077823503125
-1.55,1.3849999999999998,6.718253124999999
-1.505,1.3849999999999998,6.5507498753124995
-1.46,1.3849999999999998,6.403602280000001
-1.415,1.3849999999999998,6.2751892253125
-1.37,1.3849999999999998,6.163938804999999
-1.3250000000000002,1.3849999999999998,6.068328320312499
-1.28,1.3849999999999998,5.98688428
-1.2349999999999999,1.3849999999999998,5.918182400312499
-1.19,1.3849999999999998,5.860847605
-1.145,1.3849999999999998,5.813554025312499
-1.1,1.3849999999999998,5.775024999999999
-1.0550000000000002,1.3849999999999998,5.744033075312499
-1.01,1.3849999999999998,5.719400004999997
-0.9650000000000001,1.3849999999999998,5.699996750312499
-0.9199999999999999,1.3849999999999998,5.68474348
-0.875,1.3849999999999998,5.672609570312499
-0.8300000000000001,1.3849999999999998,5.662613605
-0.7850000000000001,1.3849999999999998,5.653823375312499
-0.74,1.3849999999999998,5.6453558799999985
-0.6950000000000001,1.3849999999999998,5.636377325312499
-0.6500000000000001,1.3849999999999998,5.626103124999998
-0.605,1.3849999999999998,5.613797900312498
-0.56,1.3849999999999998,5.598775479999999
-0.5150000000000001,1.3849999999999998,5.580398900312499
-0.47,1.3849999999999998,5.558080404999998
-0.42500000000000004,1.3849999999999998,5.531281445312499
-0.3800000000000001,1.3849999999999998,5.499512679999999
-0.33499999999999996,1.3849999999999998,5.462333975312498
-0.29000000000000004,1.3849999999999998,5.419354404999998
-0.2450000000000001,1.3849999999999998,5.370232250312499
-0.20000000000000018,1.3849999999999998,5.3146749999999985
-0.15500000000000003,1.3849999999999998,5.252439350312499
-0.1100000000000001,1.3849999999999998,5.183331204999999
-0.06500000000000017,1.3849999999999998,5.107205675312499
-0.020000000000000018,1.3849999999999998,5.0239670799999985
0.02499999999999991,1.3849999999999998,4.933568945312499
0.06999999999999984,1.3849999999999998,4.836014004999999
0.11499999999999977,1.3849999999999998,4.7313542003124995
0.16000000000000014,1.3849999999999998,4.619690679999998
0.20500000000000007,1.3849999999999998,4.501173800312499
0.25,1.3849999999999998,4.376003124999999
0.29499999999999993,1.3849999999999998,4.244427425312499
0.33999999999999986,1.3849999999999998,4.106744679999999
0.3849999999999998,1.3849999999999998,3.9633020753124995
0.4299999999999997,1.3849999999999998,3.8144960049999996
0.4750000000000001,1.3849999999999998,3.6607720703124986
0.52,1.3849999999999998,3.5026250799999987
0.565,1.3849999999999998,3.340599050312499
0.6099999999999999,1.3849999999999998,3.175287204999999
0.6549999999999998,1.3849999999999998,3.0073319753125
0.6999999999999997,1.3849999999999998,2.837425
0.7450000000000001,1.3849999999999998,2.6663071253124984
0.79,1.3849999999999998,2.4947684049999985
0.835,1.3849999999999998,2.323648100312499
0.8799999999999999,1.3849999999999998,2.1538346799999992
0.9249999999999998,1.3849999999999998,1.9862658203124997
0.9699999999999998,1.3849999999999998,1.821928405
1.0149999999999997,1.3849999999999998,1.6618585253125002
1.06,1.3849999999999998,1.5071414799999987
1.105,1.3849999999999998,1.358911775312499
1.15,1.3849999999999998,1.2183531249999993
1.1949999999999998,1.3849999999999998,1.0866984503124995
1.2399999999999998,1.3849999999999998,0.9652298800000003
1.2849999999999997,1.3849999999999998,0.8552787503124999
1.33,1.3849999999999998,0.7582256049999994
1.375,1.3849999999999998,0.6755001953124995
1.42,1.3849999999999998,0.6085814799999989
1.4649999999999999,1.3849999999999998,0.5589976253124997
1.5099999999999998,1.3849999999999998,0.5283260049999994
1.5549999999999997,1.3849999999999998,0.5181932003124992
1.5999999999999996,1.3849999999999998,0.530275
1.645,1.3849999999999998,0.5662964003124995
1.69,1.3849999999999998,0.6280316050000008
1.7349999999999999,1.3849999999999998,0.7173040253124987
1.7799999999999998,1.3849999999999998,0.8359862800000006
1.8249999999999997,1.3849999999999998,0.9860001953124997
1.8699999999999997,1.3849999999999998,1.169316804999999
1.915,1.3849999999999998,1.3879563503125003
1.96,1.3849999999999998,1.6439882799999999
2.005,1.3849999999999998,1.9395312503124997
2.05,1.3849999999999998,2.276753124999997
2.0949999999999998,1.3849999999999998,2.657870975312496
2.1399999999999997,1.3849999999999998,3.085151079999999
2.1849999999999996,1.3849999999999998,3.560908925312496
2.2299999999999995,1.3849999999999998,4.087509204999995
2.2749999999999995,1.3849999999999998,4.667365820312494
2.3200000000000003,1.3849999999999998,5.302941880000006
2.365,1.3849999999999998,5.996749700312504
2.41,1.3849999999999998,6.751350805000005
2.455,1.3849999999999998,7.569355925312504
2.5,1.3849999999999998,8.453425000000003
-2.0,1.4299999999999997,9.8347
-1.955,1.4299999999999997,9.3796710503125
-1.91,1.4299999999999997,8.963550805
-1.865,1.4299999999999997,8.584226075312499
-1.82,1.4299999999999997,8.239632880000002
-1.775,1.4299999999999997,7.9277564453125
-1.73,1.4299999999999997,7.6466312049999985
-1.685,1.4299999999999997,7.3943408003125
-1.6400000000000001,1.4299999999999997,7.16901808
-1.595,1.4299999999999997,6.968845100312499
-1.55,1.4299999999999997,6.792053124999998
-1.505,1.4299999999999997,6.6369226253125
-1.46,1.4299999999999997,6.50178328
-1.415,1.4299999999999997,6.385013975312501
-1.37,1.4299999999999997,6.285042804999999
-1.3250000000000002,1.4299999999999997,6.2003470703125
-1.28,1.4299999999999997,6.129453280000001
-1.2349999999999999,1.4299999999999997,6.070937150312499
-1.19,1.4299999999999997,6.023423604999999
-1.145,1.4299999999999997,5.985586775312498
-1.1,1.4299999999999997,5.956149999999999
-1.0550000000000002,1.4299999999999997,5.933885825312499
-1.01,1.4299999999999997,5.917616004999998
-0.9650000000000001,1.4299999999999997,5.906211500312498
-0.9199999999999999,1.4299999999999997,5.89859248
-0.875,1.4299999999999997,5.893728320312499
-0.8300000000000001,1.4299999999999997,5.890637604999999
-0.7850000000000001,1.4299999999999997,5.888388125312499
-0.74,1.4299999999999997,5.886096879999999
-0.6950000000000001,1.4299999999999997,5.8829300753124985
-0.6500000000000001,1.4299999999999997,5.878103124999999
-0.605,1.4299999999999997,5.870880650312499
-0.56,1.4299999999999997,5.860576479999999
-0.5150000000000001,1.4299999999999997,5.846553650312498
-0.47,1.4299999999999997,5.8282244049999985
-0.42500000000000004,1.4299999999999997,5.805050195312498
-0.3800000000000001,1.4299999999999997,5.7765416799999985
-0.33499999999999996,1.4299999999999997,5.742258725312499
-0.29000000000000004,1.4299999999999997,5.701810404999998
-0.2450000000000001,1.4299999999999997,5.654855000312498
-0.20000000000000018,1.4299999999999997,5.601099999999999
-0.15500000000000003,1.4299999999999997,5.540302100312498
-0.1100000000000001,1.4299999999999997,5.472267204999999
-0.06500000000000017,1.4299999999999997,5.396850425312499
-0.020000000000000018,1.4299999999999997,5.313956079999999
0.02499999999999991,1.4299999999999997,5.223537695312499
0.06999999999999984,1.4299999999999997,5.125598004999999
0.11499999999999977,1.4299999999999997,5.020188950312499
0.16000000000000014,1.4299999999999997,4.907411679999998
0.20500000000000007,1.4299999999999997,4.787416550312498
0.25,1.4299999999999997,4.660403124999998
0.29499999999999993,1.4299999999999997,4.526620175312498
0.33999999999999986,1.4299999999999997,4.386365679999999
0.3849999999999998,1.4299999999999997,4.239986825312499
0.4299999999999997,1.4299999999999997,4.087880004999999
0.4750000000000001,1.4299999999999997,3.930490820312498
0.52,1.4299999999999997,3.7683140799999983
0.565,1.4299999999999997,3.6018938003124985
0.6099999999999999,1.4299999999999997,3.431823204999999
0.6549999999999998,1.4299999999999997,3.258744725312499
0.6999999999999997,1.4299999999999997,3.0833499999999994
0.7450000000000001,1.4299999999999997,2.906379875312498
0.79,1.4299999999999997,2.7286244049999984
0.835,1.4299999999999997,2.5509228503124985
0.8799999999999999,1.4299999999999997,2.374163679999999
0.9249999999999998,1.4299999999999997,2.1992845703124995
0.9699999999999998,1.4299999999999997,2.0272724049999997
1.0149999999999997,1.4299999999999997,1.8591632753125005
1.06,1.4299999999999997,1.6960424799999987
1.105,1.4299999999999997,1.539044525312499
1.15,1.4299999999999997,1.3893531249999995
1.1949999999999998,1.4299999999999997,1.2482012003124994
1.2399999999999998,1.4299999999999997,1.1168708800000005
1.2849999999999997,1.4299999999999997,0.9966935003125004
1.33,1.4299999999999997,0.889049604999999
1.375,1.4299999999999997,0.7953689453124992
1.42,1.4299999999999997,0.7171304799999998
1.4649999999999999,1.4299999999999997,0.6558623753125001
1.5099999999999998,1.4299999999999997,0.6131420049999989
1.5549999999999997,1.4299999999999997,0.5905959503124993
1.5999999999999996,1.4299999999999997,0.5899000000000001
1.645,1.4299999999999997,0.6127791503125009
1.69,1.4299999999999997,0.661007605
1.7349999999999999,1.4299999999999997,0.7364087753124986
1.7799999999999998,1.4299999999999997,0.8408552799999995
1.8249999999999997,1.4299999999999997,0.9762689453124995
1.8699999999999997,1.4299999999999997,1.144620804999998
1.915,1.4299999999999997,1.3479311003125005
1.96,1.4299999999999997,1.5882692800000004
2.005,1.4299999999999997,1.8677540003125
2.05,1.4299999999999997,2.1885531249999985
2.0949999999999998,1.4299999999999997,2.5528837253124976
2.1399999999999997,1.4299999999999997,2.963012079999997
2.1849999999999996,1.4299999999999997,3.4212536753124976
2.2299999999999995,1.4299999999999997,3.929973204999996
2.2749999999999995,1.4299999999999997,4.4915845703124955
2.3200000000000003,1.4299999999999997,5.108550880000005
2.365,1.4299999999999997,5.783384450312504
2.41,1.4299999999999997,6.518646805000005
2.455,1.4299999999999997,7.316948675312505
2.5,1.4299999999999997,8.180950000000001
-2.0,1.475,9.776875
-1.955,1.475,9.3378638003125
-1.91,1.475,8.937396805
-1.865,1.475,8.5733608253125
-1.82,1.475,8.243691880000002
-1.775,1.475,7.946375195312498
-1.73,1.475,7.679445205
-1.685,1.475,7.440985550312499
-1.6400000000000001,1.475,7.229129080000002
-1.595,1.475,7.042057850312498
-1.55,1.475,6.878003124999999
-1.505,1.475,6.735245375312498
-1.46,1.475,6.612114279999999
-1.415,1.475,6.506988725312499
-1.37,1.475,6.418296805
-1.3250000000000002,1.475,6.3445158203125
-1.28,1.475,6.284172280000002
-1.2349999999999999,1.475,6.2358419003125
-1.19,1.475,6.198149604999999
-1.145,1.475,6.1697695253125
-1.1,1.475,6.149425
-1.0550000000000002,1.475,6.135888575312499
-1.01,1.475,6.127982005
-0.9650000000000001,1.475,6.124576250312499
-0.9199999999999999,1.475,6.124591480000001
-0.875,1.475,6.1269970703125
-0.8300000000000001,1.475,6.130811605000001
-0.7850000000000001,1.475,6.1351028753125
-0.74,1.475,6.13898788
-0.6950000000000001,1.475,6.1416328253125005
-0.6500000000000001,1.475,6.142253125
-0.605,1.475,6.1401134003125
-0.56,1.475,6.134527480000001
-0.5150000000000001,1.475,6.1248584003125
-0.47,1.475,6.1105184050000005
-0.42500000000000004,1.475,6.0909689453125
-0.3800000000000001,1.475,6.06572068
-0.33499999999999996,1.475,6.034333475312501
-0.29000000000000004,1.475,5.996416405000001
-0.2450000000000001,1.475,5.9516277503125
-0.20000000000000018,1.475,5.899675
-0.15500000000000003,1.475,5.840314850312501
-0.1100000000000001,1.475,5.773353205000001
-0.06500000000000017,1.475,5.6986451753125005
-0.020000000000000018,1.475,5.61609508
0.02499999999999991,1.475,5.5256564453125
0.06999999999999984,1.475,5.427332005000001
0.11499999999999977,1.475,5.321173700312501
0.16000000000000014,1.475,5.2072826800000005
0.20500000000000007,1.475,5.0858093003125004
0.25,1.475,4.956953125
0.29499999999999993,1.475,4.8209629253125
0.33999999999999986,1.475,4.678136680000001
0.3849999999999998,1.475,4.528821575312501
0.4299999999999997,1.475,4.373414005000001
0.4750000000000001,1.475,4.2123595703125
0.52,1.475,4.04615308
0.565,1.475,3.8753385503125006
0.6099999999999999,1.475,3.700509205000001
0.6549999999999998,1.475,3.522307475312501
0.6999999999999997,1.475,3.3414250000000014
0.7450000000000001,1.475,3.1586026253124997
0.79,1.475,2.974630405
0.835,1.475,2.7903476003125003
0.8799999999999999,1.475,2.60664268
0.9249999999999998,1.475,2.4244533203125007
0.9699999999999998,1.475,2.2447664050000014
1.0149999999999997,1.475,2.0686180253125017
1.06,1.475,1.89709348
1.105,1.475,1.7313272753125002
1.15,1.475,1.5725031250000003
1.1949999999999998,1.475,1.4218539503125003
1.2399999999999998,1.475,1.2806618800000011
1.2849999999999997,1.475,1.1502582503125005
1.33,1.475,1.032023605
1.375,1.475,0.9273876953124995
1.42,1.475,0.8378294799999999
1.4649999999999999,1.475,0.7648771253125006
1.5099999999999998,1.475,0.7101080049999995
1.5549999999999997,1.475,0.6751487003124996
1.5999999999999996,1.475,0.6616749999999998
1.645,1.475,0.671411900312501
1.69,1.475,0.7061336049999998
1.7349999999999999,1.475,0.7676635253124999
1.7799999999999998,1.475,0.857874279999999
1.8249999999999997,1.475,0.978687695312499
1.8699999999999997,1.475,1.1320748049999985
1.915,1.475,1.3200558503124995
1.96,1.475,1.544700279999999
2.005,1.475,1.8081267503124998
2.05,1.475,2.1125031249999964
2.0949999999999998,1.475,2.460046475312497
2.1399999999999997,1.475,2.8530230799999963
2.1849999999999996,1.475,3.2937484253124953
2.2299999999999995,1.475,3.784587204999994
2.2749999999999995,1.475,4.327953320312494
2.3200000000000003,1.475,4.926309880000003
2.365,1.475,5.582169200312503
2.41,1.475,6.298092805000003
2.455,1.475,7.0766914253125
2.5,1.475,7.920625000000001
-2.0,1.52,9.731200000000001
-1.955,1.52,9.308206550312498
-1.91,1.52,8.923392805000002
-1.865,1.52,8.574645575312502
-1.82,1.52,8.25990088
-1.775,1.52,7.977143945312499
-1.73,1.52,7.724409205
-1.685,1.52,7.4997803003125005
-1.6400000000000001,1.52,7.301390080000002
-1.595,1.52,7.127420600312498
-1.55,1.52,6.976103124999999
-1.505,1.52,6.8457181253125
-1.46,1.52,6.734595280000001
-1.415,1.52,6.6411134753125
-1.37,1.52,6.563700805
-1.3250000000000002,1.52,6.500834570312501
-1.28,1.52,6.451041280000001
-1.2349999999999999,1.52,6.412896650312501
-1.19,1.52,6.385025605000001
-1.145,1.52,6.3661022753125
-1.1,1.52,6.35485
-1.0550000000000002,1.52,6.3500413253125
-1.01,1.52,6.350498004999999
-0.9650000000000001,1.52,6.3550910003125
-0.9199999999999999,1.52,6.36274048
-0.875,1.52,6.372415820312501
-0.8300000000000001,1.52,6.3831356050000005
-0.7850000000000001,1.52,6.3939676253125
-0.74,1.52,6.40402888
-0.6950000000000001,1.52,6.4124855753125
-0.6500000000000001,1.52,6.418553125
-0.605,1.52,6.4214961503125
-0.56,1.52,6.42062848
-0.5150000000000001,1.52,6.4153131503125
-0.47,1.52,6.404962405
-0.42500000000000004,1.52,6.3890376953125
-0.3800000000000001,1.52,6.36704968
-0.33499999999999996,1.52,6.3385582253125
-0.29000000000000004,1.52,6.303172405
-0.2450000000000001,1.52,6.2605505003125
-0.20000000000000018,1.52,6.2104
-0.15500000000000003,1.52,6.1524776003124995
-0.1100000000000001,1.52,6.086589205
-0.06500000000000017,1.52,6.012589925312501
-0.020000000000000018,1.52,5.93038408
0.02499999999999991,1.52,5.8399251953125
0.06999999999999984,1.52,5.741216005
0.11499999999999977,1.52,5.634308450312501
0.16000000000000014,1.52,5.51930368
0.20500000000000007,1.52,5.396352050312499
0.25,1.52,5.265653125
0.29499999999999993,1.52,5.1274556753125005
0.33999999999999986,1.52,4.9820576800000005
0.3849999999999998,1.52,4.829806325312501
0.4299999999999997,1.52,4.671098005000001
0.4750000000000001,1.52,4.5063783203125
0.52,1.52,4.33614208
0.565,1.52,4.1609333003125
0.6099999999999999,1.52,3.9813452050000007
0.6549999999999998,1.52,3.798020225312501
0.6999999999999997,1.52,3.6116500000000014
0.7450000000000001,1.52,3.4229753753124994
0.79,1.52,3.2327864049999997
0.835,1.52,3.0419223503125
0.8799999999999999,1.52,2.85127168
0.9249999999999998,1.52,2.6617720703125007
0.9699999999999998,1.52,2.4744104050000013
1.0149999999999997,1.52,2.2902227753125017
1.06,1.52,2.1102944799999994
1.105,1.52,1.9357600253124998
1.15,1.52,1.7678031250000004
1.1949999999999998,1.52,1.6076567003125
1.2399999999999998,1.52,1.4566028800000006
1.2849999999999997,1.52,1.3159730003125003
1.33,1.52,1.1871476049999998
1.375,1.52,1.0715564453124995
1.42,1.52,0.9706784799999997
1.4649999999999999,1.52,0.8860418753125012
1.5099999999999998,1.52,0.8192240049999997
1.5549999999999997,1.52,0.7718514503125005
1.5999999999999996,1.52,0.7456000000000005
1.645,1.52,0.7421946503124994
1.69,1.52,0.7634096050000014
1.7349999999999999,1.52,0.8110682753124996
1.7799999999999998,1.52,0.8870432800000003
1.8249999999999997,1.52,0.9932564453124986
1.8699999999999997,1.52,1.131678804999999
1.915,1.52,1.3043306003124995
1.96,1.52,1.5132812799999984
2.005,1.52,1.760649500312499
2.05,1.52,2.048603124999997
2.0949999999999998,1.52,2.3793592253124958
2.1399999999999997,1.52,2.7551840799999967
2.1849999999999996,1.52,3.178393175312496
2.2299999999999995,1.52,3.6513512049999948
2.2749999999999995,1.52,4.176472070312493
2.3200000000000003,1.52,4.756218880000003
2.365,1.52,5.393103950312505
2.41,1.52,6.089688805000006
2.455,1.52,6.848584175312504
2.5,1.52,7.672449999999999
-2.0,1.565,9.697675
-1.955,1.565,9.2906993003125
-1.91,1.565,8.921538805
-1.865,1.565,8.5880803253125
-1.82,1.565,8.288259880000002
-1.775,1.565,8.0200626953125
-1.73,1.565,7.781523204999998
-1.685,1.565,7.570725050312501
-1.6400000000000001,1.565,7.385801079999999
-1.595,1.565,7.224933350312499
-1.55,1.565,7.086353124999998
-1.505,1.565,6.9683408753125
-1.46,1.565,6.8692262799999995
-1.415,1.565,6.787388225312501
-1.37,1.565,6.721254805
-1.3250000000000002,1.565,6.6693033203125
-1.28,1.565,6.630060280000001
-1.2349999999999999,1.565,6.602101400312501
-1.19,1.565,6.584051605
-1.145,1.565,6.5745850253124996
-1.1,1.565,6.572424999999999
-1.0550000000000002,1.565,6.5763440753125
-1.01,1.565,6.585164004999999
-0.9650000000000001,1.565,6.5977557503124995
-0.9199999999999999,1.565,6.613039480000001
-0.875,1.565,6.629984570312499
-0.8300000000000001,1.565,6.6476096049999995
-0.7850000000000001,1.565,6.6649823753124995
-0.74,1.565,6.6812198799999996
-0.6950000000000001,1.565,6.6954883253125
-0.6500000000000001,1.565,6.707003125
-0.605,1.565,6.715028900312499
-0.56,1.565,6.71887948
-0.5150000000000001,1.565,6.717917900312499
-0.47,1.565,6.711556405
-0.42500000000000004,1.565,6.6992564453125
-0.3800000000000001,1.565,6.680528679999999
-0.33499999999999996,1.565,6.6549329753125
-0.29000000000000004,1.565,6.622078405
-0.2450000000000001,1.565,6.581623250312499
-0.20000000000000018,1.565,6.533275
-0.15500000000000003,1.565,6.476790350312499
-0.1100000000000001,1.565,6.411975204999999
-0.06500000000000017,1.565,6.3386846753125
-0.020000000000000018,1.565,6.256823079999999
0.02499999999999991,1.565,6.1663439453125
0.06999999999999984,1.565,6.067250005
0.11499999999999977,1.565,5.9595932003125
0.16000000000000014,1.565,5.843474679999999
0.20500000000000007,1.565,5.719044800312499
0.25,1.565,5.586503124999999
0.29499999999999993,1.565,5.4460984253125
0.33999999999999986,1.565,5.29812868
0.3849999999999998,1.565,5.1429410753125
0.4299999999999997,1.565,4.9809320050000006
0.4750000000000001,1.565,4.812547070312499
0.52,1.565,4.63828108
0.565,1.565,4.4586780503125
0.6099999999999999,1.565,4.274331205
0.6549999999999998,1.565,4.0858829753125
0.6999999999999997,1.565,3.894025000000001
0.7450000000000001,1.565,3.6994981253124988
0.79,1.565,3.5030924049999994
0.835,1.565,3.3056471003124996
0.8799999999999999,1.565,3.10805068
0.9249999999999998,1.565,2.911240820312501
0.9699999999999998,1.565,2.716204405000001
1.0149999999999997,1.565,2.523977525312501
1.06,1.565,2.3356454799999993
1.105,1.565,2.1523427753124995
1.15,1.565,1.975253125
1.1949999999999998,1.565,1.8056094503124998
1.2399999999999998,1.565,1.6446938800000006
1.2849999999999997,1.565,1.4938377503125007
1.33,1.565,1.3544216049999998
1.375,1.565,1.2278751953125
1.42,1.565,1.11567748
1.4649999999999999,1.565,1.0193566253125006
1.5099999999999998,1.565,0.9404900049999991
1.5549999999999997,1.565,0.8807042003124996
1.5999999999999996,1.565,0.8416750000000013
1.645,1.565,0.8251274003124998
1.69,1.565,0.8328356050000005
1.7349999999999999,1.565,0.8666230253124994
1.7799999999999998,1.565,0.9283622800000009
1.8249999999999997,1.565,1.0199751953125
1.8699999999999997,1.565,1.143432804999998
1.915,1.565,1.3007553503125004
1.96,1.565,1.4940122800000006
2.005,1.565,1.7253222503125007
2.05,1.565,1.996853124999995
2.0949999999999998,1.565,2.3108219753124972
2.1399999999999997,1.565,2.669495079999998
2.1849999999999996,1.565,3.0751879253124974
2.2299999999999995,1.565,3.5302652049999947
2.2749999999999995,1.565,4.037140820312495
2.3200000000000003,1.565,4.598277880000004
2.365,1.565,5.216188700312503
2.41,1.565,5.8934348050000045
2.455,1.565,6.632626925312503
2.5,1.565,7.436424999999999
-2.0,1.6099999999999999,9.6763
-1.955,1.6099999999999999,9.285342050312499
-1.91,1.6099999999999999,8.931834805
-1.865,1.6099999999999999,8.613665075312499
-1.82,1.6099999999999999,8.328768880000002
-1.775,1.6099999999999999,8.0751314453125
-1.73,1.6099999999999999,7.850787204999998
-1.685,1.6099999999999999,7.653819800312499
-1.6400000000000001,1.6099999999999999,7.48236208
-1.595,1.6099999999999999,7.334596100312499
-1.55,1.6099999999999999,7.208753124999998
-1.505,1.6099999999999999,7.103113625312499
-1.46,1.6099999999999999,7.016007279999999
-1.415,1.6099999999999999,6.945812975312499
-1.37,1.6099999999999999,6.890958804999999
-1.3250000000000002,1.6099999999999999,6.849922070312499
-1.28,1.6099999999999999,6.82122928
-1.2349999999999999,1.6099999999999999,6.803456150312499
-1.19,1.6099999999999999,6.795227604999999
-1.145,1.6099999999999999,6.795217775312498
-1.1,1.6099999999999999,6.802149999999998
-1.0550000000000002,1.6099999999999999,6.814796825312499
-1.01,1.6099999999999999,6.831980004999997
-0.9650000000000001,1.6099999999999999,6.852570500312498
-0.9199999999999999,1.6099999999999999,6.87548848
-0.875,1.6099999999999999,6.899703320312499
-0.8300000000000001,1.6099999999999999,6.9242336049999995
-0.7850000000000001,1.6099999999999999,6.948147125312499
-0.74,1.6099999999999999,6.970560879999999
-0.6950000000000001,1.6099999999999999,6.990641075312499
-0.6500000000000001,1.6099999999999999,7.007603124999999
-0.605,1.6099999999999999,7.020711650312499
-0.56,1.6099999999999999,7.029280479999999
-0.5150000000000001,1.6099999999999999,7.032672650312499
-0.47,1.6099999999999999,7.030300404999998
-0.42500000000000004,1.6099999999999999,7.021625195312499
-0.3800000000000001,1.6099999999999999,7.006157679999999
-0.33499999999999996,1.6099999999999999,6.983457725312499
-0.29000000000000004,1.6099999999999999,6.953134404999999
-0.2450000000000001,1.6099999999999999,6.914846000312499
-0.20000000000000018,1.6099999999999999,6.868299999999999
-0.15500000000000003,1.6099999999999999,6.813253100312499
-0.1100000000000001,1.6099999999999999,6.749511204999999
-0.06500000000000017,1.6099999999999999,6.676929425312499
-0.020000000000000018,1.6099999999999999,6.595412079999999
0.02499999999999991,1.6099999999999999,6.504912695312499
0.06999999999999984,1.6099999999999999,6.405434004999999
0.11499999999999977,1.6099999999999999,6.297027950312499
0.16000000000000014,1.6099999999999999,6.179795679999998
0.20500000000000007,1.6099999999999999,6.053887550312498
0.25,1.6099999999999999,5.9195031249999985
0.29499999999999993,1.6099999999999999,5.776891175312499
0.33999999999999986,1.6099999999999999,5.62634968
0.3849999999999998,1.6099999999999999,5.4682258253125
0.4299999999999997,1.6099999999999999,5.302916005
0.4750000000000001,1.6099999999999999,5.130865820312499
0.52,1.6099999999999999,4.952570079999998
0.565,1.6099999999999999,4.768572800312499
0.6099999999999999,1.6099999999999999,4.579467204999999
0.6549999999999998,1.6099999999999999,4.3858957253124995
0.6999999999999997,1.6099999999999999,4.18855
0.7450000000000001,1.6099999999999999,3.9881708753124983
0.79,1.6099999999999999,3.7855484049999983
0.835,1.6099999999999999,3.581521850312499
0.8799999999999999,1.6099999999999999,3.376979679999999
0.9249999999999998,1.6099999999999999,3.1728595703124998
0.9699999999999998,1.6099999999999999,2.970148405
1.0149999999999997,1.6099999999999999,2.7698822753125008
1.06,1.6099999999999999,2.573146479999999
1.105,1.6099999999999999,2.381075525312499
1.15,1.6099999999999999,2.1948531249999994
1.1949999999999998,1.6099999999999999,2.0157122003124996
1.2399999999999998,1.6099999999999999,1.8449348799999994
1.2849999999999997,1.6099999999999999,1.6838525003124998
1.33,1.6099999999999999,1.533845604999999
1.375,1.6099999999999999,1.3963439453124993
1.42,1.6099999999999999,1.272826479999999
1.4649999999999999,1.6099999999999999,1.1648213753124992
1.5099999999999998,1.6099999999999999,1.0739060049999996
1.5549999999999997,1.6099999999999999,1.0017069503124993
1.5999999999999996,1.6099999999999999,0.9499000000000013
1.645,1.6099999999999999,0.9202101503125002
1.69,1.6099999999999999,0.9144116049999997
1.7349999999999999,1.6099999999999999,0.9343277753124992
1.7799999999999998,1.6099999999999999,0.9818312799999989
1.8249999999999997,1.6099999999999999,1.0588439453124998
1.8699999999999997,1.6099999999999999,1.1673368049999988
1.915,1.6099999999999999,1.3093301003124997
1.96,1.6099999999999999,1.4868932800000003
2.005,1.6099999999999999,1.7021450003125
2.05,1.6099999999999999,1.9572531249999958
2.0949999999999998,1.6099999999999999,2.254434725312498
2.1399999999999997,1.6099999999999999,2.595956079999997
2.1849999999999996,1.6099999999999999,2.9841326753124946
2.2299999999999995,1.6099999999999999,3.4213292049999957
2.2749999999999995,1.6099999999999999,3.9099595703124947
2.3200000000000003,1.6099999999999999,4.452486880000004
2.365,1.6099999999999999,5.0514234503125035
2.41,1.6099999999999999,5.709330805000002
2.455,1.6099999999999999,6.428819675312505
2.5,1.6099999999999999,7.2125499999999985
-2.0,1.6549999999999998,9.667075
-1.955,1.6549999999999998,9.2921348003125
-1.91,1.6549999999999998,8.954280805
-1.865,1.6549999999999998,8.651399825312499
-1.82,1.6549999999999998,8.38142788
-1.775,1.6549999999999998,8.142350195312499
-1.73,1.6549999999999998,7.932201204999999
-1.685,1.6549999999999998,7.749064550312499
-1.6400000000000001,1.6549999999999998,7.59107308
-1.595,1.6549999999999998,7.456408850312498
-1.55,1.6549999999999998,7.343303124999998
-1.505,1.6549999999999998,7.250036375312499
-1.46,1.6549999999999998,7.174938279999999
-1.415,1.6549999999999998,7.1163877253125
-1.37,1.6549999999999998,7.072812804999999
-1.3250000000000002,1.6549999999999998,7.042690820312499
-1.28,1.6549999999999998,7.024548279999999
-1.2349999999999999,1.6549999999999998,7.016960900312499
-1.19,1.6549999999999998,7.018553604999999
-1.145,1.6549999999999998,7.028000525312498
-1.1,1.6549999999999998,7.044024999999998
-1.0550000000000002,1.6549999999999998,7.065399575312499
-1.01,1.6549999999999998,7.0909460049999975
-0.9650000000000001,1.6549999999999998,7.119535250312499
-0.9199999999999999,1.6549999999999998,7.15008748
-0.875,1.6549999999999998,7.181572070312498
-0.8300000000000001,1.6549999999999998,7.213007604999999
-0.7850000000000001,1.6549999999999998,7.243461875312498
-0.74,1.6549999999999998,7.272051879999999
-0.6950000000000001,1.6549999999999998,7.297943825312498
-0.6500000000000001,1.6549999999999998,7.320353124999999
-0.605,1.6549999999999998,7.338544400312498
-0.56,1.6549999999999998,7.351831479999999
-0.5150000000000001,1.6549999999999998,7.3595774003124985
-0.47,1.6549999999999998,7.361194404999998
-0.42500000000000004,1.6549999999999998,7.356143945312499
-0.3800000000000001,1.6549999999999998,7.343936679999999
-0.33499999999999996,1.6549999999999998,7.324132475312499
-0.29000000000000004,1.6549999999999998,7.296340404999999
-0.2450000000000001,1.6549999999999998,7.260218750312498
-0.20000000000000018,1.6549999999999998,7.215474999999999
-0.15500000000000003,1.6549999999999998,7.161865850312498
-0.1100000000000001,1.6549999999999998,7.0991972049999985
-0.06500000000000017,1.6549999999999998,7.027324175312499
-0.020000000000000018,1.6549999999999998,6.946151079999998
0.02499999999999991,1.6549999999999998,6.855631445312499
0.06999999999999984,1.6549999999999998,6.755768004999999
0.11499999999999977,1.6549999999999998,6.646612700312499
0.16000000000000014,1.6549999999999998,6.528266679999998
0.20500000000000007,1.6549999999999998,6.400880300312498
0.25,1.6549999999999998,6.264653124999999
0.29499999999999993,1.6549999999999998,6.1198339253124985
0.33999999999999986,1.6549999999999998,5.966720679999999
0.3849999999999998,1.6549999999999998,5.8056605753124995
0.4299999999999997,1.6549999999999998,5.637050005
0.4750000000000001,1.6549999999999998,5.4613345703124985
0.52,1.6549999999999998,5.279009079999998
0.565,1.6549999999999998,5.090617550312499
0.6099999999999999,1.6549999999999998,4.8967532049999996
0.6549999999999998,1.6549999999999998,4.698058475312499
0.6999999999999997,1.6549999999999998,4.495225
0.7450000000000001,1.6549999999999998,4.288993625312498
0.79,1.6549999999999998,4.080154404999998
0.835,1.6549999999999998,3.869546600312499
0.8799999999999999,1.6549999999999998,3.658058679999999
0.9249999999999998,1.6549999999999998,3.4466283203124997
0.9699999999999998,1.6549999999999998,3.2362424049999996
1.0149999999999997,1.6549999999999998,3.0279370253125006
1.06,1.6549999999999998,2.8227974799999984
1.105,1.6549999999999998,2.6219582753124993
1.15,1.6549999999999998,2.4266031249999997
1.1949999999999998,1.6549999999999998,2.2379649503124996
1.2399999999999998,1.6549999999999998,2.05732588
1.2849999999999997,1.6549999999999998,1.8860172503125
1.33,1.6549999999999998,1.725419604999999
1.375,1.6549999999999998,1.5769626953124996
1.42,1.6549999999999998,1.4421254799999987
1.4649999999999999,1.6549999999999998,1.3224361253125005
1.5099999999999998,1.6549999999999998,1.2194720049999992
1.5549999999999997,1.6549999999999998,1.1348597003124992
1.5999999999999996,1.6549999999999998,1.0702750000000014
1.645,1.6549999999999998,1.0274429003125007
1.69,1.6549999999999998,1.0081376050000008
1.7349999999999999,1.6549999999999998,1.0141825253124992
1.7799999999999998,1.6549999999999998,1.0474502800000005
1.8249999999999997,1.6549999999999998,1.1098626953124997
1.8699999999999997,1.6549999999999998,1.2033908049999997
1.915,1.6549999999999998,1.330054850312501
1.96,1.6549999999999998,1.49192428
2.005,1.6549999999999998,1.6911177503124994
2.05,1.6549999999999998,1.9298031249999967
2.0949999999999998,1.6549999999999998,2.2101974753124987
2.1399999999999997,1.6549999999999998,2.5345670799999978
2.1849999999999996,1.6549999999999998,2.9052274253124972
2.2299999999999995,1.6549999999999998,3.324543204999997
2.2749999999999995,1.6549999999999998,3.7949283203124944
2.3200000000000003,1.6549999999999998,4.318845880000004
2.365,1.6549999999999998,4.898808200312501
2.41,1.6549999999999998,5.537376805000007
2.455,1.6549999999999998,6.237162425312504
2.5,1.6549999999999998,7.000825000000002
-2.0,1.6999999999999997,9.670000000000002
-1.955,1.6999999999999997,9.311077550312497
-1.91,1.6999999999999997,8.988876805
-1.865,1.6999999999999997,8.701284575312503
-1.82,1.6999999999999997,8.44623688
-1.775,1.6999999999999997,8.2217189453125
-1.73,1.6999999999999997,8.025765204999999
-1.685,1.6999999999999997,7.8564593003125
-1.6400000000000001,1.6999999999999997,7.711934079999998
-1.595,1.6999999999999997,7.590371600312499
-1.55,1.6999999999999997,7.490003124999997
-1.505,1.6999999999999997,7.4091091253125
-1.46,1.6999999999999997,7.346019279999998
-1.415,1.6999999999999997,7.2991124753125
-1.37,1.6999999999999997,7.266816804999999
-1.3250000000000002,1.6999999999999997,7.247609570312498
-1.28,1.6999999999999997,7.24001728
-1.2349999999999999,1.6999999999999997,7.242615650312499
-1.19,1.6999999999999997,7.254029604999999
-1.145,1.6999999999999997,7.272933275312498
-1.1,1.6999999999999997,7.298049999999998
-1.0550000000000002,1.6999999999999997,7.328152325312498
-1.01,1.6999999999999997,7.362062004999998
-0.9650000000000001,1.6999999999999997,7.3986500003124975
-0.9199999999999999,1.6999999999999997,7.436836479999998
-0.875,1.6999999999999997,7.475590820312498
-0.8300000000000001,1.6999999999999997,7.513931604999998
-0.7850000000000001,1.6999999999999997,7.550926625312498
-0.74,1.6999999999999997,7.585692879999999
-0.6950000000000001,1.6999999999999997,7.617396575312498
-0.6500000000000001,1.6999999999999997,7.645253124999998
-0.605,1.6999999999999997,7.6685271503124985
-0.56,1.6999999999999997,7.686532479999999
-0.5150000000000001,1.6999999999999997,7.698632150312498
-0.47,1.6999999999999997,7.704238404999998
-0.42500000000000004,1.6999999999999997,7.702812695312499
-0.3800000000000001,1.6999999999999997,7.693865679999998
-0.33499999999999996,1.6999999999999997,7.676957225312498
-0.29000000000000004,1.6999999999999997,7.651696404999998
-0.2450000000000001,1.6999999999999997,7.617741500312498
-0.20000000000000018,1.6999999999999997,7.574799999999998
-0.15500000000000003,1.6999999999999997,7.522628600312498
-0.1100000000000001,1.6999999999999997,7.461033204999998
-0.06500000000000017,1.6999999999999997,7.3898689253124985
-0.020000000000000018,1.6999999999999997,7.309040079999998
0.02499999999999991,1.6999999999999997,7.218500195312498
0.06999999999999984,1.6999999999999997,7.118252004999999
0.11499999999999977,1.6999999999999997,7.008347450312499
0.16000000000000014,1.6999999999999997,6.888887679999998
0.20500000000000007,1.6999999999999997,6.760023050312498
0.25,1.6999999999999997,6.621953124999998
0.29499999999999993,1.6999999999999997,6.474926675312498
0.33999999999999986,1.6999999999999997,6.319241679999998
0.3849999999999998,1.6999999999999997,6.155245325312499
0.4299999999999997,1.6999999999999997,5.983334005
0.4750000000000001,1.6999999999999997,5.803953320312498
0.52,1.6999999999999997,5.617598079999998
0.565,1.6999999999999997,5.424812300312499
0.6099999999999999,1.6999999999999997,5.226189204999999
0.6549999999999998,1.6999999999999997,5.022371225312499
0.6999999999999997,1.6999999999999997,4.81405
0.7450000000000001,1.6999999999999997,4.6019663753124975
0.79,1.6999999999999997,4.386910404999998
0.835,1.6999999999999997,4.169721350312498
0.8799999999999999,1.6999999999999997,3.9512876799999987
0.9249999999999998,1.6999999999999997,3.7325470703124997
0.9699999999999998,1.6999999999999997,3.5144864049999995
1.0149999999999997,1.6999999999999997,3.2981417753125006
1.06,1.6999999999999997,3.084598479999998
1.105,1.6999999999999997,2.874991025312499
1.15,1.6999999999999997,2.6705031249999993
1.1949999999999998,1.6999999999999997,2.4723677003124997
1.2399999999999998,1.6999999999999997,2.2818668800000004
1.2849999999999997,1.6999999999999997,2.1003320003125
1.33,1.6999999999999997,1.9291436049999993
1.375,1.6999999999999997,1.769731445312499
1.42,1.6999999999999997,1.6235744799999985
1.4649999999999999,1.6999999999999997,1.4922008753124993
1.5099999999999998,1.6999999999999997,1.377188004999999
1.5549999999999997,1.6999999999999997,1.280162450312499
1.5999999999999996,1.6999999999999997,1.2028000000000008
1.645,1.6999999999999997,1.1468256503124996
1.69,1.6999999999999997,1.1140136049999994
1.7349999999999999,1.6999999999999997,1.1061872753124993
1.7799999999999998,1.6999999999999997,1.1252192800000005
1.8249999999999997,1.6999999999999997,1.1730314453124997
1.8699999999999997,1.6999999999999997,1.251594804999999
1.915,1.6999999999999997,1.3629296003125004
1.96,1.6999999999999997,1.509105279999999
2.005,1.6999999999999997,1.6922405003124998
2.05,1.6999999999999997,1.9145031249999969
2.0949999999999998,1.6999999999999997,2.178110225312497
2.1399999999999997,1.6999999999999997,2.4853280799999977
2.1849999999999996,1.6999999999999997,2.8384721753124955
2.2299999999999995,1.6999999999999997,3.2399072049999953
2.2749999999999995,1.6999999999999997,3.692047070312497
2.3200000000000003,1.6999999999999997,4.197354880000003
2.365,1.6999999999999997,4.758342950312504
2.41,1.6999999999999997,5.377572805000008
2.455,1.6999999999999997,6.057655175312505
2.5,1.6999999999999997,6.8012500000000005
-2.0,1.745,9.685075000000001
-1.955,1.745,9.3421703003125
-1.91,1.745,9.035622805000003
-1.865,1.745,8.763319325312501
-1.82,1.745,8.523195880000003
-1.775,1.745,8.313237695312498
-1.73,1.745,8.131479204999998
-1.685,1.745,7.9760040503125
-1.6400000000000001,1.745,7.844945080000001
-1.595,1.745,7.736484350312501
-1.55,1.745,7.648853125
-1.505,1.745,7.580331875312501
-1.46,1.745,7.529250280000001
-1.415,1.745,7.493987225312501
-1.37,1.745,7.472970805
-1.3250000000000002,1.745,7.464678320312501
-1.28,1.745,7.467636280000002
-1.2349999999999999,1.745,7.480420400312501
-1.19,1.745,7.501655605000002
-1.145,1.745,7.5300160253125
-1.1,1.745,7.564225
-1.0550000000000002,1.745,7.603055075312501
-1.01,1.745,7.645328005
-0.9650000000000001,1.745,7.6899147503125
-0.9199999999999999,1.745,7.7357354800000016
-0.875,1.745,7.7817595703125
-0.8300000000000001,1.745,7.827005605
-0.7850000000000001,1.745,7.8705413753125
-0.74,1.745,7.9114838800000005
-0.6950000000000001,1.745,7.948999325312501
-0.6500000000000001,1.745,7.9823031250000005
-0.605,1.745,8.0106599003125
-0.56,1.745,8.033383480000001
-0.5150000000000001,1.745,8.049836900312501
-0.47,1.745,8.059432405
-0.42500000000000004,1.745,8.0616314453125
-0.3800000000000001,1.745,8.055944680000001
-0.33499999999999996,1.745,8.041931975312501
-0.29000000000000004,1.745,8.019202405000001
-0.2450000000000001,1.745,7.987414250312501
-0.20000000000000018,1.745,7.946275000000001
-0.15500000000000003,1.745,7.8955413503125005
-0.1100000000000001,1.745,7.835019205000001
-0.06500000000000017,1.745,7.764563675312501
-0.020000000000000018,1.745,7.684079080000001
0.02499999999999991,1.745,7.593518945312501
0.06999999999999984,1.745,7.492886005000001
0.11499999999999977,1.745,7.382232200312501
0.16000000000000014,1.745,7.261658680000001
0.20500000000000007,1.745,7.131315800312501
0.25,1.745,6.991403125000001
0.29499999999999993,1.745,6.842169425312501
0.33999999999999986,1.745,6.6839126800000015
0.3849999999999998,1.745,6.516980075312501
0.4299999999999997,1.745,6.341768005000002
0.4750000000000001,1.745,6.158722070312501
0.52,1.745,5.96833708
0.565,1.745,5.771157050312501
0.6099999999999999,1.745,5.567775205000001
0.6549999999999998,1.745,5.358833975312502
0.6999999999999997,1.745,5.145025000000002
0.7450000000000001,1.745,4.9270891253125
0.79,1.745,4.705816405
0.835,1.745,4.482046100312501
0.8799999999999999,1.745,4.256666680000001
0.9249999999999998,1.745,4.0306158203125015
0.9699999999999998,1.745,3.804880405000002
1.0149999999999997,1.745,3.5804965253125025
1.06,1.745,3.35854948
1.105,1.745,3.1401737753125003
1.15,1.745,2.9265531250000008
1.1949999999999998,1.745,2.7189204503125013
1.2399999999999998,1.745,2.5185578800000017
1.2849999999999997,1.745,2.3267967503125013
1.33,1.745,2.1450176050000005
1.375,1.745,1.9746501953125
1.42,1.745,1.8171734800000001
1.4649999999999999,1.745,1.6741156253125018
1.5099999999999998,1.745,1.5470540050000006
1.5549999999999997,1.745,1.437615200312501
1.5999999999999996,1.745,1.347475000000001
1.645,1.745,1.2783584003125013
1.69,1.745,1.2320396050000006
1.7349999999999999,1.745,1.2103420253125003
1.7799999999999998,1.745,1.2151382800000015
1.8249999999999997,1.745,1.2483501953125007
1.8699999999999997,1.745,1.3119488049999992
1.915,1.745,1.4079543503125
1.96,1.745,1.53843628
2.005,1.745,1.7055132503124986
2.05,1.745,1.911353124999997
2.0949999999999998,1.745,2.158172975312497
2.1399999999999997,1.745,2.4482390799999996
2.1849999999999996,1.745,2.7838669253124975
2.2299999999999995,1.745,3.167421204999994
2.2749999999999995,1.745,3.6013158203124958
2.3200000000000003,1.745,4.0880138800000045
2.365,1.745,4.630027700312502
2.41,1.745,5.229918805000003
2.455,1.745,5.890297925312505
2.5,1.745,6.613825000000001
-2.0,1.79,9.712299999999999
-1.955,1.79,9.3854130503125
-1.91,1.79,9.094518805
-1.865,1.79,8.837504075312502
-1.82,1.79,8.61230488
-1.775,1.79,8.416906445312499
-1.73,1.79,8.249343204999999
-1.685,1.79,8.107698800312498
-1.6400000000000001,1.79,7.990106080000001
-1.595,1.79,7.894747100312498
-1.55,1.79,7.819853124999999
-1.505,1.79,7.7637046253125
-1.46,1.79,7.7246312800000005
-1.415,1.79,7.7010119753124995
-1.37,1.79,7.691274805
-1.3250000000000002,1.79,7.6938970703125
-1.28,1.79,7.707405280000001
-1.2349999999999999,1.79,7.730375150312501
-1.19,1.79,7.761431605000001
-1.145,1.79,7.799248775312499
-1.1,1.79,7.84255
-1.0550000000000002,1.79,7.8901078253125
-1.01,1.79,7.940744004999999
-0.9650000000000001,1.79,7.9933295003125
-0.9199999999999999,1.79,8.046784480000001
-0.875,1.79,8.1000783203125
-0.8300000000000001,1.79,8.152229605
-0.7850000000000001,1.79,8.2023061253125
-0.74,1.79,8.24942488
-0.6950000000000001,1.79,8.2927520753125
-0.6500000000000001,1.79,8.331503125
-0.605,1.79,8.3649426503125
-0.56,1.79,8.39238448
-0.5150000000000001,1.79,8.4131916503125
-0.47,1.79,8.426776405
-0.42500000000000004,1.79,8.4326001953125
-0.3800000000000001,1.79,8.43017368
-0.33499999999999996,1.79,8.419056725312501
-0.29000000000000004,1.79,8.398858405
-0.2450000000000001,1.79,8.3692370003125
-0.20000000000000018,1.79,8.3299
-0.15500000000000003,1.79,8.2806041003125
-0.1100000000000001,1.79,8.221155205
-0.06500000000000017,1.79,8.1514084253125
-0.020000000000000018,1.79,8.07126808
0.02499999999999991,1.79,7.9806876953125006
0.06999999999999984,1.79,7.879670005
0.11499999999999977,1.79,7.7682669503125
0.16000000000000014,1.79,7.646579679999999
0.20500000000000007,1.79,7.5147585503125
0.25,1.79,7.373003125
0.29499999999999993,1.79,7.2215621753125
0.33999999999999986,1.79,7.06073368
0.3849999999999998,1.79,6.890864825312501
0.4299999999999997,1.79,6.712352005000001
0.4750000000000001,1.79,6.5256408203125
0.52,1.79,6.3312260799999995
0.565,1.79,6.1296518003125
0.6099999999999999,1.79,5.921511205000001
0.6549999999999998,1.79,5.707446725312501
0.6999999999999997,1.79,5.488150000000001
0.7450000000000001,1.79,5.264361875312499
0.79,1.79,5.036872405
0.835,1.79,4.8065208503125
0.8799999999999999,1.79,4.574195680000001
0.9249999999999998,1.79,4.3408345703125
0.9699999999999998,1.79,4.1074244050000015
1.0149999999999997,1.79,3.875001275312502
1.06,1.79,3.6446504799999992
1.105,1.79,3.4175065253124997
1.15,1.79,3.194753125
1.1949999999999998,1.79,2.9776232003125007
1.2399999999999998,1.79,2.767398880000001
1.2849999999999997,1.79,2.565411500312501
1.33,1.79,2.373041604999999
1.375,1.79,2.1917189453125
1.42,1.79,2.022922479999999
1.4649999999999999,1.79,1.8681803753125008
1.5099999999999998,1.79,1.7290700049999996
1.5549999999999997,1.79,1.6072179503125001
1.5999999999999996,1.79,1.5043000000000006
1.645,1.79,1.4220411503124994
1.69,1.79,1.3622156050000012
1.7349999999999999,1.79,1.3266467753124997
1.7799999999999998,1.79,1.3172072799999999
1.8249999999999997,1.79,1.3358189453125
1.8699999999999997,1.79,1.3844528049999996
1.915,1.79,1.4651291003124998
1.96,1.79,1.579917280000001
2.005,1.79,1.7309360003124992
2.05,1.79,1.9203531249999974
2.0949999999999998,1.79,2.150385725312497
2.1399999999999997,1.79,2.423300079999996
2.1849999999999996,1.79,2.741411675312496
2.2299999999999995,1.79,3.107085204999996
2.2749999999999995,1.79,3.5227345703124966
2.3200000000000003,1.79,3.9908228800000023
2.365,1.79,4.513862450312504
2.41,1.79,5.094414805000006
2.455,1.79,5.7350906753125015
2.5,1.79,6.438549999999998
-2.0,1.835,9.751674999999999
-1.955,1.835,9.4408058003125
-1.91,1.835,9.165564804999999
-1.865,1.835,8.923838825312497
-1.82,1.835,8.713563880000002
-1.775,1.835,8.532725195312501
-1.73,1.835,8.379357204999998
-1.685,1.835,8.251543550312498
-1.6400000000000001,1.835,8.14741708
-1.595,1.835,8.0651598503125
-1.55,1.835,8.003003125
-1.505,1.835,7.959227375312499
-1.46,1.835,7.93216228
-1.415,1.835,7.920186725312501
-1.37,1.835,7.921728805000001
-1.3250000000000002,1.835,7.935265820312499
-1.28,1.835,7.95932428
-1.2349999999999999,1.835,7.9924799003125
-1.19,1.835,8.033357604999999
-1.145,1.835,8.080631525312498
-1.1,1.835,8.133025
-1.0550000000000002,1.835,8.1893105753125
-1.01,1.835,8.248310004999997
-0.9650000000000001,1.835,8.3088942503125
-0.9199999999999999,1.835,8.369983480000002
-0.875,1.835,8.4305470703125
-0.8300000000000001,1.835,8.489603605
-0.7850000000000001,1.835,8.5462208753125
-0.74,1.835,8.59951588
-0.6950000000000001,1.835,8.6486548253125
-0.6500000000000001,1.835,8.692853125
-0.605,1.835,8.7313754003125
-0.56,1.835,8.76353548
-0.5150000000000001,1.835,8.7886964003125
-0.47,1.835,8.806270405
-0.42500000000000004,1.835,8.8157189453125
-0.3800000000000001,1.835,8.816552680000001
-0.33499999999999996,1.835,8.8083314753125
-0.29000000000000004,1.835,8.790664405
-0.2450000000000001,1.835,8.7632097503125
-0.20000000000000018,1.835,8.725674999999999
-0.15500000000000003,1.835,8.6778168503125
-0.1100000000000001,1.835,8.619441205
-0.06500000000000017,1.835,8.5504031753125
-0.020000000000000018,1.835,8.47060708
0.02499999999999991,1.835,8.3800064453125
0.06999999999999984,1.835,8.278604005
0.11499999999999977,1.835,8.1664517003125
0.16000000000000014,1.835,8.043650679999999
0.20500000000000007,1.835,7.9103513003125
0.25,1.835,7.766753124999999
0.29499999999999993,1.835,7.6131049253125
0.33999999999999986,1.835,7.44970468
0.3849999999999998,1.835,7.276899575312501
0.4299999999999997,1.835,7.095086005000001
0.4750000000000001,1.835,6.9047095703125
0.52,1.835,6.70626508
0.565,1.835,6.5002965503125
0.6099999999999999,1.835,6.287397205
0.6549999999999998,1.835,6.068209475312501
0.6999999999999997,1.835,5.843425000000002
0.7450000000000001,1.835,5.613784625312499
0.79,1.835,5.380078404999999
0.835,1.835,5.1431456003125
0.8799999999999999,1.835,4.90387468
0.9249999999999998,1.835,4.663203320312501
0.9699999999999998,1.835,4.422118405000001
1.0149999999999997,1.835,4.181656025312503
1.06,1.835,3.9429014799999997
1.105,1.835,3.7069892753124996
1.15,1.835,3.4751031250000004
1.1949999999999998,1.835,3.2484759503125007
1.2399999999999998,1.835,3.028389880000001
1.2849999999999997,1.835,2.8161762503125014
1.33,1.835,2.6132156049999997
1.375,1.835,2.4209376953125004
1.42,1.835,2.2408214799999993
1.4649999999999999,1.835,2.074395125312501
1.5099999999999998,1.835,1.9232360049999997
1.5549999999999997,1.835,1.7889707003124995
1.5999999999999996,1.835,1.6732750000000012
1.645,1.835,1.5778739003125004
1.69,1.835,1.504541605000001
1.7349999999999999,1.835,1.4551015253125001
1.7799999999999998,1.835,1.431426280000001
1.8249999999999997,1.835,1.4354376953125003
1.8699999999999997,1.835,1.4691068049999991
1.915,1.835,1.5344538503125014
1.96,1.835,1.6335482800000003
2.005,1.835,1.7685087503124999
2.05,1.835,1.941503124999996
2.0949999999999998,1.835,2.1547484753124992
2.1399999999999997,1.835,2.41051108
2.1849999999999996,1.835,2.7111064253124946
2.2299999999999995,1.835,3.058899204999997
2.2749999999999995,1.835,3.4563033203124958
2.3200000000000003,1.835,3.9057818800000037
2.365,1.835,4.409847200312503
2.41,1.835,4.971060805000005
2.455,1.835,5.592033425312505
2.5,1.835,6.275424999999999
-2.0,1.88,9.8032
-1.955,1.88,9.5083485503125
-1.91,1.88,9.248760805000002
-1.865,1.88,9.0223235753125
-1.82,1.88,8.826972880000001
-1.775,1.88,8.660693945312497
-1.73,1.88,8.521521204999999
-1.685,1.88,8.407538300312499
-1.6400000000000001,1.88,8.31687808
-1.595,1.88,8.2477226003125
-1.55,1.88,8.198303124999999
-1.505,1.88,8.1669001253125
-1.46,1.88,8.151843280000001
-1.415,1.88,8.1515114753125
-1.37,1.88,8.164332805
-1.3250000000000002,1.88,8.1887845703125
-1.28,1.88,8.22339328
-1.2349999999999999,1.88,8.2667346503125
-1.19,1.88,8.317433605000002
-1.145,1.88,8.374164275312499
-1.1,1.88,8.435649999999999
-1.0550000000000002,1.88,8.500663325312498
-1.01,1.88,8.568026004999998
-0.9650000000000001,1.88,8.636609000312498
-0.9199999999999999,1.88,8.705332480000001
-0.875,1.88,8.7731658203125
-0.8300000000000001,1.88,8.839127605
-0.7850000000000001,1.88,8.902285625312498
-0.74,1.88,8.96175688
-0.6950000000000001,1.88,9.0167075753125
-0.6500000000000001,1.88,9.066353125
-0.605,1.88,9.1099581503125
-0.56,1.88,9.14683648
-0.5150000000000001,1.88,9.176351150312499
-0.47,1.88,9.197914404999999
-0.42500000000000004,1.88,9.2109876953125
-0.3800000000000001,1.88,9.215081679999999
-0.33499999999999996,1.88,9.2097562253125
-0.29000000000000004,1.88,9.194620404999998
-0.2450000000000001,1.88,9.1693325003125
-0.20000000000000018,1.88,9.1336
-0.15500000000000003,1.88,9.0871796003125
-0.1100000000000001,1.88,9.029877205
-0.06500000000000017,1.88,8.9615479253125
-0.020000000000000018,1.88,8.88209608
0.02499999999999991,1.88,8.791475195312499
0.06999999999999984,1.88,8.689688005
0.11499999999999977,1.88,8.5767864503125
0.16000000000000014,1.88,8.45287168
0.20500000000000007,1.88,8.3180940503125
0.25,1.88,8.172653125
0.29499999999999993,1.88,8.0167976753125
0.33999999999999986,1.88,7.85082568
0.3849999999999998,1.88,7.6750843253125005
0.4299999999999997,1.88,7.489970005000001
0.4750000000000001,1.88,7.295928320312499
0.52,1.88,7.093454079999999
0.565,1.88,6.8830913003125
0.6099999999999999,1.88,6.665433205
0.6549999999999998,1.88,6.4411222253125
0.6999999999999997,1.88,6.210850000000001
0.7450000000000001,1.88,5.975357375312499
0.79,1.88,5.7354344049999995
0.835,1.88,5.491920350312499
0.8799999999999999,1.88,5.24570368
0.9249999999999998,1.88,4.9977220703125
0.9699999999999998,1.88,4.748962405
1.0149999999999997,1.88,4.500460775312502
1.06,1.88,4.253302479999999
1.105,1.88,4.0086220253125
1.15,1.88,3.767603125
1.1949999999999998,1.88,3.5314787003125
1.2399999999999998,1.88,3.3015308800000014
1.2849999999999997,1.88,3.079091000312501
1.33,1.88,2.8655396050000004
1.375,1.88,2.6623064453125
1.42,1.88,2.4708704800000003
1.4649999999999999,1.88,2.2927598753125
1.5099999999999998,1.88,2.129552004999999
1.5549999999999997,1.88,1.9828734503124998
1.5999999999999996,1.88,1.854400000000001
1.645,1.88,1.7458566503125006
1.69,1.88,1.6590176050000016
1.7349999999999999,1.88,1.5957062753124998
1.7799999999999998,1.88,1.5577952800000014
1.8249999999999997,1.88,1.5472064453125007
1.8699999999999997,1.88,1.5659108049999997
1.915,1.88,1.6159286003124986
1.96,1.88,1.6993292799999988
2.005,1.88,1.8182315003125016
2.05,1.88,1.9748031249999976
2.0949999999999998,1.88,2.171261225312497
2.1399999999999997,1.88,2.4098720799999995
2.1849999999999996,1.88,2.6929511753124977
2.2299999999999995,1.88,3.022863204999995
2.2749999999999995,1.88,3.402022070312494
2.3200000000000003,1.88,3.8328908800000043
2.365,1.88,4.317981950312504
2.41,1.88,4.859856805000003
2.455,1.88,5.461126175312504
2.5,1.88,6.1244499999999995
-2.0,1.9249999999999998,9.866875
-1.955,1.9249999999999998,9.588041300312499
-1.91,1.9249999999999998,9.344106805000001
-1.865,1.9249999999999998,9.132958325312499
-1.82,1.9249999999999998,8.952531880000002
-1.775,1.9249999999999998,8.800812695312498
-1.73,1.9249999999999998,8.675835204999998
-1.685,1.9249999999999998,8.575683050312499
-1.6400000000000001,1.9249999999999998,8.49848908
-1.595,1.9249999999999998,8.442435350312499
-1.55,1.9249999999999998,8.405753124999999
-1.505,1.9249999999999998,8.3867228753125
-1.46,1.9249999999999998,8.383674280000001
-1.415,1.9249999999999998,8.3949862253125
-1.37,1.9249999999999998,8.419086805
-1.3250000000000002,1.9249999999999998,8.4544533203125
-1.28,1.9249999999999998,8.499612280000001
-1.2349999999999999,1.9249999999999998,8.5531394003125
-1.19,1.9249999999999998,8.613659605
-1.145,1.9249999999999998,8.679847025312498
-1.1,1.9249999999999998,8.750425
-1.0550000000000002,1.9249999999999998,8.824166075312498
-1.01,1.9249999999999998,8.899892004999998
-0.9650000000000001,1.9249999999999998,8.976473750312499
-0.9199999999999999,1.9249999999999998,9.05283148
-0.875,1.9249999999999998,9.1279345703125
-0.8300000000000001,1.9249999999999998,9.200801604999999
-0.7850000000000001,1.9249999999999998,9.270500375312498
-0.74,1.9249999999999998,9.336147879999999
-0.6950000000000001,1.9249999999999998,9.396910325312499
-0.6500000000000001,1.9249999999999998,9.452003124999997
-0.605,1.9249999999999998,9.500690900312499
-0.56,1.9249999999999998,9.542287479999999
-0.5150000000000001,1.9249999999999998,9.576155900312498
-0.47,1.9249999999999998,9.601708404999998
-0.42500000000000004,1.9249999999999998,9.618406445312498
-0.3800000000000001,1.9249999999999998,9.625760679999999
-0.33499999999999996,1.9249999999999998,9.623330975312498
-0.29000000000000004,1.9249999999999998,9.610726405
-0.2450000000000001,1.9249999999999998,9.587605250312498
-0.20000000000000018,1.9249999999999998,9.553674999999998
-0.15500000000000003,1.9249999999999998,9.508692350312499
-0.1100000000000001,1.9249999999999998,9.452463204999999
-0.06500000000000017,1.9249999999999998,9.384842675312498
-0.020000000000000018,1.9249999999999998,9.305735079999998
0.02499999999999991,1.9249999999999998,9.2150939453125
0.06999999999999984,1.9249999999999998,9.112922005
0.11499999999999977,1.9249999999999998,8.9992712003125
0.16000000000000014,1.9249999999999998,8.874242679999998
0.20500000000000007,1.9249999999999998,8.737986800312498
0.25,1.9249999999999998,8.590703125
0.29499999999999993,1.9249999999999998,8.4326404253125
0.33999999999999986,1.9249999999999998,8.26409668
0.3849999999999998,1.9249999999999998,8.0854190753125
0.4299999999999997,1.9249999999999998,7.897004004999999
0.4750000000000001,1.9249999999999998,7.6992970703124985
0.52,1.9249999999999998,7.492793079999998
0.565,1.9249999999999998,7.278036050312499
0.6099999999999999,1.9249999999999998,7.055619204999999
0.6549999999999998,1.9249999999999998,6.8261849753125
0.6999999999999997,1.9249999999999998,6.590425000000001
0.7450000000000001,1.9249999999999998,6.349080125312498
0.79,1.9249999999999998,6.102940404999998
0.835,1.9249999999999998,5.852845100312499
0.8799999999999999,1.9249999999999998,5.599682679999999
0.9249999999999998,1.9249999999999998,5.3443908203125
0.9699999999999998,1.9249999999999998,5.087956405
1.0149999999999997,1.9249999999999998,4.831415525312501
1.06,1.9249999999999998,4.575853479999998
1.105,1.9249999999999998,4.322404775312499
1.15,1.9249999999999998,4.072253125
1.1949999999999998,1.9249999999999998,3.8266314503124996
1.2399999999999998,1.9249999999999998,3.5868218800000005
1.2849999999999997,1.9249999999999998,3.3541557503125006
1.33,1.9249999999999998,3.1300136049999985
1.375,1.9249999999999998,2.9158251953124994
1.42,1.9249999999999998,2.7130694799999997
1.4649999999999999,1.9249999999999998,2.523274625312501
1.5099999999999998,1.9249999999999998,2.3480180049999984
1.5549999999999997,1.9249999999999998,2.188926200312501
1.5999999999999996,1.9249999999999998,2.047675000000001
1.645,1.9249999999999998,1.925989400312499
1.69,1.9249999999999998,1.8256436050000007
1.7349999999999999,1.9249999999999998,1.7484610253124995
1.7799999999999998,1.9249999999999998,1.6963142800000002
1.8249999999999997,1.9249999999999998,1.6711251953124995
1.8699999999999997,1.9249999999999998,1.6748648049999986
1.915,1.9249999999999998,1.7095533503124987
1.96,1.9249999999999998,1.7772602800000001
2.005,1.9249999999999998,1.880104250312499
2.05,1.9249999999999998,2.0202531249999964
2.0949999999999998,1.9249999999999998,2.1999239753124957
2.1399999999999997,1.9249999999999998,2.4213830799999982
2.1849999999999996,1.9249999999999998,2.6869459253124965
2.2299999999999995,1.9249999999999998,2.9989772049999974
2.2749999999999995,1.9249999999999998,3.359890820312497
2.3200000000000003,1.9249999999999998,3.772149880000004
2.365,1.9249999999999998,4.238266700312501
2.41,1.9249999999999998,4.760802805000004
2.455,1.9249999999999998,5.342368925312503
2.5,1.9249999999999998,5.985625000000002
-2.0,1.9699999999999998,9.942699999999999
-1.955,1.9699999999999998,9.679884050312499
-1.91,1.9699999999999998,9.451602805
-1.865,1.9699999999999998,9.255743075312498
-1.82,1.9699999999999998,9.09024088
-1.775,1.9699999999999998,8.953081445312499
-1.73,1.9699999999999998,8.842299205
-1.685,1.9699999999999998,8.755977800312497
-1.6400000000000001,1.9699999999999998,8.692250079999997
-1.595,1.9699999999999998,8.6492981003125
-1.55,1.9699999999999998,8.625353124999997
-1.505,1.9699999999999998,8.618695625312498
-1.46,1.9699999999999998,8.627655279999999
-1.415,1.9699999999999998,8.6506109753125
-1.37,1.9699999999999998,8.685990804999998
-1.3250000000000002,1.9699999999999998,8.732272070312497
-1.28,1.9699999999999998,8.787981279999999
-1.2349999999999999,1.9699999999999998,8.851694150312499
-1.19,1.9699999999999998,8.922035604999998
-1.145,1.9699999999999998,8.997679775312498
-1.1,1.9699999999999998,9.077349999999997
-1.0550000000000002,1.9699999999999998,9.159818825312497
-1.01,1.9699999999999998,9.243908004999996
-0.9650000000000001,1.9699999999999998,9.328488500312497
-0.9199999999999999,1.9699999999999998,9.41248048
-0.875,1.9699999999999998,9.494853320312497
-0.8300000000000001,1.9699999999999998,9.574625604999998
-0.7850000000000001,1.9699999999999998,9.650865125312496
-0.74,1.9699999999999998,9.722688879999998
-0.6950000000000001,1.9699999999999998,9.789263075312498
-0.6500000000000001,1.9699999999999998,9.849803124999998
-0.605,1.9699999999999998,9.903573650312499
-0.56,1.9699999999999998,9.949888479999998
-0.5150000000000001,1.9699999999999998,9.988110650312498
-0.47,1.9699999999999998,10.017652404999998
-0.42500000000000004,1.9699999999999998,10.037975195312498
-0.3800000000000001,1.9699999999999998,10.048589679999997
-0.33499999999999996,1.9699999999999998,10.049055725312499
-0.29000000000000004,1.9699999999999998,10.038982404999999
-0.2450000000000001,1.9699999999999998,10.018028000312498
-0.20000000000000018,1.9699999999999998,9.985899999999997
-0.15500000000000003,1.9699999999999998,9.942355100312497
-0.1100000000000001,1.9699999999999998,9.887199204999998
-0.06500000000000017,1.9699999999999998,9.820287425312499
-0.020000000000000018,1.9699999999999998,9.741524079999998
0.02499999999999991,1.9699999999999998,9.650862695312497
0.06999999999999984,1.9699999999999998,9.548306004999999
0.11499999999999977,1.9699999999999998,9.433905950312498
0.16000000000000014,1.9699999999999998,9.307763679999997
0.20500000000000007,1.9699999999999998,9.170029550312497
0.25,1.9699999999999998,9.020903124999998
0.29499999999999993,1.9699999999999998,8.860633175312499
0.33999999999999986,1.9699999999999998,8.689517679999998
0.3849999999999998,1.9699999999999998,8.507903825312498
0.4299999999999997,1.9699999999999998,8.316188004999999
0.4750000000000001,1.9699999999999998,8.114815820312497
0.52,1.9699999999999998,7.904282079999998
0.565,1.9699999999999998,7.685130800312498
0.6099999999999999,1.9699999999999998,7.457955204999998
0.6549999999999998,1.9699999999999998,7.223397725312499
0.6999999999999997,1.9699999999999998,6.98215
0.7450000000000001,1.9699999999999998,6.734952875312498
0.79,1.9699999999999998,6.482596404999998
0.835,1.9699999999999998,6.225919850312499
0.8799999999999999,1.9699999999999998,5.965811679999998
0.9249999999999998,1.9699999999999998,5.703209570312499
0.9699999999999998,1.9699999999999998,5.439100405
1.0149999999999997,1.9699999999999998,5.174520275312501
1.06,1.9699999999999998,4.910554479999998
1.105,1.9699999999999998,4.648337525312499
1.15,1.9699999999999998,4.3890531249999984
1.1949999999999998,1.9699999999999998,4.133934200312499
1.2399999999999998,1.9699999999999998,3.88426288
1.2849999999999997,1.9699999999999998,3.6413705003125
1.33,1.9699999999999998,3.4066376049999985
1.375,1.9699999999999998,3.181493945312499
1.42,1.9699999999999998,2.9674184799999983
1.4649999999999999,1.9699999999999998,2.7659393753124997
1.5099999999999998,1.9699999999999998,2.5786340049999996
1.5549999999999997,1.9699999999999998,2.4071289503125
1.5999999999999996,1.9699999999999998,2.2531000000000008
1.645,1.9699999999999998,2.1182721503124995
1.69,1.9699999999999998,2.004419605
1.7349999999999999,1.9699999999999998,1.9133657753124993
1.7799999999999998,1.9699999999999998,1.8469832800000008
1.8249999999999997,1.9699999999999998,1.8071939453124992
1.8699999999999997,1.9699999999999998,1.7959688049999993
1.915,1.9699999999999998,1.8153281003124997
1.96,1.9699999999999998,1.8673412800000007
2.005,1.9699999999999998,1.9541270003125009
2.05,1.9699999999999998,2.0778531249999945
2.0949999999999998,1.9699999999999998,2.240736725312499
2.1399999999999997,1.9699999999999998,2.4450440799999997
2.1849999999999996,1.9699999999999998,2.693090675312498
2.2299999999999995,1.9699999999999998,2.9872412049999975
2.2749999999999995,1.9699999999999998,3.3299095703124975
2.3200000000000003,1.9699999999999998,3.7235588800000032
2.365,1.9699999999999998,4.1707014503125
2.41,1.9699999999999998,4.673898805000001
2.455,1.9699999999999998,5.235761675312504
2.5,1.9699999999999998,5.858950000000001
-2.0,2.0149999999999997,10.030675000000002
-1.955,2.0149999999999997,9.783876800312498
-1.91,2.0149999999999997,9.571248805000003
-1.865,2.0149999999999997,9.390677825312501
-1.82,2.0149999999999997,9.24009988
-1.775,2.0149999999999997,9.1175001953125
-1.73,2.0149999999999997,9.020913205
-1.685,2.0149999999999997,8.948422550312499
-1.6400000000000001,2.0149999999999997,8.898161079999998
-1.595,2.0149999999999997,8.868310850312497
-1.55,2.0149999999999997,8.857103124999998
-1.505,2.0149999999999997,8.8628183753125
-1.46,2.0149999999999997,8.883786279999999
-1.415,2.0149999999999997,8.918385725312499
-1.37,2.0149999999999997,8.965044804999998
-1.3250000000000002,2.0149999999999997,9.022240820312499
-1.28,2.0149999999999997,9.08850028
-1.2349999999999999,2.0149999999999997,9.1623989003125
-1.19,2.0149999999999997,9.242561604999999
-1.145,2.0149999999999997,9.327662525312498
-1.1,2.0149999999999997,9.416424999999998
-1.0550000000000002,2.0149999999999997,9.507621575312497
-1.01,2.0149999999999997,9.600074004999996
-0.9650000000000001,2.0149999999999997,9.692653250312496
-0.9199999999999999,2.0149999999999997,9.784279479999999
-0.875,2.0149999999999997,9.8739220703125
-0.8300000000000001,2.0149999999999997,9.960599604999999
-0.7850000000000001,2.0149999999999997,10.043379875312498
-0.74,2.0149999999999997,10.121379879999997
-0.6950000000000001,2.0149999999999997,10.193765825312497
-0.6500000000000001,2.0149999999999997,10.259753124999998
-0.605,2.0149999999999997,10.318606400312497
-0.56,2.0149999999999997,10.369639479999998
-0.5150000000000001,2.0149999999999997,10.412215400312498
-0.47,2.0149999999999997,10.445746404999998
-0.42500000000000004,2.0149999999999997,10.469693945312498
-0.3800000000000001,2.0149999999999997,10.483568679999998
-0.33499999999999996,2.0149999999999997,10.486930475312498
-0.29000000000000004,2.0149999999999997,10.479388404999998
-0.2450000000000001,2.0149999999999997,10.460600750312498
-0.20000000000000018,2.0149999999999997,10.430274999999998
-0.15500000000000003,2.0149999999999997,10.388167850312497
-0.1100000000000001,2.0149999999999997,10.334085204999997
-0.06500000000000017,2.0149999999999997,10.267882175312497
-0.020000000000000018,2.0149999999999997,10.189463079999998
0.02499999999999991,2.0149999999999997,10.098781445312497
0.06999999999999984,2.0149999999999997,9.995840004999998
0.11499999999999977,2.0149999999999997,9.880690700312497
0.16000000000000014,2.0149999999999997,9.753434679999998
0.20500000000000007,2.0149999999999997,9.614222300312496
0.25,2.0149999999999997,9.463253124999998
0.29499999999999993,2.0149999999999997,9.300775925312498
0.33999999999999986,2.0149999999999997,9.127088679999998
0.3849999999999998,2.0149999999999997,8.942538575312499
0.4299999999999997,2.0149999999999997,8.747522004999999
0.4750000000000001,2.0149999999999997,8.542484570312498
0.52,2.0149999999999997,8.327921079999998
0.565,2.0149999999999997,8.104375550312499
0.6099999999999999,2.0149999999999997,7.872441204999998
0.6549999999999998,2.0149999999999997,7.632760475312499
0.6999999999999997,2.0149999999999997,7.386024999999999
0.7450000000000001,2.0149999999999997,7.132975625312497
0.79,2.0149999999999997,6.874402404999998
0.835,2.0149999999999997,6.611144600312498
0.8799999999999999,2.0149999999999997,6.344090679999998
0.9249999999999998,2.0149999999999997,6.074178320312499
0.9699999999999998,2.0149999999999997,5.802394404999999
1.0149999999999997,2.0149999999999997,5.5297750253124995
1.06,2.0149999999999997,5.257405479999998
1.105,2.0149999999999997,4.986420275312498
1.15,2.0149999999999997,4.718003124999999
1.1949999999999998,2.0149999999999997,4.453386950312499
1.2399999999999998,2.0149999999999997,4.193853880000001
1.2849999999999997,2.0149999999999997,3.9407352503124997
1.33,2.0149999999999997,3.6954116049999985
1.375,2.0149999999999997,3.459312695312498
1.42,2.0149999999999997,3.233917479999999
1.4649999999999999,2.0149999999999997,3.0207541253125
1.5099999999999998,2.0149999999999997,2.821400004999999
1.5549999999999997,2.0149999999999997,2.6374817003125006
1.5999999999999996,2.0149999999999997,2.470675000000001
1.645,2.0149999999999997,2.3227049003125
1.69,2.0149999999999997,2.195345605000001
1.7349999999999999,2.0149999999999997,2.0904205253124992
1.7799999999999998,2.0149999999999997,2.0098022800000006
1.8249999999999997,2.0149999999999997,1.955412695312499
1.8699999999999997,2.0149999999999997,1.9292228050000002
1.915,2.0149999999999997,1.933252850312499
1.96,2.0149999999999997,1.9695722799999995
2.005,2.0149999999999997,2.0402997503124993
2.05,2.0149999999999997,2.147603124999998
2.0949999999999998,2.0149999999999997,2.293699475312497
2.1399999999999997,2.0149999999999997,2.4808550799999978
2.1849999999999996,2.0149999999999997,2.711385425312498
2.2299999999999995,2.0149999999999997,2.987655204999996
2.2749999999999995,2.0149999999999997,3.312078320312498
2.3200000000000003,2.0149999999999997,3.6871178800000024
2.365,2.0149999999999997,4.115286200312504
2.41,2.0149999999999997,4.599144805000005
2.455,2.0149999999999997,5.141304425312505
2.5,2.0149999999999997,5.744425
-2.0,2.06,10.130799999999999
-1.955,2.06,9.900019550312498
-1.91,2.06,9.703044805
-1.865,2.06,9.537762575312499
-1.82,2.06,9.40210888
-1.775,2.06,9.2940689453125
-1.73,2.06,9.211677204999997
-1.685,2.06,9.153017300312499
-1.6400000000000001,2.06,9.11622208
-1.595,2.06,9.099473600312498
-1.55,2.06,9.101003124999998
-1.505,2.06,9.119091125312499
-1.46,2.06,9.15206728
-1.415,2.06,9.1983104753125
-1.37,2.06,9.256248805
-1.3250000000000002,2.06,9.324359570312499
-1.28,2.06,9.40116928
-1.2349999999999999,2.06,9.485253650312501
-1.19,2.06,9.575237605
-1.145,2.06,9.669795275312499
-1.1,2.06,9.76765
-1.0550000000000002,2.06,9.8675743253125
-1.01,2.06,9.968390004999998
-0.9650000000000001,2.06,10.068968000312498
-0.9199999999999999,2.06,10.168228480000002
-0.875,2.06,10.2651408203125
-0.8300000000000001,2.06,10.358723605
-0.7850000000000001,2.06,10.448044625312498
-0.74,2.06,10.53222088
-0.6950000000000001,2.06,10.6104185753125
-0.6500000000000001,2.06,10.681853125
-0.605,2.06,10.7457891503125
-0.56,2.06,10.80154048
-0.5150000000000001,2.06,10.8484701503125
-0.47,2.06,10.885990405
-0.42500000000000004,2.06,10.9135626953125
-0.3800000000000001,2.06,10.93069768
-0.33499999999999996,2.06,10.9369552253125
-0.29000000000000004,2.06,10.931944405
-0.2450000000000001,2.06,10.9153235003125
-0.20000000000000018,2.06,10.8868
-0.15500000000000003,2.06,10.846130600312499
-0.1100000000000001,2.06,10.793121205
-0.06500000000000017,2.06,10.7276269253125
-0.020000000000000018,2.06,10.64955208
0.02499999999999991,2.06,10.5588501953125
0.06999999999999984,2.06,10.455524005000001
0.11499999999999977,2.06,10.3396254503125
0.16000000000000014,2.06,10.211255679999999
0.20500000000000007,2.06,10.0705650503125
0.25,2.06,9.917753124999999
0.29499999999999993,2.06,9.7530686753125
0.33999999999999986,2.06,9.57680968
0.3849999999999998,2.06,9.389323325312501
0.4299999999999997,2.06,9.191006005000002
0.4750000000000001,2.06,8.9823033203125
0.52,2.06,8.76371008
0.565,2.06,8.5357703003125
0.6099999999999999,2.06,8.299077205
0.6549999999999998,2.06,8.054273225312501
0.6999999999999997,2.06,7.802050000000001
0.7450000000000001,2.06,7.543148375312499
0.79,2.06,7.278358404999999
0.835,2.06,7.0085193503125
0.8799999999999999,2.06,6.73451968
0.9249999999999998,2.06,6.457297070312501
0.9699999999999998,2.06,6.177838405000001
1.0149999999999997,2.06,5.897179775312502
1.06,2.06,5.616406479999999
1.105,2.06,5.3366530253125
1.15,2.06,5.059103125
1.1949999999999998,2.06,4.7849897003125
1.2399999999999998,2.06,4.515594880000002
1.2849999999999997,2.06,4.2522500003125
1.33,2.06,3.9963356049999996
1.375,2.06,3.7492814453124996
1.42,2.06,3.5125664799999994
1.4649999999999999,2.06,3.2877188753125006
1.5099999999999998,2.06,3.076316005
1.5549999999999997,2.06,2.8799844503125005
1.5999999999999996,2.06,2.700400000000002
1.645,2.06,2.5392876503124997
1.69,2.06,2.398421605000001
1.7349999999999999,2.06,2.2796252753125
1.7799999999999998,2.06,2.1847712800000014
1.8249999999999997,2.06,2.1157814453125
1.8699999999999997,2.06,2.0746268050000003
1.915,2.06,2.0633276003124994
1.96,2.06,2.0839532799999994
2.005,2.06,2.138622500312499
2.05,2.06,2.2295031249999955
2.0949999999999998,2.06,2.358812225312496
2.1399999999999997,2.06,2.528816079999997
2.1849999999999996,2.06,2.7418301753124954
2.2299999999999995,2.06,3.000219204999995
2.2749999999999995,2.06,3.306397070312494
2.3200000000000003,2.06,3.6628268800000026
2.365,2.06,4.072020950312501
2.41,2.06,4.536540805000003
2.455,2.06,5.058997175312504
2.5,2.06,5.642049999999999
-2.0,2.105,10.243075000000001
-1.955,2.105,10.0283123003125
-1.91,2.105,9.846990804999999
-1.865,2.105,9.6969973253125
-1.82,2.105,9.576267880000003
-1.775,2.105,9.4827876953125
-1.73,2.105,9.414591205
-1.685,2.105,9.3697620503125
-1.6400000000000001,2.105,9.34643308
-1.595,2.105,9.3427863503125
-1.55,2.105,9.357053125
-1.505,2.105,9.3875138753125
-1.46,2.105,9.43249828
-1.415,2.105,9.4903852253125
-1.37,2.105,9.559602805
-1.3250000000000002,2.105,9.638628320312499
-1.28,2.105,9.725988280000001
-1.2349999999999999,2.105,9.8202584003125
-1.19,2.105,9.920063605
-1.145,2.105,10.024078025312498
-1.1,2.105,10.131025
-1.0550000000000002,2.105,10.2396770753125
-1.01,2.105,10.348856004999998
-0.9650000000000001,2.105,10.457432750312499
-0.9199999999999999,2.105,10.564327480000001
-0.875,2.105,10.6685095703125
-0.8300000000000001,2.105,10.768997605000001
-0.7850000000000001,2.105,10.864859375312498
-0.74,2.105,10.95521188
-0.6950000000000001,2.105,11.0392213253125
-0.6500000000000001,2.105,11.116103125
-0.605,2.105,11.185121900312499
-0.56,2.105,11.24559148
-0.5150000000000001,2.105,11.296874900312499
-0.47,2.105,11.338384405
-0.42500000000000004,2.105,11.3695814453125
-0.3800000000000001,2.105,11.38997668
-0.33499999999999996,2.105,11.399129975312501
-0.29000000000000004,2.105,11.396650405
-0.2450000000000001,2.105,11.3821962503125
-0.20000000000000018,2.105,11.355475
-0.15500000000000003,2.105,11.3162433503125
-0.1100000000000001,2.105,11.264307205
-0.06500000000000017,2.105,11.1995216753125
-0.020000000000000018,2.105,11.12179108
0.02499999999999991,2.105,11.0310689453125
0.06999999999999984,2.105,10.927358005
0.11499999999999977,2.105,10.810710200312501
0.16000000000000014,2.105,10.68122668
0.20500000000000007,2.105,10.5390578003125
0.25,2.105,10.384403125
0.29499999999999993,2.105,10.2175114253125
0.33999999999999986,2.105,10.03868068
0.3849999999999998,2.105,9.8482580753125
0.4299999999999997,2.105,9.646640005000002
0.4750000000000001,2.105,9.434272070312499
0.52,2.105,9.21164908
0.565,2.105,8.9793150503125
0.6099999999999999,2.105,8.737863205
0.6549999999999998,2.105,8.487935975312501
0.6999999999999997,2.105,8.230225
0.7450000000000001,2.105,7.965471125312499
0.79,2.105,7.694464405
0.835,2.105,7.4180441003125
0.8799999999999999,2.105,7.13709868
0.9249999999999998,2.105,6.852565820312501
0.9699999999999998,2.105,6.565432405000002
1.0149999999999997,2.105,6.276734525312502
1.06,2.105,5.9875574799999995
1.105,2.105,5.6990357753125
1.15,2.105,5.412353125
1.1949999999999998,2.105,5.128742450312501
1.2399999999999998,2.105,4.849485880000001
1.2849999999999997,2.105,4.575914750312502
1.33,2.105,4.309409604999999
1.375,2.105,4.0514001953125005
1.42,2.105,3.80336548
1.4649999999999999,2.105,3.5668336253125004
1.5099999999999998,2.105,3.3433820050000005
1.5549999999999997,2.105,3.1346372003125014
1.5999999999999996,2.105,2.942275000000002
1.645,2.105,2.7680204003125013
1.69,2.105,2.6136476050000006
1.7349999999999999,2.105,2.480980025312501
1.7799999999999998,2.105,2.3718902800000006
1.8249999999999997,2.105,2.2883001953125
1.8699999999999997,2.105,2.2321808050000005
1.915,2.105,2.2055523503125
1.96,2.105,2.2104842799999993
2.005,2.105,2.249095250312502
2.05,2.105,2.3235531249999966
2.0949999999999998,2.105,2.436074975312499
2.1399999999999997,2.105,2.5889270799999995
2.1849999999999996,2.105,2.7844249253124964
2.2299999999999995,2.105,3.024933204999998
2.2749999999999995,2.105,3.312865820312499
2.3200000000000003,2.105,3.650685880000001
2.365,2.105,4.0409057003125035
2.41,2.105,4.486086805000003
2.455,2.105,4.988839925312501
2.5,2.105,5.551825000000001
-2.0,2.15,10.367499999999998
-1.955,2.15,10.1687550503125
-1.91,2.15,10.003086804999999
-1.865,2.15,9.8683820753125
-1.82,2.15,9.762576880000003
-1.775,2.15,9.683656445312499
-1.73,2.15,9.629655204999999
-1.685,2.15,9.598656800312499
-1.6400000000000001,2.15,9.588794080000001
-1.595,2.15,9.598249100312497
-1.55,2.15,9.625253124999999
-1.505,2.15,9.6680866253125
-1.46,2.15,9.725079280000001
-1.415,2.15,9.794609975312499
-1.37,2.15,9.875106805
-1.3250000000000002,2.15,9.965047070312501
-1.28,2.15,10.06295728
-1.2349999999999999,2.15,10.1674131503125
-1.19,2.15,10.277039604999999
-1.145,2.15,10.3905107753125
-1.1,2.15,10.506549999999999
-1.0550000000000002,2.15,10.623929825312498
-1.01,2.15,10.741472004999999
-0.9650000000000001,2.15,10.858047500312498
-0.9199999999999999,2.15,10.97257648
-0.875,2.15,11.084028320312498
-0.8300000000000001,2.15,11.191421604999999
-0.7850000000000001,2.15,11.293824125312497
-0.74,2.15,11.390352879999998
-0.6950000000000001,2.15,11.4801740753125
-0.6500000000000001,2.15,11.562503125
-0.605,2.15,11.6366046503125
-0.56,2.15,11.701792479999998
-0.5150000000000001,2.15,11.757429650312499
-0.47,2.15,11.802928405
-0.42500000000000004,2.15,11.837750195312498
-0.3800000000000001,2.15,11.861405679999999
-0.33499999999999996,2.15,11.873454725312499
-0.29000000000000004,2.15,11.873506405
-0.2450000000000001,2.15,11.861219000312499
-0.20000000000000018,2.15,11.8363
-0.15500000000000003,2.15,11.7985061003125
-0.1100000000000001,2.15,11.747643205
-0.06500000000000017,2.15,11.683566425312499
-0.020000000000000018,2.15,11.606180079999998
0.02499999999999991,2.15,11.5154376953125
0.06999999999999984,2.15,11.411342005
0.11499999999999977,2.15,11.2939449503125
0.16000000000000014,2.15,11.163347679999998
0.20500000000000007,2.15,11.019700550312498
0.25,2.15,10.863203124999998
0.29499999999999993,2.15,10.6941041753125
0.33999999999999986,2.15,10.51270168
0.3849999999999998,2.15,10.3193428253125
0.4299999999999997,2.15,10.114424005
0.4750000000000001,2.15,9.898390820312498
0.52,2.15,9.671738079999999
0.565,2.15,9.4350098003125
0.6099999999999999,2.15,9.188799204999999
0.6549999999999998,2.15,8.933748725312501
0.6999999999999997,2.15,8.67055
0.7450000000000001,2.15,8.399943875312498
0.79,2.15,8.122720404999999
0.835,2.15,7.839718850312499
0.8799999999999999,2.15,7.55182768
0.9249999999999998,2.15,7.2599845703125006
0.9699999999999998,2.15,6.965176405000001
1.0149999999999997,2.15,6.668439275312502
1.06,2.15,6.370858479999998
1.105,2.15,6.073568525312499
1.15,2.15,5.777753124999999
1.1949999999999998,2.15,5.4846452003125
1.2399999999999998,2.15,5.195526880000001
1.2849999999999997,2.15,4.911729500312501
1.33,2.15,4.634633604999999
1.375,2.15,4.3656689453125
1.42,2.15,4.106314479999999
1.4649999999999999,2.15,3.858098375312501
1.5099999999999998,2.15,3.6225980049999995
1.5549999999999997,2.15,3.4014399503125006
1.5999999999999996,2.15,3.1963000000000017
1.645,2.15,3.008903150312501
1.69,2.15,2.841023605000001
1.7349999999999999,2.15,2.6944847753124996
1.7799999999999998,2.15,2.5711592800000007
1.8249999999999997,2.15,2.4729689453125
1.8699999999999997,2.15,2.401884805
1.915,2.15,2.3599271003125004
1.96,2.15,2.3491652799999994
2.005,2.15,2.3717180003125
2.05,2.15,2.4297531249999977
2.0949999999999998,2.15,2.5254877253124963
2.1399999999999997,2.15,2.661188079999997
2.1849999999999996,2.15,2.8391696753124993
2.2299999999999995,2.15,3.061797204999996
2.2749999999999995,2.15,3.331484570312499
2.3200000000000003,2.15,3.6506948800000014
2.365,2.15,4.0219404503125045
2.41,2.15,4.447782805000005
2.455,2.15,4.930832675312503
2.5,2.15,5.473749999999997
-2.0,2.195,10.504074999999998
-1.955,2.195,10.3213478003125
-1.91,2.195,10.171332805
-1.865,2.195,10.051916825312501
-1.82,2.195,9.96103588
-1.775,2.195,9.896675195312499
-1.73,2.195,9.856869204999999
-1.685,2.195,9.8397015503125
-1.6400000000000001,2.195,9.843305079999999
-1.595,2.195,9.865861850312498
-1.55,2.195,9.905603124999999
-1.505,2.195,9.9608093753125
-1.46,2.195,10.029810280000001
-1.415,2.195,10.1109847253125
-1.37,2.195,10.202760804999999
-1.3250000000000002,2.195,10.303615820312501
-1.28,2.195,10.41207628
-1.2349999999999999,2.195,10.526717900312502
-1.19,2.195,10.646165605
-1.145,2.195,10.769093525312499
-1.1,2.195,10.894224999999999
-1.0550000000000002,2.195,11.020332575312498
-1.01,2.195,11.146238004999997
-0.9650000000000001,2.195,11.270812250312499
-0.9199999999999999,2.195,11.39297548
-0.875,2.195,11.511697070312499
-0.8300000000000001,2.195,11.625995605
-0.7850000000000001,2.195,11.734938875312498
-0.74,2.195,11.837643879999998
-0.6950000000000001,2.195,11.933276825312499
-0.6500000000000001,2.195,12.021053124999998
-0.605,2.195,12.1002374003125
-0.56,2.195,12.17014348
-0.5150000000000001,2.195,12.2301344003125
-0.47,2.195,12.279622404999998
-0.42500000000000004,2.195,12.318068945312499
-0.3800000000000001,2.195,12.34498468
-0.33499999999999996,2.195,12.359929475312498
-0.29000000000000004,2.195,12.362512404999999
-0.2450000000000001,2.195,12.3523917503125
-0.20000000000000018,2.195,12.329274999999999
-0.15500000000000003,2.195,12.292918850312498
-0.1100000000000001,2.195,12.243129204999999
-0.06500000000000017,2.195,12.1797611753125
-0.020000000000000018,2.195,12.10271908
0.02499999999999991,2.195,12.0119564453125
0.06999999999999984,2.195,11.907476005
0.11499999999999977,2.195,11.7893297003125
0.16000000000000014,2.195,11.657618679999999
0.20500000000000007,2.195,11.5124933003125
0.25,2.195,11.354153124999998
0.29499999999999993,2.195,11.1828469253125
0.33999999999999986,2.195,10.99887268
0.3849999999999998,2.195,10.8025775753125
0.4299999999999997,2.195,10.594358005
0.4750000000000001,2.195,10.374659570312499
0.52,2.195,10.143977079999999
0.565,2.195,9.9028545503125
0.6099999999999999,2.195,9.651885205
0.6549999999999998,2.195,9.3917114753125
0.6999999999999997,2.195,9.123025
0.7450000000000001,2.195,8.846566625312498
0.79,2.195,8.563126404999998
0.835,2.195,8.273543600312498
0.8799999999999999,2.195,7.978706679999999
0.9249999999999998,2.195,7.6795533203125
0.9699999999999998,2.195,7.377070405
1.0149999999999997,2.195,7.072294025312502
1.06,2.195,6.7663094799999985
1.105,2.195,6.460251275312499
1.15,2.195,6.155303125
1.1949999999999998,2.195,5.8526979503125
1.2399999999999998,2.195,5.5537178800000015
1.2849999999999997,2.195,5.259694250312501
1.33,2.195,4.972007604999999
1.375,2.195,4.6920876953125
1.42,2.195,4.421413479999998
1.4649999999999999,2.195,4.161513125312501
1.5099999999999998,2.195,3.9139640049999986
1.5549999999999997,2.195,3.6803927003125008
1.5999999999999996,2.195,3.462475000000002
1.645,2.195,3.2619359003124995
1.69,2.195,3.0805496050000007
1.7349999999999999,2.195,2.9201395253125
1.7799999999999998,2.195,2.782578280000002
1.8249999999999997,2.195,2.6697876953124995
1.8699999999999997,2.195,2.5837388049999994
1.915,2.195,2.5264518503124993
1.96,2.195,2.499996280000003
2.005,2.195,2.5064907503124996
2.05,2.195,2.5481031249999972
2.0949999999999998,2.195,2.6270504753124992
2.1399999999999997,2.195,2.74559908
2.1849999999999996,2.195,2.906064425312497
2.2299999999999995,2.195,3.1108112049999956
2.2749999999999995,2.195,3.362253320312499
2.3200000000000003,2.195,3.662853880000002
2.365,2.195,4.015125200312502
2.41,2.195,4.421628805000006
2.455,2.195,4.884975425312502
2.5,2.195,5.407825000000001
-2.0,2.2399999999999998,10.652799999999997
-1.955,2.2399999999999998,10.486090550312499
-1.91,2.2399999999999998,10.351728804999999
-1.865,2.2399999999999998,10.2476015753125
-1.82,2.2399999999999998,10.171644880000002
-1.775,2.2399999999999998,10.121843945312499
-1.73,2.2399999999999998,10.096233204999997
-1.685,2.2399999999999998,10.092896300312498
-1.6400000000000001,2.2399999999999998,10.10996608
-1.595,2.2399999999999998,10.145624600312496
-1.55,2.2399999999999998,10.198103124999998
-1.505,2.2399999999999998,10.265682125312498
-1.46,2.2399999999999998,10.34669128
-1.415,2.2399999999999998,10.439509475312498
-1.37,2.2399999999999998,10.542564804999998
-1.3250000000000002,2.2399999999999998,10.654334570312498
-1.28,2.2399999999999998,10.773345279999997
-1.2349999999999999,2.2399999999999998,10.8981726503125
-1.19,2.2399999999999998,11.027441605
-1.145,2.2399999999999998,11.159826275312497
-1.1,2.2399999999999998,11.294049999999999
-1.0550000000000002,2.2399999999999998,11.428885325312496
-1.01,2.2399999999999998,11.563154004999996
-0.9650000000000001,2.2399999999999998,11.695727000312498
-0.9199999999999999,2.2399999999999998,11.825524479999999
-0.875,2.2399999999999998,11.951515820312498
-0.8300000000000001,2.2399999999999998,12.072719604999998
-0.7850000000000001,2.2399999999999998,12.188203625312497
-0.74,2.2399999999999998,12.297084879999996
-0.6950000000000001,2.2399999999999998,12.398529575312498
-0.6500000000000001,2.2399999999999998,12.491753124999997
-0.605,2.2399999999999998,12.576020150312498
-0.56,2.2399999999999998,12.650644479999997
-0.5150000000000001,2.2399999999999998,12.714989150312498
-0.47,2.2399999999999998,12.768466404999998
-0.42500000000000004,2.2399999999999998,12.810537695312497
-0.3800000000000001,2.2399999999999998,12.840713679999997
-0.33499999999999996,2.2399999999999998,12.858554225312497
-0.29000000000000004,2.2399999999999998,12.863668404999999
-0.2450000000000001,2.2399999999999998,12.855714500312498
-0.20000000000000018,2.2399999999999998,12.834399999999997
-0.15500000000000003,2.2399999999999998,12.799481600312497
-0.1100000000000001,2.2399999999999998,12.750765204999997
-0.06500000000000017,2.2399999999999998,12.688105925312497
-0.020000000000000018,2.2399999999999998,12.611408079999997
0.02499999999999991,2.2399999999999998,12.520625195312498
0.06999999999999984,2.2399999999999998,12.415760004999997
0.11499999999999977,2.2399999999999998,12.296864450312498
0.16000000000000014,2.2399999999999998,12.164039679999997
0.20500000000000007,2.2399999999999998,12.017436050312497
0.25,2.2399999999999998,11.857253124999998
0.29499999999999993,2.2399999999999998,11.683739675312498
0.33999999999999986,2.2399999999999998,11.497193679999999
0.3849999999999998,2.2399999999999998,11.297962325312499
0.4299999999999997,2.2399999999999998,11.086442004999999
0.4750000000000001,2.2399999999999998,10.863078320312496
0.52,2.2399999999999998,10.628366079999997
0.565,2.2399999999999998,10.382849300312497
0.6099999999999999,2.2399999999999998,10.127121204999998
0.6549999999999998,2.2399999999999998,9.861824225312498
0.6999999999999997,2.2399999999999998,9.58765
0.7450000000000001,2.2399999999999998,9.305339375312496
0.79,2.2399999999999998,9.015682404999996
0.835,2.2399999999999998,8.719518350312498
0.8799999999999999,2.2399999999999998,8.417735679999998
0.9249999999999998,2.2399999999999998,8.111272070312499
0.9699999999999998,2.2399999999999998,7.801114405
1.0149999999999997,2.2399999999999998,7.488298775312501
1.06,2.2399999999999998,7.173910479999997
1.105,2.2399999999999998,6.859084025312497
1.15,2.2399999999999998,6.545003124999998
1.1949999999999998,2.2399999999999998,6.232900700312499
1.2399999999999998,2.2399999999999998,5.92405888
1.2849999999999997,2.2399999999999998,5.6198090003125
1.33,2.2399999999999998,5.321531604999997
1.375,2.2399999999999998,5.0306564453124984
1.42,2.2399999999999998,4.7486624799999975
1.4649999999999999,2.2399999999999998,4.477077875312499
1.5099999999999998,2.2399999999999998,4.217480005
1.5549999999999997,2.2399999999999998,3.9714954503124993
1.5999999999999996,2.2399999999999998,3.740800000000001
1.645,2.2399999999999998,3.5271186503124996
1.69,2.2399999999999998,3.3322256049999988
1.7349999999999999,2.2399999999999998,3.1579442753124987
1.7799999999999998,2.2399999999999998,3.0061472799999995
1.8249999999999997,2.2399999999999998,2.8787564453125007
1.8699999999999997,2.2399999999999998,2.777742804999999
1.915,2.2399999999999998,2.7051266003124983
1.96,2.2399999999999998,2.6629772800000016
2.005,2.2399999999999998,2.6534135003124977
2.05,2.2399999999999998,2.678603124999995
2.0949999999999998,2.2399999999999998,2.740763225312497
2.1399999999999997,2.2399999999999998,2.8421600799999975
2.1849999999999996,2.2399999999999998,2.9851091753125
2.2299999999999995,2.2399999999999998,3.171975204999997
2.2749999999999995,2.2399999999999998,3.4051720703124975
2.3200000000000003,2.2399999999999998,3.6871628800000007
2.365,2.2399999999999998,4.020459950312501
2.41,2.2399999999999998,4.407624805000003
2.455,2.2399999999999998,4.851268175312503
2.5,2.2399999999999998,5.354049999999999
-2.0,2.2849999999999997,10.813675
-1.955,2.2849999999999997,10.662983300312497
-1.91,2.2849999999999997,10.544274804999997
-1.865,2.2849999999999997,10.4554363253125
-1.82,2.2849999999999997,10.39440388
-1.775,2.2849999999999997,10.359162695312497
-1.73,2.2849999999999997,10.347747205
-1.685,2.2849999999999997,10.358241050312499
-1.6400000000000001,2.2849999999999997,10.388777079999999
-1.595,2.2849999999999997,10.4375373503125
-1.55,2.2849999999999997,10.502753124999996
-1.505,2.2849999999999997,10.582704875312498
-1.46,2.2849999999999997,10.675722279999999
-1.415,2.2849999999999997,10.780184225312496
-1.37,2.2849999999999997,10.894518804999999
-1.3250000000000002,2.2849999999999997,11.017203320312497
-1.28,2.2849999999999997,11.14676428
-1.2349999999999999,2.2849999999999997,11.2817774003125
-1.19,2.2849999999999997,11.420867604999998
-1.145,2.2849999999999997,11.562709025312497
-1.1,2.2849999999999997,11.706024999999997
-1.0550000000000002,2.2849999999999997,11.849588075312496
-1.01,2.2849999999999997,11.992220004999997
-0.9650000000000001,2.2849999999999997,12.132791750312496
-0.9199999999999999,2.2849999999999997,12.270223479999999
-0.875,2.2849999999999997,12.403484570312497
-0.8300000000000001,2.2849999999999997,12.531593604999998
-0.7850000000000001,2.2849999999999997,12.653618375312496
-0.74,2.2849999999999997,12.768675879999996
-0.6950000000000001,2.2849999999999997,12.875932325312496
-0.6500000000000001,2.2849999999999997,12.974603124999998
-0.605,2.2849999999999997,13.063952900312497
-0.56,2.2849999999999997,13.143295479999997
-0.5150000000000001,2.2849999999999997,13.211993900312496
-0.47,2.2849999999999997,13.269460404999997
-0.42500000000000004,2.2849999999999997,13.315156445312496
-0.3800000000000001,2.2849999999999997,13.348592679999996
-0.33499999999999996,2.2849999999999997,13.369328975312497
-0.29000000000000004,2.2849999999999997,13.376974404999997
-0.2450000000000001,2.2849999999999997,13.371187250312497
-0.20000000000000018,2.2849999999999997,13.351674999999997
-0.15500000000000003,2.2849999999999997,13.318194350312496
-0.1100000000000001,2.2849999999999997,13.270551204999997
-0.06500000000000017,2.2849999999999997,13.208600675312496
-0.020000000000000018,2.2849999999999997,13.132247079999996
0.02499999999999991,2.2849999999999997,13.041443945312498
0.06999999999999984,2.2849999999999997,12.936194004999997
0.11499999999999977,2.2849999999999997,12.816549200312497
0.16000000000000014,2.2849999999999997,12.682610679999996
0.20500000000000007,2.2849999999999997,12.534528800312497
0.25,2.2849999999999997,12.372503124999996
0.29499999999999993,2.2849999999999997,12.196782425312497
0.33999999999999986,2.2849999999999997,12.007664679999998
0.3849999999999998,2.2849999999999997,11.805497075312498
0.4299999999999997,2.2849999999999997,11.590676004999999
0.4750000000000001,2.2849999999999997,11.363647070312496
0.52,2.2849999999999997,11.124905079999996
0.565,2.2849999999999997,10.874994050312498
0.6099999999999999,2.2849999999999997,10.614507204999997
0.6549999999999998,2.2849999999999997,10.344086975312498
0.6999999999999997,2.2849999999999997,10.064424999999998
0.7450000000000001,2.2849999999999997,9.776262125312495
0.79,2.2849999999999997,9.480388404999996
0.835,2.2849999999999997,9.177643100312498
0.8799999999999999,2.2849999999999997,8.868914679999998
0.9249999999999998,2.2849999999999997,8.555140820312499
0.9699999999999998,2.2849999999999997,8.237308404999999
1.0149999999999997,2.2849999999999997,7.9164535253125
1.06,2.2849999999999997,7.593661479999996
1.105,2.2849999999999997,7.270066775312497
1.15,2.2849999999999997,6.946853124999998
1.1949999999999998,2.2849999999999997,6.625253450312498
1.2399999999999998,2.2849999999999997,6.3065498799999995
1.2849999999999997,2.2849999999999997,5.9920737503125
1.33,2.2849999999999997,5.683205604999998
1.375,2.2849999999999997,5.381375195312498
1.42,2.2849999999999997,5.088061479999999
1.4649999999999999,2.2849999999999997,4.804792625312499
1.5099999999999998,2.2849999999999997,4.533146004999999
1.5549999999999997,2.2849999999999997,4.274748200312499
1.5999999999999996,2.2849999999999997,4.031275000000001
1.645,2.2849999999999997,3.8044514003125
1.69,2.2849999999999997,3.5960516049999995
1.7349999999999999,2.2849999999999997,3.407899025312499
1.7799999999999998,2.2849999999999997,3.24186628
1.8249999999999997,2.2849999999999997,3.0998751953124994
1.8699999999999997,2.2849999999999997,2.9838968050000005
1.915,2.2849999999999997,2.8959513503124974
1.96,2.2849999999999997,2.83810828
2.005,2.2849999999999997,2.8124862503124977
2.05,2.2849999999999997,2.8212531249999984
2.0949999999999998,2.2849999999999997,2.8666259753124965
2.1399999999999997,2.2849999999999997,2.9508710800000006
2.1849999999999996,2.2849999999999997,3.076303925312498
2.2299999999999995,2.2849999999999997,3.245289204999997
2.2749999999999995,2.2849999999999997,3.4602408203124995
2.3200000000000003,2.2849999999999997,3.7236218799999996
2.365,2.2849999999999997,4.037944700312501
2.41,2.2849999999999997,4.405770805000003
2.455,2.2849999999999997,4.829710925312501
2.5,2.2849999999999997,5.312425000000001
-2.0,2.33,10.986700000000003
-1.955,2.33,10.8520260503125
-1.91,2.33,10.748970805000003
-1.865,2.33,10.675421075312503
-1.82,2.33,10.62931288
-1.775,2.33,10.6086314453125
-1.73,2.33,10.611411205
-1.685,2.33,10.6357358003125
-1.6400000000000001,2.33,10.67973808
-1.595,2.33,10.7416001003125
-1.55,2.33,10.819553124999999
-1.505,2.33,10.911877625312501
-1.46,2.33,11.016903280000003
-1.415,2.33,11.133008975312501
-1.37,2.33,11.258622805
-1.3250000000000002,2.33,11.392222070312501
-1.28,2.33,11.532333280000001
-1.2349999999999999,2.33,11.677532150312501
-1.19,2.33,11.826443605000001
-1.145,2.33,11.9777417753125
-1.1,2.33,12.13015
-1.0550000000000002,2.33,12.2824408253125
-1.01,2.33,12.433436005
-0.9650000000000001,2.33,12.5820065003125
-0.9199999999999999,2.33,12.727072480000002
-0.875,2.33,12.8676033203125
-0.8300000000000001,2.33,13.002617605000001
-0.7850000000000001,2.33,13.1311831253125
-0.74,2.33,13.25241688
-0.6950000000000001,2.33,13.3654850753125
-0.6500000000000001,2.33,13.469603125
-0.605,2.33,13.564035650312501
-0.56,2.33,13.648096480000001
-0.5150000000000001,2.33,13.7211486503125
-0.47,2.33,13.782604405
-0.42500000000000004,2.33,13.8319251953125
-0.3800000000000001,2.33,13.86862168
-0.33499999999999996,2.33,13.8922537253125
-0.29000000000000004,2.33,13.902430405
-0.2450000000000001,2.33,13.898810000312501
-0.20000000000000018,2.33,13.881100000000002
-0.15500000000000003,2.33,13.8490571003125
-0.1100000000000001,2.33,13.802487205000002
-0.06500000000000017,2.33,13.741245425312501
-0.020000000000000018,2.33,13.665236080000001
0.02499999999999991,2.33,13.574412695312501
0.06999999999999984,2.33,13.468778005
0.11499999999999977,2.33,13.348383950312503
0.16000000000000014,2.33,13.21333168
0.20500000000000007,2.33,13.0637715503125
0.25,2.33,12.899903125000002
0.29499999999999993,2.33,12.721975175312501
0.33999999999999986,2.33,12.530285680000002
0.3849999999999998,2.33,12.325181825312502
0.4299999999999997,2.33,12.107060005000003
0.4750000000000001,2.33,11.8763658203125
0.52,2.33,11.633594080000002
0.565,2.33,11.379288800312501
0.6099999999999999,2.33,11.114043205000002
0.6549999999999998,2.33,10.838499725312502
0.6999999999999997,2.33,10.553350000000004
0.7450000000000001,2.33,10.2593348753125
0.79,2.33,9.957244405
0.835,2.33,9.647917850312501
0.8799999999999999,2.33,9.332243680000001
0.9249999999999998,2.33,9.011159570312502
0.9699999999999998,2.33,8.685652405000003
1.0149999999999997,2.33,8.356758275312503
1.06,2.33,8.025562480000001
1.105,2.33,7.693199525312501
1.15,2.33,7.360853125000002
1.1949999999999998,2.33,7.029756200312502
1.2399999999999998,2.33,6.701190880000003
1.2849999999999997,2.33,6.376488500312503
1.33,2.33,6.057029605000001
1.375,2.33,5.744243945312501
1.42,2.33,5.439610480000001
1.4649999999999999,2.33,5.144657375312503
1.5099999999999998,2.33,4.860962005000001
1.5549999999999997,2.33,4.590150950312502
1.5999999999999996,2.33,4.333900000000004
1.645,2.33,4.093934150312501
1.69,2.33,3.872027605000002
1.7349999999999999,2.33,3.6700037753125
1.7799999999999998,2.33,3.4897352800000023
1.8249999999999997,2.33,3.333143945312501
1.8699999999999997,2.33,3.2022008050000004
1.915,2.33,3.0989261003125
1.96,2.33,3.0253892800000024
2.005,2.33,2.9837090003125013
2.05,2.33,2.976053124999998
2.0949999999999998,2.33,3.0046387253124998
2.1399999999999997,2.33,3.0717320800000003
2.1849999999999996,2.33,3.1796486753124977
2.2299999999999995,2.33,3.330753204999997
2.2749999999999995,2.33,3.5274595703125016
2.3200000000000003,2.33,3.772230880000002
2.365,2.33,4.067579450312504
2.41,2.33,4.416066805000003
2.455,2.33,4.820303675312502
2.5,2.33,5.282950000000003
-2.0,2.375,11.171875
-1.955,2.375,11.0532188003125
-1.91,2.375,10.965816805
-1.865,2.375,10.9075558253125
-1.82,2.375,10.87637188
-1.775,2.375,10.870250195312497
-1.73,2.375,10.887225204999998
-1.685,2.375,10.925380550312498
-1.6400000000000001,2.375,10.98284908
-1.595,2.375,11.0578128503125
-1.55,2.375,11.148503124999998
-1.505,2.375,11.2532003753125
-1.46,2.375,11.370234280000002
-1.415,2.375,11.4979837253125
-1.37,2.375,11.634876805
-1.3250000000000002,2.375,11.779390820312498
-1.28,2.375,11.930052280000002
-1.2349999999999999,2.375,12.0854369003125
-1.19,2.375,12.244169605
-1.145,2.375,12.404924525312499
-1.1,2.375,12.566424999999999
-1.0550000000000002,2.375,12.727443575312499
-1.01,2.375,12.886802004999998
-0.9650000000000001,2.375,13.0433712503125
-0.9199999999999999,2.375,13.19607148
-0.875,2.375,13.3438720703125
-0.8300000000000001,2.375,13.485791605
-0.7850000000000001,2.375,13.6208978753125
-0.74,2.375,13.748307879999999
-0.6950000000000001,2.375,13.867187825312499
-0.6500000000000001,2.375,13.976753124999998
-0.605,2.375,14.0762684003125
-0.56,2.375,14.16504748
-0.5150000000000001,2.375,14.242453400312499
-0.47,2.375,14.307898405
-0.42500000000000004,2.375,14.3608439453125
-0.3800000000000001,2.375,14.40080068
-0.33499999999999996,2.375,14.4273284753125
-0.29000000000000004,2.375,14.440036405
-0.2450000000000001,2.375,14.4385827503125
-0.20000000000000018,2.375,14.422675
-0.15500000000000003,2.375,14.3920698503125
-0.1100000000000001,2.375,14.346573205
-0.06500000000000017,2.375,14.2860401753125
-0.020000000000000018,2.375,14.21037508
0.02499999999999991,2.375,14.1195314453125
0.06999999999999984,2.375,14.013512005
0.11499999999999977,2.375,13.8923687003125
0.16000000000000014,2.375,13.75620268
0.20500000000000007,2.375,13.605164300312499
0.25,2.375,13.439453125
0.29499999999999993,2.375,13.2593179253125
0.33999999999999986,2.375,13.06505668
0.3849999999999998,2.375,12.857016575312501
0.4299999999999997,2.375,12.635594005000002
0.4750000000000001,2.375,12.4012345703125
0.52,2.375,12.15443308
0.565,2.375,11.8957335503125
0.6099999999999999,2.375,11.625729205
0.6549999999999998,2.375,11.345062475312501
0.6999999999999997,2.375,11.054425000000002
0.7450000000000001,2.375,10.754557625312499
0.79,2.375,10.446250404999999
0.835,2.375,10.130342600312499
0.8799999999999999,2.375,9.807722680000001
0.9249999999999998,2.375,9.4793283203125
0.9699999999999998,2.375,9.146146405000001
1.0149999999999997,2.375,8.809213025312502
1.06,2.375,8.46961348
1.105,2.375,8.1284822753125
1.15,2.375,7.787003125
1.1949999999999998,2.375,7.4464089503125015
1.2399999999999998,2.375,7.107981880000001
1.2849999999999997,2.375,6.773053250312502
1.33,2.375,6.4430036049999995
1.375,2.375,6.1192626953125
1.42,2.375,5.80330948
1.4649999999999999,2.375,5.496672125312502
1.5099999999999998,2.375,5.200928005
1.5549999999999997,2.375,4.917703700312501
1.5999999999999996,2.375,4.648675000000003
1.645,2.375,4.395566900312501
1.69,2.375,4.1601536050000005
1.7349999999999999,2.375,3.944258525312499
1.7799999999999998,2.375,3.749754280000002
1.8249999999999997,2.375,3.5785626953125007
1.8699999999999997,2.375,3.4326548050000003
1.915,2.375,3.3140508503124977
1.96,2.375,3.2248202799999994
2.005,2.375,3.1670817503125015
2.05,2.375,3.1430031249999963
2.0949999999999998,2.375,3.1548014753124995
2.1399999999999997,2.375,3.20474308
2.1849999999999996,2.375,3.2951434253124994
2.2299999999999995,2.375,3.4283672049999954
2.2749999999999995,2.375,3.6068283203124984
2.3200000000000003,2.375,3.832989880000003
2.365,2.375,4.109364200312502
2.41,2.375,4.438512805000002
2.455,2.375,4.823046425312505
2.5,2.375,5.265625
-2.0,2.42,11.369200000000001
-1.955,2.42,11.2665615503125
-1.91,2.42,11.194812805
-1.865,2.42,11.1518405753125
-1.82,2.42,11.135580880000001
-1.775,2.42,11.1440189453125
-1.73,2.42,11.175189205
-1.685,2.42,11.2271753003125
-1.6400000000000001,2.42,11.29811008
-1.595,2.42,11.3861756003125
-1.55,2.42,11.489603124999997
-1.505,2.42,11.6066731253125
-1.46,2.42,11.73571528
-1.415,2.42,11.8751084753125
-1.37,2.42,12.023280805
-1.3250000000000002,2.42,12.178709570312499
-1.28,2.42,12.339921280000002
-1.2349999999999999,2.42,12.5054916503125
-1.19,2.42,12.674045605
-1.145,2.42,12.844257275312499
-1.1,2.42,13.01485
-1.0550000000000002,2.42,13.184596325312498
-1.01,2.42,13.352318004999999
-0.9650000000000001,2.42,13.5168860003125
-0.9199999999999999,2.42,13.67722048
-0.875,2.42,13.8322908203125
-0.8300000000000001,2.42,13.981115605
-0.7850000000000001,2.42,14.122762625312498
-0.74,2.42,14.256348880000001
-0.6950000000000001,2.42,14.381040575312499
-0.6500000000000001,2.42,14.496053125
-0.605,2.42,14.600651150312501
-0.56,2.42,14.694148479999999
-0.5150000000000001,2.42,14.7759081503125
-0.47,2.42,14.845342405
-0.42500000000000004,2.42,14.9019126953125
-0.3800000000000001,2.42,14.945129679999999
-0.33499999999999996,2.42,14.9745532253125
-0.29000000000000004,2.42,14.989792405
-0.2450000000000001,2.42,14.9905055003125
-0.20000000000000018,2.42,14.9764
-0.15500000000000003,2.42,14.9472326003125
-0.1100000000000001,2.42,14.902809205
-0.06500000000000017,2.42,14.8429849253125
-0.020000000000000018,2.42,14.76766408
0.02499999999999991,2.42,14.676800195312499
0.06999999999999984,2.42,14.570396005
0.11499999999999977,2.42,14.4485034503125
0.16000000000000014,2.42,14.31122368
0.20500000000000007,2.42,14.158707050312499
0.25,2.42,13.991153125
0.29499999999999993,2.42,13.8088106753125
0.33999999999999986,2.42,13.611977679999999
0.3849999999999998,2.42,13.401001325312501
0.4299999999999997,2.42,13.176278005
0.4750000000000001,2.42,12.9382533203125
0.52,2.42,12.68742208
0.565,2.42,12.4243283003125
0.6099999999999999,2.42,12.149565205
0.6549999999999998,2.42,11.863775225312502
0.6999999999999997,2.42,11.567650000000002
0.7450000000000001,2.42,11.261930375312499
0.79,2.42,10.947406404999999
0.835,2.42,10.6249173503125
0.8799999999999999,2.42,10.29535168
0.9249999999999998,2.42,9.959647070312503
0.9699999999999998,2.42,9.618790405000002
1.0149999999999997,2.42,9.273817775312502
1.06,2.42,8.92581448
1.105,2.42,8.5759150253125
1.15,2.42,8.225303125
1.1949999999999998,2.42,7.8752117003125015
1.2399999999999998,2.42,7.526922880000002
1.2849999999999997,2.42,7.181768000312502
1.33,2.42,6.841127605
1.375,2.42,6.5064314453125
1.42,2.42,6.17915848
1.4649999999999999,2.42,5.8608368753125015
1.5099999999999998,2.42,5.553044005
1.5549999999999997,2.42,5.257406450312501
1.5999999999999996,2.42,4.975600000000002
1.645,2.42,4.7093496503125
1.69,2.42,4.460429605000002
1.7349999999999999,2.42,4.2306632753125
1.7799999999999998,2.42,4.021923280000001
1.8249999999999997,2.42,3.8361314453125015
1.8699999999999997,2.42,3.675258805000002
1.915,2.42,3.541325600312499
1.96,2.42,3.43640128
2.005,2.42,3.3626045003125
2.05,2.42,3.3221031249999964
2.0949999999999998,2.42,3.3171142253124977
2.1399999999999997,2.42,3.3499040800000017
2.1849999999999996,2.42,3.4227881753124993
2.2299999999999995,2.42,3.538131204999999
2.2749999999999995,2.42,3.698347070312499
2.3200000000000003,2.42,3.9058988800000005
2.365,2.42,4.1632989503125
2.41,2.42,4.473108805000004
2.455,2.42,4.837939175312501
2.5,2.42,5.2604500000000005
-2.0,2.465,11.578675
-1.955,2.465,11.492054300312496
-1.91,2.465,11.435958805000002
-1.865,2.465,11.408275325312498
-1.82,2.465,11.406939880000003
-1.775,2.465,11.429937695312498
-1.73,2.465,11.475303204999998
-1.685,2.465,11.541120050312497
-1.6400000000000001,2.465,11.62552108
-1.595,2.465,11.726688350312497
-1.55,2.465,11.842853124999996
-1.505,2.465,11.972295875312499
-1.46,2.465,12.113346279999998
-1.415,2.465,12.264383225312498
-1.37,2.465,12.423834804999997
-1.3250000000000002,2.465,12.590178320312498
-1.28,2.465,12.76194028
-1.2349999999999999,2.465,12.9376964003125
-1.19,2.465,13.116071604999998
-1.145,2.465,13.295740025312497
-1.1,2.465,13.475424999999998
-1.0550000000000002,2.465,13.653899075312497
-1.01,2.465,13.829984004999996
-0.9650000000000001,2.465,14.002550750312498
-0.9199999999999999,2.465,14.17051948
-0.875,2.465,14.332859570312497
-0.8300000000000001,2.465,14.488589604999998
-0.7850000000000001,2.465,14.636777375312496
-0.74,2.465,14.776539879999998
-0.6950000000000001,2.465,14.907043325312497
-0.6500000000000001,2.465,15.027503124999997
-0.605,2.465,15.137183900312497
-0.56,2.465,15.235399479999998
-0.5150000000000001,2.465,15.321512900312499
-0.47,2.465,15.394936404999997
-0.42500000000000004,2.465,15.455131445312498
-0.3800000000000001,2.465,15.501608679999997
-0.33499999999999996,2.465,15.533927975312498
-0.29000000000000004,2.465,15.551698404999998
-0.2450000000000001,2.465,15.554578250312497
-0.20000000000000018,2.465,15.542274999999997
-0.15500000000000003,2.465,15.514545350312497
-0.1100000000000001,2.465,15.471195204999997
-0.06500000000000017,2.465,15.412079675312498
-0.020000000000000018,2.465,15.337103079999999
0.02499999999999991,2.465,15.246218945312497
0.06999999999999984,2.465,15.139430004999998
0.11499999999999977,2.465,15.016788200312497
0.16000000000000014,2.465,14.878394679999996
0.20500000000000007,2.465,14.724399800312497
0.25,2.465,14.555003124999997
0.29499999999999993,2.465,14.370453425312498
0.33999999999999986,2.465,14.171048679999998
0.3849999999999998,2.465,13.957136075312498
0.4299999999999997,2.465,13.729112005
0.4750000000000001,2.465,13.487422070312498
0.52,2.465,13.232561079999996
0.565,2.465,12.965073050312498
0.6099999999999999,2.465,12.685551204999998
0.6549999999999998,2.465,12.394637975312499
0.6999999999999997,2.465,12.093025
0.7450000000000001,2.465,11.781453125312497
0.79,2.465,11.460712404999997
0.835,2.465,11.131642100312497
0.8799999999999999,2.465,10.79513068
0.9249999999999998,2.465,10.4521158203125
0.9699999999999998,2.465,10.103584405
1.0149999999999997,2.465,9.750572525312501
1.06,2.465,9.394165479999998
1.105,2.465,9.035497775312496
1.15,2.465,8.675753124999998
1.1949999999999998,2.465,8.316164450312499
1.2399999999999998,2.465,7.95801388
1.2849999999999997,2.465,7.6026327503125
1.33,2.465,7.251401604999998
1.375,2.465,6.905750195312498
1.42,2.465,6.567157479999998
1.4649999999999999,2.465,6.2371516253124994
1.5099999999999998,2.465,5.917310004999997
1.5549999999999997,2.465,5.609259200312501
1.5999999999999996,2.465,5.314675
1.645,2.465,5.035282400312498
1.69,2.465,4.772855604999999
1.7349999999999999,2.465,4.529218025312499
1.7799999999999998,2.465,4.30624228
1.8249999999999997,2.465,4.105850195312499
1.8699999999999997,2.465,3.9300128050000005
1.915,2.465,3.7807503503124984
1.96,2.465,3.660132279999999
2.005,2.465,3.570277250312497
2.05,2.465,3.5133531249999965
2.0949999999999998,2.465,3.4915769753124977
2.1399999999999997,2.465,3.507215079999998
2.1849999999999996,2.465,3.5625829253124977
2.2299999999999995,2.465,3.660045204999996
2.2749999999999995,2.465,3.802015820312498
2.3200000000000003,2.465,3.99095788
2.365,2.465,4.2293837003125
2.41,2.465,4.519854805000005
2.455,2.465,4.864981925312502
2.5,2.465,5.267424999999999
-2.0,2.51,11.800299999999996
-1.955,2.51,11.729697050312499
-1.91,2.51,11.689254804999997
-1.865,2.51,11.676860075312497
-1.82,2.51,11.690448880000002
-1.775,2.51,11.728006445312497
-1.73,2.51,11.787567204999997
-1.685,2.51,11.867214800312496
-1.6400000000000001,2.51,11.965082079999998
-1.595,2.51,12.079351100312495
-1.55,2.51,12.208253124999995
-1.505,2.51,12.350068625312497
-1.46,2.51,12.50312728
-1.415,2.51,12.665807975312497
-1.37,2.51,12.836538804999998
-1.3250000000000002,2.51,13.013797070312497
-1.28,2.51,13.196109279999998
-1.2349999999999999,2.51,13.382051150312499
-1.19,2.51,13.570247604999999
-1.145,2.51,13.759372775312496
-1.1,2.51,13.948149999999996
-1.0550000000000002,2.51,14.135351825312497
-1.01,2.51,14.319800004999996
-0.9650000000000001,2.51,14.500365500312498
-0.9199999999999999,2.51,14.675968479999998
-0.875,2.51,14.845578320312496
-0.8300000000000001,2.51,15.008213604999998
-0.7850000000000001,2.51,15.162942125312496
-0.74,2.51,15.308880879999997
-0.6950000000000001,2.51,15.445196075312495
-0.6500000000000001,2.51,15.571103124999997
-0.605,2.51,15.685866650312498
-0.56,2.51,15.788800479999997
-0.5150000000000001,2.51,15.879267650312496
-0.47,2.51,15.956680404999997
-0.42500000000000004,2.51,16.020500195312497
-0.3800000000000001,2.51,16.070237679999998
-0.33499999999999996,2.51,16.105452725312496
-0.29000000000000004,2.51,16.125754404999995
-0.2450000000000001,2.51,16.130801000312495
-0.20000000000000018,2.51,16.120299999999997
-0.15500000000000003,2.51,16.094008100312497
-0.1100000000000001,2.51,16.051731204999996
-0.06500000000000017,2.51,15.993324425312498
-0.020000000000000018,2.51,15.918692079999996
0.02499999999999991,2.51,15.827787695312498
0.06999999999999984,2.51,15.720614004999998
0.11499999999999977,2.51,15.597222950312498
0.16000000000000014,2.51,15.457715679999996
0.20500000000000007,2.51,15.302242550312497
0.25,2.51,15.131003124999996
0.29499999999999993,2.51,14.944246175312497
0.33999999999999986,2.51,14.742269679999998
0.3849999999999998,2.51,14.525420825312498
0.4299999999999997,2.51,14.294096004999998
0.4750000000000001,2.51,14.048740820312496
0.52,2.51,13.789850079999997
0.565,2.51,13.517967800312498
0.6099999999999999,2.51,13.233687204999997
0.6549999999999998,2.51,12.937650725312498
0.6999999999999997,2.51,12.63055
0.7450000000000001,2.51,12.313125875312496
0.79,2.51,11.986168404999997
0.835,2.51,11.650516850312497
0.8799999999999999,2.51,11.307059679999998
0.9249999999999998,2.51,10.956734570312499
0.9699999999999998,2.51,10.600528404999999
1.0149999999999997,2.51,10.2394772753125
1.06,2.51,9.874666479999998
1.105,2.51,9.507230525312497
1.15,2.51,9.138353124999998
1.1949999999999998,2.51,8.769267200312498
1.2399999999999998,2.51,8.40125488
1.2849999999999997,2.51,8.0356475003125
1.33,2.51,7.6738256049999976
1.375,2.51,7.317218945312497
1.42,2.51,6.967306479999998
1.4649999999999999,2.51,6.625616375312498
1.5099999999999998,2.51,6.293726005
1.5549999999999997,2.51,5.9732619503125
1.5999999999999996,2.51,5.665900000000001
1.645,2.51,5.373365150312499
1.69,2.51,5.097431605000001
1.7349999999999999,2.51,4.839922775312499
1.7799999999999998,2.51,4.602711280000001
1.8249999999999997,2.51,4.3877189453125
1.8699999999999997,2.51,4.196916804999997
1.915,2.51,4.032325100312498
1.96,2.51,3.8960132799999982
2.005,2.51,3.790100000312501
2.05,2.51,3.7167531249999968
2.0949999999999998,2.51,3.678189725312496
2.1399999999999997,2.51,3.6766760799999982
2.1849999999999996,2.51,3.7145276753124996
2.2299999999999995,2.51,3.7941092049999945
2.2749999999999995,2.51,3.9178345703125004
2.3200000000000003,2.51,4.088166879999999
2.365,2.51,4.3076184503125
2.41,2.51,4.578750805000002
2.455,2.51,4.9041746753125
2.5,2.51,5.286549999999998
-2.0,2.5549999999999997,12.034075
-1.955,2.5549999999999997,11.979489800312498
-1.91,2.5549999999999997,11.954700805
-1.865,2.5549999999999997,11.9575948253125
-1.82,2.5549999999999997,11.98610788
-1.775,2.5549999999999997,12.038225195312497
-1.73,2.5549999999999997,12.111981204999998
-1.685,2.5549999999999997,12.205459550312497
-1.6400000000000001,2.5549999999999997,12.316793079999998
-1.595,2.5549999999999997,12.4441638503125
-1.55,2.5549999999999997,12.585803124999995
-1.505,2.5549999999999997,12.7399913753125
-1.46,2.5549999999999997,12.905058279999999
-1.415,2.5549999999999997,13.079382725312497
-1.37,2.5549999999999997,13.261392804999998
-1.3250000000000002,2.5549999999999997,13.449565820312497
-1.28,2.5549999999999997,13.642428279999999
-1.2349999999999999,2.5549999999999997,13.8385559003125
-1.19,2.5549999999999997,14.036573604999997
-1.145,2.5549999999999997,14.235155525312496
-1.1,2.5549999999999997,14.433024999999997
-1.0550000000000002,2.5549999999999997,14.628954575312495
-1.01,2.5549999999999997,14.821766004999997
-0.9650000000000001,2.5549999999999997,15.010330250312496
-0.9199999999999999,2.5549999999999997,15.193567479999999
-0.875,2.5549999999999997,15.370447070312498
-0.8300000000000001,2.5549999999999997,15.539987604999997
-0.7850000000000001,2.5549999999999997,15.701256875312495
-0.74,2.5549999999999997,15.853371879999997
-0.6950000000000001,2.5549999999999997,15.995498825312495
-0.6500000000000001,2.5549999999999997,16.126853124999997
-0.605,2.5549999999999997,16.246699400312497
-0.56,2.5549999999999997,16.35435148
-0.5150000000000001,2.5549999999999997,16.4491724003125
-0.47,2.5549999999999997,16.530574404999996
-0.42500000000000004,2.5549999999999997,16.598018945312496
-0.3800000000000001,2.5549999999999997,16.651016679999998
-0.33499999999999996,2.5549999999999997,16.689127475312496
-0.29000000000000004,2.5549999999999997,16.711960404999996
-0.2450000000000001,2.5549999999999997,16.719173750312496
-0.20000000000000018,2.5549999999999997,16.710474999999995
-0.15500000000000003,2.5549999999999997,16.685620850312496
-0.1100000000000001,2.5549999999999997,16.644417204999996
-0.06500000000000017,2.5549999999999997,16.586719175312496
-0.020000000000000018,2.5549999999999997,16.512431079999995
0.02499999999999991,2.5549999999999997,16.421506445312495
0.06999999999999984,2.5549999999999997,16.313948004999997
0.11499999999999977,2.5549999999999997,16.189807700312496
0.16000000000000014,2.5549999999999997,16.049186679999995
0.20500000000000007,2.5549999999999997,15.892235300312496
0.25,2.5549999999999997,15.719153124999997
0.29499999999999993,2.5549999999999997,15.530188925312498
0.33999999999999986,2.5549999999999997,15.325640679999996
0.3849999999999998,2.5549999999999997,15.105855575312498
0.4299999999999997,2.5549999999999997,14.871230004999997
0.4750000000000001,2.5549999999999997,14.622209570312496
0.52,2.5549999999999997,14.359289079999996
0.565,2.5549999999999997,14.083012550312496
0.6099999999999999,2.5549999999999997,13.793973204999997
0.6549999999999998,2.5549999999999997,13.492813475312499
0.6999999999999997,2.5549999999999997,13.180225
0.7450000000000001,2.5549999999999997,12.856948625312496
0.79,2.5549999999999997,12.523774404999996
0.835,2.5549999999999997,12.181541600312496
0.8799999999999999,2.5549999999999997,11.831138679999999
0.9249999999999998,2.5549999999999997,11.4735033203125
0.9699999999999998,2.5549999999999997,11.109622405
1.0149999999999997,2.5549999999999997,10.7405320253125
1.06,2.5549999999999997,10.367317479999997
1.105,2.5549999999999997,9.991113275312497
1.15,2.5549999999999997,9.613103124999999
1.1949999999999998,2.5549999999999997,9.234519950312498
1.2399999999999998,2.5549999999999997,8.856645879999999
1.2849999999999997,2.5549999999999997,8.4808122503125
1.33,2.5549999999999997,8.108399604999999
1.375,2.5549999999999997,7.740837695312497
1.42,2.5549999999999997,7.379605479999997
1.4649999999999999,2.5549999999999997,7.0262311253125
1.5099999999999998,2.5549999999999997,6.682292004999999
1.5549999999999997,2.5549999999999997,6.3494147003125
1.5999999999999996,2.5549999999999997,6.029275
1.645,2.5549999999999997,5.723597900312498
1.69,2.5549999999999997,5.434157604999999
1.7349999999999999,2.5549999999999997,5.1627775253124994
1.7799999999999998,2.5549999999999997,4.911330280000001
1.8249999999999997,2.5549999999999997,4.681737695312501
1.8699999999999997,2.5549999999999997,4.475970804999999
1.915,2.5549999999999997,4.296049850312498
1.96,2.5549999999999997,4.1440442799999975
2.005,2.5549999999999997,4.0220727503125
2.05,2.5549999999999997,3.9323031249999953
2.0949999999999998,2.5549999999999997,3.876952475312496
2.1399999999999997,2.5549999999999997,3.85828708
2.1849999999999996,2.5549999999999997,3.878622425312498
2.2299999999999995,2.5549999999999997,3.9403232049999968
2.2749999999999995,2.5549999999999997,4.0458033203124995
2.3200000000000003,2.5549999999999997,4.197525880000002
2.365,2.5549999999999997,4.3980032003125
2.41,2.5549999999999997,4.649796805000003
2.455,2.5549999999999997,4.955517425312506
2.5,2.5549999999999997,5.317825000000001
-2.0,2.5999999999999996,12.279999999999998
-1.955,2.5999999999999996,12.241432550312496
-1.91,2.5999999999999996,12.232296804999997
-1.865,2.5999999999999996,12.250479575312497
-1.82,2.5999999999999996,12.293916879999998
-1.775,2.5999999999999996,12.360593945312495
-1.73,2.5999999999999996,12.448545204999995
-1.685,2.5999999999999996,12.555854300312495
-1.6400000000000001,2.5999999999999996,12.680654079999996
-1.595,2.5999999999999996,12.821126600312496
-1.55,2.5999999999999996,12.975503124999994
-1.505,2.5999999999999996,13.142064125312498
-1.46,2.5999999999999996,13.319139279999998
-1.415,2.5999999999999996,13.505107475312498
-1.37,2.5999999999999996,13.698396804999998
-1.3250000000000002,2.5999999999999996,13.897484570312495
-1.28,2.5999999999999996,14.100897279999996
-1.2349999999999999,2.5999999999999996,14.307210650312495
-1.19,2.5999999999999996,14.515049604999996
-1.145,2.5999999999999996,14.723088275312495
-1.1,2.5999999999999996,14.930049999999994
-1.0550000000000002,2.5999999999999996,15.134707325312494
-1.01,2.5999999999999996,15.335882004999995
-0.9650000000000001,2.5999999999999996,15.532445000312494
-0.9199999999999999,2.5999999999999996,15.723316479999998
-0.875,2.5999999999999996,15.907465820312495
-0.8300000000000001,2.5999999999999996,16.083911604999997
-0.7850000000000001,2.5999999999999996,16.251721625312495
-0.74,2.5999999999999996,16.410012879999996
-0.6950000000000001,2.5999999999999996,16.557951575312494
-0.6500000000000001,2.5999999999999996,16.694753124999995
-0.605,2.5999999999999996,16.819682150312495
-0.56,2.5999999999999996,16.932052479999996
-0.5150000000000001,2.5999999999999996,17.031227150312496
-0.47,2.5999999999999996,17.116618404999997
-0.42500000000000004,2.5999999999999996,17.187687695312494
-0.3800000000000001,2.5999999999999996,17.243945679999996
-0.33499999999999996,2.5999999999999996,17.284952225312495
-0.29000000000000004,2.5999999999999996,17.310316404999995
-0.2450000000000001,2.5999999999999996,17.319696500312496
-0.20000000000000018,2.5999999999999996,17.312799999999996
-0.15500000000000003,2.5999999999999996,17.289383600312494
-0.1100000000000001,2.5999999999999996,17.249253204999995
-0.06500000000000017,2.5999999999999996,17.192263925312496
-0.020000000000000018,2.5999999999999996,17.118320079999997
0.02499999999999991,2.5999999999999996,17.027375195312494
0.06999999999999984,2.5999999999999996,16.919432004999994
0.11499999999999977,2.5999999999999996,16.794542450312495
0.16000000000000014,2.5999999999999996,16.652807679999995
0.20500000000000007,2.5999999999999996,16.494378050312495
0.25,2.5999999999999996,16.319453124999995
0.29499999999999993,2.5999999999999996,16.128281675312493
0.33999999999999986,2.5999999999999996,15.921161679999996
0.3849999999999998,2.5999999999999996,15.698440325312497
0.4299999999999997,2.5999999999999996,15.460514004999997
0.4750000000000001,2.5999999999999996,15.207828320312494
0.52,2.5999999999999996,14.940878079999994
0.565,2.5999999999999996,14.660207300312495
0.6099999999999999,2.5999999999999996,14.366409204999997
0.6549999999999998,2.5999999999999996,14.060126225312496
0.6999999999999997,2.5999999999999996,13.742049999999997
0.7450000000000001,2.5999999999999996,13.412921375312495
0.79,2.5999999999999996,13.073530404999994
0.835,2.5999999999999996,12.724716350312494
0.8799999999999999,2.5999999999999996,12.367367679999997
0.9249999999999998,2.5999999999999996,12.002422070312498
0.9699999999999998,2.5999999999999996,11.630866404999997
1.0149999999999997,2.5999999999999996,11.253736775312499
1.06,2.5999999999999996,10.872118479999994
1.105,2.5999999999999996,10.487146025312494
1.15,2.5999999999999996,10.100003124999997
1.1949999999999998,2.5999999999999996,9.711922700312497
1.2399999999999998,2.5999999999999996,9.32418688
1.2849999999999997,2.5999999999999996,8.938127000312498
1.33,2.5999999999999996,8.555123604999997
1.375,2.5999999999999996,8.176606445312496
1.42,2.5999999999999996,7.804054479999997
1.4649999999999999,2.5999999999999996,7.438995875312498
1.5099999999999998,2.5999999999999996,7.083008004999996
1.5549999999999997,2.5999999999999996,6.737717450312498
1.5999999999999996,2.5999999999999996,6.404799999999999
1.645,2.5999999999999996,6.0859806503124965
1.69,2.5999999999999996,5.783033604999997
1.7349999999999999,2.5999999999999996,5.497782275312497
1.7799999999999998,2.5999999999999996,5.23209928
1.8249999999999997,2.5999999999999996,4.987906445312499
1.8699999999999997,2.5999999999999996,4.767174804999998
1.915,2.5999999999999996,4.571924600312496
1.96,2.5999999999999996,4.404225279999999
2.005,2.5999999999999996,4.266195500312499
2.05,2.5999999999999996,4.160003124999996
2.0949999999999998,2.5999999999999996,4.087865225312498
2.1399999999999997,2.5999999999999996,4.052048079999999
2.1849999999999996,2.5999999999999996,4.054867175312495
2.2299999999999995,2.5999999999999996,4.098687204999994
2.2749999999999995,2.5999999999999996,4.185922070312497
2.3200000000000003,2.5999999999999996,4.31903488
2.365,2.5999999999999996,4.5005379503124985
2.41,2.5999999999999996,4.732992805000002
2.455,2.5999999999999996,5.0190101753124985
2.5,2.5999999999999996,5.361250000000002
-2.0,2.645,12.538075000000001
-1.955,2.645,12.515525300312499
-1.91,2.645,12.522042805000003
-1.865,2.645,12.5555143253125
-1.82,2.645,12.613875880000004
-1.775,2.645,12.695112695312497
-1.73,2.645,12.797259205
-1.685,2.645,12.9183990503125
-1.6400000000000001,2.645,13.05666508
-1.595,2.645,13.2102393503125
-1.55,2.645,13.377353124999999
-1.505,2.645,13.556286875312502
-1.46,2.645,13.745370280000001
-1.415,2.645,13.942982225312498
-1.37,2.645,14.147550805
-1.3250000000000002,2.645,14.3575533203125
-1.28,2.645,14.57151628
-1.2349999999999999,2.645,14.788015400312501
-1.19,2.645,15.005675605
-1.145,2.645,15.223171025312501
-1.1,2.645,15.439225
-1.0550000000000002,2.645,15.652610075312499
-1.01,2.645,15.862148005
-0.9650000000000001,2.645,16.066709750312498
-0.9199999999999999,2.645,16.265215480000002
-0.875,2.645,16.456634570312502
-0.8300000000000001,2.645,16.639985605
-0.7850000000000001,2.645,16.8143363753125
-0.74,2.645,16.97880388
-0.6950000000000001,2.645,17.1325543253125
-0.6500000000000001,2.645,17.274803125000002
-0.605,2.645,17.404814900312502
-0.56,2.645,17.521903480000002
-0.5150000000000001,2.645,17.6254319003125
-0.47,2.645,17.714812405
-0.42500000000000004,2.645,17.7895064453125
-0.3800000000000001,2.645,17.84902468
-0.33499999999999996,2.645,17.892926975312502
-0.29000000000000004,2.645,17.920822405
-0.2450000000000001,2.645,17.9323692503125
-0.20000000000000018,2.645,17.927275
-0.15500000000000003,2.645,17.9052963503125
-0.1100000000000001,2.645,17.866239205
-0.06500000000000017,2.645,17.8099586753125
-0.020000000000000018,2.645,17.73635908
0.02499999999999991,2.645,17.6453939453125
0.06999999999999984,2.645,17.537066005
0.11499999999999977,2.645,17.411427200312502
0.16000000000000014,2.645,17.26857868
0.20500000000000007,2.645,17.1086708003125
0.25,2.645,16.931903125
0.29499999999999993,2.645,16.7385244253125
0.33999999999999986,2.645,16.52883268
0.3849999999999998,2.645,16.303175075312502
0.4299999999999997,2.645,16.061948005
0.4750000000000001,2.645,15.8055970703125
0.52,2.645,15.53461708
0.565,2.645,15.2495520503125
0.6099999999999999,2.645,14.950995205000002
0.6549999999999998,2.645,14.639588975312503
0.6999999999999997,2.645,14.316025000000003
0.7450000000000001,2.645,13.9810441253125
0.79,2.645,13.635436405
0.835,2.645,13.2800411003125
0.8799999999999999,2.645,12.915746680000002
0.9249999999999998,2.645,12.543490820312503
0.9699999999999998,2.645,12.164260405000004
1.0149999999999997,2.645,11.779091525312504
1.06,2.645,11.38906948
1.105,2.645,10.995328775312501
1.15,2.645,10.599053125000001
1.1949999999999998,2.645,10.2014754503125
1.2399999999999998,2.645,9.803877880000002
1.2849999999999997,2.645,9.407591750312504
1.33,2.645,9.013997605
1.375,2.645,8.6245251953125
1.42,2.645,8.24065348
1.4649999999999999,2.645,7.863910625312503
1.5099999999999998,2.645,7.495874005000001
1.5549999999999997,2.645,7.138170200312503
1.5999999999999996,2.645,6.792475000000003
1.645,2.645,6.460513400312502
1.69,2.645,6.144059605000001
1.7349999999999999,2.645,5.8449370253125
1.7799999999999998,2.645,5.56501828
1.8249999999999997,2.645,5.306225195312502
1.8699999999999997,2.645,5.070528805000002
1.915,2.645,4.859949350312499
1.96,2.645,4.676556280000002
2.005,2.645,4.5224682503124995
2.05,2.645,4.399853124999998
2.0949999999999998,2.645,4.310927975312499
2.1399999999999997,2.645,4.257959080000001
2.1849999999999996,2.645,4.243261925312501
2.2299999999999995,2.645,4.269201204999996
2.2749999999999995,2.645,4.3381908203125
2.3200000000000003,2.645,4.452693879999996
2.365,2.645,4.615222700312502
2.41,2.645,4.828338805000003
2.455,2.645,5.0946529253125
2.5,2.645,5.416825000000001
-2.0,2.69,12.808299999999997
-1.955,2.69,12.801768050312498
-1.91,2.69,12.823938805
-1.865,2.69,12.872699075312498
-1.82,2.69,12.945984880000003
-1.775,2.69,13.0417814453125
-1.73,2.69,13.158123204999999
-1.685,2.69,13.293093800312498
-1.6400000000000001,2.69,13.44482608
-1.595,2.69,13.611502100312498
-1.55,2.69,13.791353124999997
-1.505,2.69,13.982659625312499
-1.46,2.69,14.18375128
-1.415,2.69,14.393006975312499
-1.37,2.69,14.608854804999998
-1.3250000000000002,2.69,14.829772070312499
-1.28,2.69,15.054285279999998
-1.2349999999999999,2.69,15.2809701503125
-1.19,2.69,15.508451605
-1.145,2.69,15.735403775312498
-1.1,2.69,15.960549999999998
-1.0550000000000002,2.69,16.182662825312498
-1.01,2.69,16.400564004999996
-0.9650000000000001,2.69,16.613124500312498
-0.9199999999999999,2.69,16.81926448
-0.875,2.69,17.0179533203125
-0.8300000000000001,2.69,17.208209605
-0.7850000000000001,2.69,17.389101125312497
-0.74,2.69,17.559744879999997
-0.6950000000000001,2.69,17.7193070753125
-0.6500000000000001,2.69,17.867003124999997
-0.605,2.69,18.0020976503125
-0.56,2.69,18.12390448
-0.5150000000000001,2.69,18.2317866503125
-0.47,2.69,18.325156404999998
-0.42500000000000004,2.69,18.4034751953125
-0.3800000000000001,2.69,18.466253679999998
-0.33499999999999996,2.69,18.5130517253125
-0.29000000000000004,2.69,18.543478405
-0.2450000000000001,2.69,18.557192000312497
-0.20000000000000018,2.69,18.5539
-0.15500000000000003,2.69,18.5333591003125
-0.1100000000000001,2.69,18.495375205
-0.06500000000000017,2.69,18.439803425312498
-0.020000000000000018,2.69,18.366548079999998
0.02499999999999991,2.69,18.275562695312498
0.06999999999999984,2.69,18.166850005
0.11499999999999977,2.69,18.040461950312498
0.16000000000000014,2.69,17.896499679999998
0.20500000000000007,2.69,17.735113550312498
0.25,2.69,17.556503125
0.29499999999999993,2.69,17.3609171753125
0.33999999999999986,2.69,17.14865368
0.3849999999999998,2.69,16.9200598253125
0.4299999999999997,2.69,16.675532005
0.4750000000000001,2.69,16.4155158203125
0.52,2.69,16.140506079999998
0.565,2.69,15.8510468003125
0.6099999999999999,2.69,15.547731205
0.6549999999999998,2.69,15.2312017253125
0.6999999999999997,2.69,14.90215
0.7450000000000001,2.69,14.561316875312498
0.79,2.69,14.209492404999999
0.835,2.69,13.847515850312499
0.8799999999999999,2.69,13.47627568
0.9249999999999998,2.69,13.096709570312502
0.9699999999999998,2.69,12.709804405000002
1.0149999999999997,2.69,12.316596275312502
1.06,2.69,11.918170479999997
1.105,2.69,11.515661525312499
1.15,2.69,11.110253125
1.1949999999999998,2.69,10.7031782003125
1.2399999999999998,2.69,10.295718880000003
1.2849999999999997,2.69,9.889206500312502
1.33,2.69,9.485021604999998
1.375,2.69,9.084593945312498
1.42,2.69,8.689402479999998
1.4649999999999999,2.69,8.3009753753125
1.5099999999999998,2.69,7.920890004999999
1.5549999999999997,2.69,7.550772950312501
1.5999999999999996,2.69,7.192300000000002
1.645,2.69,6.847196150312499
1.69,2.69,6.517235605000001
1.7349999999999999,2.69,6.204241775312498
1.7799999999999998,2.69,5.910087280000001
1.8249999999999997,2.69,5.6366939453125
1.8699999999999997,2.69,5.386032805000001
1.915,2.69,5.160124100312499
1.96,2.69,4.961037280000001
2.005,2.69,4.7908910003125005
2.05,2.69,4.651853124999995
2.0949999999999998,2.69,4.546140725312496
2.1399999999999997,2.69,4.47602008
2.1849999999999996,2.69,4.4438066753125
2.2299999999999995,2.69,4.451865204999999
2.2749999999999995,2.69,4.502609570312499
2.3200000000000003,2.69,4.59850288
2.365,2.69,4.742057450312499
2.41,2.69,4.935834805000004
2.455,2.69,5.182445675312499
2.5,2.69,5.484549999999997
-2.0,2.735,13.090674999999997
-1.955,2.735,13.100160800312498
-1.91,2.735,13.137984804999999
-1.865,2.735,13.202033825312501
-1.82,2.735,13.290243879999998
-1.775,2.735,13.4006001953125
-1.73,2.735,13.531137204999999
-1.685,2.735,13.679938550312498
-1.6400000000000001,2.735,13.845137079999997
-1.595,2.735,14.024914850312497
-1.55,2.735,14.217503124999997
-1.505,2.735,14.4211823753125
-1.46,2.735,14.634282279999999
-1.415,2.735,14.855181725312498
-1.37,2.735,15.082308804999998
-1.3250000000000002,2.735,15.314140820312499
-1.28,2.735,15.54920428
-1.2349999999999999,2.735,15.786074900312501
-1.19,2.735,16.023377604999997
-1.145,2.735,16.2597865253125
-1.1,2.735,16.494025
-1.0550000000000002,2.735,16.724865575312496
-1.01,2.735,16.951130004999996
-0.9650000000000001,2.735,17.171689250312497
-0.9199999999999999,2.735,17.38546348
-0.875,2.735,17.591422070312497
-0.8300000000000001,2.735,17.788583605
-0.7850000000000001,2.735,17.9760158753125
-0.74,2.735,18.152835879999998
-0.6950000000000001,2.735,18.318209825312497
-0.6500000000000001,2.735,18.471353124999997
-0.605,2.735,18.6115304003125
-0.56,2.735,18.73805548
-0.5150000000000001,2.735,18.8502914003125
-0.47,2.735,18.947650404999997
-0.42500000000000004,2.735,19.0295939453125
-0.3800000000000001,2.735,19.095632679999998
-0.33499999999999996,2.735,19.145326475312498
-0.29000000000000004,2.735,19.178284405
-0.2450000000000001,2.735,19.1941647503125
-0.20000000000000018,2.735,19.192674999999998
-0.15500000000000003,2.735,19.1735718503125
-0.1100000000000001,2.735,19.136661204999996
-0.06500000000000017,2.735,19.0817981753125
-0.020000000000000018,2.735,19.008887079999997
0.02499999999999991,2.735,18.9178814453125
0.06999999999999984,2.735,18.808784005
0.11499999999999977,2.735,18.6816467003125
0.16000000000000014,2.735,18.536570679999997
0.20500000000000007,2.735,18.3737063003125
0.25,2.735,18.193253125
0.29499999999999993,2.735,17.9954599253125
0.33999999999999986,2.735,17.78062468
0.3849999999999998,2.735,17.5490945753125
0.4299999999999997,2.735,17.301266005
0.4750000000000001,2.735,17.037584570312497
0.52,2.735,16.758545079999998
0.565,2.735,16.464691550312498
0.6099999999999999,2.735,16.156617205
0.6549999999999998,2.735,15.8349644753125
0.6999999999999997,2.735,15.500425
0.7450000000000001,2.735,15.153739625312497
0.79,2.735,14.795698404999998
0.835,2.735,14.427140600312498
0.8799999999999999,2.735,14.048954679999998
0.9249999999999998,2.735,13.6620783203125
0.9699999999999998,2.735,13.267498405000001
1.0149999999999997,2.735,12.8662510253125
1.06,2.735,12.459421479999998
1.105,2.735,12.048144275312499
1.15,2.735,11.633603124999999
1.1949999999999998,2.735,11.217030950312498
1.2399999999999998,2.735,10.79970988
1.2849999999999997,2.735,10.382971250312501
1.33,2.735,9.968195604999998
1.375,2.735,9.556812695312498
1.42,2.735,9.150301479999998
1.4649999999999999,2.735,8.7501901253125
1.5099999999999998,2.735,8.358056004999998
1.5549999999999997,2.735,7.975525700312501
1.5999999999999996,2.735,7.604275000000001
1.645,2.735,7.246028900312499
1.69,2.735,6.902561604999999
1.7349999999999999,2.735,6.575696525312498
1.7799999999999998,2.735,6.26730628
1.8249999999999997,2.735,5.979312695312501
1.8699999999999997,2.735,5.713686805000002
1.915,2.735,5.472448850312498
1.96,2.735,5.257668280000001
2.005,2.735,5.0714637503125
2.05,2.735,4.916003124999998
2.0949999999999998,2.735,4.793503475312498
2.1399999999999997,2.735,4.7062310799999985
2.1849999999999996,2.735,4.656501425312497
2.2299999999999995,2.735,4.646679204999998
2.2749999999999995,2.735,4.679178320312499
2.3200000000000003,2.735,4.75646188
2.365,2.735,4.881042200312496
2.41,2.735,5.055480805000002
2.455,2.735,5.282388425312501
2.5,2.735,5.564424999999996
-2.0,2.78,13.385199999999998
-1.955,2.78,13.410703550312498
-1.91,2.78,13.464180804999998
-1.865,2.78,13.5435185753125
-1.82,2.78,13.646652879999998
-1.775,2.78,13.771568945312499
-1.73,2.78,13.916301204999996
-1.685,2.78,14.078933300312496
-1.6400000000000001,2.78,14.257598079999996
-1.595,2.78,14.450477600312496
-1.55,2.78,14.655803124999997
-1.505,2.78,14.871855125312498
-1.46,2.78,15.096963279999999
-1.415,2.78,15.329506475312499
-1.37,2.78,15.567912804999997
-1.3250000000000002,2.78,15.810659570312495
-1.28,2.78,16.05627328
-1.2349999999999999,2.78,16.3033296503125
-1.19,2.78,16.550453604999998
-1.145,2.78,16.7963192753125
-1.1,2.78,17.039649999999995
-1.0550000000000002,2.78,17.2792183253125
-1.01,2.78,17.513846004999998
-0.9650000000000001,2.78,17.742404000312497
-0.9199999999999999,2.78,17.963812479999998
-0.875,2.78,18.1770408203125
-0.8300000000000001,2.78,18.381107604999997
-0.7850000000000001,2.78,18.575080625312495
-0.74,2.78,18.758076879999997
-0.6950000000000001,2.78,18.929262575312496
-0.6500000000000001,2.78,19.087853124999995
-0.605,2.78,19.233113150312498
-0.56,2.78,19.364356479999998
-0.5150000000000001,2.78,19.480946150312498
-0.47,2.78,19.582294405
-0.42500000000000004,2.78,19.667862695312497
-0.3800000000000001,2.78,19.737161679999996
-0.33499999999999996,2.78,19.789751225312497
-0.29000000000000004,2.78,19.825240404999995
-0.2450000000000001,2.78,19.8432875003125
-0.20000000000000018,2.78,19.843599999999995
-0.15500000000000003,2.78,19.825934600312497
-0.1100000000000001,2.78,19.790097204999995
-0.06500000000000017,2.78,19.735942925312496
-0.020000000000000018,2.78,19.66337608
0.02499999999999991,2.78,19.5723501953125
0.06999999999999984,2.78,19.462868004999997
0.11499999999999977,2.78,19.334981450312497
0.16000000000000014,2.78,19.188791679999994
0.20500000000000007,2.78,19.024449050312498
0.25,2.78,18.842153124999996
0.29499999999999993,2.78,18.6421526753125
0.33999999999999986,2.78,18.424745679999997
0.3849999999999998,2.78,18.1902793253125
0.4299999999999997,2.78,17.939150005
0.4750000000000001,2.78,17.671803320312495
0.52,2.78,17.388734079999995
0.565,2.78,17.0904863003125
0.6099999999999999,2.78,16.777653204999996
0.6549999999999998,2.78,16.4508772253125
0.6999999999999997,2.78,16.11085
0.7450000000000001,2.78,15.758312375312496
0.79,2.78,15.394054404999997
0.835,2.78,15.018915350312497
0.8799999999999999,2.78,14.633783679999997
0.9249999999999998,2.78,14.239597070312499
0.9699999999999998,2.78,13.837342405
1.0149999999999997,2.78,13.428055775312501
1.06,2.78,13.012822479999997
1.105,2.78,12.592777025312497
1.15,2.78,12.169103124999998
1.1949999999999998,2.78,11.743033700312498
1.2399999999999998,2.78,11.31585088
1.2849999999999997,2.78,10.8888860003125
1.33,2.78,10.463519604999998
1.375,2.78,10.041181445312496
1.42,2.78,9.623350479999997
1.4649999999999999,2.78,9.211554875312501
1.5099999999999998,2.78,8.807372005
1.5549999999999997,2.78,8.4124284503125
1.5999999999999996,2.78,8.028400000000001
1.645,2.78,7.6570116503125
1.69,2.78,7.300037605
1.7349999999999999,2.78,6.959301275312498
1.7799999999999998,2.78,6.636675279999999
1.8249999999999997,2.78,6.334081445312501
1.8699999999999997,2.78,6.053490804999999
1.915,2.78,5.796923600312498
1.96,2.78,5.566449279999999
2.005,2.78,5.364186500312499
2.05,2.78,5.192303124999997
2.0949999999999998,2.78,5.053016225312497
2.1399999999999997,2.78,4.948592080000001
2.1849999999999996,2.78,4.881346175312499
2.2299999999999995,2.78,4.853643204999997
2.2749999999999995,2.78,4.867897070312498
2.3200000000000003,2.78,4.92657088
2.365,2.78,5.032176950312497
2.41,2.78,5.187276805
2.455,2.78,5.394481175312503
2.5,2.78,5.656449999999996
-2.0,2.8249999999999997,13.691874999999996
-1.955,2.8249999999999997,13.7333963003125
-1.91,2.8249999999999997,13.802526804999996
-1.865,2.8249999999999997,13.897153325312498
-1.82,2.8249999999999997,14.015211879999995
-1.775,2.8249999999999997,14.154687695312496
-1.73,2.8249999999999997,14.313615204999996
-1.685,2.8249999999999997,14.490078050312498
-1.6400000000000001,2.8249999999999997,14.682209079999994
-1.595,2.8249999999999997,14.888190350312495
-1.55,2.8249999999999997,15.106253124999995
-1.505,2.8249999999999997,15.334677875312497
-1.46,2.8249999999999997,15.571794279999997
-1.415,2.8249999999999997,15.815981225312497
-1.37,2.8249999999999997,16.065666804999996
-1.3250000000000002,2.8249999999999997,16.319328320312497
-1.28,2.8249999999999997,16.57549228
-1.2349999999999999,2.8249999999999997,16.832734400312496
-1.19,2.8249999999999997,17.089679604999994
-1.145,2.8249999999999997,17.345002025312496
-1.1,2.8249999999999997,17.597424999999998
-1.0550000000000002,2.8249999999999997,17.845721075312497
-1.01,2.8249999999999997,18.088712004999994
-0.9650000000000001,2.8249999999999997,18.325268750312496
-0.9199999999999999,2.8249999999999997,18.554311479999996
-0.875,2.8249999999999997,18.774809570312495
-0.8300000000000001,2.8249999999999997,18.985781604999996
-0.7850000000000001,2.8249999999999997,19.186295375312493
-0.74,2.8249999999999997,19.375467879999995
-0.6950000000000001,2.8249999999999997,19.552465325312497
-0.6500000000000001,2.8249999999999997,19.716503124999996
-0.605,2.8249999999999997,19.866845900312494
-0.56,2.8249999999999997,20.002807479999994
-0.5150000000000001,2.8249999999999997,20.123750900312494
-0.47,2.8249999999999997,20.229088404999995
-0.42500000000000004,2.8249999999999997,20.318281445312493
-0.3800000000000001,2.8249999999999997,20.390840679999997
-0.33499999999999996,2.8249999999999997,20.446325975312497
-0.29000000000000004,2.8249999999999997,20.484346404999997
-0.2450000000000001,2.8249999999999997,20.504560250312494
-0.20000000000000018,2.8249999999999997,20.506674999999994
-0.15500000000000003,2.8249999999999997,20.490447350312497
-0.1100000000000001,2.8249999999999997,20.455683204999996
-0.06500000000000017,2.8249999999999997,20.402237675312495
-0.020000000000000018,2.8249999999999997,20.330015079999995
0.02499999999999991,2.8249999999999997,20.238968945312497
0.06999999999999984,2.8249999999999997,20.129102004999996
0.11499999999999977,2.8249999999999997,20.000466200312495
0.16000000000000014,2.8249999999999997,19.853162679999993
0.20500000000000007,2.8249999999999997,19.687341800312495
0.25,2.8249999999999997,19.503203124999995
0.29499999999999993,2.8249999999999997,19.300995425312497
0.33999999999999986,2.8249999999999997,19.081016679999998
0.3849999999999998,2.8249999999999997,18.843614075312495
0.4299999999999997,2.8249999999999997,18.589184004999996
0.4750000000000001,2.8249999999999997,18.318172070312496
0.52,2.8249999999999997,18.031073079999995
0.565,2.8249999999999997,17.728431050312494
0.6099999999999999,2.8249999999999997,17.410839204999995
0.6549999999999998,2.8249999999999997,17.078939975312498
0.6999999999999997,2.8249999999999997,16.733424999999997
0.7450000000000001,2.8249999999999997,16.375035125312493
0.79,2.8249999999999997,16.004560404999996
0.835,2.8249999999999997,15.622840100312496
0.8799999999999999,2.8249999999999997,15.230762679999996
0.9249999999999998,2.8249999999999997,14.829265820312498
0.9699999999999998,2.8249999999999997,14.419336405
1.0149999999999997,2.8249999999999997,14.0020105253125
1.06,2.8249999999999997,13.578373479999996
1.105,2.8249999999999997,13.149559775312497
1.15,2.8249999999999997,12.716753124999997
1.1949999999999998,2.8249999999999997,12.281186450312497
1.2399999999999998,2.8249999999999997,11.844141879999999
1.2849999999999997,2.8249999999999997,11.406950750312498
1.33,2.8249999999999997,10.970993604999997
1.375,2.8249999999999997,10.537700195312496
1.42,2.8249999999999997,10.108549479999995
1.4649999999999999,2.8249999999999997,9.685069625312499
1.5099999999999998,2.8249999999999997,9.268838004999997
1.5549999999999997,2.8249999999999997,8.861481200312499
1.5999999999999996,2.8249999999999997,8.464675
1.645,2.8249999999999997,8.080144400312497
1.69,2.8249999999999997,7.709663604999998
1.7349999999999999,2.8249999999999997,7.355056025312496
1.7799999999999998,2.8249999999999997,7.0181942799999995
1.8249999999999997,2.8249999999999997,6.701000195312499
1.8699999999999997,2.8249999999999997,6.405444804999998
1.915,2.8249999999999997,6.133548350312498
1.96,2.8249999999999997,5.887380279999999
2.005,2.8249999999999997,5.669059250312497
2.05,2.8249999999999997,5.480753124999994
2.0949999999999998,2.8249999999999997,5.324678975312498
2.1399999999999997,2.8249999999999997,5.203103079999998
2.1849999999999996,2.8249999999999997,5.1183409253124985
2.2299999999999995,2.8249999999999997,5.0727572049999985
2.2749999999999995,2.8249999999999997,5.068765820312496
2.3200000000000003,2.8249999999999997,5.108829879999998
2.365,2.8249999999999997,5.195461700312496
2.41,2.8249999999999997,5.331222805000003
2.455,2.8249999999999997,5.5187239253125036
2.5,2.8249999999999997,5.760624999999994
-2.0,2.8699999999999997,14.010699999999996
-1.955,2.8699999999999997,14.0682390503125
-1.91,2.8699999999999997,14.153022804999996
-1.865,2.8699999999999997,14.262938075312498
-1.82,2.8699999999999997,14.395920880000002
-1.775,2.8699999999999997,14.549956445312496
-1.73,2.8699999999999997,14.723079204999996
-1.685,2.8699999999999997,14.913372800312498
-1.6400000000000001,2.8699999999999997,15.118970079999999
-1.595,2.8699999999999997,15.338053100312495
-1.55,2.8699999999999997,15.568853124999995
-1.505,2.8699999999999997,15.809650625312498
-1.46,2.8699999999999997,16.05877528
-1.415,2.8699999999999997,16.314605975312496
-1.37,2.8699999999999997,16.575570804999998
-1.3250000000000002,2.8699999999999997,16.840147070312497
-1.28,2.8699999999999997,17.106861279999997
-1.2349999999999999,2.8699999999999997,17.3742891503125
-1.19,2.8699999999999997,17.641055605
-1.145,2.8699999999999997,17.905834775312496
-1.1,2.8699999999999997,18.167349999999995
-1.0550000000000002,2.8699999999999997,18.424373825312497
-1.01,2.8699999999999997,18.675728004999996
-0.9650000000000001,2.8699999999999997,18.920283500312497
-0.9199999999999999,2.8699999999999997,19.15696048
-0.875,2.8699999999999997,19.384728320312497
-0.8300000000000001,2.8699999999999997,19.602605604999997
-0.7850000000000001,2.8699999999999997,19.809660125312494
-0.74,2.8699999999999997,20.005008879999995
-0.6950000000000001,2.8699999999999997,20.187818075312496
-0.6500000000000001,2.8699999999999997,20.357303124999994
-0.605,2.8699999999999997,20.512728650312496
-0.56,2.8699999999999997,20.653408479999996
-0.5150000000000001,2.8699999999999997,20.778705650312496
-0.47,2.8699999999999997,20.888032404999997
-0.42500000000000004,2.8699999999999997,20.980850195312495
-0.3800000000000001,2.8699999999999997,21.056669679999995
-0.33499999999999996,2.8699999999999997,21.115050725312496
-0.29000000000000004,2.8699999999999997,21.155602404999996
-0.2450000000000001,2.8699999999999997,21.177983000312494
-0.20000000000000018,2.8699999999999997,21.181899999999995
-0.15500000000000003,2.8699999999999997,21.167110100312495
-0.1100000000000001,2.8699999999999997,21.133419204999996
-0.06500000000000017,2.8699999999999997,21.080682425312496
-0.020000000000000018,2.8699999999999997,21.008804079999997
0.02499999999999991,2.8699999999999997,20.917737695312496
0.06999999999999984,2.8699999999999997,20.807486004999998
0.11499999999999977,2.8699999999999997,20.678100950312498
0.16000000000000014,2.8699999999999997,20.529683679999994
0.20500000000000007,2.8699999999999997,20.362384550312495
0.25,2.8699999999999997,20.176403124999997
0.29499999999999993,2.8699999999999997,19.971988175312497
0.33999999999999986,2.8699999999999997,19.749437679999996
0.3849999999999998,2.8699999999999997,19.509098825312496
0.4299999999999997,2.8699999999999997,19.251368004999996
0.4750000000000001,2.8699999999999997,18.976690820312495
0.52,2.8699999999999997,18.685562079999997
0.565,2.8699999999999997,18.378525800312495
0.6099999999999999,2.8699999999999997,18.056175204999995
0.6549999999999998,2.8699999999999997,17.719152725312497
0.6999999999999997,2.8699999999999997,17.36815
0.7450000000000001,2.8699999999999997,17.003907875312496
0.79,2.8699999999999997,16.627216404999995
0.835,2.8699999999999997,16.238914850312497
0.8799999999999999,2.8699999999999997,15.839891679999997
0.9249999999999998,2.8699999999999997,15.431084570312498
0.9699999999999998,2.8699999999999997,15.013480405
1.0149999999999997,2.8699999999999997,14.5881152753125
1.06,2.8699999999999997,14.156074479999997
1.105,2.8699999999999997,13.718492525312497
1.15,2.8699999999999997,13.276553124999998
1.1949999999999998,2.8699999999999997,12.831489200312497
1.2399999999999998,2.8699999999999997,12.38458288
1.2849999999999997,2.8699999999999997,11.9371655003125
1.33,2.8699999999999997,11.490617604999997
1.375,2.8699999999999997,11.046368945312496
1.42,2.8699999999999997,10.605898479999997
1.4649999999999999,2.8699999999999997,10.170734375312499
1.5099999999999998,2.8699999999999997,9.742454004999999
1.5549999999999997,2.8699999999999997,9.322683950312499
1.5999999999999996,2.8699999999999997,8.913100000000002
1.645,2.8699999999999997,8.515427150312497
1.69,2.8699999999999997,8.131439605
1.7349999999999999,2.8699999999999997,7.7629607753124965
1.7799999999999998,2.8699999999999997,7.41186328
1.8249999999999997,2.8699999999999997,7.080068945312501
1.8699999999999997,2.8699999999999997,6.7695488049999994
1.915,2.8699999999999997,6.482323100312499
1.96,2.8699999999999997,6.2204612799999985
2.005,2.8699999999999997,5.986082000312498
2.05,2.8699999999999997,5.781353124999999
2.0949999999999998,2.8699999999999997,5.608491725312497
2.1399999999999997,2.8699999999999997,5.469764080000003
2.1849999999999996,2.8699999999999997,5.367485675312501
2.2299999999999995,2.8699999999999997,5.304021204999998
2.2749999999999995,2.8699999999999997,5.2817845703124995
2.3200000000000003,2.8699999999999997,5.3032388799999985
2.365,2.8699999999999997,5.370896450312497
2.41,2.8699999999999997,5.487318805000005
2.455,2.8699999999999997,5.655116675312499
2.5,2.8699999999999997,5.876950000000001
-2.0,2.915,14.341675000000002
-1.955,2.915,14.415231800312498
-1.91,2.915,14.515668805000004
-1.865,2.915,14.640872825312503
-1.82,2.915,14.788779880000003
-1.775,2.915,14.957375195312501
-1.73,2.915,15.144693204999998
-1.685,2.915,15.3488175503125
-1.6400000000000001,2.915,15.567881080000001
-1.595,2.915,15.800065850312498
-1.55,2.915,16.043603124999997
-1.505,2.915,16.2967733753125
-1.46,2.915,16.55790628
-1.415,2.915,16.8253807253125
-1.37,2.915,17.097624805
-1.3250000000000002,2.915,17.3731158203125
-1.28,2.915,17.65038028
-1.2349999999999999,2.915,17.9279939003125
-1.19,2.915,18.204581605
-1.145,2.915,18.4788175253125
-1.1,2.915,18.749425000000002
-1.0550000000000002,2.915,19.0151765753125
-1.01,2.915,19.274894005
-0.9650000000000001,2.915,19.5274482503125
-0.9199999999999999,2.915,19.77175948
-0.875,2.915,20.0067970703125
-0.8300000000000001,2.915,20.231579605
-0.7850000000000001,2.915,20.4451748753125
-0.74,2.915,20.64669988
-0.6950000000000001,2.915,20.8353208253125
-0.6500000000000001,2.915,21.010253125
-0.605,2.915,21.1707614003125
-0.56,2.915,21.31615948
-0.5150000000000001,2.915,21.4458104003125
-0.47,2.915,21.559126405
-0.42500000000000004,2.915,21.655568945312503
-0.3800000000000001,2.915,21.73464868
-0.33499999999999996,2.915,21.7959254753125
-0.29000000000000004,2.915,21.839008405
-0.2450000000000001,2.915,21.8635557503125
-0.20000000000000018,2.915,21.869275000000002
-0.15500000000000003,2.915,21.855922850312503
-0.1100000000000001,2.915,21.823305205
-0.06500000000000017,2.915,21.771277175312502
-0.020000000000000018,2.915,21.69974308
0.02499999999999991,2.915,21.6086564453125
0.06999999999999984,2.915,21.498020005
0.11499999999999977,2.915,21.367885700312502
0.16000000000000014,2.915,21.21835468
0.20500000000000007,2.915,21.0495773003125
0.25,2.915,20.861753125
0.29499999999999993,2.915,20.655130925312502
0.33999999999999986,2.915,20.43000868
0.3849999999999998,2.915,20.186733575312502
0.4299999999999997,2.915,19.925702005
0.4750000000000001,2.915,19.6473595703125
0.52,2.915,19.35220108
0.565,2.915,19.0407705503125
0.6099999999999999,2.915,18.713661205
0.6549999999999998,2.915,18.371515475312503
0.6999999999999997,2.915,18.015025
0.7450000000000001,2.915,17.6449306253125
0.79,2.915,17.262022405
0.835,2.915,16.867139600312502
0.8799999999999999,2.915,16.461170680000002
0.9249999999999998,2.915,16.045053320312505
0.9699999999999998,2.915,15.619774405000003
1.0149999999999997,2.915,15.186370025312504
1.06,2.915,14.74592548
1.105,2.915,14.299575275312499
1.15,2.915,13.848503125
1.1949999999999998,2.915,13.3939419503125
1.2399999999999998,2.915,12.937173880000003
1.2849999999999997,2.915,12.479530250312504
1.33,2.915,12.022391605000001
1.375,2.915,11.5671876953125
1.42,2.915,11.115397480000002
1.4649999999999999,2.915,10.668549125312502
1.5099999999999998,2.915,10.228220005
1.5549999999999997,2.915,9.796036700312502
1.5999999999999996,2.915,9.373675000000006
1.645,2.915,8.962859900312502
1.69,2.915,8.565365605000004
1.7349999999999999,2.915,8.183015525312502
1.7799999999999998,2.915,7.817682280000003
1.8249999999999997,2.915,7.471287695312505
1.8699999999999997,2.915,7.145802805000002
1.915,2.915,6.843247850312501
1.96,2.915,6.56569228
2.005,2.915,6.315254750312501
2.05,2.915,6.094103124999998
2.0949999999999998,2.915,5.904454475312498
2.1399999999999997,2.915,5.748575080000002
2.1849999999999996,2.915,5.6287804253125024
2.2299999999999995,2.915,5.547435204999999
2.2749999999999995,2.915,5.506953320312501
2.3200000000000003,2.915,5.509797879999997
2.365,2.915,5.5584812003124995
2.41,2.915,5.6555648050000045
2.455,2.915,5.8036594253125
2.5,2.915,6.0054250000000025
-2.0,2.96,14.6848
-1.955,2.96,14.774374550312498
-1.91,2.96,14.890464805
-1.865,2.96,15.030957575312499
-1.82,2.96,15.19378888
-1.775,2.96,15.376943945312497
-1.73,2.96,15.578457205
-1.685,2.96,15.796412300312499
-1.6400000000000001,2.96,16.02894208
-1.595,2.96,16.274228600312497
-1.55,2.96,16.530503124999996
-1.505,2.96,16.7960461253125
-1.46,2.96,17.06918728
-1.415,2.96,17.3483054753125
-1.37,2.96,17.631828804999998
-1.3250000000000002,2.96,17.9182345703125
-1.28,2.96,18.206049280000002
-1.2349999999999999,2.96,18.4938486503125
-1.19,2.96,18.780257604999996
-1.145,2.96,19.0639502753125
-1.1,2.96,19.34365
-1.0550000000000002,2.96,19.6181293253125
-1.01,2.96,19.886210004999995
-0.9650000000000001,2.96,20.146763000312497
-0.9199999999999999,2.96,20.39870848
-0.875,2.96,20.6410158203125
-0.8300000000000001,2.96,20.872703604999998
-0.7850000000000001,2.96,21.092839625312497
-0.74,2.96,21.30054088
-0.6950000000000001,2.96,21.4949735753125
-0.6500000000000001,2.96,21.675353124999997
-0.605,2.96,21.8409441503125
-0.56,2.96,21.991060479999998
-0.5150000000000001,2.96,22.125065150312498
-0.47,2.96,22.242370405
-0.42500000000000004,2.96,22.342437695312498
-0.3800000000000001,2.96,22.42477768
-0.33499999999999996,2.96,22.4889502253125
-0.29000000000000004,2.96,22.534564404999998
-0.2450000000000001,2.96,22.561278500312497
-0.20000000000000018,2.96,22.5688
-0.15500000000000003,2.96,22.556885600312498
-0.1100000000000001,2.96,22.525341204999997
-0.06500000000000017,2.96,22.4740219253125
-0.020000000000000018,2.96,22.40283208
0.02499999999999991,2.96,22.311725195312498
0.06999999999999984,2.96,22.200704005
0.11499999999999977,2.96,22.0698204503125
0.16000000000000014,2.96,21.91917568
0.20500000000000007,2.96,21.7489200503125
0.25,2.96,21.559253124999998
0.29499999999999993,2.96,21.3504236753125
0.33999999999999986,2.96,21.12272968
0.3849999999999998,2.96,20.8765183253125
0.4299999999999997,2.96,20.612186005
0.4750000000000001,2.96,20.3301783203125
0.52,2.96,20.03099008
0.565,2.96,19.7151653003125
0.6099999999999999,2.96,19.383297204999998
0.6549999999999998,2.96,19.0360282253125
0.6999999999999997,2.96,18.67405
0.7450000000000001,2.96,18.298103375312497
0.79,2.96,17.908978405
0.835,2.96,17.507514350312498
0.8799999999999999,2.96,17.09459968
0.9249999999999998,2.96,16.6711720703125
0.9699999999999998,2.96,16.238218405
1.0149999999999997,2.96,15.796774775312503
1.06,2.96,15.347926479999998
1.105,2.96,14.892808025312497
1.15,2.96,14.432603125
1.1949999999999998,2.96,13.9685447003125
1.2399999999999998,2.96,13.501914880000001
1.2849999999999997,2.96,13.034045000312503
1.33,2.96,12.566315605
1.375,2.96,12.1001564453125
1.42,2.96,11.637046479999999
1.4649999999999999,2.96,11.1785138753125
1.5099999999999998,2.96,10.726136004999999
1.5549999999999997,2.96,10.2815394503125
1.5999999999999996,2.96,9.846400000000003
1.645,2.96,9.422442650312501
1.69,2.96,9.011441604999998
1.7349999999999999,2.96,8.6152202753125
1.7799999999999998,2.96,8.235651280000003
1.8249999999999997,2.96,7.8746564453125
1.8699999999999997,2.96,7.534206805000004
1.915,2.96,7.216322600312498
1.96,2.96,6.9230732800000006
2.005,2.96,6.656577500312501
2.05,2.96,6.419003124999996
2.0949999999999998,2.96,6.212567225312501
2.1399999999999997,2.96,6.039536080000001
2.1849999999999996,2.96,5.902225175312498
2.2299999999999995,2.96,5.802999204999999
2.2749999999999995,2.96,5.744272070312501
2.3200000000000003,2.96,5.728506879999998
2.365,2.96,5.7582159503125006
2.41,2.96,5.835960805000003
2.455,2.96,5.964352175312502
2.5,2.96,6.146049999999999
-2.0,3.005,15.040075000000002
-1.955,3.005,15.1456673003125
-1.91,3.005,15.277410804999999
-1.865,3.005,15.4331923253125
-1.82,3.005,15.610947880000001
-1.775,3.005,15.8086626953125
-1.73,3.005,16.024371205
-1.685,3.005,16.256157050312503
-1.6400000000000001,3.005,16.50215308
-1.595,3.005,16.7605413503125
-1.55,3.005,17.029553125
-1.505,3.005,17.3074688753125
-1.46,3.005,17.592618280000003
-1.415,3.005,17.8833802253125
-1.37,3.005,18.178182805
-1.3250000000000002,3.005,18.475503320312498
-1.28,3.005,18.773868280000002
-1.2349999999999999,3.005,19.071853400312502
-1.19,3.005,19.368083605000002
-1.145,3.005,19.6612330253125
-1.1,3.005,19.950025
-1.0550000000000002,3.005,20.2332320753125
-1.01,3.005,20.509676005
-0.9650000000000001,3.005,20.7782277503125
-0.9199999999999999,3.005,21.03780748
-0.875,3.005,21.2873845703125
-0.8300000000000001,3.005,21.525977605
-0.7850000000000001,3.005,21.7526543753125
-0.74,3.005,21.96653188
-0.6950000000000001,3.005,22.166776325312497
-0.6500000000000001,3.005,22.352603125
-0.605,3.005,22.523276900312503
-0.56,3.005,22.67811148
-0.5150000000000001,3.005,22.816469900312498
-0.47,3.005,22.937764405
-0.42500000000000004,3.005,23.041456445312498
-0.3800000000000001,3.005,23.12705668
-0.33499999999999996,3.005,23.194124975312498
-0.29000000000000004,3.005,23.242270405
-0.2450000000000001,3.005,23.2711512503125
-0.20000000000000018,3.005,23.280475
-0.15500000000000003,3.005,23.2699983503125
-0.1100000000000001,3.005,23.239527204999998
-0.06500000000000017,3.005,23.1889166753125
-0.020000000000000018,3.005,23.11807108
0.02499999999999991,3.005,23.0269439453125
0.06999999999999984,3.005,22.915538005000002
0.11499999999999977,3.005,22.7839052003125
0.16000000000000014,3.005,22.632146679999998
0.20500000000000007,3.005,22.4604128003125
0.25,3.005,22.268903125
0.29499999999999993,3.005,22.0578664253125
0.33999999999999986,3.005,21.82760068
0.3849999999999998,3.005,21.578453075312503
0.4299999999999997,3.005,21.310820005
0.4750000000000001,3.005,21.0251470703125
0.52,3.005,20.72192908
0.565,3.005,20.401710050312502
0.6099999999999999,3.005,20.065083205
0.6549999999999998,3.005,19.7126909753125
0.6999999999999997,3.005,19.345225000000003
0.7450000000000001,3.005,18.9634261253125
0.79,3.005,18.568084405
0.835,3.005,18.1600391003125
0.8799999999999999,3.005,17.74017868
0.9249999999999998,3.005,17.309440820312503
0.9699999999999998,3.005,16.868812405000003
1.0149999999999997,3.005,16.419329525312506
1.06,3.005,15.96207748
1.105,3.005,15.4981907753125
1.15,3.005,15.028853125000001
1.1949999999999998,3.005,14.555297450312501
1.2399999999999998,3.005,14.078805880000003
1.2849999999999997,3.005,13.600709750312504
1.33,3.005,13.122389604999999
1.375,3.005,12.6452751953125
1.42,3.005,12.17084548
1.4649999999999999,3.005,11.700628625312504
1.5099999999999998,3.005,11.236202005
1.5549999999999997,3.005,10.779192200312504
1.5999999999999996,3.005,10.331275000000005
1.645,3.005,9.8941754003125
1.69,3.005,9.469667605000001
1.7349999999999999,3.005,9.059575025312501
1.7799999999999998,3.005,8.665770280000002
1.8249999999999997,3.005,8.290175195312504
1.8699999999999997,3.005,7.934760805000003
1.915,3.005,7.601547350312501
1.96,3.005,7.292604280000003
2.005,3.005,7.010050250312501
2.05,3.005,6.7560531249999976
2.0949999999999998,3.005,6.5328299753125005
2.1399999999999997,3.005,6.342647080000004
2.1849999999999996,3.005,6.1878199253125
2.2299999999999995,3.005,6.070713205000001
2.2749999999999995,3.005,5.993740820312503
2.3200000000000003,3.005,5.9593658799999965
2.365,3.005,5.9701007003125
2.41,3.005,6.028506805000006
2.455,3.005,6.137194925312503
2.5,3.005,6.298825000000001
-2.0,3.05,15.407499999999999
-1.955,3.05,15.529110050312497
-1.91,3.05,15.676506804999999
-1.865,3.05,15.847577075312497
-1.82,3.05,16.04025688
-1.775,3.05,16.252531445312496
-1.73,3.05,16.482435204999998
-1.685,3.05,16.7280518003125
-1.6400000000000001,3.05,16.987514079999997
-1.595,3.05,17.2590041003125
-1.55,3.05,17.540753124999995
-1.505,3.05,17.8310416253125
-1.46,3.05,18.128199279999997
-1.415,3.05,18.430604975312498
-1.37,3.05,18.736686804999998
-1.3250000000000002,3.05,19.044922070312495
-1.28,3.05,19.353837279999997
-1.2349999999999999,3.05,19.6620081503125
-1.19,3.05,19.968059604999997
-1.145,3.05,20.270665775312498
-1.1,3.05,20.56855
-1.0550000000000002,3.05,20.860484825312497
-1.01,3.05,21.145292004999995
-0.9650000000000001,3.05,21.421842500312497
-0.9199999999999999,3.05,21.689056479999998
-0.875,3.05,21.945903320312496
-0.8300000000000001,3.05,22.191401604999996
-0.7850000000000001,3.05,22.424619125312496
-0.74,3.05,22.644672879999998
-0.6950000000000001,3.05,22.850729075312497
-0.6500000000000001,3.05,23.042003124999997
-0.605,3.05,23.217759650312498
-0.56,3.05,23.377312479999997
-0.5150000000000001,3.05,23.520024650312497
-0.47,3.05,23.645308404999998
-0.42500000000000004,3.05,23.752625195312497
-0.3800000000000001,3.05,23.841485679999998
-0.33499999999999996,3.05,23.911449725312497
-0.29000000000000004,3.05,23.962126404999996
-0.2450000000000001,3.05,23.993174000312496
-0.20000000000000018,3.05,24.004299999999997
-0.15500000000000003,3.05,23.995261100312497
-0.1100000000000001,3.05,23.965863204999998
-0.06500000000000017,3.05,23.915961425312496
-0.020000000000000018,3.05,23.845460079999995
0.02499999999999991,3.05,23.7543126953125
0.06999999999999984,3.05,23.642522004999996
0.11499999999999977,3.05,23.5101399503125
0.16000000000000014,3.05,23.357267679999996
0.20500000000000007,3.05,23.184055550312497
0.25,3.05,22.990703124999996
0.29499999999999993,3.05,22.777459175312497
0.33999999999999986,3.05,22.54462168
0.3849999999999998,3.05,22.2925378253125
0.4299999999999997,3.05,22.021604004999997
0.4750000000000001,3.05,21.732265820312495
0.52,3.05,21.425018079999997
0.565,3.05,21.100404800312496
0.6099999999999999,3.05,20.759019204999998
0.6549999999999998,3.05,20.401503725312498
0.6999999999999997,3.05,20.02855
0.7450000000000001,3.05,19.640898875312494
0.79,3.05,19.239340404999997
0.835,3.05,18.824713850312495
0.8799999999999999,3.05,18.397907679999996
0.9249999999999998,3.05,17.9598595703125
0.9699999999999998,3.05,17.511556405
1.0149999999999997,3.05,17.0540342753125
1.06,3.05,16.588378479999996
1.105,3.05,16.115723525312497
1.15,3.05,15.637253124999997
1.1949999999999998,3.05,15.154200200312498
1.2399999999999998,3.05,14.667846879999999
1.2849999999999997,3.05,14.1795245003125
1.33,3.05,13.690613604999996
1.375,3.05,13.202543945312499
1.42,3.05,12.716794479999997
1.4649999999999999,3.05,12.234893375312499
1.5099999999999998,3.05,11.758418005
1.5549999999999997,3.05,11.2889949503125
1.5999999999999996,3.05,10.828300000000002
1.645,3.05,10.3780581503125
1.69,3.05,9.940043605
1.7349999999999999,3.05,9.516079775312498
1.7799999999999998,3.05,9.108039280000002
1.8249999999999997,3.05,8.717843945312499
1.8699999999999997,3.05,8.347464804999998
1.915,3.05,7.998922100312498
1.96,3.05,7.674285279999999
2.005,3.05,7.3756730003124975
2.05,3.05,7.105253124999997
2.0949999999999998,3.05,6.865242725312497
2.1399999999999997,3.05,6.65790808
2.1849999999999996,3.05,6.485564675312499
2.2299999999999995,3.05,6.3505772050000004
2.2749999999999995,3.05,6.2553595703125
2.3200000000000003,3.05,6.202374880000001
2.365,3.05,6.194135450312501
2.41,3.05,6.233202804999998
2.455,3.05,6.322187675312506
2.5,3.05,6.463749999999997
-2.0,3.0949999999999998,15.787074999999998
-1.955,3.0949999999999998,15.924702800312495
-1.91,3.0949999999999998,16.087752804999994
-1.865,3.0949999999999998,16.274111825312495
-1.82,3.0949999999999998,16.48171588
-1.775,3.0949999999999998,16.708550195312494
-1.73,3.0949999999999998,16.952649204999997
-1.685,3.0949999999999998,17.212096550312495
-1.6400000000000001,3.0949999999999998,17.485025079999996
-1.595,3.0949999999999998,17.769616850312495
-1.55,3.0949999999999998,18.064103124999995
-1.505,3.0949999999999998,18.3667643753125
-1.46,3.0949999999999998,18.675930279999996
-1.415,3.0949999999999998,18.989979725312494
-1.37,3.0949999999999998,19.307340804999995
-1.3250000000000002,3.0949999999999998,19.626490820312494
-1.28,3.0949999999999998,19.945956279999997
-1.2349999999999999,3.0949999999999998,20.264312900312497
-1.19,3.0949999999999998,20.580185604999997
-1.145,3.0949999999999998,20.892248525312496
-1.1,3.0949999999999998,21.199225
-1.0550000000000002,3.0949999999999998,21.499887575312496
-1.01,3.0949999999999998,21.793058004999995
-0.9650000000000001,3.0949999999999998,22.077607250312496
-0.9199999999999999,3.0949999999999998,22.352455479999996
-0.875,3.0949999999999998,22.616572070312497
-0.8300000000000001,3.0949999999999998,22.868975604999996
-0.7850000000000001,3.0949999999999998,23.108733875312495
-0.74,3.0949999999999998,23.334963879999997
-0.6950000000000001,3.0949999999999998,23.546831825312495
-0.6500000000000001,3.0949999999999998,23.743553124999995
-0.605,3.0949999999999998,23.924392400312495
-0.56,3.0949999999999998,24.088663479999994
-0.5150000000000001,3.0949999999999998,24.235729400312493
-0.47,3.0949999999999998,24.365002404999995
-0.42500000000000004,3.0949999999999998,24.475943945312494
-0.3800000000000001,3.0949999999999998,24.568064679999996
-0.33499999999999996,3.0949999999999998,24.640924475312495
-0.29000000000000004,3.0949999999999998,24.694132404999998
-0.2450000000000001,3.0949999999999998,24.727346750312496
-0.20000000000000018,3.0949999999999998,24.740274999999997
-0.15500000000000003,3.0949999999999998,24.732673850312494
-0.1100000000000001,3.0949999999999998,24.704349204999993
-0.06500000000000017,3.0949999999999998,24.655156175312495
-0.020000000000000018,3.0949999999999998,24.584999079999996
0.02499999999999991,3.0949999999999998,24.493831445312495
0.06999999999999984,3.0949999999999998,24.381656004999996
0.11499999999999977,3.0949999999999998,24.248524700312494
0.16000000000000014,3.0949999999999998,24.094538679999992
0.20500000000000007,3.0949999999999998,23.919848300312495
0.25,3.0949999999999998,23.724653124999996
0.29499999999999993,3.0949999999999998,23.509201925312496
0.33999999999999986,3.0949999999999998,23.273792679999996
0.3849999999999998,3.0949999999999998,23.018772575312497
0.4299999999999997,3.0949999999999998,22.744538004999995
0.4750000000000001,3.0949999999999998,22.451534570312493
0.52,3.0949999999999998,22.140257079999994
0.565,3.0949999999999998,21.811249550312496
0.6099999999999999,3.0949999999999998,21.465105204999997
0.6549999999999998,3.0949999999999998,21.102466475312497
0.6999999999999997,3.0949999999999998,20.724024999999997
0.7450000000000001,3.0949999999999998,20.330521625312496
0.79,3.0949999999999998,19.922746404999994
0.835,3.0949999999999998,19.501538600312493
0.8799999999999999,3.0949999999999998,19.067786679999998
0.9249999999999998,3.0949999999999998,18.622428320312498
0.9699999999999998,3.0949999999999998,18.166450405
1.0149999999999997,3.0949999999999998,17.7008890253125
1.06,3.0949999999999998,17.226829479999996
1.105,3.0949999999999998,16.745406275312497
1.15,3.0949999999999998,16.257803124999995
1.1949999999999998,3.0949999999999998,15.765252950312497
1.2399999999999998,3.0949999999999998,15.269037879999999
1.2849999999999997,3.0949999999999998,14.770489250312497
1.33,3.0949999999999998,14.270987604999995
1.375,3.0949999999999998,13.771962695312496
1.42,3.0949999999999998,13.274893479999996
1.4649999999999999,3.0949999999999998,12.7813081253125
1.5099999999999998,3.0949999999999998,12.292784004999998
1.5549999999999997,3.0949999999999998,11.8109477003125
1.5999999999999996,3.0949999999999998,11.337475000000001
1.645,3.0949999999999998,10.874090900312497
1.69,3.0949999999999998,10.422569605
1.7349999999999999,3.0949999999999998,9.984734525312497
1.7799999999999998,3.0949999999999998,9.56245828
1.8249999999999997,3.0949999999999998,9.1576626953125
1.8699999999999997,3.0949999999999998,8.772318804999998
1.915,3.0949999999999998,8.408446850312497
1.96,3.0949999999999998,8.068116279999998
2.005,3.0949999999999998,7.753445750312499
2.05,3.0949999999999998,7.466603124999995
2.0949999999999998,3.0949999999999998,7.209805475312498
2.1399999999999997,3.0949999999999998,6.98531908
2.1849999999999996,3.0949999999999998,6.795459425312497
2.2299999999999995,3.0949999999999998,6.642591204999995
2.2749999999999995,3.0949999999999998,6.529128320312498
2.3200000000000003,3.0949999999999998,6.457533879999993
2.365,3.0949999999999998,6.430320200312497
2.41,3.0949999999999998,6.450048804999998
2.455,3.0949999999999998,6.519330425312496
2.5,3.0949999999999998,6.640824999999996
-2.0,3.1399999999999997,16.1788
-1.955,3.1399999999999997,16.332445550312496
-1.91,3.1399999999999997,16.511148805
-1.865,3.1399999999999997,16.7127965753125
-1.82,3.1399999999999997,16.93532488
-1.775,3.1399999999999997,17.176718945312498
-1.73,3.1399999999999997,17.435013204999997
-1.685,3.1399999999999997,17.708291300312496
-1.6400000000000001,3.1399999999999997,17.994686079999997
-1.595,3.1399999999999997,18.2923796003125
-1.55,3.1399999999999997,18.599603124999994
-1.505,3.1399999999999997,18.9146371253125
-1.46,3.1399999999999997,19.23581128
-1.415,3.1399999999999997,19.561504475312496
-1.37,3.1399999999999997,19.890144805
-1.3250000000000002,3.1399999999999997,20.220209570312495
-1.28,3.1399999999999997,20.550225279999996
-1.2349999999999999,3.1399999999999997,20.878767650312497
-1.19,3.1399999999999997,21.204461605
-1.145,3.1399999999999997,21.525981275312496
-1.1,3.1399999999999997,21.842049999999997
-1.0550000000000002,3.1399999999999997,22.151440325312496
-1.01,3.1399999999999997,22.452974004999994
-0.9650000000000001,3.1399999999999997,22.745522000312498
-0.9199999999999999,3.1399999999999997,23.028004479999996
-0.875,3.1399999999999997,23.299390820312496
-0.8300000000000001,3.1399999999999997,23.558699604999997
-0.7850000000000001,3.1399999999999997,23.804998625312493
-0.74,3.1399999999999997,24.037404879999997
-0.6950000000000001,3.1399999999999997,24.255084575312495
-0.6500000000000001,3.1399999999999997,24.457253124999994
-0.605,3.1399999999999997,24.643175150312494
-0.56,3.1399999999999997,24.812164479999996
-0.5150000000000001,3.1399999999999997,24.963584150312496
-0.47,3.1399999999999997,25.096846404999994
-0.42500000000000004,3.1399999999999997,25.211412695312497
-0.3800000000000001,3.1399999999999997,25.306793679999995
-0.33499999999999996,3.1399999999999997,25.382549225312495
-0.29000000000000004,3.1399999999999997,25.438288404999994
-0.2450000000000001,3.1399999999999997,25.473669500312496
-0.20000000000000018,3.1399999999999997,25.488399999999995
-0.15500000000000003,3.1399999999999997,25.482236600312497
-0.1100000000000001,3.1399999999999997,25.454985204999996
-0.06500000000000017,3.1399999999999997,25.406500925312496
-0.020000000000000018,3.1399999999999997,25.336688079999995
0.02499999999999991,3.1399999999999997,25.245500195312495
0.06999999999999984,3.1399999999999997,25.132940004999995
0.11499999999999977,3.1399999999999997,24.999059450312497
0.16000000000000014,3.1399999999999997,24.843959679999994
0.20500000000000007,3.1399999999999997,24.667791050312495
0.25,3.1399999999999997,24.470753124999995
0.29499999999999993,3.1399999999999997,24.253094675312497
0.33999999999999986,3.1399999999999997,24.015113679999995
0.3849999999999998,3.1399999999999997,23.757157325312498
0.4299999999999997,3.1399999999999997,23.479622004999996
0.4750000000000001,3.1399999999999997,23.182953320312496
0.52,3.1399999999999997,22.867646079999997
0.565,3.1399999999999997,22.534244300312498
0.6099999999999999,3.1399999999999997,22.183341204999998
0.6549999999999998,3.1399999999999997,21.815579225312497
0.6999999999999997,3.1399999999999997,21.431649999999998
0.7450000000000001,3.1399999999999997,21.032294375312496
0.79,3.1399999999999997,20.618302404999994
0.835,3.1399999999999997,20.190513350312496
0.8799999999999999,3.1399999999999997,19.749815679999998
0.9249999999999998,3.1399999999999997,19.297147070312498
0.9699999999999998,3.1399999999999997,18.833494405
1.0149999999999997,3.1399999999999997,18.3598937753125
1.06,3.1399999999999997,17.877430479999994
1.105,3.1399999999999997,17.387239025312496
1.15,3.1399999999999997,16.890503125
1.1949999999999998,3.1399999999999997,16.388455700312498
1.2399999999999998,3.1399999999999997,15.88237888
1.2849999999999997,3.1399999999999997,15.3736040003125
1.33,3.1399999999999997,14.863511604999996
1.375,3.1399999999999997,14.353531445312498
1.42,3.1399999999999997,13.845142479999996
1.4649999999999999,3.1399999999999997,13.339872875312498
1.5099999999999998,3.1399999999999997,12.839300004999998
1.5549999999999997,3.1399999999999997,12.345050450312499
1.5999999999999996,3.1399999999999997,11.8588
1.645,3.1399999999999997,11.382273650312497
1.69,3.1399999999999997,10.917245604999998
1.7349999999999999,3.1399999999999997,10.465539275312498
1.7799999999999998,3.1399999999999997,10.02902728
1.8249999999999997,3.1399999999999997,9.609631445312498
1.8699999999999997,3.1399999999999997,9.209322805
1.915,3.1399999999999997,8.830121600312498
1.96,3.1399999999999997,8.474097279999999
2.005,3.1399999999999997,8.1433685003125
2.05,3.1399999999999997,7.840103124999995
2.0949999999999998,3.1399999999999997,7.566518225312498
2.1399999999999997,3.1399999999999997,7.32488008
2.1849999999999996,3.1399999999999997,7.117504175312501
2.2299999999999995,3.1399999999999997,6.946755205000002
2.2749999999999995,3.1399999999999997,6.815047070312499
2.3200000000000003,3.1399999999999997,6.724842880000001
2.365,3.1399999999999997,6.678654950312495
2.41,3.1399999999999997,6.679044805
2.455,3.1399999999999997,6.728623175312503
2.5,3.1399999999999997,6.8300500000000035
-2.0,3.1849999999999996,16.582674999999995
-1.955,3.1849999999999996,16.75233830031249
-1.91,3.1849999999999996,16.946694805
-1.865,3.1849999999999996,17.163631325312497
-1.82,3.1849999999999996,17.401083879999995
-1.775,3.1849999999999996,17.657037695312496
-1.73,3.1849999999999996,17.929527204999992
-1.685,3.1849999999999996,18.216636050312495
-1.6400000000000001,3.1849999999999996,18.516497079999994
-1.595,3.1849999999999996,18.827292350312494
-1.55,3.1849999999999996,19.14725312499999
-1.505,3.1849999999999996,19.474659875312494
-1.46,3.1849999999999996,19.807842279999996
-1.415,3.1849999999999996,20.145179225312496
-1.37,3.1849999999999996,20.485098804999993
-1.3250000000000002,3.1849999999999996,20.82607832031249
-1.28,3.1849999999999996,21.166644279999993
-1.2349999999999999,3.1849999999999996,21.505372400312496
-1.19,3.1849999999999996,21.840887604999992
-1.145,3.1849999999999996,22.171864025312495
-1.1,3.1849999999999996,22.497024999999994
-1.0550000000000002,3.1849999999999996,22.81514307531249
-1.01,3.1849999999999996,23.125040004999992
-0.9650000000000001,3.1849999999999996,23.425586750312494
-0.9199999999999999,3.1849999999999996,23.715703479999995
-0.875,3.1849999999999996,23.994359570312493
-0.8300000000000001,3.1849999999999996,24.26057360499999
-0.7850000000000001,3.1849999999999996,24.513413375312492
-0.74,3.1849999999999996,24.751995879999996
-0.6950000000000001,3.1849999999999996,24.975487325312493
-0.6500000000000001,3.1849999999999996,25.18310312499999
-0.605,3.1849999999999996,25.374107900312495
-0.56,3.1849999999999996,25.547815479999993
-0.5150000000000001,3.1849999999999996,25.703588900312493
-0.47,3.1849999999999996,25.840840404999994
-0.42500000000000004,3.1849999999999996,25.95903144531249
-0.3800000000000001,3.1849999999999996,26.057672679999992
-0.33499999999999996,3.1849999999999996,26.136323975312493
-0.29000000000000004,3.1849999999999996,26.194594404999993
-0.2450000000000001,3.1849999999999996,26.232142250312492
-0.20000000000000018,3.1849999999999996,26.24867499999999
-0.15500000000000003,3.1849999999999996,26.24394935031249
-0.1100000000000001,3.1849999999999996,26.21777120499999
-0.06500000000000017,3.1849999999999996,26.169995675312492
-0.020000000000000018,3.1849999999999996,26.100527079999992
0.02499999999999991,3.1849999999999996,26.009318945312494
0.06999999999999984,3.1849999999999996,25.89637400499999
0.11499999999999977,3.1849999999999996,25.761744200312492
0.16000000000000014,3.1849999999999996,25.60553067999999
0.20500000000000007,3.1849999999999996,25.427883800312493
0.25,3.1849999999999996,25.22900312499999
0.29499999999999993,3.1849999999999996,25.009137425312492
0.33999999999999986,3.1849999999999996,24.768584679999993
0.3849999999999998,3.1849999999999996,24.507692075312494
0.4299999999999997,3.1849999999999996,24.226856004999995
0.4750000000000001,3.1849999999999996,23.92652207031249
0.52,3.1849999999999996,23.607185079999994
0.565,3.1849999999999996,23.269389050312494
0.6099999999999999,3.1849999999999996,22.913727204999994
0.6549999999999998,3.1849999999999996,22.540841975312492
0.6999999999999997,3.1849999999999996,22.151424999999996
0.7450000000000001,3.1849999999999996,21.74621712531249
0.79,3.1849999999999996,21.326008404999993
0.835,3.1849999999999996,20.89163810031249
0.8799999999999999,3.1849999999999996,20.443994679999996
0.9249999999999998,3.1849999999999996,19.984015820312496
0.9699999999999998,3.1849999999999996,19.512688404999995
1.0149999999999997,3.1849999999999996,19.0310485253125
1.06,3.1849999999999996,18.540181479999994
1.105,3.1849999999999996,18.041221775312493
1.15,3.1849999999999996,17.535353124999993
1.1949999999999998,3.1849999999999996,17.023808450312494
1.2399999999999998,3.1849999999999996,16.507869879999994
1.2849999999999997,3.1849999999999996,15.988868750312498
1.33,3.1849999999999996,15.468185604999995
1.375,3.1849999999999996,14.947250195312495
1.42,3.1849999999999996,14.427541479999993
1.4649999999999999,3.1849999999999996,13.910587625312498
1.5099999999999998,3.1849999999999996,13.397966004999995
1.5549999999999997,3.1849999999999996,12.891303200312496
1.5999999999999996,3.1849999999999996,12.392274999999998
1.645,3.1849999999999996,11.902606400312497
1.69,3.1849999999999996,11.424071604999996
1.7349999999999999,3.1849999999999996,10.958494025312497
1.7799999999999998,3.1849999999999996,10.50774628
1.8249999999999997,3.1849999999999996,10.073750195312499
1.8699999999999997,3.1849999999999996,9.658476805
1.915,3.1849999999999996,9.263946350312496
1.96,3.1849999999999996,8.892228279999996
2.005,3.1849999999999996,8.545441250312496
2.05,3.1849999999999996,8.225753124999995
2.0949999999999998,3.1849999999999996,7.935380975312494
2.1399999999999997,3.1849999999999996,7.676591079999998
2.1849999999999996,3.1849999999999996,7.4516989253124954
2.2299999999999995,3.1849999999999996,7.263069204999997
2.2749999999999995,3.1849999999999996,7.113115820312498
2.3200000000000003,3.1849999999999996,7.004301879999993
2.365,3.1849999999999996,6.939139700312499
2.41,3.1849999999999996,6.920190805000001
2.455,3.1849999999999996,6.950065925312501
2.5,3.1849999999999996,7.031424999999999
-2.0,3.2299999999999995,16.998699999999996
-1.955,3.2299999999999995,17.184381050312492
-1.91,3.2299999999999995,17.394390804999993
-1.865,3.2299999999999995,17.626616075312494
-1.82,3.2299999999999995,17.878992879999995
-1.775,3.2299999999999995,18.149506445312493
-1.73,3.2299999999999995,18.436191204999993
-1.685,3.2299999999999995,18.737130800312496
-1.6400000000000001,3.2299999999999995,19.050458079999995
-1.595,3.2299999999999995,19.374355100312496
-1.55,3.2299999999999995,19.70705312499999
-1.505,3.2299999999999995,20.046832625312497
-1.46,3.2299999999999995,20.392023279999997
-1.415,3.2299999999999995,20.74100397531249
-1.37,3.2299999999999995,21.092202804999992
-1.3250000000000002,3.2299999999999995,21.44409707031249
-1.28,3.2299999999999995,21.79521327999999
-1.2349999999999999,3.2299999999999995,22.144127150312492
-1.19,3.2299999999999995,22.48946360499999
-1.145,3.2299999999999995,22.82989677531249
-1.1,3.2299999999999995,23.164149999999992
-1.0550000000000002,3.2299999999999995,23.490995825312492
-1.01,3.2299999999999995,23.80925600499999
-0.9650000000000001,3.2299999999999995,24.117801500312492
-0.9199999999999999,3.2299999999999995,24.415552479999995
-0.875,3.2299999999999995,24.701478320312493
-0.8300000000000001,3.2299999999999995,24.974597604999992
-0.7850000000000001,3.2299999999999995,25.233978125312493
-0.74,3.2299999999999995,25.478736879999992
-0.6950000000000001,3.2299999999999995,25.70804007531249
-0.6500000000000001,3.2299999999999995,25.92110312499999
-0.605,3.2299999999999995,26.117190650312494
-0.56,3.2299999999999995,26.295616479999993
-0.5150000000000001,3.2299999999999995,26.455743650312492
-0.47,3.2299999999999995,26.596984404999994
-0.42500000000000004,3.2299999999999995,26.71880019531249
-0.3800000000000001,3.2299999999999995,26.820701679999992
-0.33499999999999996,3.2299999999999995,26.90224872531249
-0.29000000000000004,3.2299999999999995,26.96305040499999
-0.2450000000000001,3.2299999999999995,27.002765000312493
-0.20000000000000018,3.2299999999999995,27.02109999999999
-0.15500000000000003,3.2299999999999995,27.01781210031249
-0.1100000000000001,3.2299999999999995,26.99270720499999
-0.06500000000000017,3.2299999999999995,26.94564042531249
-0.020000000000000018,3.2299999999999995,26.87651607999999
0.02499999999999991,3.2299999999999995,26.78528769531249
0.06999999999999984,3.2299999999999995,26.671958004999993
0.11499999999999977,3.2299999999999995,26.536578950312492
0.16000000000000014,3.2299999999999995,26.37925167999999
0.20500000000000007,3.2299999999999995,26.20012655031249
0.25,3.2299999999999995,25.999403124999994
0.29499999999999993,3.2299999999999995,25.777330175312493
0.33999999999999986,3.2299999999999995,25.534205679999992
0.3849999999999998,3.2299999999999995,25.270376825312493
0.4299999999999997,3.2299999999999995,24.986240004999992
0.4750000000000001,3.2299999999999995,24.68224082031249
0.52,3.2299999999999995,24.358874079999993
0.565,3.2299999999999995,24.016683800312492
0.6099999999999999,3.2299999999999995,23.65626320499999
0.6549999999999998,3.2299999999999995,23.278254725312493
0.6999999999999997,3.2299999999999995,22.883349999999993
0.7450000000000001,3.2299999999999995,22.47228987531249
0.79,3.2299999999999995,22.045864404999993
0.835,3.2299999999999995,21.60491285031249
0.8799999999999999,3.2299999999999995,21.150323679999993
0.9249999999999998,3.2299999999999995,20.683034570312493
0.9699999999999998,3.2299999999999995,20.204032404999996
1.0149999999999997,3.2299999999999995,19.714353275312497
1.06,3.2299999999999995,19.215082479999992
1.105,3.2299999999999995,18.707354525312493
1.15,3.2299999999999995,18.192353124999993
1.1949999999999998,3.2299999999999995,17.671311200312495
1.2399999999999998,3.2299999999999995,17.145510879999996
1.2849999999999997,3.2299999999999995,16.616283500312495
1.33,3.2299999999999995,16.085009604999993
1.375,3.2299999999999995,15.553118945312495
1.42,3.2299999999999995,15.022090479999994
1.4649999999999999,3.2299999999999995,14.493452375312497
1.5099999999999998,3.2299999999999995,13.968782004999994
1.5549999999999997,3.2299999999999995,13.449705950312497
1.5999999999999996,3.2299999999999995,12.937899999999997
1.645,3.2299999999999995,12.435089150312495
1.69,3.2299999999999995,11.943047604999997
1.7349999999999999,3.2299999999999995,11.463598775312494
1.7799999999999998,3.2299999999999995,10.998615279999997
1.8249999999999997,3.2299999999999995,10.550018945312498
1.8699999999999997,3.2299999999999995,10.119780804999998
1.915,3.2299999999999995,9.709921100312496
1.96,3.2299999999999995,9.322509279999995
2.005,3.2299999999999995,8.959664000312495
2.05,3.2299999999999995,8.623553124999994
2.0949999999999998,3.2299999999999995,8.316393725312496
2.1399999999999997,3.2299999999999995,8.040452080000001
2.1849999999999996,3.2299999999999995,7.7980436753124955
2.2299999999999995,3.2299999999999995,7.5915332049999975
2.2749999999999995,3.2299999999999995,7.423334570312502
2.3200000000000003,3.2299999999999995,7.295910879999994
2.365,3.2299999999999995,7.211774450312493
2.41,3.2299999999999995,7.173486805
2.455,3.2299999999999995,7.1836586753125005
2.5,3.2299999999999995,7.244949999999999
-2.0,3.2749999999999995,17.426874999999995
-1.955,3.2749999999999995,17.628573800312495
-1.91,3.2749999999999995,17.854236804999996
-1.865,3.2749999999999995,18.101750825312497
-1.82,3.2749999999999995,18.369051879999997
-1.775,3.2749999999999995,18.654125195312496
-1.73,3.2749999999999995,18.955005204999992
-1.685,3.2749999999999995,19.26977555031249
-1.6400000000000001,3.2749999999999995,19.596569079999995
-1.595,3.2749999999999995,19.933567850312492
-1.55,3.2749999999999995,20.279003124999996
-1.505,3.2749999999999995,20.631155375312495
-1.46,3.2749999999999995,20.988354279999996
-1.415,3.2749999999999995,21.348978725312495
-1.37,3.2749999999999995,21.711456804999994
-1.3250000000000002,3.2749999999999995,22.07426582031249
-1.28,3.2749999999999995,22.435932279999996
-1.2349999999999999,3.2749999999999995,22.795031900312495
-1.19,3.2749999999999995,23.150189604999994
-1.145,3.2749999999999995,23.500079525312493
-1.1,3.2749999999999995,23.843424999999993
-1.0550000000000002,3.2749999999999995,24.17899857531249
-1.01,3.2749999999999995,24.505622004999992
-0.9650000000000001,3.2749999999999995,24.822166250312492
-0.9199999999999999,3.2749999999999995,25.127551479999994
-0.875,3.2749999999999995,25.420747070312494
-0.8300000000000001,3.2749999999999995,25.700771604999993
-0.7850000000000001,3.2749999999999995,25.96669287531249
-0.74,3.2749999999999995,26.217627879999995
-0.6950000000000001,3.2749999999999995,26.452742825312495
-0.6500000000000001,3.2749999999999995,26.671253124999993
-0.605,3.2749999999999995,26.872423400312492
-0.56,3.2749999999999995,27.055567479999993
-0.5150000000000001,3.2749999999999995,27.220048400312493
-0.47,3.2749999999999995,27.36527840499999
-0.42500000000000004,3.2749999999999995,27.49071894531249
-0.3800000000000001,3.2749999999999995,27.595880679999993
-0.33499999999999996,3.2749999999999995,27.68032347531249
-0.29000000000000004,3.2749999999999995,27.743656404999992
-0.2450000000000001,3.2749999999999995,27.785537750312493
-0.20000000000000018,3.2749999999999995,27.805674999999994
-0.15500000000000003,3.2749999999999995,27.80382485031249
-0.1100000000000001,3.2749999999999995,27.77979320499999
-0.06500000000000017,3.2749999999999995,27.733435175312493
-0.020000000000000018,3.2749999999999995,27.664655079999992
0.02499999999999991,3.2749999999999995,27.573406445312493
0.06999999999999984,3.2749999999999995,27.459692004999994
0.11499999999999977,3.2749999999999995,27.323563700312494
0.16000000000000014,3.2749999999999995,27.16512267999999
0.20500000000000007,3.2749999999999995,26.984519300312492
0.25,3.2749999999999995,26.781953124999994
0.29499999999999993,3.2749999999999995,26.55767292531249
0.33999999999999986,3.2749999999999995,26.311976679999994
0.3849999999999998,3.2749999999999995,26.045211575312493
0.4299999999999997,3.2749999999999995,25.757774004999995
0.4750000000000001,3.2749999999999995,25.45010957031249
0.52,3.2749999999999995,25.122713079999993
0.565,3.2749999999999995,24.776128550312492
0.6099999999999999,3.2749999999999995,24.410949204999994
0.6549999999999998,3.2749999999999995,24.027817475312492
0.6999999999999997,3.2749999999999995,23.627424999999995
0.7450000000000001,3.2749999999999995,23.210512625312493
0.79,3.2749999999999995,22.77787040499999
0.835,3.2749999999999995,22.330337600312493
0.8799999999999999,3.2749999999999995,21.868802679999995
0.9249999999999998,3.2749999999999995,21.394203320312496
0.9699999999999998,3.2749999999999995,20.907526404999995
1.0149999999999997,3.2749999999999995,20.409808025312497
1.06,3.2749999999999995,19.902133479999993
1.105,3.2749999999999995,19.385637275312494
1.15,3.2749999999999995,18.861503124999995
1.1949999999999998,3.2749999999999995,18.330963950312494
1.2399999999999998,3.2749999999999995,17.795301879999997
1.2849999999999997,3.2749999999999995,17.255848250312496
1.33,3.2749999999999995,16.713983604999992
1.375,3.2749999999999995,16.171137695312495
1.42,3.2749999999999995,15.628789479999995
1.4649999999999999,3.2749999999999995,15.088467125312498
1.5099999999999998,3.2749999999999995,14.551748004999997
1.5549999999999997,3.2749999999999995,14.020258700312496
1.5999999999999996,3.2749999999999995,13.495674999999999
1.645,3.2749999999999995,12.979721900312494
1.69,3.2749999999999995,12.474173604999995
1.7349999999999999,3.2749999999999995,11.980853525312497
1.7799999999999998,3.2749999999999995,11.501634279999998
1.8249999999999997,3.2749999999999995,11.0384376953125
1.8699999999999997,3.2749999999999995,10.593234804999998
1.915,3.2749999999999995,10.168045850312497
1.96,3.2749999999999995,9.764940279999996
2.005,3.2749999999999995,9.386036750312499
2.05,3.2749999999999995,9.033503124999994
2.0949999999999998,3.2749999999999995,8.709556475312496
2.1399999999999997,3.2749999999999995,8.41646308
2.1849999999999996,3.2749999999999995,8.156538425312501
2.2299999999999995,3.2749999999999995,7.932147205
2.2749999999999995,3.2749999999999995,7.745703320312501
2.3200000000000003,3.2749999999999995,7.599669879999993
2.365,3.2749999999999995,7.496559200312497
2.41,3.2749999999999995,7.438932805
2.455,3.2749999999999995,7.4294014253124985
2.5,3.2749999999999995,7.470624999999998
-2.0,3.3200000000000003,17.8672
-1.955,3.3200000000000003,18.0849165503125
-1.91,3.3200000000000003,18.326232805000004
-1.865,3.3200000000000003,18.589035575312504
-1.82,3.3200000000000003,18.87126088
-1.775,3.3200000000000003,19.170893945312503
-1.73,3.3200000000000003,19.485969205
-1.685,3.3200000000000003,19.8145703003125
-1.6400000000000001,3.3200000000000003,20.15483008
-1.595,3.3200000000000003,20.504930600312502
-1.55,3.3200000000000003,20.863103125000002
-1.505,3.3200000000000003,21.227628125312503
-1.46,3.3200000000000003,21.59683528
-1.415,3.3200000000000003,21.9691034753125
-1.37,3.3200000000000003,22.342860805
-1.3250000000000002,3.3200000000000003,22.7165845703125
-1.28,3.3200000000000003,23.088801280000006
-1.2349999999999999,3.3200000000000003,23.458086650312506
-1.19,3.3200000000000003,23.823065605000004
-1.145,3.3200000000000003,24.1824122753125
-1.1,3.3200000000000003,24.534850000000002
-1.0550000000000002,3.3200000000000003,24.879151325312503
-1.01,3.3200000000000003,25.214138005000002
-0.9650000000000001,3.3200000000000003,25.5386810003125
-0.9199999999999999,3.3200000000000003,25.851700480000005
-0.875,3.3200000000000003,26.152165820312504
-0.8300000000000001,3.3200000000000003,26.439095605000002
-0.7850000000000001,3.3200000000000003,26.7115576253125
-0.74,3.3200000000000003,26.968668880000003
-0.6950000000000001,3.3200000000000003,27.209595575312505
-0.6500000000000001,3.3200000000000003,27.433553125000003
-0.605,3.3200000000000003,27.639806150312502
-0.56,3.3200000000000003,27.827668480000003
-0.5150000000000001,3.3200000000000003,27.996503150312503
-0.47,3.3200000000000003,28.145722405000004
-0.42500000000000004,3.3200000000000003,28.274787695312504
-0.3800000000000001,3.3200000000000003,28.383209680000004
-0.33499999999999996,3.3200000000000003,28.470548225312506
-0.29000000000000004,3.3200000000000003,28.536412405000004
-0.2450000000000001,3.3200000000000003,28.580460500312505
-0.20000000000000018,3.3200000000000003,28.602400000000003
-0.15500000000000003,3.3200000000000003,28.601987600312505
-0.1100000000000001,3.3200000000000003,28.579029205000005
-0.06500000000000017,3.3200000000000003,28.533379925312502
-0.020000000000000018,3.3200000000000003,28.464944080000002
0.02499999999999991,3.3200000000000003,28.373675195312504
0.06999999999999984,3.3200000000000003,28.259576005000007
0.11499999999999977,3.3200000000000003,28.122698450312505
0.16000000000000014,3.3200000000000003,27.96314368
0.20500000000000007,3.3200000000000003,27.781062050312503
0.25,3.3200000000000003,27.576653125000004
0.29499999999999993,3.3200000000000003,27.350165675312503
0.33999999999999986,3.3200000000000003,27.101897680000004
0.3849999999999998,3.3200000000000003,26.832196325312506
0.4299999999999997,3.3200000000000003,26.541458005000006
0.4750000000000001,3.3200000000000003,26.230128320312502
0.52,3.3200000000000003,25.898702080000003
0.565,3.3200000000000003,25.547723300312505
0.6099999999999999,3.3200000000000003,25.177785205000003
0.6549999999999998,3.3200000000000003,24.789530225312504
0.6999999999999997,3.3200000000000003,24.383650000000006
0.7450000000000001,3.3200000000000003,23.9608853753125
0.79,3.3200000000000003,23.522026405000002
0.835,3.3200000000000003,23.067912350312504
0.8799999999999999,3.3200000000000003,22.599431680000002
0.9249999999999998,3.3200000000000003,22.117522070312504
0.9699999999999998,3.3200000000000003,21.623170405000007
1.0149999999999997,3.3200000000000003,21.11741277531251
1.06,3.3200000000000003,20.601334480000002
1.105,3.3200000000000003,20.076070025312504
1.15,3.3200000000000003,19.542803125000002
1.1949999999999998,3.3200000000000003,19.002766700312506
1.2399999999999998,3.3200000000000003,18.457242880000006
1.2849999999999997,3.3200000000000003,17.907563000312507
1.33,3.3200000000000003,17.355107605000004
1.375,3.3200000000000003,16.801306445312502
1.42,3.3200000000000003,16.247638480000003
1.4649999999999999,3.3200000000000003,15.695631875312504
1.5099999999999998,3.3200000000000003,15.146864005000003
1.5549999999999997,3.3200000000000003,14.602961450312506
1.5999999999999996,3.3200000000000003,14.065600000000007
1.645,3.3200000000000003,13.536504650312501
1.69,3.3200000000000003,13.017449605000005
1.7349999999999999,3.3200000000000003,12.510258275312502
1.7799999999999998,3.3200000000000003,12.016803280000005
1.8249999999999997,3.3200000000000003,11.539006445312506
1.8699999999999997,3.3200000000000003,11.078838805000004
1.915,3.3200000000000003,10.638320600312502
1.96,3.3200000000000003,10.219521280000004
2.005,3.3200000000000003,9.824559500312503
2.05,3.3200000000000003,9.455603125000001
2.0949999999999998,3.3200000000000003,9.1148692253125
2.1399999999999997,3.3200000000000003,8.804624080000004
2.1849999999999996,3.3200000000000003,8.527183175312501
2.2299999999999995,3.3200000000000003,8.284911205000004
2.2749999999999995,3.3200000000000003,8.080222070312509
2.3200000000000003,3.3200000000000003,7.915578880000002
2.365,3.3200000000000003,7.793493950312502
2.41,3.3200000000000003,7.716528805000003
2.455,3.3200000000000003,7.6872941753125055
2.5,3.3200000000000003,7.708450000000003
-2.0,3.365,18.319675
-1.955,3.365,18.5534093003125
-1.91,3.365,18.810378805000006
-1.865,3.365,19.088470325312503
-1.82,3.365,19.38561988
-1.775,3.365,19.699812695312502
-1.73,3.365,20.029083205
-1.685,3.365,20.3715150503125
-1.6400000000000001,3.365,20.72524108
-1.595,3.365,21.088443350312502
-1.55,3.365,21.459353125
-1.505,3.365,21.8362508753125
-1.46,3.365,22.217466280000004
-1.415,3.365,22.6013782253125
-1.37,3.365,22.986414805000003
-1.3250000000000002,3.365,23.371053320312498
-1.28,3.365,23.753820280000003
-1.2349999999999999,3.365,24.13329140031251
-1.19,3.365,24.508091605000004
-1.145,3.365,24.8768950253125
-1.1,3.365,25.238425
-1.0550000000000002,3.365,25.5914540753125
-1.01,3.365,25.934804005
-0.9650000000000001,3.365,26.2673457503125
-0.9199999999999999,3.365,26.587999480000004
-0.875,3.365,26.895734570312502
-0.8300000000000001,3.365,27.189569605000003
-0.7850000000000001,3.365,27.4685723753125
-0.74,3.365,27.731859880000002
-0.6950000000000001,3.365,27.978598325312504
-0.6500000000000001,3.365,28.208003125000005
-0.605,3.365,28.419338900312503
-0.56,3.365,28.611919480000005
-0.5150000000000001,3.365,28.785107900312504
-0.47,3.365,28.938316405000002
-0.42500000000000004,3.365,29.071006445312502
-0.3800000000000001,3.365,29.182688680000002
-0.33499999999999996,3.365,29.272922975312504
-0.29000000000000004,3.365,29.341318405000003
-0.2450000000000001,3.365,29.387533250312504
-0.20000000000000018,3.365,29.411275000000003
-0.15500000000000003,3.365,29.412300350312503
-0.1100000000000001,3.365,29.390415205000004
-0.06500000000000017,3.365,29.345474675312502
-0.020000000000000018,3.365,29.277383080000003
0.02499999999999991,3.365,29.186093945312503
0.06999999999999984,3.365,29.071610005000004
0.11499999999999977,3.365,28.933983200312504
0.16000000000000014,3.365,28.773314680000002
0.20500000000000007,3.365,28.5897548003125
0.25,3.365,28.383503125000004
0.29499999999999993,3.365,28.154808425312503
0.33999999999999986,3.365,27.903968680000002
0.3849999999999998,3.365,27.631331075312506
0.4299999999999997,3.365,27.337292005000005
0.4750000000000001,3.365,27.0222970703125
0.52,3.365,26.68684108
0.565,3.365,26.331468050312502
0.6099999999999999,3.365,25.956771205000003
0.6549999999999998,3.365,25.563392975312503
0.6999999999999997,3.365,25.152025000000005
0.7450000000000001,3.365,24.723408125312503
0.79,3.365,24.278332405
0.835,3.365,23.817637100312503
0.8799999999999999,3.365,23.342210680000004
0.9249999999999998,3.365,22.852990820312506
0.9699999999999998,3.365,22.350964405000006
1.0149999999999997,3.365,21.837167525312505
1.06,3.365,21.312685480000003
1.105,3.365,20.7786527753125
1.15,3.365,20.236253125000005
1.1949999999999998,3.365,19.686719450312502
1.2399999999999998,3.365,19.131333880000007
1.2849999999999997,3.365,18.571427750312505
1.33,3.365,18.008381605
1.375,3.365,17.443625195312503
1.42,3.365,16.878637480000002
1.4649999999999999,3.365,16.3149466253125
1.5099999999999998,3.365,15.754130005000004
1.5549999999999997,3.365,15.197814200312504
1.5999999999999996,3.365,14.647675000000007
1.645,3.365,14.105437400312503
1.69,3.365,13.572875605000002
1.7349999999999999,3.365,13.051813025312502
1.7799999999999998,3.365,12.544122280000003
1.8249999999999997,3.365,12.051725195312507
1.8699999999999997,3.365,11.576592805000004
1.915,3.365,11.120745350312502
1.96,3.365,10.686252280000003
2.005,3.365,10.275232250312502
2.05,3.365,9.889853125
2.0949999999999998,3.365,9.532331975312502
2.1399999999999997,3.365,9.204935080000006
2.1849999999999996,3.365,8.909977925312504
2.2299999999999995,3.365,8.649825205000003
2.2749999999999995,3.365,8.426890820312508
2.3200000000000003,3.365,8.243637879999998
2.365,3.365,8.102578700312499
2.41,3.365,8.006274805000004
2.455,3.365,7.9573369253125
2.5,3.365,7.958425000000002
-2.0,3.41,18.7843
-1.955,3.41,19.0340520503125
-1.91,3.41,19.306674805000007
-1.865,3.41,19.600055075312504
-1.82,3.41,19.912128880000004
-1.775,3.41,20.240881445312503
-1.73,3.41,20.584347205
-1.685,3.41,20.9406098003125
-1.6400000000000001,3.41,21.307802080000002
-1.595,3.41,21.6841061003125
-1.55,3.41,22.067753125000003
-1.505,3.41,22.4570236253125
-1.46,3.41,22.850247280000005
-1.415,3.41,23.245802975312504
-1.37,3.41,23.642118805000003
-1.3250000000000002,3.41,24.0376720703125
-1.28,3.41,24.430989280000006
-1.2349999999999999,3.41,24.820646150312506
-1.19,3.41,25.205267605000003
-1.145,3.41,25.583527775312504
-1.1,3.41,25.954150000000002
-1.0550000000000002,3.41,26.315906825312503
-1.01,3.41,26.667620005
-0.9650000000000001,3.41,27.008160500312503
-0.9199999999999999,3.41,27.336448480000005
-0.875,3.41,27.651453320312502
-0.8300000000000001,3.41,27.952193605
-0.7850000000000001,3.41,28.237737125312503
-0.74,3.41,28.507200880000006
-0.6950000000000001,3.41,28.759751075312504
-0.6500000000000001,3.41,28.994603125000005
-0.605,3.41,29.211021650312503
-0.56,3.41,29.408320480000004
-0.5150000000000001,3.41,29.585862650312503
-0.47,3.41,29.743060405000005
-0.42500000000000004,3.41,29.879375195312505
-0.3800000000000001,3.41,29.99431768
-0.33499999999999996,3.41,30.087447725312504
-0.29000000000000004,3.41,30.158374405000004
-0.2450000000000001,3.41,30.206756000312502
-0.20000000000000018,3.41,30.232300000000002
-0.15500000000000003,3.41,30.234763100312506
-0.1100000000000001,3.41,30.213951205000004
-0.06500000000000017,3.41,30.169719425312504
-0.020000000000000018,3.41,30.101972080000003
0.02499999999999991,3.41,30.010662695312504
0.06999999999999984,3.41,29.895794005000006
0.11499999999999977,3.41,29.757417950312504
0.16000000000000014,3.41,29.59563568
0.20500000000000007,3.41,29.410597550312502
0.25,3.41,29.202503125000003
0.29499999999999993,3.41,28.971601175312504
0.33999999999999986,3.41,28.718189680000005
0.3849999999999998,3.41,28.442615825312505
0.4299999999999997,3.41,28.145276005000007
0.4750000000000001,3.41,27.826615820312504
0.52,3.41,27.487130080000004
0.565,3.41,27.127362800312504
0.6099999999999999,3.41,26.747907205000004
0.6549999999999998,3.41,26.349405725312504
0.6999999999999997,3.41,25.932550000000006
0.7450000000000001,3.41,25.498080875312503
0.79,3.41,25.046788405
0.835,3.41,24.579511850312503
0.8799999999999999,3.41,24.097139680000005
0.9249999999999998,3.41,23.600609570312507
0.9699999999999998,3.41,23.090908405000008
1.0149999999999997,3.41,22.569072275312507
1.06,3.41,22.03618648
1.105,3.41,21.493385525312505
1.15,3.41,20.941853125000005
1.1949999999999998,3.41,20.382822200312503
1.2399999999999998,3.41,19.817574880000006
1.2849999999999997,3.41,19.247442500312506
1.33,3.41,18.673805605000002
1.375,3.41,18.098093945312502
1.42,3.41,17.521786480000003
1.4649999999999999,3.41,16.946411375312508
1.5099999999999998,3.41,16.373546005000005
1.5549999999999997,3.41,15.804816950312507
1.5999999999999996,3.41,15.241900000000008
1.645,3.41,14.686520150312504
1.69,3.41,14.140451605000004
1.7349999999999999,3.41,13.605517775312503
1.7799999999999998,3.41,13.083591280000007
1.8249999999999997,3.41,12.576593945312506
1.8699999999999997,3.41,12.086496805000007
1.915,3.41,11.615320100312504
1.96,3.41,11.165133280000004
2.005,3.41,10.738055000312503
2.05,3.41,10.336253125
2.0949999999999998,3.41,9.961944725312502
2.1399999999999997,3.41,9.617396080000006
2.1849999999999996,3.41,9.3049226753125
2.2299999999999995,3.41,9.026889205000003
2.2749999999999995,3.41,8.785709570312509
2.3200000000000003,3.41,8.583846880000003
2.365,3.41,8.423813450312505
2.41,3.41,8.308170805000007
2.455,3.41,8.239529675312504
2.5,3.41,8.220550000000003
-2.0,3.455,19.261075
-1.955,3.455,19.526844800312496
-1.91,3.455,19.815120805000003
-1.865,3.455,20.1237898253125
-1.82,3.455,20.450787880000004
-1.775,3.455,20.7941001953125
-1.73,3.455,21.151761204999996
-1.685,3.455,21.521854550312497
-1.6400000000000001,3.455,21.902513080000002
-1.595,3.455,22.2919188503125
-1.55,3.455,22.688303124999997
-1.505,3.455,23.0899463753125
-1.46,3.455,23.495178279999998
-1.415,3.455,23.902377725312498
-1.37,3.455,24.309972805
-1.3250000000000002,3.455,24.7164408203125
-1.28,3.455,25.12030828
-1.2349999999999999,3.455,25.5201509003125
-1.19,3.455,25.914593605
-1.145,3.455,26.3023105253125
-1.1,3.455,26.682025
-1.0550000000000002,3.455,27.0525095753125
-1.01,3.455,27.412586004999998
-0.9650000000000001,3.455,27.7611252503125
-0.9199999999999999,3.455,28.09704748
-0.875,3.455,28.4193220703125
-0.8300000000000001,3.455,28.726967605
-0.7850000000000001,3.455,29.0190518753125
-0.74,3.455,29.294691880000002
-0.6950000000000001,3.455,29.553053825312503
-0.6500000000000001,3.455,29.793353125
-0.605,3.455,30.0148544003125
-0.56,3.455,30.216871480000002
-0.5150000000000001,3.455,30.3987674003125
-0.47,3.455,30.559954405
-0.42500000000000004,3.455,30.699893945312503
-0.3800000000000001,3.455,30.81809668
-0.33499999999999996,3.455,30.914122475312503
-0.29000000000000004,3.455,30.987580405000003
-0.2450000000000001,3.455,31.038128750312502
-0.20000000000000018,3.455,31.065475
-0.15500000000000003,3.455,31.0693758503125
-0.1100000000000001,3.455,31.049637205
-0.06500000000000017,3.455,31.0061141753125
-0.020000000000000018,3.455,30.93871108
0.02499999999999991,3.455,30.8473814453125
0.06999999999999984,3.455,30.732128005
0.11499999999999977,3.455,30.593002700312503
0.16000000000000014,3.455,30.43010668
0.20500000000000007,3.455,30.243590300312498
0.25,3.455,30.033653125
0.29499999999999993,3.455,29.8005439253125
0.33999999999999986,3.455,29.54456068
0.3849999999999998,3.455,29.2660505753125
0.4299999999999997,3.455,28.965410005000003
0.4750000000000001,3.455,28.6430845703125
0.52,3.455,28.29956908
0.565,3.455,27.9354075503125
0.6099999999999999,3.455,27.551193205
0.6549999999999998,3.455,27.1475684753125
0.6999999999999997,3.455,26.725225000000002
0.7450000000000001,3.455,26.2849036253125
0.79,3.455,25.827394405
0.835,3.455,25.353536600312502
0.8799999999999999,3.455,24.86421868
0.9249999999999998,3.455,24.360378320312503
0.9699999999999998,3.455,23.843002405000004
1.0149999999999997,3.455,23.313127025312504
1.06,3.455,22.77183748
1.105,3.455,22.2202682753125
1.15,3.455,21.659603125000004
1.1949999999999998,3.455,21.091074950312503
1.2399999999999998,3.455,20.515965880000003
1.2849999999999997,3.455,19.935607250312504
1.33,3.455,19.351379604999998
1.375,3.455,18.7647126953125
1.42,3.455,18.177085480000002
1.4649999999999999,3.455,17.590026125312505
1.5099999999999998,3.455,17.005112005
1.5549999999999997,3.455,16.423969700312504
1.5999999999999996,3.455,15.848275000000005
1.645,3.455,15.279752900312502
1.69,3.455,14.720177605000003
1.7349999999999999,3.455,14.1713725253125
1.7799999999999998,3.455,13.635210280000003
1.8249999999999997,3.455,13.113612695312504
1.8699999999999997,3.455,12.608550805000004
1.915,3.455,12.122044850312502
1.96,3.455,11.656164280000002
2.005,3.455,11.213027750312502
2.05,3.455,10.794803124999996
2.0949999999999998,3.455,10.403707475312498
2.1399999999999997,3.455,10.042007080000001
2.1849999999999996,3.455,9.712017425312503
2.2299999999999995,3.455,9.416103204999999
2.2749999999999995,3.455,9.156678320312505
2.3200000000000003,3.455,8.936205879999996
2.365,3.455,8.757198200312498
2.41,3.455,8.622216805000004
2.455,3.455,8.533872425312502
2.5,3.455,8.494825000000002
-2.0,3.5,19.75
-1.955,3.5,20.031787550312497
-1.91,3.5,20.335716805
-1.865,3.5,20.6596745753125
-1.82,3.5,21.00159688
-1.775,3.5,21.359468945312496
-1.73,3.5,21.731325204999997
-1.685,3.5,22.115249300312495
-1.6400000000000001,3.5,22.509374079999997
-1.595,3.5,22.9118816003125
-1.55,3.5,23.321003124999997
-1.505,3.5,23.7350191253125
-1.46,3.5,24.152259280000003
-1.415,3.5,24.5711024753125
-1.37,3.5,24.989976805
-1.3250000000000002,3.5,25.407359570312497
-1.28,3.5,25.82177728
-1.2349999999999999,3.5,26.231805650312502
-1.19,3.5,26.636069605
-1.145,3.5,27.0332432753125
-1.1,3.5,27.42205
-1.0550000000000002,3.5,27.8012623253125
-1.01,3.5,28.169702004999998
-0.9650000000000001,3.5,28.5262400003125
-0.9199999999999999,3.5,28.86979648
-0.875,3.5,29.1993408203125
-0.8300000000000001,3.5,29.513891604999998
-0.7850000000000001,3.5,29.812516625312497
-0.74,3.5,30.09433288
-0.6950000000000001,3.5,30.3585065753125
-0.6500000000000001,3.5,30.604253125
-0.605,3.5,30.830837150312497
-0.56,3.5,31.03757248
-0.5150000000000001,3.5,31.2238221503125
-0.47,3.5,31.388998405
-0.42500000000000004,3.5,31.5325626953125
-0.3800000000000001,3.5,31.65402568
-0.33499999999999996,3.5,31.7529472253125
-0.29000000000000004,3.5,31.828936405
-0.2450000000000001,3.5,31.8816515003125
-0.20000000000000018,3.5,31.910800000000002
-0.15500000000000003,3.5,31.9161386003125
-0.1100000000000001,3.5,31.897473205
-0.06500000000000017,3.5,31.8546589253125
-0.020000000000000018,3.5,31.78760008
0.02499999999999991,3.5,31.6962501953125
0.06999999999999984,3.5,31.580612005
0.11499999999999977,3.5,31.4407374503125
0.16000000000000014,3.5,31.27672768
0.20500000000000007,3.5,31.0887330503125
0.25,3.5,30.876953125
0.29499999999999993,3.5,30.6416366753125
0.33999999999999986,3.5,30.38308168
0.3849999999999998,3.5,30.1016353253125
0.4299999999999997,3.5,29.797694005000004
0.4750000000000001,3.5,29.4717033203125
0.52,3.5,29.12415808
0.565,3.5,28.7556023003125
0.6099999999999999,3.5,28.366629205000002
0.6549999999999998,3.5,27.9578812253125
0.6999999999999997,3.5,27.530050000000003
0.7450000000000001,3.5,27.0838763753125
0.79,3.5,26.620150405
0.835,3.5,26.1397113503125
0.8799999999999999,3.5,25.64344768
0.9249999999999998,3.5,25.132297070312504
0.9699999999999998,3.5,24.607246405
1.0149999999999997,3.5,24.069331775312506
1.06,3.5,23.519638479999998
1.105,3.5,22.9593010253125
1.15,3.5,22.389503125
1.1949999999999998,3.5,21.8114777003125
1.2399999999999998,3.5,21.226506880000002
1.2849999999999997,3.5,20.635922000312505
1.33,3.5,20.041103605
1.375,3.5,19.4434814453125
1.42,3.5,18.84453448
1.4649999999999999,3.5,18.2457908753125
1.5099999999999998,3.5,17.648828005
1.5549999999999997,3.5,17.055272450312504
1.5999999999999996,3.5,16.466800000000006
1.645,3.5,15.885135650312503
1.69,3.5,15.312053605
1.7349999999999999,3.5,14.749377275312499
1.7799999999999998,3.5,14.198979280000003
1.8249999999999997,3.5,13.6627814453125
1.8699999999999997,3.5,13.142754805000006
1.915,3.5,12.6409196003125
1.96,3.5,12.15934528
2.005,3.5,11.700150500312503
2.05,3.5,11.265503124999999
2.0949999999999998,3.5,10.857620225312502
2.1399999999999997,3.5,10.478768080000005
2.1849999999999996,3.5,10.131262175312504
2.2299999999999995,3.5,9.817467205
2.2749999999999995,3.5,9.539797070312503
2.3200000000000003,3.5,9.300714880000001
2.365,3.5,9.1027329503125
2.41,3.5,8.948412805000004
2.455,3.5,8.840365175312506
2.5,3.5,8.78125
