x,y,z
-4.0,-4.0,26.0
-3.92,-4.0,25.94064896
-3.84,-4.0,26.690319360000004
-3.76,-4.0,28.201333760000004
-3.68,-4.0,30.42699776
-3.6,-4.0,33.321600000000004
-3.52,-4.0,36.84041216000001
-3.44,-4.0,40.93968896000001
-3.36,-4.0,45.57666816000002
-3.2800000000000002,-4.0,50.709570559999975
-3.2,-4.0,56.29759999999999
-3.12,-4.0,62.30094335999998
-3.04,-4.0,68.68077056000001
-2.96,-4.0,75.39923456
-2.88,-4.0,82.41947136000002
-2.8,-4.0,89.7056
-2.7199999999999998,-4.0,97.22272256000004
-2.6399999999999997,-4.0,104.93692416000002
-2.56,-4.0,112.81527296
-2.48,-4.0,120.82582015999998
-2.4,-4.0,128.9376
-2.3200000000000003,-4.0,137.12062975999999
-2.24,-4.0,145.34590975999996
-2.16,-4.0,153.58542335999996
-2.08,-4.0,161.81213696
-2.0,-4.0,170.0
-1.92,-4.0,178.12394496000002
-1.8399999999999999,-4.0,186.15988736
-1.7599999999999998,-4.0,194.08472576
-1.6800000000000002,-4.0,201.87634176
-1.6,-4.0,209.5136
-1.52,-4.0,216.97634816000001
-1.44,-4.0,224.24541696000003
-1.3599999999999999,-4.0,231.30262016000006
-1.2799999999999998,-4.0,238.13075456
-1.1999999999999997,-4.0,244.7136
-1.12,-4.0,251.03591935999998
-1.04,-4.0,257.08345856000005
-0.96,-4.0,262.84294656
-0.8799999999999999,-4.0,268.30209536
-0.7999999999999998,-4.0,273.4496
-0.7199999999999998,-4.0,278.27513856
-0.6400000000000001,-4.0,282.76937215999993
-0.56,-4.0,286.92394496
-0.48,-4.0,290.73148416000004
-0.3999999999999999,-4.0,294.18559999999997
-0.31999999999999984,-4.0,297.28088576000005
-0.23999999999999977,-4.0,300.01291776
-0.16000000000000014,-4.0,302.37825535999997
-0.08000000000000007,-4.0,304.37444096
0.0,-4.0,306.0
0.08000000000000007,-4.0,307.25444096
0.16000000000000014,-4.0,308.13825535999996
0.2400000000000002,-4.0,308.65291776000004
0.3200000000000003,-4.0,308.80088576
0.40000000000000036,-4.0,308.58559999999994
0.4800000000000004,-4.0,308.01148416
0.5600000000000005,-4.0,307.08394496000005
0.6399999999999997,-4.0,305.80937216
0.7199999999999998,-4.0,304.19513856
0.7999999999999998,-4.0,302.2496
0.8799999999999999,-4.0,299.98209535999996
0.96,-4.0,297.40294656000003
1.04,-4.0,294.52345856
1.12,-4.0,291.35591936000003
1.2000000000000002,-4.0,287.9136
1.2800000000000002,-4.0,284.21075456
1.3600000000000003,-4.0,280.26262016
1.4400000000000004,-4.0,276.08541696000003
1.5200000000000005,-4.0,271.69634815999996
1.6000000000000005,-4.0,267.11359999999996
1.6799999999999997,-4.0,262.3563417600001
1.7599999999999998,-4.0,257.44472576
1.8399999999999999,-4.0,252.39988735999998
1.92,-4.0,247.24394496000008
2.0,-4.0,242.0
2.08,-4.0,236.69213695999997
2.16,-4.0,231.34542335999998
2.24,-4.0,225.98590976000003
2.3200000000000003,-4.0,220.64062976
2.4000000000000004,-4.0,215.33759999999995
2.4800000000000004,-4.0,210.10582015999998
2.5600000000000005,-4.0,204.97527296
2.6400000000000006,-4.0,199.97692415999995
2.7199999999999998,-4.0,195.14272255999998
2.8,-4.0,190.50560000000002
2.88,-4.0,186.09947135999997
2.96,-4.0,181.95923456000003
3.04,-4.0,178.12077055999998
3.12,-4.0,174.62094336
3.2,-4.0,171.49759999999995
3.2800000000000002,-4.0,168.78957056000002
3.3600000000000003,-4.0,166.53666815999998
3.4400000000000004,-4.0,164.77968896000002
3.5200000000000005,-4.0,163.56041215999997
3.6000000000000005,-4.0,162.92160000000004
3.6799999999999997,-4.0,162.90699776
3.76,-4.0,163.56133375999994
3.84,-4.0,164.93031936
3.92,-4.0,167.06064896000007
4.0,-4.0,170.0
-4.0,-3.92,20.23184895999999
-3.92,-3.92,19.969745919999987
-3.84,-3.92,20.518712319999988
-3.76,-3.92,21.831070719999992
-3.68,-3.92,23.86012671999999
-3.6,-3.92,26.560168959999988
-3.52,-3.92,29.886469119999994
-3.44,-3.92,33.79528192
-3.36,-3.92,38.24384512
-3.2800000000000002,-3.92,43.190379519999965
-3.2,-3.92,48.59408895999998
-3.12,-3.92,54.41516031999997
-3.04,-3.92,60.61476352
-2.96,-3.92,67.15505151999999
-2.88,-3.92,73.99916032
-2.8,-3.92,81.11120895999998
-2.7199999999999998,-3.92,88.45629952000002
-2.6399999999999997,-3.92,96.00051712000001
-2.56,-3.92,103.71092991999996
-2.48,-3.92,111.55558912
-2.4,-3.92,119.50352895999998
-2.3200000000000003,-3.92,127.52476671999995
-2.24,-3.92,135.59030271999998
-2.16,-3.92,143.67212031999998
-2.08,-3.92,151.74318591999995
-2.0,-3.92,159.77744896
-1.92,-3.92,167.74984191999997
-1.8399999999999999,-3.92,175.63628032000003
-1.7599999999999998,-3.92,183.41366272
-1.6800000000000002,-3.92,191.05987072
-1.6,-3.92,198.55376895999999
-1.52,-3.92,205.87520512
-1.44,-3.92,213.00500991999996
-1.3599999999999999,-3.92,219.92499711999997
-1.2799999999999998,-3.92,226.61796352000002
-1.1999999999999997,-3.92,233.06768896
-1.12,-3.92,239.25893631999995
-1.04,-3.92,245.17745151999998
-0.96,-3.92,250.80996351999997
-0.8799999999999999,-3.92,256.14418431999997
-0.7999999999999998,-3.92,261.16880896
-0.7199999999999998,-3.92,265.87351552
-0.6400000000000001,-3.92,270.24896512
-0.56,-3.92,274.28680192
-0.48,-3.92,277.97965311999997
-0.3999999999999999,-3.92,281.32112895999995
-0.31999999999999984,-3.92,284.30582272
-0.23999999999999977,-3.92,286.92931072
-0.16000000000000014,-3.92,289.18815232000003
-0.08000000000000007,-3.92,291.07988991999997
0.0,-3.92,292.60304895999997
0.08000000000000007,-3.92,293.75713792
0.16000000000000014,-3.92,294.54264832
0.2400000000000002,-3.92,294.96105471999994
0.3200000000000003,-3.92,295.01481471999995
0.40000000000000036,-3.92,294.70736895999994
0.4800000000000004,-3.92,294.0431411199999
0.5600000000000005,-3.92,293.02753792
0.6399999999999997,-3.92,291.66694912
0.7199999999999998,-3.92,289.96874751999997
0.7999999999999998,-3.92,287.94128896
0.8799999999999999,-3.92,285.59391231999996
0.96,-3.92,282.93693952
1.04,-3.92,279.98167551999995
1.12,-3.92,276.74040832
1.2000000000000002,-3.92,273.22640895999996
1.2800000000000002,-3.92,269.45393151999997
1.3600000000000003,-3.92,265.43821311999994
1.4400000000000004,-3.92,261.19547392
1.5200000000000005,-3.92,256.7429171199999
1.6000000000000005,-3.92,252.09872895999996
1.6799999999999997,-3.92,247.28207871999996
1.7599999999999998,-3.92,242.31311871999992
1.8399999999999999,-3.92,237.21298432
1.92,-3.92,232.00379392
2.0,-3.92,226.70864895999995
2.08,-3.92,221.35163391999993
2.16,-3.92,215.95781631999998
2.24,-3.92,210.55324672
2.3200000000000003,-3.92,205.16495871999996
2.4000000000000004,-3.92,199.8209689599999
2.4800000000000004,-3.92,194.55027711999992
2.5600000000000005,-3.92,189.38286591999997
2.6400000000000006,-3.92,184.34970111999993
2.7199999999999998,-3.92,179.48273151999996
2.8,-3.92,174.81488896
2.88,-3.92,170.38008831999994
2.96,-3.92,166.21322752
3.04,-3.92,162.35018751999996
3.12,-3.92,158.82783232
3.2,-3.92,155.68400895999991
3.2800000000000002,-3.92,152.95754752
3.3600000000000003,-3.92,150.68826111999994
3.4400000000000004,-3.92,148.91694592
3.5200000000000005,-3.92,147.68538111999996
3.6000000000000005,-3.92,147.03632895999996
3.6799999999999997,-3.92,147.01353471999997
3.76,-3.92,147.6617267199999
3.84,-3.92,149.02661631999996
3.92,-3.92,151.15489792000002
4.0,-3.92,154.09424896
-4.0,-3.84,15.375119359999998
-3.92,-3.84,14.912312319999996
-3.84,-3.84,15.26262272
-3.76,-3.84,16.37837312
-3.68,-3.84,18.212869119999997
-3.6,-3.84,20.720399359999995
-3.52,-3.84,23.85623552
-3.44,-3.84,27.57663232000001
-3.36,-3.84,31.838827520000013
-3.2800000000000002,-3.84,36.60104191999997
-3.2,-3.84,41.82247935999998
-3.12,-3.84,47.463326719999976
-3.04,-3.84,53.48475392
-2.96,-3.84,59.84891391999999
-2.88,-3.84,66.51894272000001
-2.8,-3.84,73.45895936
-2.7199999999999998,-3.84,80.63406592000003
-2.6399999999999997,-3.84,88.01034752000001
-2.56,-3.84,95.55487231999999
-2.48,-3.84,103.23569151999997
-2.4,-3.84,111.02183935999999
-2.3200000000000003,-3.84,118.88333311999997
-2.24,-3.84,126.79117311999995
-2.16,-3.84,134.71734271999998
-2.08,-3.84,142.63480832
-2.0,-3.84,150.51751936
-1.92,-3.84,158.34040832
-1.8399999999999999,-3.84,166.07939072
-1.7599999999999998,-3.84,173.71136511999998
-1.6800000000000002,-3.84,181.21421312
-1.6,-3.84,188.56679935999998
-1.52,-3.84,195.74897152
-1.44,-3.84,202.74156032000002
-1.3599999999999999,-3.84,209.52637952000003
-1.2799999999999998,-3.84,216.08622592
-1.1999999999999997,-3.84,222.40487936
-1.12,-3.84,228.46710271999996
-1.04,-3.84,234.25864192
-0.96,-3.84,239.76622592
-0.8799999999999999,-3.84,244.97756672000003
-0.7999999999999998,-3.84,249.88135935999998
-0.7199999999999998,-3.84,254.46728192
-0.6400000000000001,-3.84,258.72599551999997
-0.56,-3.84,262.64914431999995
-0.48,-3.84,266.22935552
-0.3999999999999999,-3.84,269.46023936
-0.31999999999999984,-3.84,272.33638912
-0.23999999999999977,-3.84,274.85338112
-0.16000000000000014,-3.84,277.00777471999993
-0.08000000000000007,-3.84,278.79711232
0.0,-3.84,280.21991935999995
0.08000000000000007,-3.84,281.27570432
0.16000000000000014,-3.84,281.96495871999997
0.2400000000000002,-3.84,282.28915711999997
0.3200000000000003,-3.84,282.25075712
0.40000000000000036,-3.84,281.85319935999996
0.4800000000000004,-3.84,281.10090752
0.5600000000000005,-3.84,279.99928832
0.6399999999999997,-3.84,278.55473152
0.7199999999999998,-3.84,276.77460992
0.7999999999999998,-3.84,274.66727936
0.8799999999999999,-3.84,272.24207872
0.96,-3.84,269.50932992
1.04,-3.84,266.48033792
1.12,-3.84,263.16739072
1.2000000000000002,-3.84,259.58375935999993
1.2800000000000002,-3.84,255.74369792
1.3600000000000003,-3.84,251.66244351999998
1.4400000000000004,-3.84,247.35621632
1.5200000000000005,-3.84,242.84221951999996
1.6000000000000005,-3.84,238.13863935999996
1.6799999999999997,-3.84,233.26464512
1.7599999999999998,-3.84,228.24038912
1.8399999999999999,-3.84,223.08700671999998
1.92,-3.84,217.82661631999997
2.0,-3.84,212.48231936
2.08,-3.84,207.07820032000004
2.16,-3.84,201.63932671999999
2.24,-3.84,196.19174911999994
2.3200000000000003,-3.84,190.76250111999997
2.4000000000000004,-3.84,185.37959936
2.4800000000000004,-3.84,180.07204351999997
2.5600000000000005,-3.84,174.86981631999993
2.6400000000000006,-3.84,169.80388351999994
2.7199999999999998,-3.84,164.90619391999996
2.8,-3.84,160.20967936000002
2.88,-3.84,155.74825471999998
2.96,-3.84,151.55681792000001
3.04,-3.84,147.67124991999998
3.12,-3.84,144.12841472
3.2,-3.84,140.96615935999995
3.2800000000000002,-3.84,138.22331392
3.3600000000000003,-3.84,135.93969151999997
3.4400000000000004,-3.84,134.15608832
3.5200000000000005,-3.84,132.91428351999997
3.6000000000000005,-3.84,132.25703936
3.6799999999999997,-3.84,132.22810112
3.76,-3.84,132.87219712
3.84,-3.84,134.23503872
3.92,-3.84,136.36332031999993
4.0,-3.84,139.30471935999998
-4.0,-3.76,11.382133759999995
-3.92,-3.76,10.720670719999992
-3.84,-3.76,10.874373119999994
-3.76,-3.76,11.795563519999995
-3.68,-3.76,13.437547519999994
-3.6,-3.76,15.754613759999993
-3.52,-3.76,18.702033919999998
-3.44,-3.76,22.236062720000003
-3.36,-3.76,26.313937920000008
-3.2800000000000002,-3.76,30.893880319999965
-3.2,-3.76,35.93509375999998
-3.12,-3.76,41.397765119999974
-3.04,-3.76,47.243064319999995
-2.96,-3.76,53.43314431999998
-2.88,-3.76,59.93114112000001
-2.8,-3.76,66.70117375999999
-2.7199999999999998,-3.76,73.70834432000002
-2.6399999999999997,-3.76,80.91873792000001
-2.56,-3.76,88.29942271999997
-2.48,-3.76,95.81844991999999
-2.4,-3.76,103.44485375999999
-2.3200000000000003,-3.76,111.14865151999993
-2.24,-3.76,118.90084352
-2.16,-3.76,126.67341311999999
-2.08,-3.76,134.43932671999997
-2.0,-3.76,142.17253376
-1.92,-3.76,149.84796672
-1.8399999999999999,-3.76,157.44154112000004
-1.7599999999999998,-3.76,164.93015552
-1.6800000000000002,-3.76,172.29169152
-1.6,-3.76,179.50501375999997
-1.52,-3.76,186.54996992
-1.44,-3.76,193.40739071999997
-1.3599999999999999,-3.76,200.05908991999996
-1.2799999999999998,-3.76,206.48786432000003
-1.1999999999999997,-3.76,212.67749376
-1.12,-3.76,218.61274111999998
-1.04,-3.76,224.27935232
-0.96,-3.76,229.66405632
-0.8799999999999999,-3.76,234.75456512
-0.7999999999999998,-3.76,239.53957376000002
-0.7199999999999998,-3.76,244.00876032
-0.6400000000000001,-3.76,248.15278591999999
-0.56,-3.76,251.96329472
-0.48,-3.76,255.43291391999998
-0.3999999999999999,-3.76,258.55525375999997
-0.31999999999999984,-3.76,261.32490752
-0.23999999999999977,-3.76,263.73745152000004
-0.16000000000000014,-3.76,265.78944512
-0.08000000000000007,-3.76,267.47843071999995
0.0,-3.76,268.80293376
0.08000000000000007,-3.76,269.76246272
0.16000000000000014,-3.76,270.35750912000003
0.2400000000000002,-3.76,270.58954751999994
0.3200000000000003,-3.76,270.46103551999994
0.40000000000000036,-3.76,269.97541376
0.4800000000000004,-3.76,269.13710591999995
0.5600000000000005,-3.76,267.95151871999997
0.6399999999999997,-3.76,266.42504192
0.7199999999999998,-3.76,264.56504831999996
0.7999999999999998,-3.76,262.37989376
0.8799999999999999,-3.76,259.87891712
0.96,-3.76,257.07244032
1.04,-3.76,253.97176831999997
1.12,-3.76,250.58918912000001
1.2000000000000002,-3.76,246.93797375999998
1.2800000000000002,-3.76,243.03237631999997
1.3600000000000003,-3.76,238.88763391999996
1.4400000000000004,-3.76,234.51996671999999
1.5200000000000005,-3.76,229.94657791999992
1.6000000000000005,-3.76,225.18565375999995
1.6799999999999997,-3.76,220.25636351999998
1.7599999999999998,-3.76,215.17885952
1.8399999999999999,-3.76,209.97427712
1.92,-3.76,204.66473472
2.0,-3.76,199.27333375999996
2.08,-3.76,193.82415871999993
2.16,-3.76,188.34227712
2.24,-3.76,182.85373952000003
2.3200000000000003,-3.76,177.38557951999994
2.4000000000000004,-3.76,171.96581375999995
2.4800000000000004,-3.76,166.62344191999995
2.5600000000000005,-3.76,161.38844672
2.6400000000000006,-3.76,156.29179391999995
2.7199999999999998,-3.76,151.36543231999997
2.8,-3.76,146.64229376
2.88,-3.76,142.15629311999996
2.96,-3.76,137.94232832
3.04,-3.76,134.03628031999995
3.12,-3.76,130.47501312
3.2,-3.76,127.29637375999994
3.2800000000000002,-3.76,124.53919231999998
3.3600000000000003,-3.76,122.24328191999996
3.4400000000000004,-3.76,120.44943871999999
3.5200000000000005,-3.76,119.19944191999996
3.6000000000000005,-3.76,118.53605375999999
3.6799999999999997,-3.76,118.50301951999998
3.76,-3.76,119.14506751999993
3.84,-3.76,120.50790911999998
3.92,-3.76,122.63823872000002
4.0,-3.76,125.58373375999997
-4.0,-3.68,8.206197760000004
-3.92,-3.68,7.348126720000002
-3.84,-3.68,7.307269120000004
-3.76,-3.68,8.035947520000006
-3.68,-3.68,9.487467520000003
-3.6,-3.68,11.616117760000002
-3.52,-3.68,14.377169920000007
-3.44,-3.68,17.726878720000013
-3.36,-3.68,21.622481920000016
-3.2800000000000002,-3.68,26.022200319999982
-3.2,-3.68,30.88523775999999
-3.12,-3.68,36.171781119999984
-3.04,-3.68,41.84300032000001
-2.96,-3.68,47.861048319999995
-2.88,-3.68,54.18906112000001
-2.8,-3.68,60.791157760000026
-2.7199999999999998,-3.68,67.63244032000003
-2.6399999999999997,-3.68,74.67899392000002
-2.56,-3.68,81.89788672
-2.48,-3.68,89.25716992000001
-2.4,-3.68,96.72587776
-2.3200000000000003,-3.68,104.27402751999999
-2.24,-3.68,111.87261952
-2.16,-3.68,119.49363712
-2.08,-3.68,127.11004672000001
-2.0,-3.68,134.69579776
-1.92,-3.68,142.22582272000002
-1.8399999999999999,-3.68,149.67603712000005
-1.7599999999999998,-3.68,157.02333952
-1.6800000000000002,-3.68,164.24561152
-1.6,-3.68,171.32171776
-1.52,-3.68,178.23150592000002
-1.44,-3.68,184.95580672000006
-1.3599999999999999,-3.68,191.47643392000003
-1.2799999999999998,-3.68,197.77618432000003
-1.1999999999999997,-3.68,203.83883776000005
-1.12,-3.68,209.64915711999998
-1.04,-3.68,215.19288832
-0.96,-3.68,220.45676032
-0.8799999999999999,-3.68,225.42848512000003
-0.7999999999999998,-3.68,230.09675776000003
-0.7199999999999998,-3.68,234.45125632000003
-0.6400000000000001,-3.68,238.48264192000002
-0.56,-3.68,242.18255872
-0.48,-3.68,245.54363392000002
-0.3999999999999999,-3.68,248.55947776
-0.31999999999999984,-3.68,251.22468352000004
-0.23999999999999977,-3.68,253.53482752000002
-0.16000000000000014,-3.68,255.48646912000004
-0.08000000000000007,-3.68,257.07715072
0.0,-3.68,258.30539776
0.08000000000000007,-3.68,259.17071872
0.16000000000000014,-3.68,259.67360512000005
0.2400000000000002,-3.68,259.81553152
0.3200000000000003,-3.68,259.59895552000006
0.40000000000000036,-3.68,259.02731776
0.4800000000000004,-3.68,258.10504192
0.5600000000000005,-3.68,256.83753472
0.6399999999999997,-3.68,255.23118592000003
0.7199999999999998,-3.68,253.29336831999998
0.7999999999999998,-3.68,251.03243776000005
0.8799999999999999,-3.68,248.45773312
0.96,-3.68,245.57957632000003
1.04,-3.68,242.40927231999999
1.12,-3.68,238.95910912
1.2000000000000002,-3.68,235.24235776
1.2800000000000002,-3.68,231.27327232
1.3600000000000003,-3.68,227.06708991999997
1.4400000000000004,-3.68,222.64003072
1.5200000000000005,-3.68,218.00929791999994
1.6000000000000005,-3.68,213.19307775999997
1.6799999999999997,-3.68,208.21053952000005
1.7599999999999998,-3.68,203.08183552
1.8399999999999999,-3.68,197.82810112000004
1.92,-3.68,192.47145472000003
2.0,-3.68,187.03499776
2.08,-3.68,181.54281472000002
2.16,-3.68,176.01997312000003
2.24,-3.68,170.49252352000002
2.3200000000000003,-3.68,164.98749952
2.4000000000000004,-3.68,159.53291775999998
2.4800000000000004,-3.68,154.15777792
2.5600000000000005,-3.68,148.89206272
2.6400000000000006,-3.68,143.76673791999997
2.7199999999999998,-3.68,138.81375232
2.8,-3.68,134.06603776000006
2.88,-3.68,129.55750912
2.96,-3.68,125.32306432000003
3.04,-3.68,121.39858432
3.12,-3.68,117.82093312
3.2,-3.68,114.62795775999999
3.2800000000000002,-3.68,111.85848832000002
3.3600000000000003,-3.68,109.55233791999999
3.4400000000000004,-3.68,107.75030272000002
3.5200000000000005,-3.68,106.49416191999998
3.6000000000000005,-3.68,105.82667776000002
3.6799999999999997,-3.68,105.79159552000002
3.76,-3.68,106.43364351999998
3.84,-3.68,107.79853312
3.92,-3.68,109.93295872000006
4.0,-3.68,112.88459776000002
-4.0,-3.6,5.801600000000004
-3.92,-3.6,4.748968960000002
-3.84,-3.6,4.515599360000004
-3.76,-3.6,5.053813760000005
-3.68,-3.6,6.316917760000003
-3.6,-3.6,8.259200000000002
-3.52,-3.6,10.835932160000006
-3.44,-3.6,14.00336896000001
-3.36,-3.6,17.71874816000002
-3.2800000000000002,-3.6,21.940290559999983
-3.2,-3.6,26.627199999999988
-3.12,-3.6,31.739663359999987
-3.04,-3.6,37.23885056
-2.96,-3.6,43.086914560000004
-2.88,-3.6,49.24699136000001
-2.8,-3.6,55.68320000000003
-2.7199999999999998,-3.6,62.360642560000024
-2.6399999999999997,-3.6,69.24540416000002
-2.56,-3.6,76.30455296000001
-2.48,-3.6,83.50614016
-2.4,-3.6,90.81920000000001
-2.3200000000000003,-3.6,98.21374975999998
-2.24,-3.6,105.66078976
-2.16,-3.6,113.13230336000001
-2.08,-3.6,120.60125696
-2.0,-3.6,128.04160000000002
-1.92,-3.6,135.42826496000004
-1.8399999999999999,-3.6,142.73716736000003
-1.7599999999999998,-3.6,149.94520576000005
-1.6800000000000002,-3.6,157.03026176000003
-1.6,-3.6,163.97119999999998
-1.52,-3.6,170.74786816000002
-1.44,-3.6,177.34109696000004
-1.3599999999999999,-3.6,183.73270016000004
-1.2799999999999998,-3.6,189.90547456000002
-1.1999999999999997,-3.6,195.84320000000002
-1.12,-3.6,201.53063936000004
-1.04,-3.6,206.95353856000003
-0.96,-3.6,212.09862655999999
-0.8799999999999999,-3.6,216.95361536000001
-0.7999999999999998,-3.6,221.5072
-0.7199999999999998,-3.6,225.74905856
-0.6400000000000001,-3.6,229.66985216
-0.56,-3.6,233.26122496000002
-0.48,-3.6,236.51580416000002
-0.3999999999999999,-3.6,239.42720000000003
-0.31999999999999984,-3.6,241.99000576000003
-0.23999999999999977,-3.6,244.19979776000002
-0.16000000000000014,-3.6,246.05313536000003
-0.08000000000000007,-3.6,247.54756096
0.0,-3.6,248.6816
0.08000000000000007,-3.6,249.45476096000002
0.16000000000000014,-3.6,249.86753536000003
0.2400000000000002,-3.6,249.92139776000005
0.3200000000000003,-3.6,249.61880576000004
0.40000000000000036,-3.6,248.96320000000003
0.4800000000000004,-3.6,247.95900416
0.5600000000000005,-3.6,246.61162496000003
0.6399999999999997,-3.6,244.92745216000003
0.7199999999999998,-3.6,242.91385856
0.7999999999999998,-3.6,240.57920000000004
0.8799999999999999,-3.6,237.93281535999998
0.96,-3.6,234.98502656
1.04,-3.6,231.74713856
1.12,-3.6,228.23143936000005
1.2000000000000002,-3.6,224.4512
1.2800000000000002,-3.6,220.42067455999998
1.3600000000000003,-3.6,216.15510016
1.4400000000000004,-3.6,211.67069696
1.5200000000000005,-3.6,206.98466815999996
1.6000000000000005,-3.6,202.11520000000002
1.6799999999999997,-3.6,197.08146176000002
1.7599999999999998,-3.6,191.90360576000006
1.8399999999999999,-3.6,186.60276736000003
1.92,-3.6,181.20106496000002
2.0,-3.6,175.72160000000002
2.08,-3.6,170.18845696
2.16,-3.6,164.62670336000002
2.24,-3.6,159.06238976000003
2.3200000000000003,-3.6,153.52254976
2.4000000000000004,-3.6,148.03519999999997
2.4800000000000004,-3.6,142.62934016
2.5600000000000005,-3.6,137.33495295999995
2.6400000000000006,-3.6,132.18300415999997
2.7199999999999998,-3.6,127.20544256000001
2.8,-3.6,122.43520000000005
2.88,-3.6,117.90619136000001
2.96,-3.6,113.65331456000004
3.04,-3.6,109.71245056
3.12,-3.6,106.12046336000003
3.2,-3.6,102.91519999999998
3.2800000000000002,-3.6,100.13549056000002
3.3600000000000003,-3.6,97.82114815999999
3.4400000000000004,-3.6,96.01296896000002
3.5200000000000005,-3.6,94.75273216
3.6000000000000005,-3.6,94.08320000000003
3.6799999999999997,-3.6,94.04811776000001
3.76,-3.6,94.69221375999997
3.84,-3.6,96.06119936000002
3.92,-3.6,98.20176896000004
4.0,-3.6,101.16160000000002
-4.0,-3.52,4.12361216
-3.92,-3.52,2.878469119999998
-3.84,-3.52,2.4546355199999996
-3.76,-3.52,2.8044339199999997
-3.68,-3.52,3.881169919999998
-3.6,-3.52,5.639132159999996
-3.52,-3.52,8.03359232
-3.44,-3.52,11.020805120000006
-3.36,-3.52,14.55800832000001
-3.2800000000000002,-3.52,18.603422719999976
-3.2,-3.52,23.11625215999998
-3.12,-3.52,28.05668351999998
-3.04,-3.52,33.385886719999995
-2.96,-3.52,39.06601471999999
-2.88,-3.52,45.06020352
-2.8,-3.52,51.33257216000001
-2.7199999999999998,-3.52,57.84822272000001
-2.6399999999999997,-3.52,64.57324032000002
-2.56,-3.52,71.47469312
-2.48,-3.52,78.52063232
-2.4,-3.52,85.68009216
-2.3200000000000003,-3.52,92.92308991999998
-2.24,-3.52,100.22062592
-2.16,-3.52,107.54468352
-2.08,-3.52,114.86822912
-2.0,-3.52,122.16521215999998
-1.92,-3.52,129.41056512
-1.8399999999999999,-3.52,136.58020352000003
-1.7599999999999998,-3.52,143.65102592
-1.6800000000000002,-3.52,150.60091392
-1.6,-3.52,157.40873216
-1.52,-3.52,164.05432832000002
-1.44,-3.52,170.51853312000003
-1.3599999999999999,-3.52,176.78316032000004
-1.2799999999999998,-3.52,182.83100672000003
-1.1999999999999997,-3.52,188.64585216000006
-1.12,-3.52,194.21245951999998
-1.04,-3.52,199.51657472
-0.96,-3.52,204.54492671999998
-0.8799999999999999,-3.52,209.28522752
-0.7999999999999998,-3.52,213.72617216
-0.7199999999999998,-3.52,217.85743872
-0.6400000000000001,-3.52,221.66968832
-0.56,-3.52,225.15456512
-0.48,-3.52,228.30469632
-0.3999999999999999,-3.52,231.11369216
-0.31999999999999984,-3.52,233.57614592
-0.23999999999999977,-3.52,235.68763392
-0.16000000000000014,-3.52,237.44471552000002
-0.08000000000000007,-3.52,238.84493312
0.0,-3.52,239.88681216
0.08000000000000007,-3.52,240.56986111999998
0.16000000000000014,-3.52,240.89457152
0.2400000000000002,-3.52,240.86241791999998
0.3200000000000003,-3.52,240.47585792
0.40000000000000036,-3.52,239.73833216
0.4800000000000004,-3.52,238.65426432
0.5600000000000005,-3.52,237.22906111999995
0.6399999999999997,-3.52,235.46911232000002
0.7199999999999998,-3.52,233.38179071999997
0.7999999999999998,-3.52,230.97545216000003
0.8799999999999999,-3.52,228.25943551999998
0.96,-3.52,225.24406272
1.04,-3.52,221.94063871999998
1.12,-3.52,218.36145152
1.2000000000000002,-3.52,214.51977215999997
1.2800000000000002,-3.52,210.42985471999998
1.3600000000000003,-3.52,206.10693631999996
1.4400000000000004,-3.52,201.56723711999996
1.5200000000000005,-3.52,196.82796031999993
1.6000000000000005,-3.52,191.90729215999994
1.6799999999999997,-3.52,186.82440192
1.7599999999999998,-3.52,181.59944191999998
1.8399999999999999,-3.52,176.25354752
1.92,-3.52,170.80883712000002
2.0,-3.52,165.28841215999998
2.08,-3.52,159.71635712
2.16,-3.52,154.11773952
2.24,-3.52,148.51860992
2.3200000000000003,-3.52,142.94600192
2.4000000000000004,-3.52,137.42793215999995
2.4800000000000004,-3.52,131.99340031999998
2.5600000000000005,-3.52,126.67238911999995
2.6400000000000006,-3.52,121.49586431999995
2.7199999999999998,-3.52,116.49577471999999
2.8,-3.52,111.70505216000004
2.88,-3.52,107.15761151999997
2.96,-3.52,102.88835072
3.04,-3.52,98.93315071999997
3.12,-3.52,95.32887552
3.2,-3.52,92.11337215999997
3.2800000000000002,-3.52,89.32547072
3.3600000000000003,-3.52,87.00498431999998
3.4400000000000004,-3.52,85.19270912
3.5200000000000005,-3.52,83.93042431999997
3.6000000000000005,-3.52,83.26089216
3.6799999999999997,-3.52,83.22785792
3.76,-3.52,83.87604991999996
3.84,-3.52,85.25117952
3.92,-3.52,87.39994112000002
4.0,-3.52,90.37001215999999
-4.0,-3.44,3.1284889599999994
-3.92,-3.44,1.6928819199999965
-3.84,-3.44,1.0806323199999979
-3.76,-3.44,1.244062719999998
-3.68,-3.44,2.136478719999996
-3.6,-3.44,3.712168959999994
-3.52,-3.44,5.926405119999997
-3.44,-3.44,8.735441920000001
-3.36,-3.44,12.096517120000005
-3.2800000000000002,-3.44,15.96785151999998
-3.2,-3.44,20.30864895999997
-3.12,-3.44,25.079096319999984
-3.04,-3.44,30.24036351999999
-2.96,-3.44,35.75460352
-2.88,-3.44,41.584952319999985
-2.8,-3.44,47.69552896000002
-2.7199999999999998,-3.44,54.051435520000005
-2.6399999999999997,-3.44,60.618757120000026
-2.56,-3.44,67.36456192
-2.48,-3.44,74.25690111999998
-2.4,-3.44,81.26480896
-2.3200000000000003,-3.44,88.35830271999998
-2.24,-3.44,95.50838271999999
-2.16,-3.44,102.68703231999999
-2.08,-3.44,109.86721791999999
-2.0,-3.44,117.02288895999997
-1.92,-3.44,124.12897792
-1.8399999999999999,-3.44,131.16140032
-1.7599999999999998,-3.44,138.09705472000002
-1.6800000000000002,-3.44,144.91382271999998
-1.6,-3.44,151.59056895999996
-1.52,-3.44,158.10714112
-1.44,-3.44,164.44436992
-1.3599999999999999,-3.44,170.58406912
-1.2799999999999998,-3.44,176.50903552
-1.1999999999999997,-3.44,182.20304896
-1.12,-3.44,187.65087232000002
-1.04,-3.44,192.83825151999997
-0.96,-3.44,197.75191551999998
-0.8799999999999999,-3.44,202.37957631999996
-0.7999999999999998,-3.44,206.70992896
-0.7199999999999998,-3.44,210.73265152
-0.6400000000000001,-3.44,214.43840512
-0.56,-3.44,217.81883392
-0.48,-3.44,220.86656511999996
-0.3999999999999999,-3.44,223.57520896
-0.31999999999999984,-3.44,225.93935871999997
-0.23999999999999977,-3.44,227.95459072
-0.16000000000000014,-3.44,229.61746432
-0.08000000000000007,-3.44,230.92552192
0.0,-3.44,231.87728896
0.08000000000000007,-3.44,232.47227392
0.16000000000000014,-3.44,232.71096832
0.2400000000000002,-3.44,232.59484672
0.3200000000000003,-3.44,232.12636671999996
0.40000000000000036,-3.44,231.30896896
0.4800000000000004,-3.44,230.14707711999998
0.5600000000000005,-3.44,228.64609792
0.6399999999999997,-3.44,226.81242111999998
0.7199999999999998,-3.44,224.65341952
0.7999999999999998,-3.44,222.17744896
0.8799999999999999,-3.44,219.39384831999996
0.96,-3.44,216.31293952
1.04,-3.44,212.94602752
1.12,-3.44,209.30540032
1.2000000000000002,-3.44,205.40432896
1.2800000000000002,-3.44,201.25706751999996
1.3600000000000003,-3.44,196.87885311999997
1.4400000000000004,-3.44,192.28590591999995
1.5200000000000005,-3.44,187.49542911999995
1.6000000000000005,-3.44,182.52560895999994
1.6799999999999997,-3.44,177.39561472
1.7599999999999998,-3.44,172.12559872000003
1.8399999999999999,-3.44,166.73669632000002
1.92,-3.44,161.25102592
2.0,-3.44,155.69168895999996
2.08,-3.44,150.08276991999998
2.16,-3.44,144.44933632
2.24,-3.44,138.81743871999998
2.3200000000000003,-3.44,133.21411071999998
2.4000000000000004,-3.44,127.66736895999995
2.4800000000000004,-3.44,122.20621311999996
2.5600000000000005,-3.44,116.86062591999993
2.6400000000000006,-3.44,111.66157311999993
2.7199999999999998,-3.44,106.64100352
2.8,-3.44,101.83184895999997
2.88,-3.44,97.26802432
2.96,-3.44,92.98442751999997
3.04,-3.44,89.01693952
3.12,-3.44,85.40242431999997
3.2,-3.44,82.17872895999997
3.2800000000000002,-3.44,79.38468351999995
3.3600000000000003,-3.44,77.06010111999998
3.4400000000000004,-3.44,75.24577791999997
3.5200000000000005,-3.44,73.98349311999999
3.6000000000000005,-3.44,73.31600895999996
3.6799999999999997,-3.44,73.28707071999997
3.76,-3.44,73.94140671999997
3.84,-3.44,75.32472831999998
3.92,-3.44,77.48372991999997
4.0,-3.44,80.46608895999998
-4.0,-3.36,2.7734681600000006
-3.92,-3.36,1.1494451199999973
-3.84,-3.36,0.3508275199999987
-3.76,-3.36,0.3299379199999986
-3.68,-3.36,1.0400819199999964
-3.6,-3.36,2.435548159999994
-3.52,-3.36,4.471608319999997
-3.44,-3.36,7.1045171200000015
-3.36,-3.36,10.291512320000006
-3.2800000000000002,-3.36,13.99081471999998
-3.2,-3.36,18.16162815999997
-3.12,-3.36,22.764139519999986
-3.04,-3.36,27.75951871999999
-2.96,-3.36,33.109918719999996
-2.88,-3.36,38.77847551999999
-2.8,-3.36,44.729308160000016
-2.7199999999999998,-3.36,50.92751872
-2.6399999999999997,-3.36,57.339192320000016
-2.56,-3.36,63.93139711999999
-2.48,-3.36,70.67218431999999
-2.4,-3.36,77.53058815999998
-2.3200000000000003,-3.36,84.47662591999998
-2.24,-3.36,91.48129791999999
-2.16,-3.36,98.51658752
-2.08,-3.36,105.55546111999999
-2.0,-3.36,112.57186815999998
-1.92,-3.36,119.54074112
-1.8399999999999999,-3.36,126.43799552000002
-1.7599999999999998,-3.36,133.24052991999997
-1.6800000000000002,-3.36,139.92622591999998
-1.6,-3.36,146.47394815999996
-1.52,-3.36,152.86354432000002
-1.44,-3.36,159.07584512000003
-1.3599999999999999,-3.36,165.09266432
-1.2799999999999998,-3.36,170.89679872
-1.1999999999999997,-3.36,176.47202816
-1.12,-3.36,181.80311551999998
-1.04,-3.36,186.87580671999996
-0.96,-3.36,191.67683072
-0.8799999999999999,-3.36,196.19389951999997
-0.7999999999999998,-3.36,200.41570816
-0.7199999999999998,-3.36,204.33193471999996
-0.6400000000000001,-3.36,207.93324031999998
-0.56,-3.36,211.21126912
-0.48,-3.36,214.15864831999997
-0.3999999999999999,-3.36,216.76898815999996
-0.31999999999999984,-3.36,219.03688191999998
-0.23999999999999977,-3.36,220.95790592
-0.16000000000000014,-3.36,222.52861952
-0.08000000000000007,-3.36,223.74656511999999
0.0,-3.36,224.61026815999998
0.08000000000000007,-3.36,225.11923711999998
0.16000000000000014,-3.36,225.27396352
0.2400000000000002,-3.36,225.07592191999996
0.3200000000000003,-3.36,224.52756992
0.40000000000000036,-3.36,223.63234815999996
0.4800000000000004,-3.36,222.39468032
0.5600000000000005,-3.36,220.81997311999993
0.6399999999999997,-3.36,218.91461631999996
0.7199999999999998,-3.36,216.68598271999997
0.7999999999999998,-3.36,214.14242815999998
0.8799999999999999,-3.36,211.29329151999997
0.96,-3.36,208.14889472
1.04,-3.36,204.72054271999997
1.12,-3.36,201.02052351999995
1.2000000000000002,-3.36,197.06210815999998
1.2800000000000002,-3.36,192.85955071999996
1.3600000000000003,-3.36,188.42808831999994
1.4400000000000004,-3.36,183.78394111999995
1.5200000000000005,-3.36,178.94431231999994
1.6000000000000005,-3.36,173.9273881599999
1.6799999999999997,-3.36,168.75233792
1.7599999999999998,-3.36,163.43931391999996
1.8399999999999999,-3.36,158.00945152
1.92,-3.36,152.48486911999998
2.0,-3.36,146.88866815999995
2.08,-3.36,141.24493311999998
2.16,-3.36,135.57873152
2.24,-3.36,129.91611392
2.3200000000000003,-3.36,124.28411391999995
2.4000000000000004,-3.36,118.71074815999995
2.4800000000000004,-3.36,113.22501631999995
2.5600000000000005,-3.36,107.85690111999993
2.6400000000000006,-3.36,102.63736831999992
2.7199999999999998,-3.36,97.59836672
2.8,-3.36,92.77282815999999
2.88,-3.36,88.19466752
2.96,-3.36,83.89878271999996
3.04,-3.36,79.92105471999997
3.12,-3.36,76.29834751999995
3.2,-3.36,73.06850815999996
3.2800000000000002,-3.36,70.27036671999994
3.3600000000000003,-3.36,67.94373631999997
3.4400000000000004,-3.36,66.12941311999995
3.5200000000000005,-3.36,64.86917631999998
3.6000000000000005,-3.36,64.20578815999995
3.6799999999999997,-3.36,64.18299391999997
3.76,-3.36,64.84552191999997
3.84,-3.36,66.23908351999997
3.92,-3.36,68.41037311999997
4.0,-3.36,71.40706815999997
-4.0,-3.2800000000000002,3.0167705599999954
-3.92,-3.2800000000000002,1.2063795199999943
-3.84,-3.2800000000000002,0.22344191999999827
-3.76,-3.2800000000000002,0.020280320000000587
-3.68,-3.2800000000000002,0.5502003200000011
-3.6,-3.2800000000000002,1.7674905600000015
-3.52,-3.2800000000000002,3.6274227200000064
-3.44,-3.2800000000000002,6.086251520000005
-3.36,-3.2800000000000002,9.101214720000007
-3.2800000000000002,-3.2800000000000002,12.630533119999992
-3.2,-3.2800000000000002,16.633410559999987
-3.12,-3.2800000000000002,21.070033919999997
-3.04,-3.2800000000000002,25.901573120000005
-2.96,-3.2800000000000002,31.09018112000001
-2.88,-3.2800000000000002,36.59899392000001
-2.8,-3.2800000000000002,42.39213056000002
-2.7199999999999998,-3.2800000000000002,48.43469312000003
-2.6399999999999997,-3.2800000000000002,54.69276672000004
-2.56,-3.2800000000000002,61.13341952
-2.48,-3.2800000000000002,67.72470272
-2.4,-3.2800000000000002,74.43565056
-2.3200000000000003,-3.2800000000000002,81.23628031999999
-2.24,-3.2800000000000002,88.09759231999999
-2.16,-3.2800000000000002,94.99156992
-2.08,-3.2800000000000002,101.89117952
-2.0,-3.2800000000000002,108.77037056000003
-1.92,-3.2800000000000002,115.60407552000002
-1.8399999999999999,-3.2800000000000002,122.36820992000004
-1.7599999999999998,-3.2800000000000002,129.03967232000002
-1.6800000000000002,-3.2800000000000002,135.59634432
-1.6,-3.2800000000000002,142.01709055999996
-1.52,-3.2800000000000002,148.28175872000003
-1.44,-3.2800000000000002,154.37117952000003
-1.3599999999999999,-3.2800000000000002,160.26716672000003
-1.2799999999999998,-3.2800000000000002,165.95251712
-1.1999999999999997,-3.2800000000000002,171.41101056000005
-1.12,-3.2800000000000002,176.62740992000002
-1.04,-3.2800000000000002,181.58746112
-0.96,-3.2800000000000002,186.27789312000002
-0.8799999999999999,-3.2800000000000002,190.68641792000005
-0.7999999999999998,-3.2800000000000002,194.80173056000004
-0.7199999999999998,-3.2800000000000002,198.61350912000006
-0.6400000000000001,-3.2800000000000002,202.11241472
-0.56,-3.2800000000000002,205.29009152
-0.48,-3.2800000000000002,208.13916672000002
-0.3999999999999999,-3.2800000000000002,210.65325056000006
-0.31999999999999984,-3.2800000000000002,212.82693632
-0.23999999999999977,-3.2800000000000002,214.65580032000003
-0.16000000000000014,-3.2800000000000002,216.13640192000003
-0.08000000000000007,-3.2800000000000002,217.26628352
0.0,-3.2800000000000002,218.04397056000002
0.08000000000000007,-3.2800000000000002,218.46897152000003
0.16000000000000014,-3.2800000000000002,218.54177792000004
0.2400000000000002,-3.2800000000000002,218.26386432000004
0.3200000000000003,-3.2800000000000002,217.63768832
0.40000000000000036,-3.2800000000000002,216.66669056000006
0.4800000000000004,-3.2800000000000002,215.35529472000002
0.5600000000000005,-3.2800000000000002,213.70890752000003
0.6399999999999997,-3.2800000000000002,211.73391872000002
0.7199999999999998,-3.2800000000000002,209.43770112000004
0.7999999999999998,-3.2800000000000002,206.82861056000004
0.8799999999999999,-3.2800000000000002,203.91598592000003
0.96,-3.2800000000000002,200.71014912000004
1.04,-3.2800000000000002,197.22240512
1.12,-3.2800000000000002,193.46504192000003
1.2000000000000002,-3.2800000000000002,189.45133056
1.2800000000000002,-3.2800000000000002,185.19552512000004
1.3600000000000003,-3.2800000000000002,180.71286271999998
1.4400000000000004,-3.2800000000000002,176.01956352
1.5200000000000005,-3.2800000000000002,171.13283072000002
1.6000000000000005,-3.2800000000000002,166.07085056
1.6799999999999997,-3.2800000000000002,160.85279232000002
1.7599999999999998,-3.2800000000000002,155.49880832000005
1.8399999999999999,-3.2800000000000002,150.03003392000005
1.92,-3.2800000000000002,144.46858752000003
2.0,-3.2800000000000002,138.83757056000005
2.08,-3.2800000000000002,133.16106752000002
2.16,-3.2800000000000002,127.46414592000002
2.24,-3.2800000000000002,121.77285632000002
2.3200000000000003,-3.2800000000000002,116.11423232000001
2.4000000000000004,-3.2800000000000002,110.51629056000002
2.4800000000000004,-3.2800000000000002,105.00803072
2.5600000000000005,-3.2800000000000002,99.61943551999998
2.6400000000000006,-3.2800000000000002,94.38147071999998
2.7199999999999998,-3.2800000000000002,89.32608512000003
2.8,-3.2800000000000002,84.48621056000005
2.88,-3.2800000000000002,79.89576192000001
2.96,-3.2800000000000002,75.58963712000005
3.04,-3.2800000000000002,71.60371712000001
3.12,-3.2800000000000002,67.97486592000003
3.2,-3.2800000000000002,64.74093056
3.2800000000000002,-3.2800000000000002,61.94074112000003
3.3600000000000003,-3.2800000000000002,59.614110720000006
3.4400000000000004,-3.2800000000000002,57.801835520000026
3.5200000000000005,-3.2800000000000002,56.545694720000014
3.6000000000000005,-3.2800000000000002,55.88845056000004
3.6799999999999997,-3.2800000000000002,55.87384832000003
3.76,-3.2800000000000002,56.54661632000002
3.84,-3.2800000000000002,57.95246592000002
3.92,-3.2800000000000002,60.13809152000002
4.0,-3.2800000000000002,63.151170560000025
-4.0,-3.2,3.8175999999999997
-3.92,-3.2,1.822888959999996
-3.84,-3.2,0.6576793599999977
-3.76,-3.2,0.2742937599999977
-3.68,-3.2,0.6260377599999962
-3.6,-3.2,1.6671999999999945
-3.52,-3.2,3.353052159999997
-3.44,-3.2,5.63984896000001
-3.36,-3.2,8.484828160000017
-3.2800000000000002,-3.2,11.846210559999989
-3.2,-3.2,15.683199999999985
-3.12,-3.2,19.955983359999998
-3.04,-3.2,24.62573056
-2.96,-3.2,29.654594560000007
-2.88,-3.2,35.005711360000014
-2.8,-3.2,40.64320000000002
-2.7199999999999998,-3.2,46.532162560000025
-2.6399999999999997,-3.2,52.63868416000003
-2.56,-3.2,58.92983296
-2.48,-3.2,65.37366016
-2.4,-3.2,71.93920000000003
-2.3200000000000003,-3.2,78.59646975999998
-2.24,-3.2,85.31646975999999
-2.16,-3.2,92.07118336
-2.08,-3.2,98.83357696
-2.0,-3.2,105.5776
-1.92,-3.2,112.27818496
-1.8399999999999999,-3.2,118.91124736000003
-1.7599999999999998,-3.2,125.45368576000004
-1.6800000000000002,-3.2,131.88338176
-1.6,-3.2,138.17920000000004
-1.52,-3.2,144.32098816
-1.44,-3.2,150.28957696
-1.3599999999999999,-3.2,156.06678016
-1.2799999999999998,-3.2,161.63539456
-1.1999999999999997,-3.2,166.97920000000005
-1.12,-3.2,172.08295936000002
-1.04,-3.2,176.93241856000003
-0.96,-3.2,181.51430656000002
-0.8799999999999999,-3.2,185.81633535999998
-0.7999999999999998,-3.2,189.8272
-0.7199999999999998,-3.2,193.53657855999998
-0.6400000000000001,-3.2,196.93513216000002
-0.56,-3.2,200.01450496
-0.48,-3.2,202.76732416000002
-0.3999999999999999,-3.2,205.1872
-0.31999999999999984,-3.2,207.26872576
-0.23999999999999977,-3.2,209.00747776
-0.16000000000000014,-3.2,210.40001536000003
-0.08000000000000007,-3.2,211.44388096
0.0,-3.2,212.1376
0.08000000000000007,-3.2,212.48068096
0.16000000000000014,-3.2,212.47361536000003
0.2400000000000002,-3.2,212.11787776000003
0.3200000000000003,-3.2,211.41592576000002
0.40000000000000036,-3.2,210.3712
0.4800000000000004,-3.2,208.98812416
0.5600000000000005,-3.2,207.27210496000004
0.6399999999999997,-3.2,205.22953216000002
0.7199999999999998,-3.2,202.86777855999998
0.7999999999999998,-3.2,200.19520000000003
0.8799999999999999,-3.2,197.22113535999998
0.96,-3.2,193.95590656000005
1.04,-3.2,190.41081856000005
1.12,-3.2,186.59815936000004
1.2000000000000002,-3.2,182.5312
1.2800000000000002,-3.2,178.22419455999997
1.3600000000000003,-3.2,173.69238016
1.4400000000000004,-3.2,168.95197696
1.5200000000000005,-3.2,164.02018815999998
1.6000000000000005,-3.2,158.9152
1.6799999999999997,-3.2,153.65618176000004
1.7599999999999998,-3.2,148.26328576000006
1.8399999999999999,-3.2,142.75764736000005
1.92,-3.2,137.16138496000002
2.0,-3.2,131.4976
2.08,-3.2,125.79037696000002
2.16,-3.2,120.06478336000002
2.24,-3.2,114.34686976000002
2.3200000000000003,-3.2,108.66366976
2.4000000000000004,-3.2,103.0432
2.4800000000000004,-3.2,97.51446016
2.5600000000000005,-3.2,92.10743295999998
2.6400000000000006,-3.2,86.85308415999998
2.7199999999999998,-3.2,81.78336256000003
2.8,-3.2,76.93120000000005
2.88,-3.2,72.33051136000003
2.96,-3.2,68.01619456000003
3.04,-3.2,64.02413056000002
3.12,-3.2,60.391183360000035
3.2,-3.2,57.15520000000001
3.2800000000000002,-3.2,54.355010560000025
3.3600000000000003,-3.2,52.030428160000014
3.4400000000000004,-3.2,50.22224896000004
3.5200000000000005,-3.2,48.97225216000001
3.6000000000000005,-3.2,48.323200000000035
3.6799999999999997,-3.2,48.31883776000003
3.76,-3.2,49.003893760000025
3.84,-3.2,50.42407936000003
3.92,-3.2,52.626088960000025
4.0,-3.2,55.65760000000003
-4.0,-3.12,5.136143359999994
-3.92,-3.12,2.9591603199999925
-3.84,-3.12,1.613726719999996
-3.76,-3.12,1.0521651199999977
-3.68,-3.12,1.2277811199999982
-3.6,-3.12,2.0948633599999984
-3.52,-3.12,3.6086835200000027
-3.44,-3.12,5.7254963199999995
-3.36,-3.12,8.402539520000003
-3.2800000000000002,-3.12,11.598033919999988
-3.2,-3.12,15.271183359999984
-3.12,-3.12,19.382174719999995
-3.04,-3.12,23.892177919999998
-2.96,-3.12,28.763345920000003
-2.88,-3.12,33.95881472000001
-2.8,-3.12,39.44270336000002
-2.7199999999999998,-3.12,45.18011392000002
-2.6399999999999997,-3.12,51.137131520000025
-2.56,-3.12,57.280824319999994
-2.48,-3.12,63.57924351999999
-2.4,-3.12,70.00142335999999
-2.3200000000000003,-3.12,76.51738111999998
-2.24,-3.12,83.09811712
-2.16,-3.12,89.71561472
-2.08,-3.12,96.34284032
-2.0,-3.12,102.95374336000002
-1.92,-3.12,109.52325632
-1.8399999999999999,-3.12,116.02729472000003
-1.7599999999999998,-3.12,122.44275712000002
-1.6800000000000002,-3.12,128.74752511999998
-1.6,-3.12,134.92046335999999
-1.52,-3.12,140.94141952
-1.44,-3.12,146.79122432000003
-1.3599999999999999,-3.12,152.45169152000003
-1.2799999999999998,-3.12,157.90561792000003
-1.1999999999999997,-3.12,163.13678336000004
-1.12,-3.12,168.12995072000004
-1.04,-3.12,172.87086592
-0.96,-3.12,177.34625791999997
-0.8799999999999999,-3.12,181.54383872000005
-0.7999999999999998,-3.12,185.45230336000003
-0.7199999999999998,-3.12,189.06132992000002
-0.6400000000000001,-3.12,192.36157952000002
-0.56,-3.12,195.34469632
-0.48,-3.12,198.00330752
-0.3999999999999999,-3.12,200.33102336000002
-0.31999999999999984,-3.12,202.32243712
-0.23999999999999977,-3.12,203.97312512000002
-0.16000000000000014,-3.12,205.27964672000002
-0.08000000000000007,-3.12,206.23954432
0.0,-3.12,206.85134336000004
0.08000000000000007,-3.12,207.11455232
0.16000000000000014,-3.12,207.02966272000003
0.2400000000000002,-3.12,206.59814912000002
0.3200000000000003,-3.12,205.82246912
0.40000000000000036,-3.12,204.70606336000003
0.4800000000000004,-3.12,203.25335551999999
0.5600000000000005,-3.12,201.46975232
0.6399999999999997,-3.12,199.36164352000003
0.7199999999999998,-3.12,196.93640192
0.7999999999999998,-3.12,194.20238336000003
0.8799999999999999,-3.12,191.16892672000003
0.96,-3.12,187.84635391999998
1.04,-3.12,184.24596992
1.12,-3.12,180.38006272000004
1.2000000000000002,-3.12,176.26190336
1.2800000000000002,-3.12,171.90574592000002
1.3600000000000003,-3.12,167.32682752
1.4400000000000004,-3.12,162.54136831999998
1.5200000000000005,-3.12,157.56657152
1.6000000000000005,-3.12,152.42062335999998
1.6799999999999997,-3.12,147.12269312000004
1.7599999999999998,-3.12,141.69293312000002
1.8399999999999999,-3.12,136.15247872000003
1.92,-3.12,130.52344832
2.0,-3.12,124.82894336000003
2.08,-3.12,119.09304832
2.16,-3.12,113.34083072000001
2.24,-3.12,107.59834112
2.3200000000000003,-3.12,101.89261312
2.4000000000000004,-3.12,96.25166336
2.4800000000000004,-3.12,90.70449151999998
2.5600000000000005,-3.12,85.28108031999997
2.6400000000000006,-3.12,80.01239551999997
2.7199999999999998,-3.12,74.93038592000002
2.8,-3.12,70.06798336000003
2.88,-3.12,65.45910272
2.96,-3.12,61.138641920000026
3.04,-3.12,57.142481919999994
3.12,-3.12,53.50748672000002
3.2,-3.12,50.27150335999999
3.2800000000000002,-3.12,47.47336192000001
3.3600000000000003,-3.12,45.15287551999999
3.4400000000000004,-3.12,43.35084032000001
3.5200000000000005,-3.12,42.10903551999999
3.6000000000000005,-3.12,41.47022336000002
3.6799999999999997,-3.12,41.47814912000001
3.76,-3.12,42.17754112000001
3.84,-3.12,43.614110720000006
3.92,-3.12,45.83455232
4.0,-3.12,48.88654336000001
-4.0,-3.04,6.933570560000003
-3.92,-3.04,4.576363519999998
-3.84,-3.04,3.05275392
-3.76,-3.04,2.315064319999999
-3.68,-3.04,2.316600319999998
-3.6,-3.04,3.011650559999995
-3.52,-3.04,4.355486719999997
-3.44,-3.04,6.304363520000008
-3.36,-3.04,8.815518720000012
-3.2800000000000002,-3.04,11.84717311999999
-3.2,-3.04,15.358530559999986
-3.12,-3.04,19.30977791999999
-3.04,-3.04,23.66208512
-2.96,-3.04,28.377605120000005
-2.88,-3.04,33.41947392000001
-2.8,-3.04,38.75181056000001
-2.7199999999999998,-3.04,44.33971712000002
-2.6399999999999997,-3.04,50.14927872000003
-2.56,-3.04,56.14756352
-2.48,-3.04,62.302622719999995
-2.4,-3.04,68.58349056000002
-2.3200000000000003,-3.04,74.96018431999998
-2.24,-3.04,81.40370431999999
-2.16,-3.04,87.88603392
-2.08,-3.04,94.38013951999999
-2.0,-3.04,100.85997055999998
-1.92,-3.04,107.30045952
-1.8399999999999999,-3.04,113.67752192000002
-1.7599999999999998,-3.04,119.96805632000003
-1.6800000000000002,-3.04,126.14994431999999
-1.6,-3.04,132.20205056
-1.52,-3.04,138.10422272
-1.44,-3.04,143.83729151999998
-1.3599999999999999,-3.04,149.38307072
-1.2799999999999998,-3.04,154.72435712
-1.1999999999999997,-3.04,159.84493056000005
-1.12,-3.04,164.72955392000003
-1.04,-3.04,169.36397312
-0.96,-3.04,173.73491712000003
-0.8799999999999999,-3.04,177.83009792
-0.7999999999999998,-3.04,181.63821056
-0.7199999999999998,-3.04,185.14893311999998
-0.6400000000000001,-3.04,188.35292672
-0.56,-3.04,191.24183552
-0.48,-3.04,193.80828671999998
-0.3999999999999999,-3.04,196.04589055999998
-0.31999999999999984,-3.04,197.94924032
-0.23999999999999977,-3.04,199.51391232
-0.16000000000000014,-3.04,200.73646592000003
-0.08000000000000007,-3.04,201.61444351999998
0.0,-3.04,202.14637055999998
0.08000000000000007,-3.04,202.33175551999997
0.16000000000000014,-3.04,202.17108992000001
0.2400000000000002,-3.04,201.66584832
0.3200000000000003,-3.04,200.81848832
0.40000000000000036,-3.04,199.63245056
0.4800000000000004,-3.04,198.11215871999997
0.5600000000000005,-3.04,196.26301952
0.6399999999999997,-3.04,194.09142272
0.7199999999999998,-3.04,191.60474112
0.7999999999999998,-3.04,188.81133056
0.8799999999999999,-3.04,185.72052992
0.96,-3.04,182.34266112000003
1.04,-3.04,178.68902912
1.12,-3.04,174.77192192
1.2000000000000002,-3.04,170.60461056
1.2800000000000002,-3.04,166.20134911999995
1.3600000000000003,-3.04,161.57737471999997
1.4400000000000004,-3.04,156.74890751999996
1.5200000000000005,-3.04,151.73315071999997
1.6000000000000005,-3.04,146.54829055999997
1.6799999999999997,-3.04,141.21349632000002
1.7599999999999998,-3.04,135.74892032000002
1.8399999999999999,-3.04,130.17569792
1.92,-3.04,124.51594752
2.0,-3.04,118.79277055999998
2.08,-3.04,113.03025152
2.16,-3.04,107.25345792
2.24,-3.04,101.48844032
2.3200000000000003,-3.04,95.76223231999998
2.4000000000000004,-3.04,90.10285055999996
2.4800000000000004,-3.04,84.53929471999997
2.5600000000000005,-3.04,79.10154751999997
2.6400000000000006,-3.04,73.82057471999997
2.7199999999999998,-3.04,68.72832512000002
2.8,-3.04,63.85773056
2.88,-3.04,59.24270592000002
2.96,-3.04,54.918149119999995
3.04,-3.04,50.91994112000001
3.12,-3.04,47.284945919999984
3.2,-3.04,44.051010559999995
3.2800000000000002,-3.04,41.25696511999998
3.3600000000000003,-3.04,38.94262272000001
3.4400000000000004,-3.04,37.14877951999999
3.5200000000000005,-3.04,35.917214720000004
3.6000000000000005,-3.04,35.29069055999999
3.6799999999999997,-3.04,35.312952319999994
3.76,-3.04,36.02872832
3.84,-3.04,37.483729919999995
3.92,-3.04,39.72465152
4.0,-3.04,42.79917056000001
-4.0,-2.96,9.172034559999998
-3.92,-2.96,6.636651519999996
-3.84,-2.96,4.936913919999999
-3.76,-2.96,4.02514432
-3.68,-2.96,3.854648320000001
-3.6,-2.96,4.37971456
-3.52,-2.96,5.555614720000004
-3.44,-2.96,7.33860352
-3.36,-2.96,9.685918720000004
-3.2800000000000002,-2.96,12.55578111999999
-3.2,-2.96,15.907394559999986
-3.12,-2.96,19.70094591999999
-3.04,-2.96,23.89760512
-2.96,-2.96,28.459525120000002
-2.88,-2.96,33.34984192
-2.8,-2.96,38.53267456000002
-2.7199999999999998,-2.96,43.97312512000001
-2.6399999999999997,-2.96,49.63727872000003
-2.56,-2.96,55.49220352
-2.48,-2.96,61.50595072
-2.4,-2.96,67.64755455999999
-2.3200000000000003,-2.96,73.88703231999997
-2.24,-2.96,80.19538431999999
-2.16,-2.96,86.54459392
-2.08,-2.96,92.90762751999999
-2.0,-2.96,99.25843456000001
-1.92,-2.96,105.57194752
-1.8399999999999999,-2.96,111.82408192000003
-1.7599999999999998,-2.96,117.99173632000002
-1.6800000000000002,-2.96,124.05279231999998
-1.6,-2.96,129.98611455999998
-1.52,-2.96,135.77155071999996
-1.44,-2.96,141.38993152
-1.3599999999999999,-2.96,146.82307072
-1.2799999999999998,-2.96,152.05376512
-1.1999999999999997,-2.96,157.06579456000003
-1.12,-2.96,161.84392192
-1.04,-2.96,166.37389312
-0.96,-2.96,170.64243711999998
-0.8799999999999999,-2.96,174.63726592
-0.7999999999999998,-2.96,178.34707456
-0.7199999999999998,-2.96,181.76154112000003
-0.6400000000000001,-2.96,184.87132672
-0.56,-2.96,187.66807552
-0.48,-2.96,190.14441472
-0.3999999999999999,-2.96,192.29395456000003
-0.31999999999999984,-2.96,194.11128832
-0.23999999999999977,-2.96,195.59199232
-0.16000000000000014,-2.96,196.73262592
-0.08000000000000007,-2.96,197.53073152
0.0,-2.96,197.98483456000002
0.08000000000000007,-2.96,198.09444352
0.16000000000000014,-2.96,197.86004992000002
0.2400000000000002,-2.96,197.28312832
0.3200000000000003,-2.96,196.36613632
0.40000000000000036,-2.96,195.11251456000002
0.4800000000000004,-2.96,193.52668672
0.5600000000000005,-2.96,191.61405951999998
0.6399999999999997,-2.96,189.38102272
0.7199999999999998,-2.96,186.83494912000003
0.7999999999999998,-2.96,183.98419456
0.8799999999999999,-2.96,180.83809792000002
0.96,-2.96,177.40698111999998
1.04,-2.96,173.70214911999997
1.12,-2.96,169.73588992
1.2000000000000002,-2.96,165.52147456
1.2800000000000002,-2.96,161.07315712
1.3600000000000003,-2.96,156.40617471999997
1.4400000000000004,-2.96,151.53674751999998
1.5200000000000005,-2.96,146.48207871999998
1.6000000000000005,-2.96,141.26035455999997
1.6799999999999997,-2.96,135.89074432
1.7599999999999998,-2.96,130.39340032
1.8399999999999999,-2.96,124.78945792000002
1.92,-2.96,119.10103552
2.0,-2.96,113.35123456000001
2.08,-2.96,107.56413951999998
2.16,-2.96,101.76481792
2.24,-2.96,95.97932031999999
2.3200000000000003,-2.96,90.23468031999998
2.4000000000000004,-2.96,84.55891455999999
2.4800000000000004,-2.96,78.98102271999997
2.5600000000000005,-2.96,73.53098751999995
2.6400000000000006,-2.96,68.23977471999996
2.7199999999999998,-2.96,63.13933312000002
2.8,-2.96,58.26259456
2.88,-2.96,53.643473920000005
2.96,-2.96,49.31686911999999
3.04,-2.96,45.31866112
3.12,-2.96,41.68571391999998
3.2,-2.96,38.45587455999999
3.2800000000000002,-2.96,35.66797311999998
3.3600000000000003,-2.96,33.36182271999999
3.4400000000000004,-2.96,31.578219519999976
3.5200000000000005,-2.96,30.358942720000005
3.6000000000000005,-2.96,29.746754559999985
3.6799999999999997,-2.96,29.785400319999997
3.76,-2.96,30.519608319999993
3.84,-2.96,31.99508991999999
3.92,-2.96,34.25853951999999
4.0,-2.96,37.357634559999994
-4.0,-2.88,11.814671360000006
-3.92,-2.88,9.10316032
-3.84,-2.88,7.229342720000003
-3.76,-2.88,6.145541120000001
-3.68,-2.88,5.8050611199999995
-3.6,-2.88,6.162191359999997
-3.52,-2.88,7.172203519999998
-3.44,-2.88,8.791352320000009
-3.36,-2.88,10.976875520000013
-3.2800000000000002,-2.88,13.686993919999992
-3.2,-2.88,16.88091135999999
-3.12,-2.88,20.518814719999995
-3.04,-2.88,24.561873920000004
-2.96,-2.88,28.972241920000002
-2.88,-2.88,33.71305472
-2.8,-2.88,38.74843136000001
-2.7199999999999998,-2.88,44.04347392000001
-2.6399999999999997,-2.88,49.56426752000003
-2.56,-2.88,55.277880319999994
-2.48,-2.88,61.152363519999994
-2.4,-2.88,67.15675136000002
-2.3200000000000003,-2.88,73.26106111999998
-2.24,-2.88,79.43629311999999
-2.16,-2.88,85.65443072
-2.08,-2.88,91.88844031999999
-2.0,-2.88,98.11227135999998
-1.92,-2.88,104.30085632
-1.8399999999999999,-2.88,110.43011072000002
-1.7599999999999998,-2.88,116.47693312000001
-1.6800000000000002,-2.88,122.41920511999997
-1.6,-2.88,128.23579136
-1.52,-2.88,133.90653952
-1.44,-2.88,139.41228032
-1.3599999999999999,-2.88,144.73482752
-1.2799999999999998,-2.88,149.85697792
-1.1999999999999997,-2.88,154.76251136000005
-1.12,-2.88,159.43619072
-1.04,-2.88,163.86376191999997
-0.96,-2.88,168.03195391999998
-0.8799999999999999,-2.88,171.92847872
-0.7999999999999998,-2.88,175.54203136
-0.7199999999999998,-2.88,178.86228992
-0.6400000000000001,-2.88,181.87991552
-0.56,-2.88,184.58655232
-0.48,-2.88,186.97482751999996
-0.3999999999999999,-2.88,189.03835135999995
-0.31999999999999984,-2.88,190.77171712
-0.23999999999999977,-2.88,192.17050112
-0.16000000000000014,-2.88,193.23126272000002
-0.08000000000000007,-2.88,193.95154431999998
0.0,-2.88,194.32987135999997
0.08000000000000007,-2.88,194.36575231999998
0.16000000000000014,-2.88,194.05967872
0.2400000000000002,-2.88,193.41312512
0.3200000000000003,-2.88,192.42854912
0.40000000000000036,-2.88,191.10939135999996
0.4800000000000004,-2.88,189.46007551999998
0.5600000000000005,-2.88,187.48600832
0.6399999999999997,-2.88,185.19357952000001
0.7199999999999998,-2.88,182.59016191999999
0.7999999999999998,-2.88,179.68411136000003
0.8799999999999999,-2.88,176.48476671999998
0.96,-2.88,173.00244992
1.04,-2.88,169.24846591999997
1.12,-2.88,165.23510272000001
1.2000000000000002,-2.88,160.97563135999997
1.2800000000000002,-2.88,156.48430591999994
1.3600000000000003,-2.88,151.77636351999996
1.4400000000000004,-2.88,146.86802431999996
1.5200000000000005,-2.88,141.77649151999992
1.6000000000000005,-2.88,136.51995135999996
1.6799999999999997,-2.88,131.11757312
1.7599999999999998,-2.88,125.58950912000002
1.8399999999999999,-2.88,119.95689472000001
1.92,-2.88,114.24184831999999
2.0,-2.88,108.46747135999998
2.08,-2.88,102.65784831999999
2.16,-2.88,96.83804672
2.24,-2.88,91.03411711999999
2.3200000000000003,-2.88,85.27309311999997
2.4000000000000004,-2.88,79.58299135999995
2.4800000000000004,-2.88,73.99281151999996
2.5600000000000005,-2.88,68.53253631999996
2.6400000000000006,-2.88,63.23313151999996
2.7199999999999998,-2.88,58.12654592
2.8,-2.88,53.245711360000016
2.88,-2.88,48.624542719999994
2.96,-2.88,44.29793792000001
3.04,-2.88,40.30177791999999
3.12,-2.88,36.67292672
3.2,-2.88,33.44923135999998
3.2800000000000002,-2.88,30.669521919999994
3.3600000000000003,-2.88,28.373611519999987
3.4400000000000004,-2.88,26.60229632
3.5200000000000005,-2.88,25.39735551999998
3.6000000000000005,-2.88,24.801551359999998
3.6799999999999997,-2.88,24.858629119999993
3.76,-2.88,25.61331711999999
3.84,-2.88,27.111326719999994
3.92,-2.88,29.39935231999999
4.0,-2.88,32.52507136
-4.0,-2.8,14.825600000000005
-3.92,-2.8,11.940008959999998
-3.84,-2.8,9.894159360000003
-3.76,-2.8,8.640373760000003
-3.68,-2.8,8.13195776000001
-3.6,-2.8,8.323200000000009
-3.52,-2.8,9.16937216000001
-3.44,-2.8,10.626728960000008
-3.36,-2.8,12.65250816000001
-3.2800000000000002,-2.8,15.204930559999994
-3.2,-2.8,18.24319999999999
-3.12,-2.8,21.72750336
-3.04,-2.8,25.619010560000003
-2.96,-2.8,29.879874560000005
-2.88,-2.8,34.47323136000001
-2.8,-2.8,39.36320000000002
-2.7199999999999998,-2.8,44.51488256000002
-2.6399999999999997,-2.8,49.89436416000002
-2.56,-2.8,55.46871296
-2.48,-2.8,61.20598015999999
-2.4,-2.8,67.07519999999998
-2.3200000000000003,-2.8,73.04638975999998
-2.24,-2.8,79.09054975999999
-2.16,-2.8,85.17966335999999
-2.08,-2.8,91.28669695999999
-2.0,-2.8,97.38560000000003
-1.92,-2.8,103.45130495999999
-1.8399999999999999,-2.8,109.45972736000002
-1.7599999999999998,-2.8,115.38776576000002
-1.6800000000000002,-2.8,121.21330175999998
-1.6,-2.8,126.91519999999997
-1.52,-2.8,132.47330816
-1.44,-2.8,137.86845696
-1.3599999999999999,-2.8,143.08246016
-1.2799999999999998,-2.8,148.09811456
-1.1999999999999997,-2.8,152.89920000000004
-1.12,-2.8,157.47047935999998
-1.04,-2.8,161.79769855999996
-0.96,-2.8,165.86758655999998
-0.8799999999999999,-2.8,169.66785536
-0.7999999999999998,-2.8,173.1872
-0.7199999999999998,-2.8,176.41529856000002
-0.6400000000000001,-2.8,179.34281216
-0.56,-2.8,181.96138495999998
-0.48,-2.8,184.26364415999998
-0.3999999999999999,-2.8,186.24320000000003
-0.31999999999999984,-2.8,187.89464575999997
-0.23999999999999977,-2.8,189.21355776000001
-0.16000000000000014,-2.8,190.19649536
-0.08000000000000007,-2.8,190.84100095999997
0.0,-2.8,191.14560000000003
0.08000000000000007,-2.8,191.10980095999997
0.16000000000000014,-2.8,190.73409536
0.2400000000000002,-2.8,190.01995776
0.3200000000000003,-2.8,188.96984575999997
0.40000000000000036,-2.8,187.58720000000002
0.4800000000000004,-2.8,185.87644415999998
0.5600000000000005,-2.8,183.84298496
0.6399999999999997,-2.8,181.49321215999998
0.7199999999999998,-2.8,178.83449856000001
0.7999999999999998,-2.8,175.87519999999998
0.8799999999999999,-2.8,172.62465536
0.96,-2.8,169.09318656
1.04,-2.8,165.29209855999997
1.12,-2.8,161.23367936
1.2000000000000002,-2.8,156.9312
1.2800000000000002,-2.8,152.39891455999998
1.3600000000000003,-2.8,147.65206015999996
1.4400000000000004,-2.8,142.70685695999995
1.5200000000000005,-2.8,137.58050816
1.6000000000000005,-2.8,132.29119999999998
1.6799999999999997,-2.8,126.85810176000001
1.7599999999999998,-2.8,121.30136576000001
1.8399999999999999,-2.8,115.64212736000002
1.92,-2.8,109.90250495999999
2.0,-2.8,104.10560000000002
2.08,-2.8,98.27549695999998
2.16,-2.8,92.43726335999999
2.24,-2.8,86.61694975999997
2.3200000000000003,-2.8,80.84158975999998
2.4000000000000004,-2.8,75.13919999999997
2.4800000000000004,-2.8,69.53878015999997
2.5600000000000005,-2.8,64.07031295999995
2.6400000000000006,-2.8,58.764764159999956
2.7199999999999998,-2.8,53.654082560000006
2.8,-2.8,48.77120000000001
2.88,-2.8,44.15003135999999
2.96,-2.8,39.825474559999996
3.04,-2.8,35.83341055999999
3.12,-2.8,32.21070335999998
3.2,-2.8,28.995199999999976
3.2800000000000002,-2.8,26.22573055999998
3.3600000000000003,-2.8,23.94210815999998
3.4400000000000004,-2.8,22.18512895999998
3.5200000000000005,-2.8,20.99657215999999
3.6000000000000005,-2.8,20.41919999999999
3.6799999999999997,-2.8,20.496757759999998
3.76,-2.8,21.27397375999998
3.84,-2.8,22.796559359999993
3.92,-2.8,25.111208959999974
4.0,-2.8,28.265599999999996
-4.0,-2.7199999999999998,18.169922560000014
-3.92,-2.7199999999999998,15.112299520000008
-3.84,-2.7199999999999998,12.89646592000001
-3.76,-2.7199999999999998,11.474744320000008
-3.68,-2.7199999999999998,10.800440320000009
-3.6,-2.7199999999999998,10.827842560000006
-3.52,-2.7199999999999998,11.512222720000006
-3.44,-2.7199999999999998,12.809835520000014
-3.36,-2.7199999999999998,14.677918720000015
-3.2800000000000002,-2.7199999999999998,17.074693119999992
-3.2,-2.7199999999999998,19.95936255999999
-3.12,-2.7199999999999998,23.29211392
-3.04,-2.7199999999999998,27.034117120000005
-2.96,-2.7199999999999998,31.147525120000008
-2.88,-2.7199999999999998,35.59547392000001
-2.8,-2.7199999999999998,40.342082560000016
-2.7199999999999998,-2.7199999999999998,45.352453120000014
-2.6399999999999997,-2.7199999999999998,50.59267072000003
-2.56,-2.7199999999999998,56.02980352
-2.48,-2.7199999999999998,61.63190272
-2.4,-2.7199999999999998,67.36800256000001
-2.3200000000000003,-2.7199999999999998,73.20812031999998
-2.24,-2.7199999999999998,79.12325632
-2.16,-2.7199999999999998,85.08539391999999
-2.08,-2.7199999999999998,91.06749951999998
-2.0,-2.7199999999999998,97.04352255999999
-1.92,-2.7199999999999998,102.98839552
-1.8399999999999999,-2.7199999999999998,108.87803392000001
-1.7599999999999998,-2.7199999999999998,114.68933632000002
-1.6800000000000002,-2.7199999999999998,120.40018431999998
-1.6,-2.7199999999999998,125.98944256000001
-1.52,-2.7199999999999998,131.43695871999998
-1.44,-2.7199999999999998,136.72356352
-1.3599999999999999,-2.7199999999999998,141.83107072
-1.2799999999999998,-2.7199999999999998,146.74227711999998
-1.1999999999999997,-2.7199999999999998,151.44096256
-1.12,-2.7199999999999998,155.91188992000002
-1.04,-2.7199999999999998,160.14080511999998
-0.96,-2.7199999999999998,164.11443711999996
-0.8799999999999999,-2.7199999999999998,167.82049791999998
-0.7999999999999998,-2.7199999999999998,171.24768256
-0.7199999999999998,-2.7199999999999998,174.38566912
-0.6400000000000001,-2.7199999999999998,177.22511872
-0.56,-2.7199999999999998,179.75767552
-0.48,-2.7199999999999998,181.97596672
-0.3999999999999999,-2.7199999999999998,183.87360255999997
-0.31999999999999984,-2.7199999999999998,185.44517631999997
-0.23999999999999977,-2.7199999999999998,186.68626432
-0.16000000000000014,-2.7199999999999998,187.59342592
-0.08000000000000007,-2.7199999999999998,188.16420352
0.0,-2.7199999999999998,188.39712255999996
0.08000000000000007,-2.7199999999999998,188.29169152
0.16000000000000014,-2.7199999999999998,187.84840192
0.2400000000000002,-2.7199999999999998,187.06872832
0.3200000000000003,-2.7199999999999998,185.95512831999997
0.40000000000000036,-2.7199999999999998,184.51104255999996
0.4800000000000004,-2.7199999999999998,182.74089472
0.5600000000000005,-2.7199999999999998,180.65009152
0.6399999999999997,-2.7199999999999998,178.24502272
0.7199999999999998,-2.7199999999999998,175.53306111999999
0.7999999999999998,-2.7199999999999998,172.52256255999998
0.8799999999999999,-2.7199999999999998,169.22286591999998
0.96,-2.7199999999999998,165.64429312
1.04,-2.7199999999999998,161.79814911999998
1.12,-2.7199999999999998,157.69672192000002
1.2000000000000002,-2.7199999999999998,153.35328255999997
1.2800000000000002,-2.7199999999999998,148.78208511999995
1.3600000000000003,-2.7199999999999998,143.99836671999995
1.4400000000000004,-2.7199999999999998,139.01834751999996
1.5200000000000005,-2.7199999999999998,133.85923071999994
1.6000000000000005,-2.7199999999999998,128.53920255999998
1.6799999999999997,-2.7199999999999998,123.07743232000001
1.7599999999999998,-2.7199999999999998,117.49407232000001
1.8399999999999999,-2.7199999999999998,111.81025792
1.92,-2.7199999999999998,106.04810751999999
2.0,-2.7199999999999998,100.23072255999998
2.08,-2.7199999999999998,94.38218751999997
2.16,-2.7199999999999998,88.52756991999998
2.24,-2.7199999999999998,82.69292031999998
2.3200000000000003,-2.7199999999999998,76.90527231999997
2.4000000000000004,-2.7199999999999998,71.19264255999997
2.4800000000000004,-2.7199999999999998,65.58403071999996
2.5600000000000005,-2.7199999999999998,60.10941951999995
2.6400000000000006,-2.7199999999999998,54.799774719999945
2.7199999999999998,-2.7199999999999998,49.68704511999999
2.8,-2.7199999999999998,44.80416256000001
2.88,-2.7199999999999998,40.18504191999999
2.96,-2.7199999999999998,35.86458112
3.04,-2.7199999999999998,31.878661119999983
3.12,-2.7199999999999998,28.26414591999999
3.2,-2.7199999999999998,25.058882559999972
3.2800000000000002,-2.7199999999999998,22.301701119999983
3.3600000000000003,-2.7199999999999998,20.03241471999998
3.4400000000000004,-2.7199999999999998,18.291819519999994
3.5200000000000005,-2.7199999999999998,17.121694719999976
3.6000000000000005,-2.7199999999999998,16.564802559999993
3.6799999999999997,-2.7199999999999998,16.66488831999999
3.76,-2.7199999999999998,17.466680319999988
3.84,-2.7199999999999998,19.01588991999999
3.92,-2.7199999999999998,21.359211519999988
4.0,-2.7199999999999998,24.54432255999999
-4.0,-2.6399999999999997,21.813724160000014
-3.92,-2.6399999999999997,18.586117120000008
-3.84,-2.6399999999999997,16.202347520000014
-3.76,-2.6399999999999997,14.614737920000012
-3.68,-2.6399999999999997,13.776593920000016
-3.6,-2.6399999999999997,13.642204160000015
-3.52,-2.6399999999999997,14.166840320000016
-3.44,-2.6399999999999997,15.306757120000013
-3.36,-2.6399999999999997,17.019192320000016
-3.2800000000000002,-2.6399999999999997,19.26236672000001
-3.2,-2.6399999999999997,21.995484159999997
-3.12,-2.6399999999999997,25.178731520000007
-3.04,-2.6399999999999997,28.77327872000001
-2.96,-2.6399999999999997,32.74127872000001
-2.88,-2.6399999999999997,37.045867520000016
-2.8,-2.6399999999999997,41.65116416000002
-2.7199999999999998,-2.6399999999999997,46.52227072000002
-2.6399999999999997,-2.6399999999999997,51.62527232000003
-2.56,-2.6399999999999997,56.92723712
-2.48,-2.6399999999999997,62.39621632
-2.4,-2.6399999999999997,68.00124416000001
-2.3200000000000003,-2.6399999999999997,73.71233791999998
-2.24,-2.6399999999999997,79.50049791999999
-2.16,-2.6399999999999997,85.33770752
-2.08,-2.6399999999999997,91.19693311999998
-2.0,-2.6399999999999997,97.05212416000002
-1.92,-2.6399999999999997,102.87821312
-1.8399999999999999,-2.6399999999999997,108.65111552000002
-1.7599999999999998,-2.6399999999999997,114.34772992000002
-1.6800000000000002,-2.6399999999999997,119.94593791999998
-1.6,-2.6399999999999997,125.42460415999997
-1.52,-2.6399999999999997,130.76357632
-1.44,-2.6399999999999997,135.94368512
-1.3599999999999999,-2.6399999999999997,140.94674432000002
-1.2799999999999998,-2.6399999999999997,145.75555072
-1.1999999999999997,-2.6399999999999997,150.35388416000004
-1.12,-2.6399999999999997,154.72650752
-1.04,-2.6399999999999997,158.85916671999996
-0.96,-2.6399999999999997,162.73859071999996
-0.8799999999999999,-2.6399999999999997,166.35249152000003
-0.7999999999999998,-2.6399999999999997,169.68956416
-0.7199999999999998,-2.6399999999999997,172.73948672000003
-0.6400000000000001,-2.6399999999999997,175.49292032
-0.56,-2.6399999999999997,177.94150912
-0.48,-2.6399999999999997,180.07788032
-0.3999999999999999,-2.6399999999999997,181.89564416000002
-0.31999999999999984,-2.6399999999999997,183.38939391999997
-0.23999999999999977,-2.6399999999999997,184.55470592
-0.16000000000000014,-2.6399999999999997,185.38813952
-0.08000000000000007,-2.6399999999999997,185.88723711999998
0.0,-2.6399999999999997,186.05052416000004
0.08000000000000007,-2.6399999999999997,185.87750911999998
0.16000000000000014,-2.6399999999999997,185.36868352000002
0.2400000000000002,-2.6399999999999997,184.52552192
0.3200000000000003,-2.6399999999999997,183.35048192
0.40000000000000036,-2.6399999999999997,181.84700416
0.4800000000000004,-2.6399999999999997,180.01951232
0.5600000000000005,-2.6399999999999997,177.87341312
0.6399999999999997,-2.6399999999999997,175.41509631999998
0.7199999999999998,-2.6399999999999997,172.65193472
0.7999999999999998,-2.6399999999999997,169.59228416
0.8799999999999999,-2.6399999999999997,166.24548352000002
0.96,-2.6399999999999997,162.62185471999996
1.04,-2.6399999999999997,158.73270271999996
1.12,-2.6399999999999997,154.59031552
1.2000000000000002,-2.6399999999999997,150.20796415999996
1.2800000000000002,-2.6399999999999997,145.59990272
1.3600000000000003,-2.6399999999999997,140.78136831999996
1.4400000000000004,-2.6399999999999997,135.76858111999994
1.5200000000000005,-2.6399999999999997,130.57874432
1.6000000000000005,-2.6399999999999997,125.23004415999995
1.6799999999999997,-2.6399999999999997,119.74164992
1.7599999999999998,-2.6399999999999997,114.13371392
1.8399999999999999,-2.6399999999999997,108.42737152
1.92,-2.6399999999999997,102.64474111999998
2.0,-2.6399999999999997,96.80892416
2.08,-2.6399999999999997,90.94400511999997
2.16,-2.6399999999999997,85.07505151999999
2.24,-2.6399999999999997,79.22811391999997
2.3200000000000003,-2.6399999999999997,73.43022591999997
2.4000000000000004,-2.6399999999999997,67.70940415999996
2.4800000000000004,-2.6399999999999997,62.094648319999955
2.5600000000000005,-2.6399999999999997,56.615941119999945
2.6400000000000006,-2.6399999999999997,51.30424831999994
2.7199999999999998,-2.6399999999999997,46.191518720000005
2.8,-2.6399999999999997,41.310684159999994
2.88,-2.6399999999999997,36.69565951999999
2.96,-2.6399999999999997,32.381342719999985
3.04,-2.6399999999999997,28.403614719999993
3.12,-2.6399999999999997,24.799339519999975
3.2,-2.6399999999999997,21.606364159999977
3.2800000000000002,-2.6399999999999997,18.863518719999977
3.3600000000000003,-2.6399999999999997,16.61061631999998
3.4400000000000004,-2.6399999999999997,14.888453119999971
3.5200000000000005,-2.6399999999999997,13.73880831999999
3.6000000000000005,-2.6399999999999997,13.204444159999978
3.6799999999999997,-2.6399999999999997,13.329105919999984
3.76,-2.6399999999999997,14.157521919999983
3.84,-2.6399999999999997,15.73540351999998
3.92,-2.6399999999999997,18.10944511999998
4.0,-2.6399999999999997,21.327324159999982
-4.0,-2.56,25.724072959999994
-3.92,-2.56,22.32852991999999
-3.84,-2.56,19.77887231999999
-3.76,-2.56,18.027422719999997
-3.68,-2.56,17.027486720000002
-3.6,-2.56,16.73335296
-3.52,-2.56,17.10029312
-3.44,-2.56,18.084561920000002
-3.36,-2.56,19.643397120000007
-3.2800000000000002,-2.56,21.735019519999994
-3.2,-2.56,24.318632959999988
-3.12,-2.56,27.354424319999996
-3.04,-2.56,30.803563520000004
-2.96,-2.56,34.62820352000001
-2.88,-2.56,38.791480320000005
-2.8,-2.56,43.25751296000001
-2.7199999999999998,-2.56,47.99140352000002
-2.6399999999999997,-2.56,52.959237120000026
-2.56,-2.56,58.128081919999985
-2.48,-2.56,63.46598911999999
-2.4,-2.56,68.94199296000001
-2.3200000000000003,-2.56,74.52611071999996
-2.24,-2.56,80.18934271999998
-2.16,-2.56,85.90367231999998
-2.08,-2.56,91.64206592
-2.0,-2.56,97.37847296000001
-1.92,-2.56,103.08782592
-1.8399999999999999,-2.56,108.74604032
-1.7599999999999998,-2.56,114.33001472000001
-1.6800000000000002,-2.56,119.81763072000001
-1.6,-2.56,125.18775296
-1.52,-2.56,130.42022912000002
-1.44,-2.56,135.49588992
-1.3599999999999999,-2.56,140.39654912
-1.2799999999999998,-2.56,145.10500352000003
-1.1999999999999997,-2.56,149.60503296000002
-1.12,-2.56,153.88140032
-1.04,-2.56,157.91985152
-0.96,-2.56,161.70711552
-0.8799999999999999,-2.56,165.23090432000004
-0.7999999999999998,-2.56,168.47991296
-0.7199999999999998,-2.56,171.44381952
-0.6400000000000001,-2.56,174.11328511999997
-0.56,-2.56,176.47995391999999
-0.48,-2.56,178.53645311999998
-0.3999999999999999,-2.56,180.27639296
-0.31999999999999984,-2.56,181.69436671999998
-0.23999999999999977,-2.56,182.78595072
-0.16000000000000014,-2.56,183.54770432
-0.08000000000000007,-2.56,183.97716991999997
0.0,-2.56,184.07287296
0.08000000000000007,-2.56,183.83432191999998
0.16000000000000014,-2.56,183.26200832
0.2400000000000002,-2.56,182.35740671999997
0.3200000000000003,-2.56,181.12297471999997
0.40000000000000036,-2.56,179.56215296
0.4800000000000004,-2.56,177.67936511999997
0.5600000000000005,-2.56,175.48001791999997
0.6399999999999997,-2.56,172.97050112000005
0.7199999999999998,-2.56,170.15818752
0.7999999999999998,-2.56,167.05143296
0.8799999999999999,-2.56,163.65957632
0.96,-2.56,159.99293952000002
1.04,-2.56,156.06282752
1.12,-2.56,151.88152832000003
1.2000000000000002,-2.56,147.46231296
1.2800000000000002,-2.56,142.81943552
1.3600000000000003,-2.56,137.96813312
1.4400000000000004,-2.56,132.92462592
1.5200000000000005,-2.56,127.70611711999999
1.6000000000000005,-2.56,122.33079295999995
1.6799999999999997,-2.56,116.81782272000001
1.7599999999999998,-2.56,111.18735872000002
1.8399999999999999,-2.56,105.46053632
1.92,-2.56,99.65947392
2.0,-2.56,93.80727296
2.08,-2.56,87.92801791999999
2.16,-2.56,82.04677631999998
2.24,-2.56,76.18959871999999
2.3200000000000003,-2.56,70.38351871999997
2.4000000000000004,-2.56,64.65655295999998
2.4800000000000004,-2.56,59.037701119999966
2.5600000000000005,-2.56,53.556945919999976
2.6400000000000006,-2.56,48.24525311999996
2.7199999999999998,-2.56,43.13457152000002
2.8,-2.56,38.25783296000001
2.88,-2.56,33.648952320000014
2.96,-2.56,29.342827520000007
3.04,-2.56,25.375339520000004
3.12,-2.56,21.78335232
3.2,-2.56,18.604712959999993
3.2800000000000002,-2.56,15.878251519999996
3.3600000000000003,-2.56,13.643781119999998
3.4400000000000004,-2.56,11.942097919999998
3.5200000000000005,-2.56,10.814981119999999
3.6000000000000005,-2.56,10.305192960000001
3.6799999999999997,-2.56,10.456478719999994
3.76,-2.56,11.313566720000004
3.84,-2.56,12.922168319999994
3.92,-2.56,15.32897792
4.0,-2.56,18.58167295999999
-4.0,-2.48,29.869020159999994
-3.92,-2.48,26.30758911999999
-3.84,-2.48,23.594091519999992
-3.76,-2.48,21.680849919999993
-3.68,-2.48,20.521169920000002
-3.6,-2.48,20.06934016
-3.52,-2.48,20.280632320000002
-3.44,-2.48,21.111301120000007
-3.36,-2.48,22.51858432000001
-3.2800000000000002,-2.48,24.46070271999999
-3.2,-2.48,26.89686015999999
-3.12,-2.48,29.787243519999997
-3.04,-2.48,33.09302272
-2.96,-2.48,36.77635072
-2.88,-2.48,40.800363520000005
-2.8,-2.48,45.129180160000004
-2.7199999999999998,-2.48,49.72790272000002
-2.6399999999999997,-2.48,54.562616320000025
-2.56,-2.48,59.60038911999999
-2.48,-2.48,64.80927231999999
-2.4,-2.48,70.15830016000001
-2.3200000000000003,-2.48,75.61748991999997
-2.24,-2.48,81.15784191999998
-2.16,-2.48,86.75133951999999
-2.08,-2.48,92.37094911999998
-2.0,-2.48,97.99062016
-1.92,-2.48,103.58528511999998
-1.8399999999999999,-2.48,109.13085952
-1.7599999999999998,-2.48,114.60424192
-1.6800000000000002,-2.48,119.98331391999997
-1.6,-2.48,125.24694016
-1.52,-2.48,130.37496832
-1.44,-2.48,135.34822912
-1.3599999999999999,-2.48,140.14853632
-1.2799999999999998,-2.48,144.75868672
-1.1999999999999997,-2.48,149.16246016000002
-1.12,-2.48,153.34461952
-1.04,-2.48,157.29091072
-0.96,-2.48,160.98806272000002
-0.8799999999999999,-2.48,164.42378752000002
-0.7999999999999998,-2.48,167.58678016
-0.7199999999999998,-2.48,170.46671872000002
-0.6400000000000001,-2.48,173.05426431999996
-0.56,-2.48,175.34106111999998
-0.48,-2.48,177.31973632000003
-0.3999999999999999,-2.48,178.98390016000002
-0.31999999999999984,-2.48,180.32814592000003
-0.23999999999999977,-2.48,181.34804992
-0.16000000000000014,-2.48,182.04017151999997
-0.08000000000000007,-2.48,182.40205311999998
0.0,-2.48,182.43222016
0.08000000000000007,-2.48,182.13018111999997
0.16000000000000014,-2.48,181.49642751999997
0.2400000000000002,-2.48,180.53243392000002
0.3200000000000003,-2.48,179.24065792
0.40000000000000036,-2.48,177.62454016
0.4800000000000004,-2.48,175.68850431999996
0.5600000000000005,-2.48,173.43795712
0.6399999999999997,-2.48,170.87928831999997
0.7199999999999998,-2.48,168.01987072000003
0.7999999999999998,-2.48,164.86806016
0.8799999999999999,-2.48,161.43319552000003
0.96,-2.48,157.72559872000002
1.04,-2.48,153.75657472
1.12,-2.48,149.53841152
1.2000000000000002,-2.48,145.08438015999997
1.2800000000000002,-2.48,140.40873471999998
1.3600000000000003,-2.48,135.52671232
1.4400000000000004,-2.48,130.45453311999995
1.5200000000000005,-2.48,125.20940031999999
1.6000000000000005,-2.48,119.80950015999997
1.6799999999999997,-2.48,114.27400192000002
1.7599999999999998,-2.48,108.62305792000001
1.8399999999999999,-2.48,102.87780352
1.92,-2.48,97.06035711999999
2.0,-2.48,91.19382016
2.08,-2.48,85.30227711999999
2.16,-2.48,79.41079552
2.24,-2.48,73.54542591999997
2.3200000000000003,-2.48,67.73320191999997
2.4000000000000004,-2.48,62.00214015999998
2.4800000000000004,-2.48,56.38124031999997
2.5600000000000005,-2.48,50.90048511999996
2.6400000000000006,-2.48,45.59084031999997
2.7199999999999998,-2.48,40.48425472000002
2.8,-2.48,35.61366016000001
2.88,-2.48,31.01297152000001
2.96,-2.48,26.717086720000008
3.04,-2.48,22.761886720000003
3.12,-2.48,19.184235519999998
3.2,-2.48,16.02198015999999
3.2800000000000002,-2.48,13.313950719999996
3.3600000000000003,-2.48,11.099960319999997
3.4400000000000004,-2.48,9.420805119999997
3.5200000000000005,-2.48,8.318264319999997
3.6000000000000005,-2.48,7.8351001600000005
3.6799999999999997,-2.48,8.015057920000006
3.76,-2.48,8.902865919999993
3.84,-2.48,10.544235520000004
3.92,-2.48,12.98586111999999
4.0,-2.48,16.275420160000007
-4.0,-2.4,34.217600000000004
-3.92,-2.4,30.492328959999995
-3.84,-2.4,27.61703936
-3.76,-2.4,25.544053759999997
-3.68,-2.4,24.226677759999998
-3.6,-2.4,23.6192
-3.52,-2.4,23.67689216
-3.44,-2.4,24.35600896
-3.36,-2.4,25.613788160000006
-3.2800000000000002,-2.4,27.40845056
-3.2,-2.4,29.69919999999999
-3.12,-2.4,32.44622336
-3.04,-2.4,35.61069056
-2.96,-2.4,39.15475456000001
-2.88,-2.4,43.04155136000001
-2.8,-2.4,47.235200000000006
-2.7199999999999998,-2.4,51.700802560000014
-2.6399999999999997,-2.4,56.40444416000003
-2.56,-2.4,61.313192959999995
-2.48,-2.4,66.39510016
-2.4,-2.4,71.6192
-2.3200000000000003,-2.4,76.95550975999997
-2.24,-2.4,82.37502975999998
-2.16,-2.4,87.84974335999999
-2.08,-2.4,93.35261695999999
-2.0,-2.4,98.85760000000002
-1.92,-2.4,104.33962496
-1.8399999999999999,-2.4,109.77460736
-1.7599999999999998,-2.4,115.13944576000002
-1.6800000000000002,-2.4,120.41202176
-1.6,-2.4,125.5712
-1.52,-2.4,130.59682816000003
-1.44,-2.4,135.46973696
-1.3599999999999999,-2.4,140.17174015999998
-1.2799999999999998,-2.4,144.68563456000004
-1.1999999999999997,-2.4,148.9952
-1.12,-2.4,153.08519936000002
-1.04,-2.4,156.94137856
-0.96,-2.4,160.55046656000002
-0.8799999999999999,-2.4,163.90017536000002
-0.7999999999999998,-2.4,166.9792
-0.7199999999999998,-2.4,169.77721856000002
-0.6400000000000001,-2.4,172.28489216
-0.56,-2.4,174.49386496
-0.48,-2.4,176.39676415999998
-0.3999999999999999,-2.4,177.98720000000003
-0.31999999999999984,-2.4,179.25976576
-0.23999999999999977,-2.4,180.21003776
-0.16000000000000014,-2.4,180.83457536
-0.08000000000000007,-2.4,181.13092096
0.0,-2.4,181.0976
0.08000000000000007,-2.4,180.73412095999998
0.16000000000000014,-2.4,180.04097536
0.2400000000000002,-2.4,179.01963776
0.3200000000000003,-2.4,177.67256575999997
0.40000000000000036,-2.4,176.00320000000002
0.4800000000000004,-2.4,174.01596415999995
0.5600000000000005,-2.4,171.71626496
0.6399999999999997,-2.4,169.11049216000004
0.7199999999999998,-2.4,166.20601856000002
0.7999999999999998,-2.4,163.0112
0.8799999999999999,-2.4,159.53537536000002
0.96,-2.4,155.78886656
1.04,-2.4,151.78297856
1.12,-2.4,147.52999936
1.2000000000000002,-2.4,143.04319999999998
1.2800000000000002,-2.4,138.33683456
1.3600000000000003,-2.4,133.42614016
1.4400000000000004,-2.4,128.32733696
1.5200000000000005,-2.4,123.05762815999998
1.6000000000000005,-2.4,117.63519999999995
1.6799999999999997,-2.4,112.07922176000001
1.7599999999999998,-2.4,106.40984576000001
1.8399999999999999,-2.4,100.64820736
1.92,-2.4,94.81642495999999
2.0,-2.4,88.93760000000002
2.08,-2.4,83.03581695999999
2.16,-2.4,77.13614335999999
2.24,-2.4,71.26462975999998
2.3200000000000003,-2.4,65.44830975999996
2.4000000000000004,-2.4,59.71519999999998
2.4800000000000004,-2.4,54.09430015999996
2.5600000000000005,-2.4,48.615592959999965
2.6400000000000006,-2.4,43.31004415999996
2.7199999999999998,-2.4,38.20960256000002
2.8,-2.4,33.3472
2.88,-2.4,28.75675136000001
2.96,-2.4,24.473154560000005
3.04,-2.4,20.532290560000003
3.12,-2.4,16.971023359999993
3.2,-2.4,13.827199999999992
3.2800000000000002,-2.4,11.139650559999989
3.3600000000000003,-2.4,8.948188159999997
3.4400000000000004,-2.4,7.293608959999991
3.5200000000000005,-2.4,6.217692159999999
3.6000000000000005,-2.4,5.763199999999994
3.6799999999999997,-2.4,5.973877759999997
3.76,-2.4,6.894453759999996
3.84,-2.4,8.570639359999996
3.92,-2.4,11.049128959999992
4.0,-2.4,14.377599999999997
-4.0,-2.3200000000000003,38.739829759999985
-3.92,-2.3200000000000003,34.85276671999998
-3.84,-2.3200000000000003,31.817733119999982
-3.76,-2.3200000000000003,29.587051519999978
-3.68,-2.3200000000000003,28.11402751999999
-3.6,-2.3200000000000003,27.35294975999999
-3.52,-2.3200000000000003,27.25908991999999
-3.44,-2.3200000000000003,27.788702719999996
-3.36,-2.3200000000000003,28.899025919999996
-3.2800000000000002,-2.3200000000000003,30.548280319999982
-3.2,-2.3200000000000003,32.69566975999997
-3.12,-2.3200000000000003,35.30138111999998
-3.04,-2.3200000000000003,38.326584319999995
-2.96,-2.3200000000000003,41.73343231999999
-2.88,-2.3200000000000003,45.48506112
-2.8,-2.3200000000000003,49.54558976
-2.7199999999999998,-2.3200000000000003,53.88012032
-2.6399999999999997,-2.3200000000000003,58.454737920000014
-2.56,-2.3200000000000003,63.236510719999984
-2.48,-2.3200000000000003,68.19348991999999
-2.4,-2.3200000000000003,73.29470975999999
-2.3200000000000003,-2.3200000000000003,78.51018751999997
-2.24,-2.3200000000000003,83.81092351999997
-2.16,-2.3200000000000003,89.16890111999996
-2.08,-2.3200000000000003,94.55708672000002
-2.0,-2.3200000000000003,99.94942976
-1.92,-2.3200000000000003,105.32086272000001
-1.8399999999999999,-2.3200000000000003,110.64730111999998
-1.7599999999999998,-2.3200000000000003,115.90564352
-1.6800000000000002,-2.3200000000000003,121.07377152000001
-1.6,-2.3200000000000003,126.13054975999998
-1.52,-2.3200000000000003,131.05582592000002
-1.44,-2.3200000000000003,135.83043072
-1.3599999999999999,-2.3200000000000003,140.43617792000003
-1.2799999999999998,-2.3200000000000003,144.85586432000002
-1.1999999999999997,-2.3200000000000003,149.07326976000002
-1.12,-2.3200000000000003,153.07315712
-1.04,-2.3200000000000003,156.84127232
-0.96,-2.3200000000000003,160.36434432
-0.8799999999999999,-2.3200000000000003,163.63008512
-0.7999999999999998,-2.3200000000000003,166.62718976
-0.7199999999999998,-2.3200000000000003,169.34533632
-0.6400000000000001,-2.3200000000000003,171.77518591999998
-0.56,-2.3200000000000003,173.90838272
-0.48,-2.3200000000000003,175.73755392
-0.3999999999999999,-2.3200000000000003,177.25630976
-0.31999999999999984,-2.3200000000000003,178.45924352000003
-0.23999999999999977,-2.3200000000000003,179.34193151999997
-0.16000000000000014,-2.3200000000000003,179.90093311999996
-0.08000000000000007,-2.3200000000000003,180.13379072000004
0.0,-2.3200000000000003,180.03902976
0.08000000000000007,-2.3200000000000003,179.61615872000002
0.16000000000000014,-2.3200000000000003,178.86566911999998
0.2400000000000002,-2.3200000000000003,177.78903551999997
0.3200000000000003,-2.3200000000000003,176.38871552000003
0.40000000000000036,-2.3200000000000003,174.66814975999998
0.4800000000000004,-2.3200000000000003,172.63176192
0.5600000000000005,-2.3200000000000003,170.28495872
0.6399999999999997,-2.3200000000000003,167.63412992000005
0.7199999999999998,-2.3200000000000003,164.68664832
0.7999999999999998,-2.3200000000000003,161.45086976
0.8799999999999999,-2.3200000000000003,157.93613312
0.96,-2.3200000000000003,154.15276032
1.04,-2.3200000000000003,150.11205632000002
1.12,-2.3200000000000003,145.82630912
1.2000000000000002,-2.3200000000000003,141.30878975999997
1.2800000000000002,-2.3200000000000003,136.57375231999998
1.3600000000000003,-2.3200000000000003,131.63643391999997
1.4400000000000004,-2.3200000000000003,126.51305471999999
1.5200000000000005,-2.3200000000000003,121.22081791999997
1.6000000000000005,-2.3200000000000003,115.77790975999996
1.6799999999999997,-2.3200000000000003,110.20349952000004
1.7599999999999998,-2.3200000000000003,104.51773952
1.8399999999999999,-2.3200000000000003,98.74176512
1.92,-2.3200000000000003,92.89769472000002
2.0,-2.3200000000000003,87.00862976
2.08,-2.3200000000000003,81.09865472000003
2.16,-2.3200000000000003,75.19283711999998
2.24,-2.3200000000000003,69.31722751999997
2.3200000000000003,-2.3200000000000003,63.49885951999998
2.4000000000000004,-2.3200000000000003,57.765749759999984
2.4800000000000004,-2.3200000000000003,52.14689791999998
2.5600000000000005,-2.3200000000000003,46.67228671999997
2.6400000000000006,-2.3200000000000003,41.37288191999996
2.7199999999999998,-2.3200000000000003,36.28063232000002
2.8,-2.3200000000000003,31.428469760000016
2.88,-2.3200000000000003,26.85030912000001
2.96,-2.3200000000000003,22.58104832000001
3.04,-2.3200000000000003,18.65656832000001
3.12,-2.3200000000000003,15.113733120000001
3.2,-2.3200000000000003,11.990389759999994
3.2800000000000002,-2.3200000000000003,9.325368319999999
3.3600000000000003,-2.3200000000000003,7.15848192
3.4400000000000004,-2.3200000000000003,5.53052672
3.5200000000000005,-2.3200000000000003,4.483281920000002
3.6000000000000005,-2.3200000000000003,4.0595097600000045
3.6799999999999997,-2.3200000000000003,4.30295552
3.76,-2.3200000000000003,5.258347520000007
3.84,-2.3200000000000003,6.971397119999999
3.92,-2.3200000000000003,9.488798720000004
4.0,-2.3200000000000003,12.85822976
-4.0,-2.24,43.406709759999984
-3.92,-2.24,39.35990271999998
-3.84,-2.24,36.16717311999999
-3.76,-2.24,33.78084351999998
-3.68,-2.24,32.15421952
-3.6,-2.24,31.241589759999997
-3.52,-2.24,30.998225919999996
-3.44,-2.24,31.38038272
-3.36,-2.24,32.34529792
-3.2800000000000002,-2.24,33.85119231999999
-3.2,-2.24,35.85726975999998
-3.12,-2.24,38.32371711999998
-3.04,-2.24,41.211704319999996
-2.96,-2.24,44.48338432
-2.88,-2.24,48.10189312
-2.8,-2.24,52.031349760000005
-2.7199999999999998,-2.24,56.236856320000015
-2.6399999999999997,-2.24,60.68449792000001
-2.56,-2.24,65.34134271999999
-2.48,-2.24,70.17544191999998
-2.4,-2.24,75.15582976
-2.3200000000000003,-2.24,80.25252351999998
-2.24,-2.24,85.43652352000001
-2.16,-2.24,90.67981312
-2.08,-2.24,95.95535871999998
-2.0,-2.24,101.23710976
-1.92,-2.24,106.49999871999998
-1.8399999999999999,-2.24,111.71994112000003
-1.7599999999999998,-2.24,116.87383552
-1.6800000000000002,-2.24,121.93956352
-1.6,-2.24,126.89598975999999
-1.52,-2.24,131.72296192000002
-1.44,-2.24,136.40131071999997
-1.3599999999999999,-2.24,140.91284991999999
-1.2799999999999998,-2.24,145.24037632000002
-1.1999999999999997,-2.24,149.36766976
-1.12,-2.24,153.27949311999998
-1.04,-2.24,156.96159232
-0.96,-2.24,160.40069632
-0.8799999999999999,-2.24,163.58451712000002
-0.7999999999999998,-2.24,166.50174976000005
-0.7199999999999998,-2.24,169.14207232
-0.6400000000000001,-2.24,171.49614592000003
-0.56,-2.24,173.55561472000002
-0.48,-2.24,175.31310592000003
-0.3999999999999999,-2.24,176.76222976
-0.31999999999999984,-2.24,177.89757952000002
-0.23999999999999977,-2.24,178.71473152000002
-0.16000000000000014,-2.24,179.21024512000005
-0.08000000000000007,-2.24,179.38166271999998
0.0,-2.24,179.22750976
0.08000000000000007,-2.24,178.74729471999999
0.16000000000000014,-2.24,177.94150912000003
0.2400000000000002,-2.24,176.81162752
0.3200000000000003,-2.24,175.36010751999996
0.40000000000000036,-2.24,173.59038976
0.4800000000000004,-2.24,171.50689791999997
0.5600000000000005,-2.24,169.11503871999997
0.6399999999999997,-2.24,166.42120192000002
0.7199999999999998,-2.24,163.43276032
0.7999999999999998,-2.24,160.15806976000005
0.8799999999999999,-2.24,156.60646912
0.96,-2.24,152.78828032
1.04,-2.24,148.71480832
1.12,-2.24,144.39834112
1.2000000000000002,-2.24,139.85214976
1.2800000000000002,-2.24,135.09048831999996
1.3600000000000003,-2.24,130.12859392000001
1.4400000000000004,-2.24,124.98268671999999
1.5200000000000005,-2.24,119.66996991999997
1.6000000000000005,-2.24,114.20862975999995
1.6799999999999997,-2.24,108.61783552
1.7599999999999998,-2.24,102.91773952000001
1.8399999999999999,-2.24,97.12947712000003
1.92,-2.24,91.27516671999999
2.0,-2.24,85.37790976
2.08,-2.24,79.46179071999998
2.16,-2.24,73.55187712000001
2.24,-2.24,67.67421952000001
2.3200000000000003,-2.24,61.85585151999998
2.4000000000000004,-2.24,56.124789759999985
2.4800000000000004,-2.24,50.51003391999997
2.5600000000000005,-2.24,45.04156671999996
2.6400000000000006,-2.24,39.75035391999996
2.7199999999999998,-2.24,34.668344320000024
2.8,-2.24,29.828469760000015
2.88,-2.24,25.264645120000004
2.96,-2.24,21.011768320000005
3.04,-2.24,17.105720320000003
3.12,-2.24,13.583365119999996
3.2,-2.24,10.48254975999999
3.2800000000000002,-2.24,7.842104319999995
3.3600000000000003,-2.24,5.701841919999996
3.4400000000000004,-2.24,4.1025587199999975
3.5200000000000005,-2.24,3.0860339199999984
3.6000000000000005,-2.24,2.6950297600000015
3.6799999999999997,-2.24,2.9732915200000027
3.76,-2.24,3.9655475199999968
3.84,-2.24,5.717509120000003
3.92,-2.24,8.275870719999993
4.0,-2.24,11.688309760000006
-4.0,-2.16,48.19022335999999
-3.92,-2.16,43.98572031999999
-3.84,-2.16,40.63734271999999
-3.76,-2.16,38.09741311999999
-3.68,-2.16,36.31923712
-3.6,-2.16,35.25710336
-3.52,-2.16,34.866283519999996
-3.44,-2.16,35.103032320000004
-3.36,-2.16,35.92458752
-3.2800000000000002,-2.16,37.28916991999999
-3.2,-2.16,39.155983359999986
-3.12,-2.16,41.48521471999999
-3.04,-2.16,44.23803392
-2.96,-2.16,47.376593920000005
-2.88,-2.16,50.86403072
-2.8,-2.16,54.664463360000006
-2.7199999999999998,-2.16,58.74299392
-2.6399999999999997,-2.16,63.06570752000002
-2.56,-2.16,67.59967232
-2.48,-2.16,72.31293951999999
-2.4,-2.16,77.17454336
-2.3200000000000003,-2.16,82.15450111999998
-2.24,-2.16,87.22381311999997
-2.16,-2.16,92.35446271999997
-2.08,-2.16,97.51941632
-2.0,-2.16,102.69262336
-1.92,-2.16,107.84901632
-1.8399999999999999,-2.16,112.96451071999999
-1.7599999999999998,-2.16,118.01600511999999
-1.6800000000000002,-2.16,122.98138112000001
-1.6,-2.16,127.83950336
-1.52,-2.16,132.57021952000002
-1.44,-2.16,137.15436032000002
-1.3599999999999999,-2.16,141.57373952000003
-1.2799999999999998,-2.16,145.81115392
-1.1999999999999997,-2.16,149.85038336000002
-1.12,-2.16,153.67619072
-1.04,-2.16,157.27432192
-0.96,-2.16,160.63150592000002
-0.8799999999999999,-2.16,163.73545472
-0.7999999999999998,-2.16,166.57486336
-0.7199999999999998,-2.16,169.13940992
-0.6400000000000001,-2.16,171.41975551999997
-0.56,-2.16,173.40754431999997
-0.48,-2.16,175.09540352
-0.3999999999999999,-2.16,176.47694336
-0.31999999999999984,-2.16,177.54675712000002
-0.23999999999999977,-2.16,178.30042111999998
-0.16000000000000014,-2.16,178.73449472
-0.08000000000000007,-2.16,178.84652032000002
0.0,-2.16,178.63502336
0.08000000000000007,-2.16,178.09951232
0.16000000000000014,-2.16,177.24047872
0.2400000000000002,-2.16,176.05939711999997
0.3200000000000003,-2.16,174.55872512000002
0.40000000000000036,-2.16,172.74190336
0.4800000000000004,-2.16,170.61335552
0.5600000000000005,-2.16,168.17848831999999
0.6399999999999997,-2.16,165.44369152000002
0.7199999999999998,-2.16,162.41633792000002
0.7999999999999998,-2.16,159.10478335999997
0.8799999999999999,-2.16,155.51836672
0.96,-2.16,151.66740992
1.04,-2.16,147.56321792
1.12,-2.16,143.21807872
1.2000000000000002,-2.16,138.64526335999997
1.2800000000000002,-2.16,133.85902592
1.3600000000000003,-2.16,128.87460352
1.4400000000000004,-2.16,123.70821631999998
1.5200000000000005,-2.16,118.37706751999997
1.6000000000000005,-2.16,112.89934335999996
1.6799999999999997,-2.16,107.29421312000005
1.7599999999999998,-2.16,101.58182912
1.8399999999999999,-2.16,95.78332671999999
1.92,-2.16,89.92082432000002
2.0,-2.16,84.01742336000001
2.08,-2.16,78.09720832000001
2.16,-2.16,72.18524671999998
2.24,-2.16,66.30758911999997
2.3200000000000003,-2.16,60.49126911999998
2.4000000000000004,-2.16,54.76430335999998
2.4800000000000004,-2.16,49.15569151999997
2.5600000000000005,-2.16,43.695416319999964
2.6400000000000006,-2.16,38.414443519999956
2.7199999999999998,-2.16,33.34472192000001
2.8,-2.16,28.519183360000014
2.88,-2.16,23.971742720000005
2.96,-2.16,19.737297920000007
3.04,-2.16,15.851729920000002
3.12,-2.16,12.351902719999996
3.2,-2.16,9.27566335999999
3.2800000000000002,-2.16,6.661841919999993
3.3600000000000003,-2.16,4.550251519999995
3.4400000000000004,-2.16,2.981688319999996
3.5200000000000005,-2.16,1.9979315199999974
3.6000000000000005,-2.16,1.6417433600000007
3.6799999999999997,-2.16,1.9568691200000006
3.76,-2.16,2.988037119999996
3.84,-2.16,4.780958720000002
3.92,-2.16,7.382328319999992
4.0,-2.16,10.839823360000004
-4.0,-2.08,53.06333695999999
-3.92,-2.08,48.70318591999999
-3.84,-2.08,45.20120831999999
-3.76,-2.08,42.50972671999999
-3.68,-2.08,40.58204672
-3.6,-2.08,39.37245696
-3.52,-2.08,38.836229120000006
-3.44,-2.08,38.929617920000005
-3.36,-2.08,39.609861120000005
-3.2800000000000002,-2.08,40.83517951999998
-3.2,-2.08,42.56477695999999
-3.12,-2.08,44.75884031999999
-3.04,-2.08,47.37853951999999
-2.96,-2.08,50.38602752
-2.88,-2.08,53.744440319999995
-2.8,-2.08,57.41789696000001
-2.7199999999999998,-2.08,61.37149952000001
-2.6399999999999997,-2.08,65.57133312000002
-2.56,-2.08,69.98446591999999
-2.48,-2.08,74.57894911999998
-2.4,-2.08,79.32381696
-2.3200000000000003,-2.08,84.18908671999998
-2.24,-2.08,89.14575872
-2.16,-2.08,94.16581632
-2.08,-2.08,99.22222591999997
-2.0,-2.08,104.28893696
-1.92,-2.08,109.34088191999999
-1.8399999999999999,-2.08,114.35397632000003
-1.7599999999999998,-2.08,119.30511872
-1.6800000000000002,-2.08,124.17219072
-1.6,-2.08,128.93405696
-1.52,-2.08,133.57056512000003
-1.44,-2.08,138.06254592
-1.3599999999999999,-2.08,142.39181312
-1.2799999999999998,-2.08,146.54116352000003
-1.1999999999999997,-2.08,150.49437696
-1.12,-2.08,154.23621631999998
-1.04,-2.08,157.75242752000003
-0.96,-2.08,161.02973952
-0.8799999999999999,-2.08,164.05586432
-0.7999999999999998,-2.08,166.81949696000004
-0.7199999999999998,-2.08,169.31031552000002
-0.6400000000000001,-2.08,171.51898112000003
-0.56,-2.08,173.43713792
-0.48,-2.08,175.05741312
-0.3999999999999999,-2.08,176.37341696
-0.31999999999999984,-2.08,177.37974272
-0.23999999999999977,-2.08,178.07196672000003
-0.16000000000000014,-2.08,178.44664832000004
-0.08000000000000007,-2.08,178.50132991999996
0.0,-2.08,178.23453695999999
0.08000000000000007,-2.08,177.64577791999997
0.16000000000000014,-2.08,176.73554432000003
0.2400000000000002,-2.08,175.50531071999995
0.3200000000000003,-2.08,173.95753471999998
0.40000000000000036,-2.08,172.09565695999999
0.4800000000000004,-2.08,169.92410111999996
0.5600000000000005,-2.08,167.44827392
0.6399999999999997,-2.08,164.67456512
0.7199999999999998,-2.08,161.61034752
0.7999999999999998,-2.08,158.26397696000004
0.8799999999999999,-2.08,154.64479232000002
0.96,-2.08,150.76311552
1.04,-2.08,146.63025152
1.12,-2.08,142.25848831999997
1.2000000000000002,-2.08,137.66109696
1.2800000000000002,-2.08,132.85233152
1.3600000000000003,-2.08,127.84742911999999
1.4400000000000004,-2.08,122.66260992
1.5200000000000005,-2.08,117.31507711999997
1.6000000000000005,-2.08,111.82301695999996
1.6799999999999997,-2.08,106.20559872
1.7599999999999998,-2.08,100.48297472
1.8399999999999999,-2.08,94.67628032000003
1.92,-2.08,88.80763391999999
2.0,-2.08,82.90013696
2.08,-2.08,76.97787391999998
2.16,-2.08,71.06591232000001
2.24,-2.08,65.19030272
2.3200000000000003,-2.08,59.378078719999976
2.4000000000000004,-2.08,53.65725695999998
2.4800000000000004,-2.08,48.05683711999997
2.5600000000000005,-2.08,42.60680191999996
2.6400000000000006,-2.08,37.338117119999964
2.7199999999999998,-2.08,32.28273152000001
2.8,-2.08,27.47357696000001
2.88,-2.08,22.944568320000005
2.96,-2.08,18.730603520000006
3.04,-2.08,14.867563520000001
3.12,-2.08,11.392312319999995
3.2,-2.08,8.34269695999999
3.2800000000000002,-2.08,5.757547519999993
3.3600000000000003,-2.08,3.6766771199999946
3.4400000000000004,-2.08,2.1408819199999956
3.5200000000000005,-2.08,1.1919411199999972
3.6000000000000005,-2.08,0.8726169600000008
3.6799999999999997,-2.08,1.2266547199999958
3.76,-2.08,2.29878272
3.84,-2.08,4.134712319999997
3.92,-2.08,6.781137919999997
4.0,-2.08,10.285736959999998
-4.0,-2.0,58.0
-3.92,-2.0,53.48624896
-3.84,-2.0,49.83271935999999
-3.76,-2.0,46.991733759999995
-3.68,-2.0,44.91659776
-3.6,-2.0,43.5616
-3.52,-2.0,42.882012159999995
-3.44,-2.0,42.834088959999995
-3.36,-2.0,43.37506816
-3.2800000000000002,-2.0,44.463170559999995
-3.2,-2.0,46.057599999999994
-3.12,-2.0,48.11854336
-3.04,-2.0,50.60717056
-2.96,-2.0,53.48563456
-2.88,-2.0,56.717071360000006
-2.8,-2.0,60.265600000000006
-2.7199999999999998,-2.0,64.09632256
-2.6399999999999997,-2.0,68.17532416000002
-2.56,-2.0,72.46967296
-2.48,-2.0,76.94742016
-2.4,-2.0,81.5776
-2.3200000000000003,-2.0,86.33022975999998
-2.24,-2.0,91.17630976
-2.16,-2.0,96.08782335999999
-2.08,-2.0,101.03773696
-2.0,-2.0,106.0
-1.92,-2.0,110.94954496000003
-1.8399999999999999,-2.0,115.86228736
-1.7599999999999998,-2.0,120.71512576
-1.6800000000000002,-2.0,125.48594176
-1.6,-2.0,130.15359999999998
-1.52,-2.0,134.69794816
-1.44,-2.0,139.09981696000003
-1.3599999999999999,-2.0,143.34102016000003
-1.2799999999999998,-2.0,147.40435456000003
-1.1999999999999997,-2.0,151.2736
-1.12,-2.0,154.93351936
-1.04,-2.0,158.36985855999998
-0.96,-2.0,161.56934656
-0.8799999999999999,-2.0,164.51969536
-0.7999999999999998,-2.0,167.2096
-0.7199999999999998,-2.0,169.62873856000002
-0.6400000000000001,-2.0,171.76777216
-0.56,-2.0,173.61834495999997
-0.48,-2.0,175.17308416
-0.3999999999999999,-2.0,176.4256
-0.31999999999999984,-2.0,177.37048576
-0.23999999999999977,-2.0,178.00331776
-0.16000000000000014,-2.0,178.32065536
-0.08000000000000007,-2.0,178.32004096000003
0.0,-2.0,178.0
0.08000000000000007,-2.0,177.36004096000002
0.16000000000000014,-2.0,176.40065535999997
0.2400000000000002,-2.0,175.12331776
0.3200000000000003,-2.0,173.53048576
0.40000000000000036,-2.0,171.6256
0.4800000000000004,-2.0,169.41308416
0.5600000000000005,-2.0,166.89834495999997
0.6399999999999997,-2.0,164.08777216000001
0.7199999999999998,-2.0,160.98873856
0.7999999999999998,-2.0,157.6096
0.8799999999999999,-2.0,153.95969536
0.96,-2.0,150.04934656
1.04,-2.0,145.88985856
1.12,-2.0,141.49351936
1.2000000000000002,-2.0,136.87359999999998
1.2800000000000002,-2.0,132.04435456
1.3600000000000003,-2.0,127.02102015999999
1.4400000000000004,-2.0,121.81981695999998
1.5200000000000005,-2.0,116.45794815999997
1.6000000000000005,-2.0,110.95359999999995
1.6799999999999997,-2.0,105.32594176000003
1.7599999999999998,-2.0,99.59512576
1.8399999999999999,-2.0,93.78228736
1.92,-2.0,87.90954496000002
2.0,-2.0,82.0
2.08,-2.0,76.07773696000001
2.16,-2.0,70.16782335999999
2.24,-2.0,64.29630975999999
2.3200000000000003,-2.0,58.490229759999984
2.4000000000000004,-2.0,52.77759999999998
2.4800000000000004,-2.0,47.187420159999974
2.5600000000000005,-2.0,41.749672959999955
2.6400000000000006,-2.0,36.49532415999995
2.7199999999999998,-2.0,31.45632256000001
2.8,-2.0,26.66560000000001
2.88,-2.0,22.157071360000003
2.96,-2.0,17.96563456
3.04,-2.0,14.12717056
3.12,-2.0,10.678543359999995
3.2,-2.0,7.657599999999989
3.2800000000000002,-2.0,5.103170559999993
3.3600000000000003,-2.0,3.055068159999994
3.4400000000000004,-2.0,1.554088959999995
3.5200000000000005,-2.0,0.6420121599999966
3.6000000000000005,-2.0,0.3616000000000003
3.6799999999999997,-2.0,0.7565977599999965
3.76,-2.0,1.8717337599999975
3.84,-2.0,3.7527193599999986
3.92,-2.0,6.446248959999994
4.0,-2.0,10.0
-4.0,-1.92,62.975144959999994
-3.92,-1.92,58.30984192
-3.84,-1.92,54.50680832
-3.76,-1.92,51.518366719999996
-3.68,-1.92,49.29782272000001
-3.6,-1.92,47.79946496000001
-3.52,-1.92,46.978565120000006
-3.44,-1.92,46.79137792000001
-3.36,-1.92,47.19514112000001
-3.2800000000000002,-1.92,48.14807551999999
-3.2,-1.92,49.60938495999999
-3.12,-1.92,51.53925631999999
-3.04,-1.92,53.89885952
-2.96,-1.92,56.65034752
-2.88,-1.92,59.75685632000001
-2.8,-1.92,63.18250496000001
-2.7199999999999998,-1.92,66.89239552000001
-2.6399999999999997,-1.92,70.85261312000002
-2.56,-1.92,75.03022591999999
-2.48,-1.92,79.39328512
-2.4,-1.92,83.91082495999999
-2.3200000000000003,-1.92,88.55286271999998
-2.24,-1.92,93.29039871999998
-2.16,-1.92,98.09541632000001
-2.08,-1.92,102.94088191999998
-2.0,-1.92,107.80074496
-1.92,-1.92,112.64993791999999
-1.8399999999999999,-1.92,117.46437632000003
-1.7599999999999998,-1.92,122.22095872
-1.6800000000000002,-1.92,126.89756672000001
-1.6,-1.92,131.47306496
-1.52,-1.92,135.92730112
-1.44,-1.92,140.24110592
-1.3599999999999999,-1.92,144.39629312
-1.2799999999999998,-1.92,148.37565952000003
-1.1999999999999997,-1.92,152.16298496000002
-1.12,-1.92,155.74303232
-1.04,-1.92,159.10154752
-0.96,-1.92,162.22525952
-0.8799999999999999,-1.92,165.10188032000002
-0.7999999999999998,-1.92,167.72010496000001
-0.7199999999999998,-1.92,170.06961152
-0.6400000000000001,-1.92,172.14106112000002
-0.56,-1.92,173.92609792000002
-0.48,-1.92,175.41734912
-0.3999999999999999,-1.92,176.60842496
-0.31999999999999984,-1.92,177.49391872
-0.23999999999999977,-1.92,178.06940672000002
-0.16000000000000014,-1.92,178.33144832
-0.08000000000000007,-1.92,178.27758592000004
0.0,-1.92,177.90634496
0.08000000000000007,-1.92,177.21723392
0.16000000000000014,-1.92,176.21074432
0.2400000000000002,-1.92,174.88835072
0.3200000000000003,-1.92,173.25251071999998
0.40000000000000036,-1.92,171.30666496
0.4800000000000004,-1.92,169.05523711999996
0.5600000000000005,-1.92,166.50363391999997
0.6399999999999997,-1.92,163.65824512
0.7199999999999998,-1.92,160.52644352000002
0.7999999999999998,-1.92,157.11658496
0.8799999999999999,-1.92,153.43800832000002
0.96,-1.92,149.50103552000002
1.04,-1.92,145.31697152
1.12,-1.92,140.89810432
1.2000000000000002,-1.92,136.25770496
1.2800000000000002,-1.92,131.41002751999997
1.3600000000000003,-1.92,126.37030911999999
1.4400000000000004,-1.92,121.15476991999998
1.5200000000000005,-1.92,115.78061311999997
1.6000000000000005,-1.92,110.26602495999995
1.6799999999999997,-1.92,104.63017472
1.7599999999999998,-1.92,98.89321472
1.8399999999999999,-1.92,93.07628032000002
1.92,-1.92,87.20148991999999
2.0,-1.92,81.29194496
2.08,-1.92,75.37172991999998
2.16,-1.92,69.46591232
2.24,-1.92,63.60054271999999
2.3200000000000003,-1.92,57.80265471999998
2.4000000000000004,-1.92,52.100264959999976
2.4800000000000004,-1.92,46.52237311999997
2.5600000000000005,-1.92,41.098961919999965
2.6400000000000006,-1.92,35.86099711999996
2.7199999999999998,-1.92,30.840427520000013
2.8,-1.92,26.07018496000001
2.88,-1.92,21.584184320000006
2.96,-1.92,17.41732352
3.04,-1.92,13.60548352
3.12,-1.92,10.185528319999994
3.2,-1.92,7.195304959999989
3.2800000000000002,-1.92,4.673643519999992
3.3600000000000003,-1.92,2.660357119999994
3.4400000000000004,-1.92,1.196241919999995
3.5200000000000005,-1.92,0.32307711999999666
3.6000000000000005,-1.92,0.08362496000000061
3.6799999999999997,-1.92,0.5216307199999962
3.76,-1.92,1.6818227199999978
3.84,-1.92,3.6099123199999985
3.92,-1.92,6.352593919999994
4.0,-1.92,9.95754496
-4.0,-1.8399999999999999,67.96468736000001
-3.92,-1.8399999999999999,63.14988032000001
-3.84,-1.8399999999999999,59.199390720000004
-3.76,-1.8399999999999999,56.065541120000006
-3.68,-1.8399999999999999,53.70163712000002
-3.6,-1.8399999999999999,52.06196736000002
-3.52,-1.8399999999999999,51.10180352000002
-3.44,-1.8399999999999999,50.77740032000002
-3.36,-1.8399999999999999,51.04599552000002
-3.2800000000000002,-1.8399999999999999,51.865809920000004
-3.2,-1.8399999999999999,53.19604736
-3.12,-1.8399999999999999,54.99689472000001
-3.04,-1.8399999999999999,57.22952192000001
-2.96,-1.8399999999999999,59.85608192000001
-2.88,-1.8399999999999999,62.839710720000014
-2.8,-1.8399999999999999,66.14452736000001
-2.7199999999999998,-1.8399999999999999,69.73563392000003
-2.6399999999999997,-1.8399999999999999,73.57911552000002
-2.56,-1.8399999999999999,77.64204032
-2.48,-1.8399999999999999,81.89245951999999
-2.4,-1.8399999999999999,86.29940736
-2.3200000000000003,-1.8399999999999999,90.83290111999999
-2.24,-1.8399999999999999,95.46394112
-2.16,-1.8399999999999999,100.16451072
-2.08,-1.8399999999999999,104.90757632
-2.0,-1.8399999999999999,109.66708736000001
-1.92,-1.8399999999999999,114.41797632000002
-1.8399999999999999,-1.8399999999999999,119.13615872
-1.7599999999999998,-1.8399999999999999,123.79853312
-1.6800000000000002,-1.8399999999999999,128.38298112
-1.6,-1.8399999999999999,132.86836735999998
-1.52,-1.8399999999999999,137.23453952000003
-1.44,-1.8399999999999999,141.46232832000004
-1.3599999999999999,-1.8399999999999999,145.53354752
-1.2799999999999998,-1.8399999999999999,149.43099392000002
-1.1999999999999997,-1.8399999999999999,153.13844736000001
-1.12,-1.8399999999999999,156.64067072
-1.04,-1.8399999999999999,159.92340992
-0.96,-1.8399999999999999,162.97339392
-0.8799999999999999,-1.8399999999999999,165.77833472
-0.7999999999999998,-1.8399999999999999,168.32692735999998
-0.7199999999999998,-1.8399999999999999,170.60884992
-0.6400000000000001,-1.8399999999999999,172.61476351999997
-0.56,-1.8399999999999999,174.33631231999996
-0.48,-1.8399999999999999,175.76612352
-0.3999999999999999,-1.8399999999999999,176.89780736
-0.31999999999999984,-1.8399999999999999,177.72595712
-0.23999999999999977,-1.8399999999999999,178.24614911999998
-0.16000000000000014,-1.8399999999999999,178.45494271999996
-0.08000000000000007,-1.8399999999999999,178.34988032000004
0.0,-1.8399999999999999,177.92948736
0.08000000000000007,-1.8399999999999999,177.19327232000003
0.16000000000000014,-1.8399999999999999,176.14172671999998
0.2400000000000002,-1.8399999999999999,174.77632511999997
0.3200000000000003,-1.8399999999999999,173.09952512
0.40000000000000036,-1.8399999999999999,171.11476736
0.4800000000000004,-1.8399999999999999,168.82647552000003
0.5600000000000005,-1.8399999999999999,166.24005631999998
0.6399999999999997,-1.8399999999999999,163.36189952000004
0.7199999999999998,-1.8399999999999999,160.19937792000002
0.7999999999999998,-1.8399999999999999,156.76084735999999
0.8799999999999999,-1.8399999999999999,153.05564672
0.96,-1.8399999999999999,149.09409792
1.04,-1.8399999999999999,144.88750592
1.12,-1.8399999999999999,140.44815872
1.2000000000000002,-1.8399999999999999,135.78932736
1.2800000000000002,-1.8399999999999999,130.92526592
1.3600000000000003,-1.8399999999999999,125.87121151999999
1.4400000000000004,-1.8399999999999999,120.64338431999998
1.5200000000000005,-1.8399999999999999,115.25898751999996
1.6000000000000005,-1.8399999999999999,109.73620735999995
1.6799999999999997,-1.8399999999999999,104.09421312000003
1.7599999999999998,-1.8399999999999999,98.35315712
1.8399999999999999,-1.8399999999999999,92.53417472
1.92,-1.8399999999999999,86.65938432000002
2.0,-1.8399999999999999,80.75188736
2.08,-1.8399999999999999,74.83576832
2.16,-1.8399999999999999,68.93609471999999
2.24,-1.8399999999999999,63.07891711999999
2.3200000000000003,-1.8399999999999999,57.29126911999998
2.4000000000000004,-1.8399999999999999,51.60116735999998
2.4800000000000004,-1.8399999999999999,46.03761151999997
2.5600000000000005,-1.8399999999999999,40.63058431999996
2.6400000000000006,-1.8399999999999999,35.41105151999996
2.7199999999999998,-1.8399999999999999,30.410961920000013
2.8,-1.8399999999999999,25.663247360000014
2.88,-1.8399999999999999,21.201822720000003
2.96,-1.8399999999999999,17.061585920000006
3.04,-1.8399999999999999,13.278417919999999
3.12,-1.8399999999999999,9.889182719999994
3.2,-1.8399999999999999,6.931727359999989
3.2800000000000002,-1.8399999999999999,4.444881919999993
3.3600000000000003,-1.8399999999999999,2.468459519999994
3.4400000000000004,-1.8399999999999999,1.0432563199999951
3.5200000000000005,-1.8399999999999999,0.21105151999999705
3.6000000000000005,-1.8399999999999999,0.014607360000001096
3.6799999999999997,-1.8399999999999999,0.497669119999996
3.76,-1.8399999999999999,1.7049651199999978
3.84,-1.8399999999999999,3.6822067199999986
3.92,-1.8399999999999999,6.4760883199999935
4.0,-1.8399999999999999,10.134287360000002
-4.0,-1.7599999999999998,72.94552576000001
-3.92,-1.7599999999999998,67.98326272
-3.84,-1.7599999999999998,63.88736512
-3.76,-1.7599999999999998,60.61015552
-3.68,-1.7599999999999998,58.10493952000001
-3.6,-1.7599999999999998,56.32600576000001
-3.52,-1.7599999999999998,55.228625920000006
-3.44,-1.7599999999999998,54.76905472000001
-3.36,-1.7599999999999998,54.90452992000001
-3.2800000000000002,-1.7599999999999998,55.59327232000001
-3.2,-1.7599999999999998,56.79448576
-3.12,-1.7599999999999998,58.46835712000001
-3.04,-1.7599999999999998,60.576056320000006
-2.96,-1.7599999999999998,63.079736320000016
-2.88,-1.7599999999999998,65.94253312000001
-2.8,-1.7599999999999998,69.12856576000001
-2.7199999999999998,-1.7599999999999998,72.60293632000003
-2.6399999999999997,-1.7599999999999998,76.33172992000003
-2.56,-1.7599999999999998,80.28201472
-2.48,-1.7599999999999998,84.42184191999999
-2.4,-1.7599999999999998,88.72024576000001
-2.3200000000000003,-1.7599999999999998,93.14724351999999
-2.24,-1.7599999999999998,97.67383551999998
-2.16,-1.7599999999999998,102.27200512
-2.08,-1.7599999999999998,106.91471871999998
-2.0,-1.7599999999999998,111.57592576
-1.92,-1.7599999999999998,116.23055871999999
-1.8399999999999999,-1.7599999999999998,120.85453312000003
-1.7599999999999998,-1.7599999999999998,125.42474752
-1.6800000000000002,-1.7599999999999998,129.91908352000002
-1.6,-1.7599999999999998,134.31640576
-1.52,-1.7599999999999998,138.59656192
-1.44,-1.7599999999999998,142.74038271999999
-1.3599999999999999,-1.7599999999999998,146.72968192
-1.2799999999999998,-1.7599999999999998,150.54725632000003
-1.1999999999999997,-1.7599999999999998,154.17688576
-1.12,-1.7599999999999998,157.60333312
-1.04,-1.7599999999999998,160.81234432000002
-0.96,-1.7599999999999998,163.79064832
-0.8799999999999999,-1.7599999999999998,166.52595712000002
-0.7999999999999998,-1.7599999999999998,169.00696576
-0.7199999999999998,-1.7599999999999998,171.22335232
-0.6400000000000001,-1.7599999999999998,173.16577792
-0.56,-1.7599999999999998,174.82588672000003
-0.48,-1.7599999999999998,176.19630592000001
-0.3999999999999999,-1.7599999999999998,177.27064575999998
-0.31999999999999984,-1.7599999999999998,178.04349952
-0.23999999999999977,-1.7599999999999998,178.51044352000002
-0.16000000000000014,-1.7599999999999998,178.66803711999998
-0.08000000000000007,-1.7599999999999998,178.51382272
0.0,-1.7599999999999998,178.04632576
0.08000000000000007,-1.7599999999999998,177.26505472
0.16000000000000014,-1.7599999999999998,176.17050111999998
0.2400000000000002,-1.7599999999999998,174.76413952
0.3200000000000003,-1.7599999999999998,173.04842751999996
0.40000000000000036,-1.7599999999999998,171.02680576
0.4800000000000004,-1.7599999999999998,168.70369791999997
0.5600000000000005,-1.7599999999999998,166.08451071999997
0.6399999999999997,-1.7599999999999998,163.17563392
0.7199999999999998,-1.7599999999999998,159.98444032
0.7999999999999998,-1.7599999999999998,156.51928576000003
0.8799999999999999,-1.7599999999999998,152.78950912
0.96,-1.7599999999999998,148.80543232
1.04,-1.7599999999999998,144.57836032
1.12,-1.7599999999999998,140.12058112
1.2000000000000002,-1.7599999999999998,135.44536576000002
1.2800000000000002,-1.7599999999999998,130.56696831999997
1.3600000000000003,-1.7599999999999998,125.50062591999999
1.4400000000000004,-1.7599999999999998,120.26255871999999
1.5200000000000005,-1.7599999999999998,114.86996991999996
1.6000000000000005,-1.7599999999999998,109.34104575999996
1.6799999999999997,-1.7599999999999998,103.69495552
1.7599999999999998,-1.7599999999999998,97.95185152
1.8399999999999999,-1.7599999999999998,92.13286912000002
1.92,-1.7599999999999998,86.26012671999999
2.0,-1.7599999999999998,80.35672576
2.08,-1.7599999999999998,74.44675071999998
2.16,-1.7599999999999998,68.55526912
2.24,-1.7599999999999998,62.70833151999999
2.3200000000000003,-1.7599999999999998,56.932971519999974
2.4000000000000004,-1.7599999999999998,51.25720575999998
2.4800000000000004,-1.7599999999999998,45.710033919999965
2.5600000000000005,-1.7599999999999998,40.32143871999996
2.6400000000000006,-1.7599999999999998,35.12238591999996
2.7199999999999998,-1.7599999999999998,30.144824320000012
2.8,-1.7599999999999998,25.421685760000013
2.88,-1.7599999999999998,20.986885120000004
2.96,-1.7599999999999998,16.875320320000004
3.04,-1.7599999999999998,13.122872319999999
3.12,-1.7599999999999998,9.766405119999995
3.2,-1.7599999999999998,6.84376575999999
3.2800000000000002,-1.7599999999999998,4.393784319999994
3.3600000000000003,-1.7599999999999998,2.456273919999995
3.4400000000000004,-1.7599999999999998,1.0720307199999959
3.5200000000000005,-1.7599999999999998,0.28283391999999785
3.6000000000000005,-1.7599999999999998,0.1314457600000021
3.6799999999999997,-1.7599999999999998,0.6616115199999959
3.76,-1.7599999999999998,1.9180595199999981
3.84,-1.7599999999999998,3.9465011199999993
3.92,-1.7599999999999998,6.793630719999995
4.0,-1.7599999999999998,10.507125760000003
-4.0,-1.6800000000000002,77.89554176
-3.92,-1.6800000000000002,72.78787072
-3.84,-1.6800000000000002,68.54861311999998
-3.76,-1.6800000000000002,65.13009152
-3.68,-1.6800000000000002,62.48561152
-3.6,-1.6800000000000002,60.569461759999996
-3.52,-1.6800000000000002,59.33691391999999
-3.44,-1.6800000000000002,58.74422271999999
-3.36,-1.6800000000000002,58.748625919999995
-3.2800000000000002,-1.6800000000000002,59.30834431999998
-3.2,-1.6800000000000002,60.38258175999998
-3.12,-1.6800000000000002,61.93152511999998
-3.04,-1.6800000000000002,63.916344319999986
-2.96,-1.6800000000000002,66.29919231999999
-2.88,-1.6800000000000002,69.04320511999998
-2.8,-1.6800000000000002,72.11250176
-2.7199999999999998,-1.6800000000000002,75.47218432
-2.6399999999999997,-1.6800000000000002,79.08833792000001
-2.56,-1.6800000000000002,82.92803072000001
-2.48,-1.6800000000000002,86.95931392
-2.4,-1.6800000000000002,91.15122176
-2.3200000000000003,-1.6800000000000002,95.47377151999999
-2.24,-1.6800000000000002,99.89796351999999
-2.16,-1.6800000000000002,104.39578112000001
-2.08,-1.6800000000000002,108.94019072
-2.0,-1.6800000000000002,113.50514176
-1.92,-1.6800000000000002,118.06556672000002
-1.8399999999999999,-1.6800000000000002,122.59738112000002
-1.7599999999999998,-1.6800000000000002,127.07748351999999
-1.6800000000000002,-1.6800000000000002,131.48375552
-1.6,-1.6800000000000002,135.79506175999998
-1.52,-1.6800000000000002,139.99124992
-1.44,-1.6800000000000002,144.05315072000002
-1.3599999999999999,-1.6800000000000002,147.96257792
-1.2799999999999998,-1.6800000000000002,151.70232832
-1.1999999999999997,-1.6800000000000002,155.25618176
-1.12,-1.6800000000000002,158.60890111999998
-1.04,-1.6800000000000002,161.74623232
-0.96,-1.6800000000000002,164.65490431999999
-0.8799999999999999,-1.6800000000000002,167.32262912
-0.7999999999999998,-1.6800000000000002,169.73810176
-0.7199999999999998,-1.6800000000000002,171.89100032
-0.6400000000000001,-1.6800000000000002,173.77198592000002
-0.56,-1.6800000000000002,175.37270272
-0.48,-1.6800000000000002,176.68577792
-0.3999999999999999,-1.6800000000000002,177.70482176
-0.31999999999999984,-1.6800000000000002,178.42442752
-0.23999999999999977,-1.6800000000000002,178.84017152
-0.16000000000000014,-1.6800000000000002,178.94861312000003
-0.08000000000000007,-1.6800000000000002,178.74729472
0.0,-1.6800000000000002,178.23474176
0.08000000000000007,-1.6800000000000002,177.41046272000003
0.16000000000000014,-1.6800000000000002,176.27494912000003
0.2400000000000002,-1.6800000000000002,174.82967552000002
0.3200000000000003,-1.6800000000000002,173.07709952
0.40000000000000036,-1.6800000000000002,171.02066175999997
0.4800000000000004,-1.6800000000000002,168.66478591999999
0.5600000000000005,-1.6800000000000002,166.01487871999996
0.6399999999999997,-1.6800000000000002,163.07732992
0.7199999999999998,-1.6800000000000002,159.85951232
0.7999999999999998,-1.6800000000000002,156.36978176000002
0.8799999999999999,-1.6800000000000002,152.61747712
0.96,-1.6800000000000002,148.61292032
1.04,-1.6800000000000002,144.36741632
1.12,-1.6800000000000002,139.89325312
1.2000000000000002,-1.6800000000000002,135.20370176
1.2800000000000002,-1.6800000000000002,130.31301631999997
1.3600000000000003,-1.6800000000000002,125.23643391999997
1.4400000000000004,-1.6800000000000002,119.99017471999997
1.5200000000000005,-1.6800000000000002,114.59144191999997
1.6000000000000005,-1.6800000000000002,109.05842175999993
1.6799999999999997,-1.6800000000000002,103.41028352000004
1.7599999999999998,-1.6800000000000002,97.66717951999999
1.8399999999999999,-1.6800000000000002,91.85024512000003
1.92,-1.6800000000000002,85.98159872000002
2.0,-1.6800000000000002,80.08434176
2.08,-1.6800000000000002,74.18255872
2.16,-1.6800000000000002,68.30131712000001
2.24,-1.6800000000000002,62.466667519999994
2.3200000000000003,-1.6800000000000002,56.70564351999999
2.4000000000000004,-1.6800000000000002,51.04626175999997
2.4800000000000004,-1.6800000000000002,45.51752191999998
2.5600000000000005,-1.6800000000000002,40.14940671999995
2.6400000000000006,-1.6800000000000002,34.972881919999956
2.7199999999999998,-1.6800000000000002,30.019896320000008
2.8,-1.6800000000000002,25.323381760000014
2.88,-1.6800000000000002,20.917253119999998
2.96,-1.6800000000000002,16.83640832
3.04,-1.6800000000000002,13.116728319999995
3.12,-1.6800000000000002,9.795077119999991
3.2,-1.6800000000000002,6.909301759999987
3.2800000000000002,-1.6800000000000002,4.49823231999999
3.3600000000000003,-1.6800000000000002,2.601681919999992
3.4400000000000004,-1.6800000000000002,1.2604467199999936
3.5200000000000005,-1.6800000000000002,0.5163059199999962
3.6000000000000005,-1.6800000000000002,0.41202176000000096
3.6799999999999997,-1.6800000000000002,0.9913395199999957
3.76,-1.6800000000000002,2.298987519999998
3.84,-1.6800000000000002,4.38067712
3.92,-1.6800000000000002,7.283102719999994
4.0,-1.6800000000000002,11.05394176
-4.0,-1.6,82.7936
-3.92,-1.6,77.54256895999998
-3.84,-1.6,73.16199936
-3.76,-1.6,69.60421376
-3.68,-1.6,66.82251775999998
-3.6,-1.6,64.77119999999998
-3.52,-1.6,63.405532159999986
-3.44,-1.6,62.681768959999985
-3.36,-1.6,62.55714815999998
-3.2800000000000002,-1.6,62.98989055999999
-3.2,-1.6,63.939199999999985
-3.12,-1.6,65.36526335999999
-3.04,-1.6,67.22925056
-2.96,-1.6,69.49331455999999
-2.88,-1.6,72.12059135999999
-2.8,-1.6,75.07520000000001
-2.7199999999999998,-1.6,78.32224256
-2.6399999999999997,-1.6,81.82780416
-2.56,-1.6,85.55895296
-2.48,-1.6,89.48374016
-2.4,-1.6,93.57119999999999
-2.3200000000000003,-1.6,97.79134975999997
-2.24,-1.6,102.11518975999999
-2.16,-1.6,106.51470336
-2.08,-1.6,110.96285696000001
-2.0,-1.6,115.43359999999998
-1.92,-1.6,119.90186496
-1.8399999999999999,-1.6,124.34356736000001
-1.7599999999999998,-1.6,128.73560576000003
-1.6800000000000002,-1.6,133.05586175999997
-1.6,-1.6,137.28319999999997
-1.52,-1.6,141.39746816
-1.44,-1.6,145.37949696
-1.3599999999999999,-1.6,149.21110016
-1.2799999999999998,-1.6,152.87507456
-1.1999999999999997,-1.6,156.3552
-1.12,-1.6,159.63623936
-1.04,-1.6,162.70393855999998
-0.96,-1.6,165.54502656
-0.8799999999999999,-1.6,168.14721536
-0.7999999999999998,-1.6,170.4992
-0.7199999999999998,-1.6,172.59065855999998
-0.6400000000000001,-1.6,174.41225216
-0.56,-1.6,175.95562496000002
-0.48,-1.6,177.21340416
-0.3999999999999999,-1.6,178.17919999999998
-0.31999999999999984,-1.6,178.84760576000002
-0.23999999999999977,-1.6,179.21419776000002
-0.16000000000000014,-1.6,179.27553536000002
-0.08000000000000007,-1.6,179.02916096
0.0,-1.6,178.47359999999998
0.08000000000000007,-1.6,177.60836096000003
0.16000000000000014,-1.6,176.43393536000002
0.2400000000000002,-1.6,174.95179776
0.3200000000000003,-1.6,173.16440576000002
0.40000000000000036,-1.6,171.07519999999997
0.4800000000000004,-1.6,168.68860416
0.5600000000000005,-1.6,166.01002496
0.6399999999999997,-1.6,163.04585216
0.7199999999999998,-1.6,159.80345856
0.7999999999999998,-1.6,156.2912
0.8799999999999999,-1.6,152.51841535999998
0.96,-1.6,148.49542656
1.04,-1.6,144.23353856
1.12,-1.6,139.74503936
1.2000000000000002,-1.6,135.0432
1.2800000000000002,-1.6,130.14227455999998
1.3600000000000003,-1.6,125.05750015999998
1.4400000000000004,-1.6,119.80509695999997
1.5200000000000005,-1.6,114.40226815999996
1.6000000000000005,-1.6,108.86719999999997
1.6799999999999997,-1.6,103.21906176000002
1.7599999999999998,-1.6,97.47800576000003
1.8399999999999999,-1.6,91.66516736000003
1.92,-1.6,85.80266496
2.0,-1.6,79.91359999999999
2.08,-1.6,74.02205696
2.16,-1.6,68.15310336
2.24,-1.6,62.33278975999999
2.3200000000000003,-1.6,56.588149759999986
2.4000000000000004,-1.6,50.94719999999997
2.4800000000000004,-1.6,45.43894015999998
2.5600000000000005,-1.6,40.093352959999955
2.6400000000000006,-1.6,34.941404159999955
2.7199999999999998,-1.6,30.015042560000012
2.8,-1.6,25.347200000000015
2.88,-1.6,20.97179136
2.96,-1.6,16.92371456
3.04,-1.6,13.238850559999996
3.12,-1.6,9.954063359999992
3.2,-1.6,7.107199999999987
3.2800000000000002,-1.6,4.737090559999991
3.3600000000000003,-1.6,2.8835481599999926
3.4400000000000004,-1.6,1.587368959999994
3.5200000000000005,-1.6,0.8903321599999968
3.6000000000000005,-1.6,0.8352000000000017
3.6799999999999997,-1.6,1.4657177599999949
3.76,-1.6,2.826613759999998
3.84,-1.6,4.963599359999999
3.92,-1.6,7.923368959999994
4.0,-1.6,11.753600000000002
-4.0,-1.52,87.61954816000001
-3.92,-1.52,82.22720512
-3.84,-1.52,77.70737152000001
-3.76,-1.52,74.01236992
-3.68,-1.52,71.09550592000001
-3.6,-1.52,68.91106816
-3.52,-1.52,67.41432832
-3.44,-1.52,66.56154112
-3.36,-1.52,66.30994432
-3.2800000000000002,-1.52,66.61775871999998
-3.2,-1.52,67.44418815999998
-3.12,-1.52,68.74941951999999
-3.04,-1.52,70.49462272
-2.96,-1.52,72.64195071999998
-2.88,-1.52,75.15453951999999
-2.8,-1.52,77.99650816
-2.7199999999999998,-1.52,81.13295872
-2.6399999999999997,-1.52,84.52997632
-2.56,-1.52,88.15462912000001
-2.48,-1.52,91.97496832
-2.4,-1.52,95.96002816
-2.3200000000000003,-1.52,100.07982591999999
-2.24,-1.52,104.30536192
-2.16,-1.52,108.60861952
-2.08,-1.52,112.96256512
-2.0,-1.52,117.34114815999999
-1.92,-1.52,121.71930112000001
-1.8399999999999999,-1.52,126.07293952000002
-1.7599999999999998,-1.52,130.37896192
-1.6800000000000002,-1.52,134.61524992
-1.6,-1.52,138.76066816
-1.52,-1.52,142.79506432
-1.44,-1.52,146.69926912
-1.3599999999999999,-1.52,150.45509632000002
-1.2799999999999998,-1.52,154.04534272
-1.1999999999999997,-1.52,157.45378816
-1.12,-1.52,160.66519552
-1.04,-1.52,163.66531071999998
-0.96,-1.52,166.44086271999998
-0.8799999999999999,-1.52,168.97956351999997
-0.7999999999999998,-1.52,171.27010816
-0.7199999999999998,-1.52,173.30217472
-0.6400000000000001,-1.52,175.06642432
-0.56,-1.52,176.55450112
-0.48,-1.52,177.75903232000002
-0.3999999999999999,-1.52,178.67362816
-0.31999999999999984,-1.52,179.29288192
-0.23999999999999977,-1.52,179.61236992000002
-0.16000000000000014,-1.52,179.62865152000003
-0.08000000000000007,-1.52,179.33926912
0.0,-1.52,178.74274816
0.08000000000000007,-1.52,177.83859712000003
0.16000000000000014,-1.52,176.62730752000002
0.2400000000000002,-1.52,175.11035392000002
0.3200000000000003,-1.52,173.29019392
0.40000000000000036,-1.52,171.17026816
0.4800000000000004,-1.52,168.75500032000002
0.5600000000000005,-1.52,166.04979711999994
0.6399999999999997,-1.52,163.06104832
0.7199999999999998,-1.52,159.79612672000002
0.7999999999999998,-1.52,156.26338816000003
0.8799999999999999,-1.52,152.47217152
0.96,-1.52,148.43279872
1.04,-1.52,144.15657471999998
1.12,-1.52,139.65578752
1.2000000000000002,-1.52,134.94370816
1.2800000000000002,-1.52,130.03459071999998
1.3600000000000003,-1.52,124.94367231999998
1.4400000000000004,-1.52,119.68717311999997
1.5200000000000005,-1.52,114.28229631999996
1.6000000000000005,-1.52,108.74722815999993
1.6799999999999997,-1.52,103.10113792000003
1.7599999999999998,-1.52,97.36417792
1.8399999999999999,-1.52,91.55748352000002
1.92,-1.52,85.70317312000002
2.0,-1.52,79.82434815999999
2.08,-1.52,73.94509312
2.16,-1.52,68.09047552
2.24,-1.52,62.286545919999995
2.3200000000000003,-1.52,56.56033791999999
2.4000000000000004,-1.52,50.939868159999975
2.4800000000000004,-1.52,45.454136319999975
2.5600000000000005,-1.52,40.13312511999996
2.6400000000000006,-1.52,35.00780031999996
2.7199999999999998,-1.52,30.11011072000001
2.8,-1.52,25.472988160000014
2.88,-1.52,21.130347519999997
2.96,-1.52,17.11708672
3.04,-1.52,13.469086719999996
3.12,-1.52,10.22321151999999
3.2,-1.52,7.417308159999987
3.2800000000000002,-1.52,5.0902067199999905
3.3600000000000003,-1.52,3.2817203199999923
3.4400000000000004,-1.52,2.032645119999994
3.5200000000000005,-1.52,1.384760319999997
3.6000000000000005,-1.52,1.380828160000002
3.6799999999999997,-1.52,2.0645939199999965
3.76,-1.52,3.4807859199999993
3.84,-1.52,5.675115520000001
3.92,-1.52,8.694277119999995
4.0,-1.52,12.585948160000004
-4.0,-1.44,92.35421696000003
-3.92,-1.44,86.82260991999998
-3.84,-1.44,82.16556032000003
-3.76,-1.44,78.33539071999999
-3.68,-1.44,75.28540672000001
-3.6,-1.44,72.96989696
-3.52,-1.44,71.34413312000001
-3.44,-1.44,70.36436992
-3.36,-1.44,69.98784512
-3.2800000000000002,-1.44,70.17277952
-3.2,-1.44,70.87837696
-3.12,-1.44,72.06482432
-3.04,-1.44,73.69329152
-2.96,-1.44,75.72593152
-2.88,-1.44,78.12588032000001
-2.8,-1.44,80.85725696000002
-2.7199999999999998,-1.44,83.88516352
-2.6399999999999997,-1.44,87.17568512000001
-2.56,-1.44,90.69588992
-2.48,-1.44,94.41382912
-2.4,-1.44,98.29853695999999
-2.3200000000000003,-1.44,102.32003071999999
-2.24,-1.44,106.44931072
-2.16,-1.44,110.65836032
-2.08,-1.44,114.92014592000001
-2.0,-1.44,119.20861696
-1.92,-1.44,123.49870592
-1.8399999999999999,-1.44,127.76632832000003
-1.7599999999999998,-1.44,131.98838272000003
-1.6800000000000002,-1.44,136.14275071999998
-1.6,-1.44,140.20829695999998
-1.52,-1.44,144.16486912
-1.44,-1.44,147.99329792000003
-1.3599999999999999,-1.44,151.67539712
-1.2799999999999998,-1.44,155.19396352
-1.1999999999999997,-1.44,158.53277696
-1.12,-1.44,161.67660031999998
-1.04,-1.44,164.61117952
-0.96,-1.44,167.32324352
-0.8799999999999999,-1.44,169.80050432
-0.7999999999999998,-1.44,172.03165696000002
-0.7199999999999998,-1.44,174.00637952
-0.6400000000000001,-1.44,175.71533312000003
-0.56,-1.44,177.15016192
-0.48,-1.44,178.30349312
-0.3999999999999999,-1.44,179.16893696
-0.31999999999999984,-1.44,179.74108672
-0.23999999999999977,-1.44,180.01551872000002
-0.16000000000000014,-1.44,179.98879232000002
-0.08000000000000007,-1.44,179.65844992
0.0,-1.44,179.02301695999998
0.08000000000000007,-1.44,178.08200192
0.16000000000000014,-1.44,176.83589632000002
0.2400000000000002,-1.44,175.28617472000002
0.3200000000000003,-1.44,173.43529472
0.40000000000000036,-1.44,171.28669695999997
0.4800000000000004,-1.44,168.84480512000002
0.5600000000000005,-1.44,166.11502592
0.6399999999999997,-1.44,163.10374912000003
0.7199999999999998,-1.44,159.81834752
0.7999999999999998,-1.44,156.26717696
0.8799999999999999,-1.44,152.45957632
0.96,-1.44,148.40586752
1.04,-1.44,144.11735552
1.12,-1.44,139.60632832
1.2000000000000002,-1.44,134.88605696
1.2800000000000002,-1.44,129.97079551999997
1.3600000000000003,-1.44,124.87578111999998
1.4400000000000004,-1.44,119.61723391999996
1.5200000000000005,-1.44,114.21235711999996
1.6000000000000005,-1.44,108.67933695999997
1.6799999999999997,-1.44,103.03734272000003
1.7599999999999998,-1.44,97.30652672000002
1.8399999999999999,-1.44,91.50802432000003
1.92,-1.44,85.66395392000001
2.0,-1.44,79.79741695999999
2.08,-1.44,73.93249792
2.16,-1.44,68.09426432
2.24,-1.44,62.308766719999994
2.3200000000000003,-1.44,56.60303871999999
2.4000000000000004,-1.44,51.00509695999997
2.4800000000000004,-1.44,45.54394111999998
2.5600000000000005,-1.44,40.249553919999954
2.6400000000000006,-1.44,35.15290111999995
2.7199999999999998,-1.44,30.28593152000001
2.8,-1.44,25.681576960000015
2.88,-1.44,21.37375232
2.96,-1.44,17.39735552
3.04,-1.44,13.788267519999996
3.12,-1.44,10.583352319999992
3.2,-1.44,7.820456959999989
3.2800000000000002,-1.44,5.5384115199999915
3.3600000000000003,-1.44,3.777029119999994
3.4400000000000004,-1.44,2.5771059199999957
3.5200000000000005,-1.44,1.9804211199999986
3.6000000000000005,-1.44,2.0297369600000037
3.6799999999999997,-1.44,2.768798719999996
3.76,-1.44,4.24233472
3.84,-1.44,6.496056320000001
3.92,-1.44,9.576657919999995
4.0,-1.44,13.531816960000004
-4.0,-1.3599999999999999,96.97942016000002
-3.92,-1.3599999999999999,91.31059711999998
-3.84,-1.3599999999999999,86.51837952000001
-3.76,-1.3599999999999999,82.55508991999999
-3.68,-1.3599999999999999,79.37403392000002
-3.6,-1.3599999999999999,76.92950016000002
-3.52,-1.3599999999999999,75.17676032000001
-3.44,-1.3599999999999999,74.07206912000001
-3.36,-1.3599999999999999,73.57266432000002
-3.2800000000000002,-1.3599999999999999,73.63676672
-3.2,-1.3599999999999999,74.22358016
-3.12,-1.3599999999999999,75.29329152
-3.04,-1.3599999999999999,76.80707072000001
-2.96,-1.3599999999999999,78.72707072
-2.88,-1.3599999999999999,81.01642752000001
-2.8,-1.3599999999999999,83.63926016000002
-2.7199999999999998,-1.3599999999999999,86.56067072
-2.6399999999999997,-1.3599999999999999,89.74674432
-2.56,-1.3599999999999999,93.16454912
-2.48,-1.3599999999999999,96.78213631999999
-2.4,-1.3599999999999999,100.56854016
-2.3200000000000003,-1.3599999999999999,104.49377791999999
-2.24,-1.3599999999999999,108.52884992
-2.16,-1.3599999999999999,112.64573952
-2.08,-1.3599999999999999,116.81741312
-2.0,-1.3599999999999999,121.01782015999999
-1.92,-1.3599999999999999,125.22189312
-1.8399999999999999,-1.3599999999999999,129.40554752000003
-1.7599999999999998,-1.3599999999999999,133.54568192
-1.6800000000000002,-1.3599999999999999,137.62017792
-1.6,-1.3599999999999999,141.60790015999999
-1.52,-1.3599999999999999,145.48869632
-1.44,-1.3599999999999999,149.24339712000003
-1.3599999999999999,-1.3599999999999999,152.85381632000002
-1.2799999999999998,-1.3599999999999999,156.30275072
-1.1999999999999997,-1.3599999999999999,159.57398016
-1.12,-1.3599999999999999,162.65226751999998
-1.04,-1.3599999999999999,165.52335871999998
-0.96,-1.3599999999999999,168.17398272
-0.8799999999999999,-1.3599999999999999,170.59185151999998
-0.7999999999999998,-1.3599999999999999,172.76566016
-0.7199999999999998,-1.3599999999999999,174.68508672
-0.6400000000000001,-1.3599999999999999,176.34079232000002
-0.56,-1.3599999999999999,177.72442112000002
-0.48,-1.3599999999999999,178.82860032000002
-0.3999999999999999,-1.3599999999999999,179.64694015999999
-0.31999999999999984,-1.3599999999999999,180.17403392
-0.23999999999999977,-1.3599999999999999,180.40545792000003
-0.16000000000000014,-1.3599999999999999,180.33777152000002
-0.08000000000000007,-1.3599999999999999,179.96851712
0.0,-1.3599999999999999,179.29622016
0.08000000000000007,-1.3599999999999999,178.32038912000002
0.16000000000000014,-1.3599999999999999,177.04151552000002
0.2400000000000002,-1.3599999999999999,175.46107392000002
0.3200000000000003,-1.3599999999999999,173.58152192
0.40000000000000036,-1.3599999999999999,171.40630015999997
0.4800000000000004,-1.3599999999999999,168.93983232000002
0.5600000000000005,-1.3599999999999999,166.18752511999995
0.6399999999999997,-1.3599999999999999,163.15576832000002
0.7199999999999998,-1.3599999999999999,159.85193472
0.7999999999999998,-1.3599999999999999,156.28438016
0.8799999999999999,-1.3599999999999999,152.46244352
0.96,-1.3599999999999999,148.39644672
1.04,-1.3599999999999999,144.09769472
1.12,-1.3599999999999999,139.57847551999998
1.2000000000000002,-1.3599999999999999,134.85206016
1.2800000000000002,-1.3599999999999999,129.93270271999998
1.3600000000000003,-1.3599999999999999,124.83564031999997
1.4400000000000004,-1.3599999999999999,119.57709311999997
1.5200000000000005,-1.3599999999999999,114.17426431999996
1.6000000000000005,-1.3599999999999999,108.64534015999995
1.6799999999999997,-1.3599999999999999,103.00948992000002
1.7599999999999998,-1.3599999999999999,97.28686592
1.8399999999999999,-1.3599999999999999,91.49860352000002
1.92,-1.3599999999999999,85.66682112000001
2.0,-1.3599999999999999,79.81462015999999
2.08,-1.3599999999999999,73.96608512
2.16,-1.3599999999999999,68.14628352
2.24,-1.3599999999999999,62.38126591999999
2.3200000000000003,-1.3599999999999999,56.69806591999998
2.4000000000000004,-1.3599999999999999,51.124700159999975
2.4800000000000004,-1.3599999999999999,45.69016831999998
2.5600000000000005,-1.3599999999999999,40.42445311999996
2.6400000000000006,-1.3599999999999999,35.358520319999954
2.7199999999999998,-1.3599999999999999,30.524318720000007
2.8,-1.3599999999999999,25.954780160000016
2.88,-1.3599999999999999,21.683819520000004
2.96,-1.3599999999999999,17.74633472
3.04,-1.3599999999999999,14.178206719999999
3.12,-1.3599999999999999,11.016299519999993
3.2,-1.3599999999999999,8.29846015999999
3.2800000000000002,-1.3599999999999999,6.063518719999993
3.3600000000000003,-1.3599999999999999,4.351288319999995
3.4400000000000004,-1.3599999999999999,3.202565119999997
3.5200000000000005,-1.3599999999999999,2.6591283199999998
3.6000000000000005,-1.3599999999999999,2.7637401600000056
3.6799999999999997,-1.3599999999999999,3.560145919999996
3.76,-1.3599999999999999,5.09307392
3.84,-1.3599999999999999,7.408235520000002
3.92,-1.3599999999999999,10.552325119999997
4.0,-1.3599999999999999,14.573020160000006
-4.0,-1.2799999999999998,101.47795456000003
-3.92,-1.2799999999999998,95.67396352000002
-3.84,-1.2799999999999998,90.74862592000002
-3.76,-1.2799999999999998,86.65426432000002
-3.68,-1.2799999999999998,83.34418432000002
-3.6,-1.2799999999999998,80.77267456000001
-3.52,-1.2799999999999998,78.89500672
-3.44,-1.2799999999999998,77.66743552000001
-3.36,-1.2799999999999998,77.04719872
-3.2800000000000002,-1.2799999999999998,76.99251712
-3.2,-1.2799999999999998,77.46259456
-3.12,-1.2799999999999998,78.41761792
-3.04,-1.2799999999999998,79.81875712
-2.96,-1.2799999999999998,81.62816512
-2.88,-1.2799999999999998,83.80897792
-2.8,-1.2799999999999998,86.32531456000001
-2.7199999999999998,-1.2799999999999998,89.14227712000002
-2.6399999999999997,-1.2799999999999998,92.22595072000001
-2.56,-1.2799999999999998,95.54340352
-2.48,-1.2799999999999998,99.06268672000002
-2.4,-1.2799999999999998,102.75283456
-2.3200000000000003,-1.2799999999999998,106.58386432
-2.24,-1.2799999999999998,110.52677632000001
-2.16,-1.2799999999999998,114.55355392000001
-2.08,-1.2799999999999998,118.63716352
-2.0,-1.2799999999999998,122.75155456000002
-1.92,-1.2799999999999998,126.87165952000001
-1.8399999999999999,-1.2799999999999998,130.97339392000003
-1.7599999999999998,-1.2799999999999998,135.03365632000003
-1.6800000000000002,-1.2799999999999998,139.03032832
-1.6,-1.2799999999999998,142.94227456
-1.52,-1.2799999999999998,146.74934272000002
-1.44,-1.2799999999999998,150.43236352000002
-1.3599999999999999,-1.2799999999999998,153.97315072000004
-1.2799999999999998,-1.2799999999999998,157.35450112
-1.1999999999999997,-1.2799999999999998,160.56019456
-1.12,-1.2799999999999998,163.57499392
-1.04,-1.2799999999999998,166.38464512
-0.96,-1.2799999999999998,168.97587712
-0.8799999999999999,-1.2799999999999998,171.33640192
-0.7999999999999998,-1.2799999999999998,173.45491456000002
-0.7199999999999998,-1.2799999999999998,175.32109312
-0.6400000000000001,-1.2799999999999998,176.92559872000004
-0.56,-1.2799999999999998,178.26007552
-0.48,-1.2799999999999998,179.31715072000003
-0.3999999999999999,-1.2799999999999998,180.09043456
-0.31999999999999984,-1.2799999999999998,180.57452032
-0.23999999999999977,-1.2799999999999998,180.76498432000002
-0.16000000000000014,-1.2799999999999998,180.65838592000003
-0.08000000000000007,-1.2799999999999998,180.25226752
0.0,-1.2799999999999998,179.54515456
0.08000000000000007,-1.2799999999999998,178.53655552
0.16000000000000014,-1.2799999999999998,177.22696192
0.2400000000000002,-1.2799999999999998,175.61784832000004
0.3200000000000003,-1.2799999999999998,173.71167232
0.40000000000000036,-1.2799999999999998,171.51187456
0.4800000000000004,-1.2799999999999998,169.02287872000002
0.5600000000000005,-1.2799999999999998,166.25009152
0.6399999999999997,-1.2799999999999998,163.19990272
0.7199999999999998,-1.2799999999999998,159.87968512
0.7999999999999998,-1.2799999999999998,156.29779456000003
0.8799999999999999,-1.2799999999999998,152.46356992
0.96,-1.2799999999999998,148.38733312
1.04,-1.2799999999999998,144.08038911999998
1.12,-1.2799999999999998,139.55502592
1.2000000000000002,-1.2799999999999998,134.82451456
1.2800000000000002,-1.2799999999999998,129.90310911999998
1.3600000000000003,-1.2799999999999998,124.80604671999997
1.4400000000000004,-1.2799999999999998,119.54954751999998
1.5200000000000005,-1.2799999999999998,114.15081471999997
1.6000000000000005,-1.2799999999999998,108.62803455999997
1.6799999999999997,-1.2799999999999998,103.00037632000003
1.7599999999999998,-1.2799999999999998,97.28799232000003
1.8399999999999999,-1.2799999999999998,91.51201792000003
1.92,-1.2799999999999998,85.69457152000001
2.0,-1.2799999999999998,79.85875456
2.08,-1.2799999999999998,74.02865152
2.16,-1.2799999999999998,68.22932992
2.24,-1.2799999999999998,62.48684032
2.3200000000000003,-1.2799999999999998,56.82821631999998
2.4000000000000004,-1.2799999999999998,51.28147455999997
2.4800000000000004,-1.2799999999999998,45.87561471999998
2.5600000000000005,-1.2799999999999998,40.640619519999966
2.6400000000000006,-1.2799999999999998,35.607454719999964
2.7199999999999998,-1.2799999999999998,30.80806912000001
2.8,-1.2799999999999998,26.275394560000013
2.88,-1.2799999999999998,22.04334592
2.96,-1.2799999999999998,18.14682112
3.04,-1.2799999999999998,14.621701119999997
3.12,-1.2799999999999998,11.504849919999993
3.2,-1.2799999999999998,8.834114559999989
3.2800000000000002,-1.2799999999999998,6.648325119999992
3.3600000000000003,-1.2799999999999998,4.987294719999995
3.4400000000000004,-1.2799999999999998,3.8918195199999963
3.5200000000000005,-1.2799999999999998,3.40367872
3.6000000000000005,-1.2799999999999998,3.5656345600000052
3.6799999999999997,-1.2799999999999998,4.421432319999999
3.76,-1.2799999999999998,6.015800320000002
3.84,-1.2799999999999998,8.394449920000005
3.92,-1.2799999999999998,11.604075519999999
4.0,-1.2799999999999998,15.692354560000009
-4.0,-1.1999999999999997,105.83360000000002
-3.92,-1.1999999999999997,99.89648896
-3.84,-1.1999999999999997,94.84007936000002
-3.76,-1.1999999999999997,90.61669376
-3.68,-1.1999999999999997,87.17963776000005
-3.6,-1.1999999999999997,84.48320000000001
-3.52,-1.1999999999999997,82.48265216000004
-3.44,-1.1999999999999997,81.13424896
-3.36,-1.1999999999999997,80.39522816
-3.2800000000000002,-1.1999999999999997,80.22381056000002
-3.2,-1.1999999999999997,80.57920000000001
-3.12,-1.1999999999999997,81.42158336000001
-3.04,-1.1999999999999997,82.71213056000002
-2.96,-1.1999999999999997,84.41299456000002
-2.88,-1.1999999999999997,86.48731136000002
-2.8,-1.1999999999999997,88.89920000000002
-2.7199999999999998,-1.1999999999999997,91.61376256000003
-2.6399999999999997,-1.1999999999999997,94.59708416000004
-2.56,-1.1999999999999997,97.81623296000001
-2.48,-1.1999999999999997,101.23926016000001
-2.4,-1.1999999999999997,104.83520000000001
-2.3200000000000003,-1.1999999999999997,108.57406976
-2.24,-1.1999999999999997,112.42686976
-2.16,-1.1999999999999997,116.36558336000002
-2.08,-1.1999999999999997,120.36317696
-2.0,-1.1999999999999997,124.39359999999999
-1.92,-1.1999999999999997,128.43178496000002
-1.8399999999999999,-1.1999999999999997,132.45364736000002
-1.7599999999999998,-1.1999999999999997,136.43608576
-1.6800000000000002,-1.1999999999999997,140.35698176
-1.6,-1.1999999999999997,144.1952
-1.52,-1.1999999999999997,147.93058816
-1.44,-1.1999999999999997,151.54397696
-1.3599999999999999,-1.1999999999999997,155.01718016
-1.2799999999999998,-1.1999999999999997,158.33299456
-1.1999999999999997,-1.1999999999999997,161.4752
-1.12,-1.1999999999999997,164.42855935999998
-1.04,-1.1999999999999997,167.17881856
-0.96,-1.1999999999999997,169.71270656
-0.8799999999999999,-1.1999999999999997,172.01793536
-0.7999999999999998,-1.1999999999999997,174.0832
-0.7199999999999998,-1.1999999999999997,175.89817856
-0.6400000000000001,-1.1999999999999997,177.45353216
-0.56,-1.1999999999999997,178.74090496000002
-0.48,-1.1999999999999997,179.75292416000002
-0.3999999999999999,-1.1999999999999997,180.48319999999998
-0.31999999999999984,-1.1999999999999997,180.92632576
-0.23999999999999977,-1.1999999999999997,181.07787776000004
-0.16000000000000014,-1.1999999999999997,180.93441536
-0.08000000000000007,-1.1999999999999997,180.49348096000003
0.0,-1.1999999999999997,179.75359999999998
0.08000000000000007,-1.1999999999999997,178.71428096000002
0.16000000000000014,-1.1999999999999997,177.37601536
0.2400000000000002,-1.1999999999999997,175.74027776000003
0.3200000000000003,-1.1999999999999997,173.80952576
0.40000000000000036,-1.1999999999999997,171.58719999999997
0.4800000000000004,-1.1999999999999997,169.07772416
0.5600000000000005,-1.1999999999999997,166.28650495999997
0.6399999999999997,-1.1999999999999997,163.21993216
0.7199999999999998,-1.1999999999999997,159.88537856
0.7999999999999998,-1.1999999999999997,156.2912
0.8799999999999999,-1.1999999999999997,152.44673536
0.96,-1.1999999999999997,148.36230655999998
1.04,-1.1999999999999997,144.04921855999999
1.12,-1.1999999999999997,139.51975936
1.2000000000000002,-1.1999999999999997,134.78719999999998
1.2800000000000002,-1.1999999999999997,129.86579455999998
1.3600000000000003,-1.1999999999999997,124.77078015999997
1.4400000000000004,-1.1999999999999997,119.51837695999997
1.5200000000000005,-1.1999999999999997,114.12578815999996
1.6000000000000005,-1.1999999999999997,108.61119999999994
1.6799999999999997,-1.1999999999999997,102.99378176000002
1.7599999999999998,-1.1999999999999997,97.29368575999999
1.8399999999999999,-1.1999999999999997,91.53204736000002
1.92,-1.1999999999999997,85.73098496
2.0,-1.1999999999999997,79.9136
2.08,-1.1999999999999997,74.10397696
2.16,-1.1999999999999997,68.32718335999999
2.24,-1.1999999999999997,62.60926975999999
2.3200000000000003,-1.1999999999999997,56.977269759999984
2.4000000000000004,-1.1999999999999997,51.45919999999997
2.4800000000000004,-1.1999999999999997,46.08406015999998
2.5600000000000005,-1.1999999999999997,40.881832959999954
2.6400000000000006,-1.1999999999999997,35.88348415999995
2.7199999999999998,-1.1999999999999997,31.12096256000001
2.8,-1.1999999999999997,26.627200000000013
2.88,-1.1999999999999997,22.43611136
2.96,-1.1999999999999997,18.58259456
3.04,-1.1999999999999997,15.102530559999998
3.12,-1.1999999999999997,12.032783359999993
3.2,-1.1999999999999997,9.41119999999999
3.2800000000000002,-1.1999999999999997,7.276610559999995
3.3600000000000003,-1.1999999999999997,5.668828159999996
3.4400000000000004,-1.1999999999999997,4.628648959999999
3.5200000000000005,-1.1999999999999997,4.197852160000002
3.6000000000000005,-1.1999999999999997,4.419200000000007
3.6799999999999997,-1.1999999999999997,5.336437759999997
3.76,-1.1999999999999997,6.9942937600000015
3.84,-1.1999999999999997,9.438479360000004
3.92,-1.1999999999999997,12.715688959999998
4.0,-1.1999999999999997,16.873600000000007
-4.0,-1.12,110.03111935999998
-3.92,-1.12,103.96293631999997
-3.84,-1.12,98.77750271999999
-3.76,-1.12,94.42714111999997
-3.68,-1.12,90.86515711999999
-3.6,-1.12,88.04583936000002
-3.52,-1.12,85.92445951999998
-3.44,-1.12,84.45727232000002
-3.36,-1.12,83.60151551999999
-3.2800000000000002,-1.12,83.31540992000001
-3.2,-1.12,83.55815936
-3.12,-1.12,84.28995072000001
-3.04,-1.12,85.47195392
-2.96,-1.12,87.06632192000002
-2.88,-1.12,89.03619072000001
-2.8,-1.12,91.34567936000002
-2.7199999999999998,-1.12,93.95988992000001
-2.6399999999999997,-1.12,96.84490752000002
-2.56,-1.12,99.96780032
-2.48,-1.12,103.29661952
-2.4,-1.12,106.80039936
-2.3200000000000003,-1.12,110.44915711999997
-2.24,-1.12,114.21389312
-2.16,-1.12,118.06659072
-2.08,-1.12,121.98021631999998
-2.0,-1.12,125.92871936
-1.92,-1.12,129.88703232
-1.8399999999999999,-1.12,133.83107072
-1.7599999999999998,-1.12,137.73773312
-1.6800000000000002,-1.12,141.58490111999998
-1.6,-1.12,145.35143935999997
-1.52,-1.12,149.01719552
-1.44,-1.12,152.56300032000001
-1.3599999999999999,-1.12,155.97066752
-1.2799999999999998,-1.12,159.22299392000002
-1.1999999999999997,-1.12,162.30375936000002
-1.12,-1.12,165.19772672
-1.04,-1.12,167.89064191999998
-0.96,-1.12,170.36923392
-0.8799999999999999,-1.12,172.62121472
-0.7999999999999998,-1.12,174.63527936
-0.7199999999999998,-1.12,176.40110592000002
-0.6400000000000001,-1.12,177.90935552000002
-0.56,-1.12,179.15167232000002
-0.48,-1.12,180.12068352
-0.3999999999999999,-1.12,180.80999936
-0.31999999999999984,-1.12,181.21421312
-0.23999999999999977,-1.12,181.32890112
-0.16000000000000014,-1.12,181.15062272
-0.08000000000000007,-1.12,180.67692032
0.0,-1.12,179.90631936
0.08000000000000007,-1.12,178.83832832
0.16000000000000014,-1.12,177.47343872000002
0.2400000000000002,-1.12,175.81312512
0.3200000000000003,-1.12,173.85984512
0.40000000000000036,-1.12,171.61703935999998
0.4800000000000004,-1.12,169.08913152
0.5600000000000005,-1.12,166.28152832
0.6399999999999997,-1.12,163.20061952
0.7199999999999998,-1.12,159.85377792000003
0.7999999999999998,-1.12,156.24935936
0.8799999999999999,-1.12,152.39670272
0.96,-1.12,148.30612992
1.04,-1.12,143.98894592
1.12,-1.12,139.45743872
1.2000000000000002,-1.12,134.72487936
1.2800000000000002,-1.12,129.80552192
1.3600000000000003,-1.12,124.71460351999997
1.4400000000000004,-1.12,119.46834431999997
1.5200000000000005,-1.12,114.08394751999998
1.6000000000000005,-1.12,108.57959935999997
1.6799999999999997,-1.12,102.97446912000001
1.7599999999999998,-1.12,97.28870912000002
1.8399999999999999,-1.12,91.54345472000001
1.92,-1.12,85.76082432000001
2.0,-1.12,79.96391936
2.08,-1.12,74.17682432
2.16,-1.12,68.42460672
2.24,-1.12,62.73331711999999
2.3200000000000003,-1.12,57.129989119999976
2.4000000000000004,-1.12,51.642639359999976
2.4800000000000004,-1.12,46.30026751999997
2.5600000000000005,-1.12,41.13285631999996
2.6400000000000006,-1.12,36.171371519999965
2.7199999999999998,-1.12,31.447761920000012
2.8,-1.12,26.99495936000001
2.88,-1.12,22.84687872
2.96,-1.12,19.03841792
3.04,-1.12,15.605457919999994
3.12,-1.12,12.584862719999999
3.2,-1.12,10.014479359999992
3.2800000000000002,-1.12,7.933137919999995
3.3600000000000003,-1.12,6.380651519999992
3.4400000000000004,-1.12,5.397816319999994
3.5200000000000005,-1.12,5.026411519999997
3.6000000000000005,-1.12,5.309199360000002
3.6799999999999997,-1.12,6.289925119999989
3.76,-1.12,8.013317119999991
3.84,-1.12,10.52508671999999
3.92,-1.12,13.871928319999984
4.0,-1.12,18.10151935999999
-4.0,-1.04,114.05625856
-3.92,-1.04,107.85905152
-3.84,-1.04,102.54664192
-3.76,-1.04,98.07135232
-3.68,-1.04,94.38648832
-3.6,-1.04,91.44633856
-3.52,-1.04,89.20617471999999
-3.44,-1.04,87.62225151999999
-3.36,-1.04,86.65180672
-3.2800000000000002,-1.04,86.25306111999998
-3.2,-1.04,86.38521856000001
-3.12,-1.04,87.00846591999998
-3.04,-1.04,88.08397311999998
-2.96,-1.04,89.57389312
-2.88,-1.04,91.44136191999999
-2.8,-1.04,93.65049855999999
-2.7199999999999998,-1.04,96.16640512
-2.6399999999999997,-1.04,98.95516672
-2.56,-1.04,101.98385152
-2.48,-1.04,105.22051072000001
-2.4,-1.04,108.63417856000001
-2.3200000000000003,-1.04,112.19487231999999
-2.24,-1.04,115.87359232
-2.16,-1.04,119.64232192
-2.08,-1.04,123.47402751999999
-2.0,-1.04,127.34265855999999
-1.92,-1.04,131.22314752
-1.8399999999999999,-1.04,135.09140992000002
-1.7599999999999998,-1.04,138.92434432000002
-1.6800000000000002,-1.04,142.69983231999998
-1.6,-1.04,146.39673856000002
-1.52,-1.04,149.99491072
-1.44,-1.04,153.47517951999998
-1.3599999999999999,-1.04,156.81935872
-1.2799999999999998,-1.04,160.01024511999998
-1.1999999999999997,-1.04,163.03161856000003
-1.12,-1.04,165.86824192
-1.04,-1.04,168.50586112
-0.96,-1.04,170.93120512
-0.8799999999999999,-1.04,173.13198592000003
-0.7999999999999998,-1.04,175.09689856
-0.7199999999999998,-1.04,176.81562112
-0.6400000000000001,-1.04,178.27881472
-0.56,-1.04,179.47812352
-0.48,-1.04,180.40617472
-0.3999999999999999,-1.04,181.05657856000002
-0.31999999999999984,-1.04,181.42392832000002
-0.23999999999999977,-1.04,181.50380032
-0.16000000000000014,-1.04,181.29275392
-0.08000000000000007,-1.04,180.78833151999999
0.0,-1.04,179.98905856
0.08000000000000007,-1.04,178.89444351999998
0.16000000000000014,-1.04,177.50497792000002
0.2400000000000002,-1.04,175.82213632000003
0.3200000000000003,-1.04,173.84837632
0.40000000000000036,-1.04,171.58713855999997
0.4800000000000004,-1.04,169.04284672
0.5600000000000005,-1.04,166.22090752
0.6399999999999997,-1.04,163.12771072
0.7199999999999998,-1.04,159.77062912000002
0.7999999999999998,-1.04,156.15801856000002
0.8799999999999999,-1.04,152.29921792000002
0.96,-1.04,148.20454911999997
1.04,-1.04,143.88531712
1.12,-1.04,139.35380992
1.2000000000000002,-1.04,134.62329856
1.2800000000000002,-1.04,129.70803711999997
1.3600000000000003,-1.04,124.62326271999997
1.4400000000000004,-1.04,119.38519551999997
1.5200000000000005,-1.04,114.01103871999996
1.6000000000000005,-1.04,108.51897855999997
1.6799999999999997,-1.04,102.92818432000001
1.7599999999999998,-1.04,97.25880832000001
1.8399999999999999,-1.04,91.53198592000003
1.92,-1.04,85.76983552
2.0,-1.04,79.99545855999999
2.08,-1.04,74.23293951999999
2.16,-1.04,68.50734591999999
2.24,-1.04,62.844728319999994
2.3200000000000003,-1.04,57.272120319999985
2.4000000000000004,-1.04,51.817538559999974
2.4800000000000004,-1.04,46.509982719999975
2.5600000000000005,-1.04,41.379435519999966
2.6400000000000006,-1.04,36.45686271999996
2.7199999999999998,-1.04,31.774213120000013
2.8,-1.04,27.36441856000001
2.88,-1.04,23.261393920000003
2.96,-1.04,19.500037120000002
3.04,-1.04,16.116229120000003
3.12,-1.04,13.146833919999992
3.2,-1.04,10.629698559999989
3.2800000000000002,-1.04,8.603653119999992
3.3600000000000003,-1.04,7.108510719999997
3.4400000000000004,-1.04,6.185067519999999
3.5200000000000005,-1.04,5.875102720000001
3.6000000000000005,-1.04,6.221378560000008
3.6799999999999997,-1.04,7.267640319999996
3.76,-1.04,9.05861632
3.84,-1.04,11.640017920000004
3.92,-1.04,15.058539519999998
4.0,-1.04,19.36185856000001
-4.0,-0.96,117.89574655999999
-3.92,-0.96,111.57156351999998
-3.84,-0.96,106.13422591999999
-3.76,-0.96,101.53605631999999
-3.68,-0.96,97.73036031999999
-3.6,-0.96,94.67142656
-3.52,-0.96,92.31452671999999
-3.44,-0.96,90.61591552
-3.36,-0.96,89.53283071999999
-3.2800000000000002,-0.96,89.02349311999998
-3.2,-0.96,89.04710656000002
-3.12,-0.96,89.56385791999999
-3.04,-0.96,90.53491712000002
-2.96,-0.96,91.92243711999998
-2.88,-0.96,93.68955391999998
-2.8,-0.96,95.80038655999999
-2.7199999999999998,-0.96,98.22003712
-2.6399999999999997,-0.96,100.91459072
-2.56,-0.96,103.85111552000001
-2.48,-0.96,106.99766272000001
-2.4,-0.96,110.32326656000001
-2.3200000000000003,-0.96,113.79794432
-2.24,-0.96,117.39269632
-2.16,-0.96,121.07950592
-2.08,-0.96,124.83133952
-2.0,-0.96,128.62214656
-1.92,-0.96,132.42685952
-1.8399999999999999,-0.96,136.22139392000003
-1.7599999999999998,-0.96,139.98264832
-1.6800000000000002,-0.96,143.68850432
-1.6,-0.96,147.31782655999996
-1.52,-0.96,150.85046272
-1.44,-0.96,154.26724352
-1.3599999999999999,-0.96,157.54998272
-1.2799999999999998,-0.96,160.68147712
-1.1999999999999997,-0.96,163.64550656000003
-1.12,-0.96,166.42683392000004
-1.04,-0.96,169.01120512
-0.96,-0.96,171.38534912
-0.8799999999999999,-0.96,173.53697792000003
-0.7999999999999998,-0.96,175.45478656
-0.7199999999999998,-0.96,177.12845312000002
-0.6400000000000001,-0.96,178.54863871999999
-0.56,-0.96,179.70698751999998
-0.48,-0.96,180.59612671999997
-0.3999999999999999,-0.96,181.20966656000002
-0.31999999999999984,-0.96,181.54220032
-0.23999999999999977,-0.96,181.58930432
-0.16000000000000014,-0.96,181.34753792
-0.08000000000000007,-0.96,180.81444352
0.0,-0.96,179.98854656000003
0.08000000000000007,-0.96,178.86935552
0.16000000000000014,-0.96,177.45736191999998
0.2400000000000002,-0.96,175.75404032
0.3200000000000003,-0.96,173.76184832
0.40000000000000036,-0.96,171.48422655999997
0.4800000000000004,-0.96,168.92559871999998
0.5600000000000005,-0.96,166.09137152
0.6399999999999997,-0.96,162.98793472
0.7199999999999998,-0.96,159.62266112000003
0.7999999999999998,-0.96,156.00390656000002
0.8799999999999999,-0.96,152.14100992000002
0.96,-0.96,148.04429312
1.04,-0.96,143.72506112
1.12,-0.96,139.19560192
1.2000000000000002,-0.96,134.46918656
1.2800000000000002,-0.96,129.56006912
1.3600000000000003,-0.96,124.48348671999996
1.4400000000000004,-0.96,119.25565951999997
1.5200000000000005,-0.96,113.89379072
1.6000000000000005,-0.96,108.41606655999996
1.6799999999999997,-0.96,102.84165632000003
1.7599999999999998,-0.96,97.19071232000002
1.8399999999999999,-0.96,91.48436992000002
1.92,-0.96,85.74474752
2.0,-0.96,79.99494656
2.08,-0.96,74.25905152
2.16,-0.96,68.56212991999999
2.24,-0.96,62.93023231999999
2.3200000000000003,-0.96,57.39039231999998
2.4000000000000004,-0.96,51.970626559999985
2.4800000000000004,-0.96,46.69993471999997
2.5600000000000005,-0.96,41.60829951999996
2.6400000000000006,-0.96,36.72668671999996
2.7199999999999998,-0.96,32.08704512000001
2.8,-0.96,27.722306560000014
2.88,-0.96,23.666385920000003
2.96,-0.96,19.954181120000005
3.04,-0.96,16.621573119999997
3.12,-0.96,13.705425920000001
3.2,-0.96,11.243586559999995
3.2800000000000002,-0.96,9.274885119999999
3.3600000000000003,-0.96,7.839134719999995
3.4400000000000004,-0.96,6.977131519999998
3.5200000000000005,-0.96,6.73065472
3.6000000000000005,-0.96,7.142466560000006
3.6799999999999997,-0.96,8.25631231999999
3.76,-0.96,10.116920319999995
3.84,-0.96,12.770001919999995
3.92,-0.96,16.262251519999985
4.0,-0.96,20.641346559999995
-4.0,-0.8799999999999999,121.53729536
-3.92,-0.8799999999999999,115.08818432
-3.84,-0.8799999999999999,109.52796672
-3.76,-0.8799999999999999,104.80896512
-3.68,-0.8799999999999999,100.88448512
-3.6,-0.8799999999999999,97.70881536
-3.52,-0.8799999999999999,95.23722751999999
-3.44,-0.8799999999999999,93.42597631999999
-3.36,-0.8799999999999999,92.23229952
-3.2800000000000002,-0.8799999999999999,91.61441792000001
-3.2,-0.8799999999999999,91.53153535999998
-3.12,-0.8799999999999999,91.94383872
-3.04,-0.8799999999999999,92.81249792
-2.96,-0.8799999999999999,94.09966592000002
-2.88,-0.8799999999999999,95.76847871999999
-2.8,-0.8799999999999999,97.78305536000002
-2.7199999999999998,-0.8799999999999999,100.10849791999999
-2.6399999999999997,-0.8799999999999999,102.71089152000003
-2.56,-0.8799999999999999,105.55730432
-2.48,-0.8799999999999999,108.61578752
-2.4,-0.8799999999999999,111.85537536000001
-2.3200000000000003,-0.8799999999999999,115.24608511999999
-2.24,-0.8799999999999999,118.75891711999998
-2.16,-0.8799999999999999,122.36585471999999
-2.08,-0.8799999999999999,126.03986431999999
-2.0,-0.8799999999999999,129.75489536
-1.92,-0.8799999999999999,133.48588031999998
-1.8399999999999999,-0.8799999999999999,137.20873472
-1.7599999999999998,-0.8799999999999999,140.90035712000002
-1.6800000000000002,-0.8799999999999999,144.53862912
-1.6,-0.8799999999999999,148.10241536
-1.52,-0.8799999999999999,151.57156351999998
-1.44,-0.8799999999999999,154.92690432
-1.3599999999999999,-0.8799999999999999,158.15025152
-1.2799999999999998,-0.8799999999999999,161.22440192
-1.1999999999999997,-0.8799999999999999,164.13313536000004
-1.12,-0.8799999999999999,166.86121472000002
-1.04,-0.8799999999999999,169.39438592
-0.96,-0.8799999999999999,171.71937792
-0.8799999999999999,-0.8799999999999999,173.82390272
-0.7999999999999998,-0.8799999999999999,175.69665536000002
-0.7199999999999998,-0.8799999999999999,177.32731392000002
-0.6400000000000001,-0.8799999999999999,178.70653951999998
-0.56,-0.8799999999999999,179.82597632
-0.48,-0.8799999999999999,180.67825151999998
-0.3999999999999999,-0.8799999999999999,181.25697536
-0.31999999999999984,-0.8799999999999999,181.55674112000003
-0.23999999999999977,-0.8799999999999999,181.57312512
-0.16000000000000014,-0.8799999999999999,181.30268672
-0.08000000000000007,-0.8799999999999999,180.74296832
0.0,-0.8799999999999999,179.89249535999997
0.08000000000000007,-0.8799999999999999,178.75077631999997
0.16000000000000014,-0.8799999999999999,177.31830272000002
0.2400000000000002,-0.8799999999999999,175.59654912
0.3200000000000003,-0.8799999999999999,173.58797312000002
0.40000000000000036,-0.8799999999999999,171.29601535999996
0.4800000000000004,-0.8799999999999999,168.72509951999996
0.5600000000000005,-0.8799999999999999,165.88063232
0.6399999999999997,-0.8799999999999999,162.76900351999998
0.7199999999999998,-0.8799999999999999,159.39758592000004
0.7999999999999998,-0.8799999999999999,155.77473536000002
0.8799999999999999,-0.8799999999999999,151.90979072000002
0.96,-0.8799999999999999,147.81307392
1.04,-0.8799999999999999,143.49588992
1.12,-0.8799999999999999,138.97052672
1.2000000000000002,-0.8799999999999999,134.25025535999998
1.2800000000000002,-0.8799999999999999,129.34932991999997
1.3600000000000003,-0.8799999999999999,124.28298751999998
1.4400000000000004,-0.8799999999999999,119.06744831999997
1.5200000000000005,-0.8799999999999999,113.71991551999994
1.6000000000000005,-0.8799999999999999,108.25857535999995
1.6799999999999997,-0.8799999999999999,102.70259712000002
1.7599999999999998,-0.8799999999999999,97.07213312000002
1.8399999999999999,-0.8799999999999999,91.38831872000002
1.92,-0.8799999999999999,85.67327232
2.0,-0.8799999999999999,79.95009536
2.08,-0.8799999999999999,74.24287231999999
2.16,-0.8799999999999999,68.57667072
2.24,-0.8799999999999999,62.977541119999984
2.3200000000000003,-0.8799999999999999,57.47251711999998
2.4000000000000004,-0.8799999999999999,52.089615359999975
2.4800000000000004,-0.8799999999999999,46.857835519999966
2.5600000000000005,-0.8799999999999999,41.807160319999966
2.6400000000000006,-0.8799999999999999,36.96855551999996
2.7199999999999998,-0.8799999999999999,32.37396992000001
2.8,-0.8799999999999999,28.05633536000001
2.88,-0.8799999999999999,24.04956672
2.96,-0.8799999999999999,20.38856192
3.04,-0.8799999999999999,17.109201920000004
3.12,-0.8799999999999999,14.24835071999999
3.2,-0.8799999999999999,11.843855359999989
3.2800000000000002,-0.8799999999999999,9.934545919999993
3.3600000000000003,-0.8799999999999999,8.560235519999996
3.4400000000000004,-0.8799999999999999,7.7617203199999985
3.5200000000000005,-0.8799999999999999,7.580779520000002
3.6000000000000005,-0.8799999999999999,8.06017536000001
3.6799999999999997,-0.8799999999999999,9.243653119999994
3.76,-0.8799999999999999,11.175941120000001
3.84,-0.8799999999999999,13.902750720000004
3.92,-0.8799999999999999,17.47077632
4.0,-0.8799999999999999,21.92769536000001
-4.0,-0.7999999999999998,124.96959999999999
-3.92,-0.7999999999999998,118.39760896000001
-3.84,-0.7999999999999998,112.71655935999999
-3.76,-0.7999999999999998,107.87877376
-3.68,-0.7999999999999998,103.83755776000002
-3.6,-0.7999999999999998,100.54720000000002
-3.52,-0.7999999999999998,97.96297216000002
-3.44,-0.7999999999999998,96.04112896000002
-3.36,-0.7999999999999998,94.73890816000001
-3.2800000000000002,-0.7999999999999998,94.01453056000001
-3.2,-0.7999999999999998,93.8272
-3.12,-0.7999999999999998,94.13710336
-3.04,-0.7999999999999998,94.90541056
-2.96,-0.7999999999999998,96.09427456
-2.88,-0.7999999999999998,97.66683136
-2.8,-0.7999999999999998,99.58720000000001
-2.7199999999999998,-0.7999999999999998,101.82048256
-2.6399999999999997,-0.7999999999999998,104.33276416000001
-2.56,-0.7999999999999998,107.09111296
-2.48,-0.7999999999999998,110.06358016
-2.4,-0.7999999999999998,113.2192
-2.3200000000000003,-0.7999999999999998,116.52798975999997
-2.24,-0.7999999999999998,119.96094976
-2.16,-0.7999999999999998,123.49006335999998
-2.08,-0.7999999999999998,127.08829696000001
-2.0,-0.7999999999999998,130.72959999999998
-1.92,-0.7999999999999998,134.38890496000002
-1.8399999999999999,-0.7999999999999998,138.04212736
-1.7599999999999998,-0.7999999999999998,141.66616576
-1.6800000000000002,-0.7999999999999998,145.23890175999998
-1.6,-0.7999999999999998,148.73919999999998
-1.52,-0.7999999999999998,152.14690816
-1.44,-0.7999999999999998,155.44285696
-1.3599999999999999,-0.7999999999999998,158.60886016
-1.2799999999999998,-0.7999999999999998,161.62771456000002
-1.1999999999999997,-0.7999999999999998,164.48320000000004
-1.12,-0.7999999999999998,167.16007936000003
-1.04,-0.7999999999999998,169.64409855999997
-0.96,-0.7999999999999998,171.92198656
-0.8799999999999999,-0.7999999999999998,173.98145536
-0.7999999999999998,-0.7999999999999998,175.8112
-0.7199999999999998,-0.7999999999999998,177.40089856000003
-0.6400000000000001,-0.7999999999999998,178.74121216
-0.56,-0.7999999999999998,179.82378496
-0.48,-0.7999999999999998,180.64124415999999
-0.3999999999999999,-0.7999999999999998,181.18720000000002
-0.31999999999999984,-0.7999999999999998,181.45624576
-0.23999999999999977,-0.7999999999999998,181.44395776
-0.16000000000000014,-0.7999999999999998,181.14689536
-0.08000000000000007,-0.7999999999999998,180.56260096
0.0,-0.7999999999999998,179.6896
0.08000000000000007,-0.7999999999999998,178.52740096
0.16000000000000014,-0.7999999999999998,177.07649536
0.2400000000000002,-0.7999999999999998,175.33835775999998
0.3200000000000003,-0.7999999999999998,173.31544576
0.40000000000000036,-0.7999999999999998,171.01119999999997
0.4800000000000004,-0.7999999999999998,168.43004416
0.5600000000000005,-0.7999999999999998,165.57738496000002
0.6399999999999997,-0.7999999999999998,162.45961216
0.7199999999999998,-0.7999999999999998,159.08409856000003
0.7999999999999998,-0.7999999999999998,155.4592
0.8799999999999999,-0.7999999999999998,151.59425536000003
0.96,-0.7999999999999998,147.49958655999998
1.04,-0.7999999999999998,143.18649856
1.12,-0.7999999999999998,138.66727936
1.2000000000000002,-0.7999999999999998,133.9552
1.2800000000000002,-0.7999999999999998,129.06451456
1.3600000000000003,-0.7999999999999998,124.01046015999997
1.4400000000000004,-0.7999999999999998,118.80925695999997
1.5200000000000005,-0.7999999999999998,113.47810815999999
1.6000000000000005,-0.7999999999999998,108.03519999999997
1.6799999999999997,-0.7999999999999998,102.49970176000002
1.7599999999999998,-0.7999999999999998,96.89176576000003
1.8399999999999999,-0.7999999999999998,91.23252736000002
1.92,-0.7999999999999998,85.54410496
2.0,-0.7999999999999998,79.8496
2.08,-0.7999999999999998,74.17309696
2.16,-0.7999999999999998,68.53966335999999
2.24,-0.7999999999999998,62.975349759999986
2.3200000000000003,-0.7999999999999998,57.507189759999974
2.4000000000000004,-0.7999999999999998,52.163199999999975
2.4800000000000004,-0.7999999999999998,46.97238015999997
2.5600000000000005,-0.7999999999999998,41.964712959999964
2.6400000000000006,-0.7999999999999998,37.17116415999996
2.7199999999999998,-0.7999999999999998,32.62368256000001
2.8,-0.7999999999999998,28.35520000000001
2.88,-0.7999999999999998,24.399631360000008
2.96,-0.7999999999999998,20.791874560000004
3.04,-0.7999999999999998,17.567810559999995
3.12,-0.7999999999999998,14.764303360000001
3.2,-0.7999999999999998,12.419199999999998
3.2800000000000002,-0.7999999999999998,10.571330559999998
3.3600000000000003,-0.7999999999999998,9.260508159999997
3.4400000000000004,-0.7999999999999998,8.52752896
3.5200000000000005,-0.7999999999999998,8.414172160000003
3.6000000000000005,-0.7999999999999998,8.963200000000008
3.6799999999999997,-0.7999999999999998,10.218357759999991
3.76,-0.7999999999999998,12.224373759999995
3.84,-0.7999999999999998,15.026959359999996
3.92,-0.7999999999999998,18.672808959999987
4.0,-0.7999999999999998,23.209599999999995
-4.0,-0.7199999999999998,128.18233856
-3.92,-0.7199999999999998,121.48951552
-3.84,-0.7199999999999998,115.68968192000001
-3.76,-0.7199999999999998,110.73516031999999
-3.68,-0.7199999999999998,106.57925632
-3.6,-0.7199999999999998,103.17625856000001
-3.52,-0.7199999999999998,100.48143872
-3.44,-0.7199999999999998,98.45105152
-3.36,-0.7199999999999998,97.04233471999999
-3.2800000000000002,-0.7199999999999998,96.21350912000003
-3.2,-0.7199999999999998,95.92377855999999
-3.12,-0.7199999999999998,96.13332992000002
-3.04,-0.7199999999999998,96.80333311999999
-2.96,-0.7199999999999998,97.89594112000003
-2.88,-0.7199999999999998,99.37428991999998
-2.8,-0.7199999999999998,101.20249856000002
-2.7199999999999998,-0.7199999999999998,103.34566911999998
-2.6399999999999997,-0.7199999999999998,105.76988672000003
-2.56,-0.7199999999999998,108.44221952000001
-2.48,-0.7199999999999998,111.33071872000001
-2.4,-0.7199999999999998,114.40441856000001
-2.3200000000000003,-0.7199999999999998,117.63333631999998
-2.24,-0.7199999999999998,120.98847231999999
-2.16,-0.7199999999999998,124.44180992
-2.08,-0.7199999999999998,127.96631552
-2.0,-0.7199999999999998,131.53593856
-1.92,-0.7199999999999998,135.12561152
-1.8399999999999999,-0.7199999999999998,138.71124992
-1.7599999999999998,-0.7199999999999998,142.26975232
-1.6800000000000002,-0.7199999999999998,145.77900031999997
-1.6,-0.7199999999999998,149.21785856000002
-1.52,-0.7199999999999998,152.56617472
-1.44,-0.7199999999999998,155.80477952
-1.3599999999999999,-0.7199999999999998,158.91548672000002
-1.2799999999999998,-0.7199999999999998,161.88109312
-1.1999999999999997,-0.7199999999999998,164.68537856000003
-1.12,-0.7199999999999998,167.31310592
-1.04,-0.7199999999999998,169.75002111999999
-0.96,-0.7199999999999998,171.98285312
-0.8799999999999999,-0.7199999999999998,173.99931392000002
-0.7999999999999998,-0.7199999999999998,175.78809856
-0.7199999999999998,-0.7199999999999998,177.33888512000001
-0.6400000000000001,-0.7199999999999998,178.64233472
-0.56,-0.7199999999999998,179.69009152
-0.48,-0.7199999999999998,180.47478272
-0.3999999999999999,-0.7199999999999998,180.99001856
-0.31999999999999984,-0.7199999999999998,181.23039232000002
-0.23999999999999977,-0.7199999999999998,181.19148032
-0.16000000000000014,-0.7199999999999998,180.86984192
-0.08000000000000007,-0.7199999999999998,180.26301952
0.0,-0.7199999999999998,179.36953855999997
0.08000000000000007,-0.7199999999999998,178.18890752000001
0.16000000000000014,-0.7199999999999998,176.72161792000003
0.2400000000000002,-0.7199999999999998,174.96914432
0.3200000000000003,-0.7199999999999998,172.93394432
0.40000000000000036,-0.7199999999999998,170.61945855999997
0.4800000000000004,-0.7199999999999998,168.03011071999998
0.5600000000000005,-0.7199999999999998,165.17130752
0.6399999999999997,-0.7199999999999998,162.04943872
0.7199999999999998,-0.7199999999999998,158.67187712000003
0.7999999999999998,-0.7199999999999998,155.04697856
0.8799999999999999,-0.7199999999999998,151.18408192
0.96,-0.7199999999999998,147.09350912
1.04,-0.7199999999999998,142.78656511999998
1.12,-0.7199999999999998,138.27553792
1.2000000000000002,-0.7199999999999998,133.57369855999997
1.2800000000000002,-0.7199999999999998,128.69530111999995
1.3600000000000003,-0.7199999999999998,123.65558271999997
1.4400000000000004,-0.7199999999999998,118.47076351999996
1.5200000000000005,-0.7199999999999998,113.15804671999996
1.6000000000000005,-0.7199999999999998,107.73561855999996
1.6799999999999997,-0.7199999999999998,102.22264832000002
1.7599999999999998,-0.7199999999999998,96.63928832000002
1.8399999999999999,-0.7199999999999998,91.00667392000001
1.92,-0.7199999999999998,85.34692352
2.0,-0.7199999999999998,79.68313856
2.08,-0.7199999999999998,74.03940352
2.16,-0.7199999999999998,68.44078592
2.24,-0.7199999999999998,62.913336319999985
2.3200000000000003,-0.7199999999999998,57.484088319999984
2.4000000000000004,-0.7199999999999998,52.18105855999998
2.4800000000000004,-0.7199999999999998,47.03324671999997
2.5600000000000005,-0.7199999999999998,42.07063551999996
2.6400000000000006,-0.7199999999999998,37.32419071999996
2.7199999999999998,-0.7199999999999998,32.82586112000001
2.8,-0.7199999999999998,28.608578560000012
2.88,-0.7199999999999998,24.706257920000006
2.96,-0.7199999999999998,21.153797120000007
3.04,-0.7199999999999998,17.987077120000002
3.12,-0.7199999999999998,15.242961919999992
3.2,-0.7199999999999998,12.95929855999999
3.2800000000000002,-0.7199999999999998,11.174917119999995
3.3600000000000003,-0.7199999999999998,9.929630719999997
3.4400000000000004,-0.7199999999999998,9.26423552
3.5200000000000005,-0.7199999999999998,9.220510720000005
3.6000000000000005,-0.7199999999999998,9.841218560000012
3.6799999999999997,-0.7199999999999998,11.170104319999997
3.76,-0.7199999999999998,13.251896320000004
3.84,-0.7199999999999998,16.132305920000007
3.92,-0.7199999999999998,19.85802752
4.0,-0.7199999999999998,24.476738560000012
-4.0,-0.6400000000000001,131.16617215999997
-3.92,-0.6400000000000001,124.35456512
-3.84,-0.6400000000000001,118.43799551999996
-3.76,-0.6400000000000001,113.36878592000001
-3.68,-0.6400000000000001,109.10024192000002
-3.6,-0.6400000000000001,105.58665216000001
-3.52,-0.6400000000000001,102.78328832000001
-3.44,-0.6400000000000001,100.64640512
-3.36,-0.6400000000000001,99.13324032000001
-3.2800000000000002,-0.6400000000000001,98.20201472
-3.2,-0.6400000000000001,97.81193216
-3.12,-0.6400000000000001,97.92317951999999
-3.04,-0.6400000000000001,98.49692671999999
-2.96,-0.6400000000000001,99.49532672
-2.88,-0.6400000000000001,100.88151552
-2.8,-0.6400000000000001,102.61961216
-2.7199999999999998,-0.6400000000000001,104.67471872
-2.6399999999999997,-0.6400000000000001,107.01292032000002
-2.56,-0.6400000000000001,109.60128511999999
-2.48,-0.6400000000000001,112.40786431999999
-2.4,-0.6400000000000001,115.40169216
-2.3200000000000003,-0.6400000000000001,118.55278591999996
-2.24,-0.6400000000000001,121.83214592
-2.16,-0.6400000000000001,125.21175551999998
-2.08,-0.6400000000000001,128.66458112
-2.0,-0.6400000000000001,132.16457215999998
-1.92,-0.6400000000000001,135.68666112
-1.8399999999999999,-0.6400000000000001,139.20676351999998
-1.7599999999999998,-0.6400000000000001,142.70177792000004
-1.6800000000000002,-0.6400000000000001,146.14958592
-1.6,-0.6400000000000001,149.52905216
-1.52,-0.6400000000000001,152.82002432
-1.44,-0.6400000000000001,156.00333311999998
-1.3599999999999999,-0.6400000000000001,159.06079232000002
-1.2799999999999998,-0.6400000000000001,161.97519871999998
-1.1999999999999997,-0.6400000000000001,164.73033216000002
-1.12,-0.6400000000000001,167.31095552
-1.04,-0.6400000000000001,169.70281472000002
-0.96,-0.6400000000000001,171.89263872
-0.8799999999999999,-0.6400000000000001,173.86813952
-0.7999999999999998,-0.6400000000000001,175.61801215999998
-0.7199999999999998,-0.6400000000000001,177.13193472
-0.6400000000000001,-0.6400000000000001,178.40056832
-0.56,-0.6400000000000001,179.41555712
-0.48,-0.6400000000000001,180.16952831999996
-0.3999999999999999,-0.6400000000000001,180.65609216
-0.31999999999999984,-0.6400000000000001,180.86984192
-0.23999999999999977,-0.6400000000000001,180.80635392
-0.16000000000000014,-0.6400000000000001,180.46218752
-0.08000000000000007,-0.6400000000000001,179.83488511999997
0.0,-0.6400000000000001,178.92297216000003
0.08000000000000007,-0.6400000000000001,177.72595711999998
0.16000000000000014,-0.6400000000000001,176.24433152
0.2400000000000002,-0.6400000000000001,174.47956992
0.3200000000000003,-0.6400000000000001,172.43412991999998
0.40000000000000036,-0.6400000000000001,170.11145216
0.4800000000000004,-0.6400000000000001,167.51596031999998
0.5600000000000005,-0.6400000000000001,164.65306112
0.6399999999999997,-0.6400000000000001,161.52914432000003
0.7199999999999998,-0.6400000000000001,158.15158272000002
0.7999999999999998,-0.6400000000000001,154.52873216
0.8799999999999999,-0.6400000000000001,150.66993152
0.96,-0.6400000000000001,146.58550272000002
1.04,-0.6400000000000001,142.28675072000001
1.12,-0.6400000000000001,137.78596352
1.2000000000000002,-0.6400000000000001,133.09641216
1.2800000000000002,-0.6400000000000001,128.23235072
1.3600000000000003,-0.6400000000000001,123.20901632
1.4400000000000004,-0.6400000000000001,118.04262911999996
1.5200000000000005,-0.6400000000000001,112.75039231999997
1.6000000000000005,-0.6400000000000001,107.35049215999996
1.6799999999999997,-0.6400000000000001,101.86209792000002
1.7599999999999998,-0.6400000000000001,96.30536192000001
1.8399999999999999,-0.6400000000000001,90.70141952
1.92,-0.6400000000000001,85.07238912
2.0,-0.6400000000000001,79.44137216
2.08,-0.6400000000000001,73.83245312
2.16,-0.6400000000000001,68.27069952
2.24,-0.6400000000000001,62.78216191999998
2.3200000000000003,-0.6400000000000001,57.393873919999976
2.4000000000000004,-0.6400000000000001,52.13385215999999
2.4800000000000004,-0.6400000000000001,47.031096319999975
2.5600000000000005,-0.6400000000000001,42.11558911999997
2.6400000000000006,-0.6400000000000001,37.41829631999997
2.7199999999999998,-0.6400000000000001,32.971166720000014
2.8,-0.6400000000000001,28.807132160000005
2.88,-0.6400000000000001,24.960107520000008
2.96,-0.6400000000000001,21.464990720000003
3.04,-0.6400000000000001,18.35766272
3.12,-0.6400000000000001,15.674987519999998
3.2,-0.6400000000000001,13.454812159999992
3.2800000000000002,-0.6400000000000001,11.735966719999995
3.3600000000000003,-0.6400000000000001,10.558264319999996
3.4400000000000004,-0.6400000000000001,9.962501119999997
3.5200000000000005,-0.6400000000000001,9.990456320000002
3.6000000000000005,-0.6400000000000001,10.684892160000006
3.6799999999999997,-0.6400000000000001,12.089553919999988
3.76,-0.6400000000000001,14.249169919999993
3.84,-0.6400000000000001,17.209451519999995
3.92,-0.6400000000000001,21.017093119999984
4.0,-0.6400000000000001,25.719772159999994
-4.0,-0.56,133.91274495999997
-3.92,-0.56,126.98440192
-3.84,-0.56,120.95314431999996
-3.76,-0.56,115.77129472
-3.68,-0.56,111.39215872000001
-3.6,-0.56,107.77002496000001
-3.52,-0.56,104.86016512
-3.44,-0.56,102.61883392000001
-3.36,-0.56,101.00326912
-3.2800000000000002,-0.56,99.97169152000001
-3.2,-0.56,99.48330495999998
-3.12,-0.56,99.49829632
-3.04,-0.56,99.97783552
-2.96,-0.56,100.88407552
-2.88,-0.56,102.18015232
-2.8,-0.56,103.83018496
-2.7199999999999998,-0.56,105.79927552000001
-2.6399999999999997,-0.56,108.05350912000002
-2.56,-0.56,110.55995391999997
-2.48,-0.56,113.28666111999998
-2.4,-0.56,116.20266495999999
-2.3200000000000003,-0.56,119.27798271999997
-2.24,-0.56,122.48361472
-2.16,-0.56,125.79154431999997
-2.08,-0.56,129.17473792
-2.0,-0.56,132.60714496
-1.92,-0.56,136.06369792
-1.8399999999999999,-0.56,139.52031232
-1.7599999999999998,-0.56,142.95388672
-1.6800000000000002,-0.56,146.34230272000002
-1.6,-0.56,149.66442496000002
-1.52,-0.56,152.90010112000004
-1.44,-0.56,156.03016192
-1.3599999999999999,-0.56,159.03642112
-1.2799999999999998,-0.56,161.90167552000003
-1.1999999999999997,-0.56,164.60970496000002
-1.12,-0.56,167.14527232
-1.04,-0.56,169.49412352000002
-0.96,-0.56,171.64298752000002
-0.8799999999999999,-0.56,173.57957632
-0.7999999999999998,-0.56,175.29258496
-0.7199999999999998,-0.56,176.77169152
-0.6400000000000001,-0.56,178.00755712
-0.56,-0.56,178.99182592
-0.48,-0.56,179.71712512
-0.3999999999999999,-0.56,180.17706496
-0.31999999999999984,-0.56,180.36623871999998
-0.23999999999999977,-0.56,180.28022272
-0.16000000000000014,-0.56,179.91557632
-0.08000000000000007,-0.56,179.26984191999998
0.0,-0.56,178.34154496
0.08000000000000007,-0.56,177.13019391999998
0.16000000000000014,-0.56,175.63628032
0.2400000000000002,-0.56,173.86127872
0.3200000000000003,-0.56,171.80764671999998
0.40000000000000036,-0.56,169.47882496
0.4800000000000004,-0.56,166.87923711999997
0.5600000000000005,-0.56,164.01428991999998
0.6399999999999997,-0.56,160.89037312000002
0.7199999999999998,-0.56,157.51485952000002
0.7999999999999998,-0.56,153.89610496
0.8799999999999999,-0.56,150.04344832
0.96,-0.56,145.96721152
1.04,-0.56,141.67869952
1.12,-0.56,137.19020032
1.2000000000000002,-0.56,132.51498496
1.2800000000000002,-0.56,127.66730752
1.3600000000000003,-0.56,122.66240511999999
1.4400000000000004,-0.56,117.51649791999998
1.5200000000000005,-0.56,112.24678911999997
1.6000000000000005,-0.56,106.87146495999997
1.6799999999999997,-0.56,101.40969472
1.7599999999999998,-0.56,95.88163072
1.8399999999999999,-0.56,90.30840832000001
1.92,-0.56,84.71214592
2.0,-0.56,79.11594496000001
2.08,-0.56,73.54388991999998
2.16,-0.56,68.02104831999999
2.24,-0.56,62.573470719999975
2.3200000000000003,-0.56,57.22819071999997
2.4000000000000004,-0.56,52.01322495999998
2.4800000000000004,-0.56,46.95757311999997
2.5600000000000005,-0.56,42.09121791999997
2.6400000000000006,-0.56,37.44512511999997
2.7199999999999998,-0.56,33.051243520000014
2.8,-0.56,28.942504960000008
2.88,-0.56,25.152824320000008
2.96,-0.56,21.717099520000005
3.04,-0.56,18.67121152
3.12,-0.56,16.052024319999997
3.2,-0.56,13.897384959999995
3.2800000000000002,-0.56,12.246123519999996
3.3600000000000003,-0.56,11.138053119999997
3.4400000000000004,-0.56,10.613969919999999
3.5200000000000005,-0.56,10.71565312
3.6000000000000005,-0.56,11.485864960000008
3.6799999999999997,-0.56,12.968350719999988
3.76,-0.56,15.207838719999993
3.84,-0.56,18.250040319999997
3.92,-0.56,22.141649919999985
4.0,-0.56,26.930344959999996
-4.0,-0.48,136.41468416
-3.92,-0.48,129.37165312
-3.84,-0.48,123.22775552
-3.76,-0.48,117.93531392
-3.68,-0.48,113.44763392
-3.6,-0.48,109.71900416
-3.52,-0.48,106.70469632
-3.44,-0.48,104.36096512
-3.36,-0.48,102.64504832
-3.2800000000000002,-0.48,101.51516672
-3.2,-0.48,100.93052415999999
-3.12,-0.48,100.85130751999999
-3.04,-0.48,101.23868672
-2.96,-0.48,102.05481472
-2.88,-0.48,103.26282752
-2.8,-0.48,104.82684416
-2.7199999999999998,-0.48,106.71196672
-2.6399999999999997,-0.48,108.88428032
-2.56,-0.48,111.31085311999999
-2.48,-0.48,113.95973632000002
-2.4,-0.48,116.79996416
-2.3200000000000003,-0.48,119.80155392
-2.24,-0.48,122.93550592
-2.16,-0.48,126.17380352
-2.08,-0.48,129.48941312
-2.0,-0.48,132.85628416000003
-1.92,-0.48,136.24934912
-1.8399999999999999,-0.48,139.64452352
-1.7599999999999998,-0.48,143.01870592
-1.6800000000000002,-0.48,146.34977791999998
-1.6,-0.48,149.61660416
-1.52,-0.48,152.79903231999998
-1.44,-0.48,155.87789312
-1.3599999999999999,-0.48,158.83500032
-1.2799999999999998,-0.48,161.65315071999999
-1.1999999999999997,-0.48,164.31612416000002
-1.12,-0.48,166.80868352
-1.04,-0.48,169.11657472000002
-0.96,-0.48,171.22652672
-0.8799999999999999,-0.48,173.12625152
-0.7999999999999998,-0.48,174.80444416
-0.7199999999999998,-0.48,176.25078272000002
-0.6400000000000001,-0.48,177.45592832
-0.56,-0.48,178.41152512
-0.48,-0.48,179.11020032
-0.3999999999999999,-0.48,179.54556416000003
-0.31999999999999984,-0.48,179.71220991999996
-0.23999999999999977,-0.48,179.60571392
-0.16000000000000014,-0.48,179.22263551999998
-0.08000000000000007,-0.48,178.56051712
0.0,-0.48,177.61788416000002
0.08000000000000007,-0.48,176.39424512
0.16000000000000014,-0.48,174.89009151999997
0.2400000000000002,-0.48,173.10689792
0.3200000000000003,-0.48,171.04712192
0.40000000000000036,-0.48,168.71420416
0.4800000000000004,-0.48,166.11256831999998
0.5600000000000005,-0.48,163.24762112
0.6399999999999997,-0.48,160.12575232
0.7199999999999998,-0.48,156.75433472
0.7999999999999998,-0.48,153.14172416
0.8799999999999999,-0.48,149.29725952
0.96,-0.48,145.23126272000002
1.04,-0.48,140.95503872
1.12,-0.48,136.48087551999998
1.2000000000000002,-0.48,131.82204415999996
1.2800000000000002,-0.48,126.99279871999998
1.3600000000000003,-0.48,122.00837631999998
1.4400000000000004,-0.48,116.88499711999995
1.5200000000000005,-0.48,111.63986431999997
1.6000000000000005,-0.48,106.29116415999997
1.6799999999999997,-0.48,100.85806592000002
1.7599999999999998,-0.48,95.36072192000002
1.8399999999999999,-0.48,89.82026752000002
1.92,-0.48,84.25882112
2.0,-0.48,78.69948416000001
2.08,-0.48,73.16634111999998
2.16,-0.48,67.68445951999999
2.24,-0.48,62.27988991999999
2.3200000000000003,-0.48,56.97966591999998
2.4000000000000004,-0.48,51.811804159999994
2.4800000000000004,-0.48,46.805304319999976
2.5600000000000005,-0.48,41.99014911999998
2.6400000000000006,-0.48,37.397304319999975
2.7199999999999998,-0.48,33.058718720000016
2.8,-0.48,29.007324160000007
2.88,-0.48,25.277035520000005
2.96,-0.48,21.902750720000007
3.04,-0.48,18.920350720000002
3.12,-0.48,16.366699519999997
3.2,-0.48,14.279644159999995
3.2800000000000002,-0.48,12.698014719999998
3.3600000000000003,-0.48,11.661624319999998
3.4400000000000004,-0.48,11.21126912
3.5200000000000005,-0.48,11.388728320000004
3.6000000000000005,-0.48,12.23676416000001
3.6799999999999997,-0.48,13.799121919999987
3.76,-0.48,16.120529919999996
3.84,-0.48,19.246699519999993
3.92,-0.48,23.224325119999985
4.0,-0.48,28.101084159999992
-4.0,-0.3999999999999999,138.66559999999998
-3.92,-0.3999999999999999,131.50992895999997
-3.84,-0.3999999999999999,125.25543936
-3.76,-0.3999999999999999,119.85445376
-3.68,-0.3999999999999999,115.26027776
-3.6,-0.3999999999999999,111.42720000000003
-3.52,-0.3999999999999999,108.31049215999998
-3.44,-0.3999999999999999,105.86640896000003
-3.36,-0.3999999999999999,104.05218815999999
-3.2800000000000002,-0.3999999999999999,102.82605056000001
-3.2,-0.3999999999999999,102.14719999999997
-3.12,-0.3999999999999999,101.97582336
-3.04,-0.3999999999999999,102.27309055999997
-2.96,-0.3999999999999999,103.00115456000003
-2.88,-0.3999999999999999,104.12315135999998
-2.8,-0.3999999999999999,105.60320000000002
-2.7199999999999998,-0.3999999999999999,107.40640255999999
-2.6399999999999997,-0.3999999999999999,109.49884416000003
-2.56,-0.3999999999999999,111.84759296000001
-2.48,-0.3999999999999999,114.42070016
-2.4,-0.3999999999999999,117.1872
-2.3200000000000003,-0.3999999999999999,120.11710975999998
-2.24,-0.3999999999999999,123.18142975999999
-2.16,-0.3999999999999999,126.35214335999999
-2.08,-0.3999999999999999,129.60221696
-2.0,-0.3999999999999999,132.9056
-1.92,-0.3999999999999999,136.23722496
-1.8399999999999999,-0.3999999999999999,139.57300736000002
-1.7599999999999998,-0.3999999999999999,142.88984576000001
-1.6800000000000002,-0.3999999999999999,146.16562176
-1.6,-0.3999999999999999,149.3792
-1.52,-0.3999999999999999,152.51042816
-1.44,-0.3999999999999999,155.54013695999998
-1.3599999999999999,-0.3999999999999999,158.45014016
-1.2799999999999998,-0.3999999999999999,161.22323456
-1.1999999999999997,-0.3999999999999999,163.8432
-1.12,-0.3999999999999999,166.29479936
-1.04,-0.3999999999999999,168.56377856
-0.96,-0.3999999999999999,170.63686656000002
-0.8799999999999999,-0.3999999999999999,172.50177536
-0.7999999999999998,-0.3999999999999999,174.1472
-0.7199999999999998,-0.3999999999999999,175.56281856
-0.6400000000000001,-0.3999999999999999,176.73929216
-0.56,-0.3999999999999999,177.66826496
-0.48,-0.3999999999999999,178.34236416
-0.3999999999999999,-0.3999999999999999,178.7552
-0.31999999999999984,-0.3999999999999999,178.90136575999998
-0.23999999999999977,-0.3999999999999999,178.77643776000002
-0.16000000000000014,-0.3999999999999999,178.37697536
-0.08000000000000007,-0.3999999999999999,177.70052096
0.0,-0.3999999999999999,176.7456
0.08000000000000007,-0.3999999999999999,175.51172096
0.16000000000000014,-0.3999999999999999,173.99937536
0.2400000000000002,-0.3999999999999999,172.21003776
0.3200000000000003,-0.3999999999999999,170.14616575999997
0.40000000000000036,-0.3999999999999999,167.81119999999999
0.4800000000000004,-0.3999999999999999,165.20956415999996
0.5600000000000005,-0.3999999999999999,162.34666495999997
0.6399999999999997,-0.3999999999999999,159.22889216000002
0.7199999999999998,-0.3999999999999999,155.86361856000002
0.7999999999999998,-0.3999999999999999,152.2592
0.8799999999999999,-0.3999999999999999,148.42497536000002
0.96,-0.3999999999999999,144.37126656
1.04,-0.3999999999999999,140.10937856
1.12,-0.3999999999999999,135.65159936
1.2000000000000002,-0.3999999999999999,131.01119999999997
1.2800000000000002,-0.3999999999999999,126.20243456
1.3600000000000003,-0.3999999999999999,121.24054016
1.4400000000000004,-0.3999999999999999,116.14173695999999
1.5200000000000005,-0.3999999999999999,110.92322815999998
1.6000000000000005,-0.3999999999999999,105.60319999999996
1.6799999999999997,-0.3999999999999999,100.20082176000001
1.7599999999999998,-0.3999999999999999,94.73624576
1.8399999999999999,-0.3999999999999999,89.23060736000001
1.92,-0.3999999999999999,83.70602496
2.0,-0.3999999999999999,78.18560000000001
2.08,-0.3999999999999999,72.69341695999998
2.16,-0.3999999999999999,67.25454335999999
2.24,-0.3999999999999999,61.89502975999998
2.3200000000000003,-0.3999999999999999,56.641909759999976
2.4000000000000004,-0.3999999999999999,51.52319999999998
2.4800000000000004,-0.3999999999999999,46.567900159999965
2.5600000000000005,-0.3999999999999999,41.80599295999997
2.6400000000000006,-0.3999999999999999,37.268444159999966
2.7199999999999998,-0.3999999999999999,32.987202560000014
2.8,-0.3999999999999999,28.995200000000004
2.88,-0.3999999999999999,25.326351360000004
2.96,-0.3999999999999999,22.015554560000005
3.04,-0.3999999999999999,19.09869056
3.12,-0.3999999999999999,16.612623359999997
3.2,-0.3999999999999999,14.595199999999993
3.2800000000000002,-0.3999999999999999,13.085250559999995
3.3600000000000003,-0.3999999999999999,12.122588159999996
3.4400000000000004,-0.3999999999999999,11.748008959999998
3.5200000000000005,-0.3999999999999999,12.00329216
3.6000000000000005,-0.3999999999999999,12.931200000000008
3.6799999999999997,-0.3999999999999999,14.575477759999988
3.76,-0.3999999999999999,16.98085375999999
3.84,-0.3999999999999999,20.193039359999993
3.92,-0.3999999999999999,24.258728959999985
4.0,-0.3999999999999999,29.225599999999996
-4.0,-0.31999999999999984,140.66008576000002
-3.92,-0.31999999999999984,133.39382272
-3.84,-0.31999999999999984,127.03078912000001
-3.76,-0.31999999999999984,121.52330752
-3.68,-0.31999999999999984,116.82468352000001
-3.6,-0.31999999999999984,112.88920576000001
-3.52,-0.31999999999999984,109.67214592
-3.44,-0.31999999999999984,107.12975872
-3.36,-0.31999999999999984,105.21928192
-3.2800000000000002,-0.31999999999999984,103.89893632
-3.2,-0.31999999999999984,103.12792576
-3.12,-0.31999999999999984,102.86643712
-3.04,-0.31999999999999984,103.07564031999999
-2.96,-0.31999999999999984,103.71768832000001
-2.88,-0.31999999999999984,104.75571712
-2.8,-0.31999999999999984,106.15384576
-2.7199999999999998,-0.31999999999999984,107.87717632
-2.6399999999999997,-0.31999999999999984,109.89179392000001
-2.56,-0.31999999999999984,112.16476671999999
-2.48,-0.31999999999999984,114.66414592000001
-2.4,-0.31999999999999984,117.35896575999999
-2.3200000000000003,-0.31999999999999984,120.21924351999999
-2.24,-0.31999999999999984,123.21597952
-2.16,-0.31999999999999984,126.32115712000001
-2.08,-0.31999999999999984,129.50774272
-2.0,-0.31999999999999984,132.74968576000003
-1.92,-0.31999999999999984,136.02191872
-1.8399999999999999,-0.31999999999999984,139.30035712
-1.7599999999999998,-0.31999999999999984,142.56189952
-1.6800000000000002,-0.31999999999999984,145.78442751999998
-1.6,-0.31999999999999984,148.94680576000002
-1.52,-0.31999999999999984,152.02888191999998
-1.44,-0.31999999999999984,155.01148672
-1.3599999999999999,-0.31999999999999984,157.87643392
-1.2799999999999998,-0.31999999999999984,160.60652032
-1.1999999999999997,-0.31999999999999984,163.18552576000002
-1.12,-0.31999999999999984,165.59821311999997
-1.04,-0.31999999999999984,167.83032832
-0.96,-0.31999999999999984,169.86860031999998
-0.8799999999999999,-0.31999999999999984,171.70074112
-0.7999999999999998,-0.31999999999999984,173.31544576
-0.7199999999999998,-0.31999999999999984,174.70239232
-0.6400000000000001,-0.31999999999999984,175.85224191999998
-0.56,-0.31999999999999984,176.75663872
-0.48,-0.31999999999999984,177.40820992
-0.3999999999999999,-0.31999999999999984,177.80056576
-0.31999999999999984,-0.31999999999999984,177.92829952
-0.23999999999999977,-0.31999999999999984,177.78698751999997
-0.16000000000000014,-0.31999999999999984,177.37318912
-0.08000000000000007,-0.31999999999999984,176.68444671999998
0.0,-0.31999999999999984,175.71928576
0.08000000000000007,-0.31999999999999984,174.47721471999998
0.16000000000000014,-0.31999999999999984,172.95872512
0.2400000000000002,-0.31999999999999984,171.16529151999998
0.3200000000000003,-0.31999999999999984,169.09937151999998
0.40000000000000036,-0.31999999999999984,166.76440576
0.4800000000000004,-0.31999999999999984,164.16481791999996
0.5600000000000005,-0.31999999999999984,161.30601471999998
0.6399999999999997,-0.31999999999999984,158.19438592000003
0.7199999999999998,-0.31999999999999984,154.83730432000002
0.7999999999999998,-0.31999999999999984,151.24312576
0.8799999999999999,-0.31999999999999984,147.42118912
0.96,-0.31999999999999984,143.38181631999998
1.04,-0.31999999999999984,139.13631232
1.12,-0.31999999999999984,134.69696512
1.2000000000000002,-0.31999999999999984,130.07704575999998
1.2800000000000002,-0.31999999999999984,125.29080831999998
1.3600000000000003,-0.31999999999999984,120.35348991999999
1.4400000000000004,-0.31999999999999984,115.28131071999995
1.5200000000000005,-0.31999999999999984,110.09147391999997
1.6000000000000005,-0.31999999999999984,104.80216575999997
1.6799999999999997,-0.31999999999999984,99.43255552000001
1.7599999999999998,-0.31999999999999984,94.00279552
1.8399999999999999,-0.31999999999999984,88.53402112
1.92,-0.31999999999999984,83.04835072
2.0,-0.31999999999999984,77.56888576000001
2.08,-0.31999999999999984,72.11971072
2.16,-0.31999999999999984,66.72589312
2.24,-0.31999999999999984,61.413483519999986
2.3200000000000003,-0.31999999999999984,56.209515519999975
2.4000000000000004,-0.31999999999999984,51.14200575999999
2.4800000000000004,-0.31999999999999984,46.23995391999998
2.5600000000000005,-0.31999999999999984,41.53334271999998
2.6400000000000006,-0.31999999999999984,37.05313791999997
2.7199999999999998,-0.31999999999999984,32.83128832000001
2.8,-0.31999999999999984,28.90072576
2.88,-0.31999999999999984,25.295365120000003
2.96,-0.31999999999999984,22.050104320000006
3.04,-0.31999999999999984,19.200824320000002
3.12,-0.31999999999999984,16.78438912
3.2,-0.31999999999999984,14.838645759999995
3.2800000000000002,-0.31999999999999984,13.402424319999998
3.3600000000000003,-0.31999999999999984,12.51553792
3.4400000000000004,-0.31999999999999984,12.21878272
3.5200000000000005,-0.31999999999999984,12.553937920000005
3.6000000000000005,-0.31999999999999984,13.56376576000001
3.6799999999999997,-0.31999999999999984,15.292011519999988
3.76,-0.31999999999999984,17.783403519999997
3.84,-0.31999999999999984,21.083653119999997
3.92,-0.31999999999999984,25.239454719999987
4.0,-0.31999999999999984,30.298485759999995
-4.0,-0.23999999999999977,142.39371776
-3.92,-0.23999999999999977,135.01891072
-3.84,-0.23999999999999977,128.54938111999996
-3.76,-0.23999999999999977,122.93745152000001
-3.68,-0.23999999999999977,118.13642752000003
-3.6,-0.23999999999999977,114.10059776000001
-3.52,-0.23999999999999977,110.78523392000001
-3.44,-0.23999999999999977,108.14659072
-3.36,-0.23999999999999977,106.14190592000001
-3.2800000000000002,-0.23999999999999977,104.72940032000001
-3.2,-0.23999999999999977,103.86827776000001
-3.12,-0.23999999999999977,103.51872512
-3.04,-0.23999999999999977,103.64191232
-2.96,-0.23999999999999977,104.19999232
-2.88,-0.23999999999999977,105.15610112
-2.8,-0.23999999999999977,106.47435776
-2.7199999999999998,-0.23999999999999977,108.11986432
-2.6399999999999997,-0.23999999999999977,110.05870592000001
-2.56,-0.23999999999999977,112.25795072
-2.48,-0.23999999999999977,114.68564991999997
-2.4,-0.23999999999999977,117.31083776
-2.3200000000000003,-0.23999999999999977,120.10353151999996
-2.24,-0.23999999999999977,123.03473152000001
-2.16,-0.23999999999999977,126.07642111999998
-2.08,-0.23999999999999977,129.20156672000002
-2.0,-0.23999999999999977,132.38411775999998
-1.92,-0.23999999999999977,135.59900672
-1.8399999999999999,-0.23999999999999977,138.82214911999998
-1.7599999999999998,-0.23999999999999977,142.03044352
-1.6800000000000002,-0.23999999999999977,145.20177152000002
-1.6,-0.23999999999999977,148.31499776
-1.52,-0.23999999999999977,151.34996992000004
-1.44,-0.23999999999999977,154.28751871999998
-1.3599999999999999,-0.23999999999999977,157.10945792
-1.2799999999999998,-0.23999999999999977,159.79858432000003
-1.1999999999999997,-0.23999999999999977,162.33867776000002
-1.12,-0.23999999999999977,164.71450112
-1.04,-0.23999999999999977,166.91180032
-0.96,-0.23999999999999977,168.91730432000003
-0.8799999999999999,-0.23999999999999977,170.71872512000002
-0.7999999999999998,-0.23999999999999977,172.30475776
-0.7199999999999998,-0.23999999999999977,173.66508032000002
-0.6400000000000001,-0.23999999999999977,174.79035391999997
-0.56,-0.23999999999999977,175.67222271999998
-0.48,-0.23999999999999977,176.30331391999997
-0.3999999999999999,-0.23999999999999977,176.67723776
-0.31999999999999984,-0.23999999999999977,176.78858751999996
-0.23999999999999977,-0.23999999999999977,176.63293951999998
-0.16000000000000014,-0.23999999999999977,176.20685312
-0.08000000000000007,-0.23999999999999977,175.50787071999997
0.0,-0.23999999999999977,174.53451776000003
0.08000000000000007,-0.23999999999999977,173.28630271999998
0.16000000000000014,-0.23999999999999977,171.76371711999997
0.2400000000000002,-0.23999999999999977,169.96823552
0.3200000000000003,-0.23999999999999977,167.90231551999997
0.40000000000000036,-0.23999999999999977,165.56939776000002
0.4800000000000004,-0.23999999999999977,162.97390591999996
0.5600000000000005,-0.23999999999999977,160.12124672
0.6399999999999997,-0.23999999999999977,157.01780992000002
0.7199999999999998,-0.23999999999999977,153.67096832000001
0.7999999999999998,-0.23999999999999977,150.08907776
0.8799999999999999,-0.23999999999999977,146.28147712
0.96,-0.23999999999999977,142.25848832000003
1.04,-0.23999999999999977,138.03141632
1.12,-0.23999999999999977,133.61254911999998
1.2000000000000002,-0.23999999999999977,129.01515775999997
1.2800000000000002,-0.23999999999999977,124.25349631999998
1.3600000000000003,-0.23999999999999977,119.34280191999999
1.4400000000000004,-0.23999999999999977,114.29929471999998
1.5200000000000005,-0.23999999999999977,109.14017791999997
1.6000000000000005,-0.23999999999999977,103.88363775999997
1.6799999999999997,-0.23999999999999977,98.54884352
1.7599999999999998,-0.23999999999999977,93.15594752000001
1.8399999999999999,-0.23999999999999977,87.72608512
1.92,-0.23999999999999977,82.28137472
2.0,-0.23999999999999977,76.84491776
2.08,-0.23999999999999977,71.44079871999999
2.16,-0.23999999999999977,66.09408511999999
2.24,-0.23999999999999977,60.830827519999985
2.3200000000000003,-0.23999999999999977,55.67805951999998
2.4000000000000004,-0.23999999999999977,50.66379775999998
2.4800000000000004,-0.23999999999999977,45.817041919999966
2.5600000000000005,-0.23999999999999977,41.16777471999997
2.6400000000000006,-0.23999999999999977,36.74696191999997
2.7199999999999998,-0.23999999999999977,32.58655232000001
2.8,-0.23999999999999977,28.719477760000004
2.88,-0.23999999999999977,25.179653120000005
2.96,-0.23999999999999977,22.001976320000004
3.04,-0.23999999999999977,19.222328320000003
3.12,-0.23999999999999977,16.877573119999997
3.2,-0.23999999999999977,15.005557759999997
3.2800000000000002,-0.23999999999999977,13.645112319999997
3.3600000000000003,-0.23999999999999977,12.836049919999999
3.4400000000000004,-0.23999999999999977,12.61916672
3.5200000000000005,-0.23999999999999977,13.036241920000004
3.6000000000000005,-0.23999999999999977,14.130037760000011
3.6799999999999997,-0.23999999999999977,15.944299519999987
3.76,-0.23999999999999977,18.523755519999995
3.84,-0.23999999999999977,21.914117119999997
3.92,-0.23999999999999977,26.16207871999999
4.0,-0.23999999999999977,31.31531776
-4.0,-0.16000000000000014,143.86305535999998
-3.92,-0.16000000000000014,136.38175232
-3.84,-0.16000000000000014,129.80777471999997
-3.76,-0.16000000000000014,124.09344512000001
-3.68,-0.16000000000000014,119.19206912000001
-3.6,-0.16000000000000014,115.05793536000003
-3.52,-0.16000000000000014,111.64631552000002
-3.44,-0.16000000000000014,108.91346432000002
-3.36,-0.16000000000000014,106.81661952
-3.2800000000000002,-0.16000000000000014,105.31400192000001
-3.2,-0.16000000000000014,104.36481536000001
-3.12,-0.16000000000000014,103.92924672000001
-3.04,-0.16000000000000014,103.96846592
-2.96,-0.16000000000000014,104.44462592
-2.88,-0.16000000000000014,105.32086272000001
-2.8,-0.16000000000000014,106.56129536
-2.7199999999999998,-0.16000000000000014,108.13102592000001
-2.6399999999999997,-0.16000000000000014,109.99613952000001
-2.56,-0.16000000000000014,112.12370432
-2.48,-0.16000000000000014,114.48177152
-2.4,-0.16000000000000014,117.03937536000001
-2.3200000000000003,-0.16000000000000014,119.76653311999999
-2.24,-0.16000000000000014,122.63424512000002
-2.16,-0.16000000000000014,125.61449471999998
-2.08,-0.16000000000000014,128.68024832000003
-2.0,-0.16000000000000014,131.80545536
-1.92,-0.16000000000000014,134.96504832
-1.8399999999999999,-0.16000000000000014,138.13494272
-1.7599999999999998,-0.16000000000000014,141.29203711999997
-1.6800000000000002,-0.16000000000000014,144.41421312
-1.6,-0.16000000000000014,147.48033536000003
-1.52,-0.16000000000000014,150.47025152000003
-1.44,-0.16000000000000014,153.36479232000005
-1.3599999999999999,-0.16000000000000014,156.14577152000004
-1.2799999999999998,-0.16000000000000014,158.79598592000002
-1.1999999999999997,-0.16000000000000014,161.29921536
-1.12,-0.16000000000000014,163.64022272
-1.04,-0.16000000000000014,165.80475392
-0.96,-0.16000000000000014,167.77953792000002
-0.8799999999999999,-0.16000000000000014,169.55228671999998
-0.7999999999999998,-0.16000000000000014,171.11169536
-0.7199999999999998,-0.16000000000000014,172.44744192000002
-0.6400000000000001,-0.16000000000000014,173.55018751999998
-0.56,-0.16000000000000014,174.41157632000002
-0.48,-0.16000000000000014,175.02423552000002
-0.3999999999999999,-0.16000000000000014,175.38177536
-0.31999999999999984,-0.16000000000000014,175.47878912000002
-0.23999999999999977,-0.16000000000000014,175.31085312
-0.16000000000000014,-0.16000000000000014,174.87452672
-0.08000000000000007,-0.16000000000000014,174.16735232000002
0.0,-0.16000000000000014,173.18785536000001
0.08000000000000007,-0.16000000000000014,171.93554432000002
0.16000000000000014,-0.16000000000000014,170.41091072
0.2400000000000002,-0.16000000000000014,168.61542912
0.3200000000000003,-0.16000000000000014,166.55155712
0.40000000000000036,-0.16000000000000014,164.22273536
0.4800000000000004,-0.16000000000000014,161.63338751999999
0.5600000000000005,-0.16000000000000014,158.78892032
0.6399999999999997,-0.16000000000000014,155.69572352000003
0.7199999999999998,-0.16000000000000014,152.36116992
0.7999999999999998,-0.16000000000000014,148.79361536
0.8799999999999999,-0.16000000000000014,145.00239872
0.96,-0.16000000000000014,140.99784192
1.04,-0.16000000000000014,136.79124992
1.12,-0.16000000000000014,132.39491071999998
1.2000000000000002,-0.16000000000000014,127.82209535999998
1.2800000000000002,-0.16000000000000014,123.08705791999998
1.3600000000000003,-0.16000000000000014,118.20503551999998
1.4400000000000004,-0.16000000000000014,113.19224831999999
1.5200000000000005,-0.16000000000000014,108.06589951999997
1.6000000000000005,-0.16000000000000014,102.84417535999997
1.6799999999999997,-0.16000000000000014,97.54624512000004
1.7599999999999998,-0.16000000000000014,92.19226112000001
1.8399999999999999,-0.16000000000000014,86.80335872000002
1.92,-0.16000000000000014,81.40165632
2.0,-0.16000000000000014,76.01025536
2.08,-0.16000000000000014,70.65324032
2.16,-0.16000000000000014,65.35567871999999
2.24,-0.16000000000000014,60.14362111999999
2.3200000000000003,-0.16000000000000014,55.044101119999986
2.4000000000000004,-0.16000000000000014,50.08513535999998
2.4800000000000004,-0.16000000000000014,45.29572351999998
2.5600000000000005,-0.16000000000000014,40.70584831999997
2.6400000000000006,-0.16000000000000014,36.34647551999997
2.7199999999999998,-0.16000000000000014,32.24955392000001
2.8,-0.16000000000000014,28.44801536000001
2.88,-0.16000000000000014,24.975774720000004
2.96,-0.16000000000000014,21.867729920000006
3.04,-0.16000000000000014,19.15976192
3.12,-0.16000000000000014,16.88873472
3.2,-0.16000000000000014,15.092495359999997
3.2800000000000002,-0.16000000000000014,13.809873919999998
3.3600000000000003,-0.16000000000000014,13.08068352
3.4400000000000004,-0.16000000000000014,12.945720320000001
3.5200000000000005,-0.16000000000000014,13.446763520000005
3.6000000000000005,-0.16000000000000014,14.626575360000011
3.6799999999999997,-0.16000000000000014,16.52890111999999
3.76,-0.16000000000000014,19.19846912
3.84,-0.16000000000000014,22.680990719999997
3.92,-0.16000000000000014,27.023160319999988
4.0,-0.16000000000000014,32.27265536
-4.0,-0.08000000000000007,145.06564096000002
-3.92,-0.08000000000000007,137.47988991999995
-3.84,-0.08000000000000007,130.80351232
-3.76,-0.08000000000000007,124.98883071999997
-3.68,-0.08000000000000007,119.98915072000001
-3.6,-0.08000000000000007,115.75876096000002
-3.52,-0.08000000000000007,112.25293312
-3.44,-0.08000000000000007,109.42792192
-3.36,-0.08000000000000007,107.24096512
-3.2800000000000002,-0.08000000000000007,105.65028352
-3.2,-0.08000000000000007,104.61508095999999
-3.12,-0.08000000000000007,104.09554431999999
-3.04,-0.08000000000000007,104.05284352
-2.96,-0.08000000000000007,104.44913152
-2.88,-0.08000000000000007,105.24754432
-2.8,-0.08000000000000007,106.41220095999999
-2.7199999999999998,-0.08000000000000007,107.90820352
-2.6399999999999997,-0.08000000000000007,109.70163712000002
-2.56,-0.08000000000000007,111.75956991999999
-2.48,-0.08000000000000007,114.05005311999999
-2.4,-0.08000000000000007,116.54212095999999
-2.3200000000000003,-0.08000000000000007,119.20579072000001
-2.24,-0.08000000000000007,122.01206271999999
-2.16,-0.08000000000000007,124.93292032000001
-2.08,-0.08000000000000007,127.94132991999999
-2.0,-0.08000000000000007,131.01124096
-1.92,-0.08000000000000007,134.11758592
-1.8399999999999999,-0.08000000000000007,137.23628032000002
-1.7599999999999998,-0.08000000000000007,140.34422272
-1.6800000000000002,-0.08000000000000007,143.41929472
-1.6,-0.08000000000000007,146.44036096
-1.52,-0.08000000000000007,149.38726912
-1.44,-0.08000000000000007,152.24084992000002
-1.3599999999999999,-0.08000000000000007,154.98291712
-1.2799999999999998,-0.08000000000000007,157.59626752000003
-1.1999999999999997,-0.08000000000000007,160.06468096
-1.12,-0.08000000000000007,162.37292032
-1.04,-0.08000000000000007,164.50673152000002
-0.96,-0.08000000000000007,166.45284352
-0.8799999999999999,-0.08000000000000007,168.19896832
-0.7999999999999998,-0.08000000000000007,169.73380096000002
-0.7199999999999998,-0.08000000000000007,171.04701952
-0.6400000000000001,-0.08000000000000007,172.12928512000002
-0.56,-0.08000000000000007,172.97224192000004
-0.48,-0.08000000000000007,173.56851712000002
-0.3999999999999999,-0.08000000000000007,173.91172096
-0.31999999999999984,-0.08000000000000007,173.99644672000002
-0.23999999999999977,-0.08000000000000007,173.81827072
-0.16000000000000014,-0.08000000000000007,173.37375232
-0.08000000000000007,-0.08000000000000007,172.66043392
0.0,-0.08000000000000007,171.67684096
0.08000000000000007,-0.08000000000000007,170.42248192
0.16000000000000014,-0.08000000000000007,168.89784831999998
0.2400000000000002,-0.08000000000000007,167.10441471999997
0.3200000000000003,-0.08000000000000007,165.04463872000002
0.40000000000000036,-0.08000000000000007,162.72196096
0.4800000000000004,-0.08000000000000007,160.14080511999995
0.5600000000000005,-0.08000000000000007,157.30657791999997
0.6399999999999997,-0.08000000000000007,154.22566912000002
0.7199999999999998,-0.08000000000000007,150.90545151999999
0.7999999999999998,-0.08000000000000007,147.35428096000004
0.8799999999999999,-0.08000000000000007,143.58149632
0.96,-0.08000000000000007,139.59741952000002
1.04,-0.08000000000000007,135.41335551999998
1.12,-0.08000000000000007,131.04159232
1.2000000000000002,-0.08000000000000007,126.49540096000001
1.2800000000000002,-0.08000000000000007,121.78903551999998
1.3600000000000003,-0.08000000000000007,116.93773311999999
1.4400000000000004,-0.08000000000000007,111.95771391999999
1.5200000000000005,-0.08000000000000007,106.86618111999996
1.6000000000000005,-0.08000000000000007,101.68132095999995
1.6799999999999997,-0.08000000000000007,96.42230272
1.7599999999999998,-0.08000000000000007,91.10927872
1.8399999999999999,-0.08000000000000007,85.76338432000001
1.92,-0.08000000000000007,80.40673792
2.0,-0.08000000000000007,75.06244096
2.08,-0.08000000000000007,69.75457791999999
2.16,-0.08000000000000007,64.50821632
2.24,-0.08000000000000007,59.34940671999999
2.3200000000000003,-0.08000000000000007,54.30518271999998
2.4000000000000004,-0.08000000000000007,49.40356095999998
2.4800000000000004,-0.08000000000000007,44.673541119999975
2.5600000000000005,-0.08000000000000007,40.14510591999996
2.6400000000000006,-0.08000000000000007,35.84922111999997
2.7199999999999998,-0.08000000000000007,31.81783552000001
2.8,-0.08000000000000007,28.08388096000001
2.88,-0.08000000000000007,24.68127232
2.96,-0.08000000000000007,21.64490752
3.04,-0.08000000000000007,19.01066752
3.12,-0.08000000000000007,16.815416319999997
3.2,-0.08000000000000007,15.097000959999994
3.2800000000000002,-0.08000000000000007,13.894251519999996
3.3600000000000003,-0.08000000000000007,13.246981119999997
3.4400000000000004,-0.08000000000000007,13.195985919999998
3.5200000000000005,-0.08000000000000007,13.783045120000004
3.6000000000000005,-0.08000000000000007,15.050920960000012
3.6799999999999997,-0.08000000000000007,17.043358719999986
3.76,-0.08000000000000007,19.80508671999999
3.84,-0.08000000000000007,23.38181632
3.92,-0.08000000000000007,27.820241919999987
4.0,-0.08000000000000007,33.16804096
-4.0,0.0,146.0
-3.92,0.0,138.31184896
-3.84,0.0,131.53511936
-3.76,0.0,125.62213375999998
-3.68,0.0,120.52619776
-3.6,0.0,116.2016
-3.52,0.0,112.60361215999998
-3.44,0.0,109.68848895999999
-3.36,0.0,107.41346815999998
-3.2800000000000002,0.0,105.73677056000002
-3.2,0.0,104.6176
-3.12,0.0,104.01614336000002
-3.04,0.0,103.89357055999997
-2.96,0.0,104.21203456000002
-2.88,0.0,104.93467135999998
-2.8,0.0,106.02560000000003
-2.7199999999999998,0.0,107.44992255999999
-2.6399999999999997,0.0,109.17372416000002
-2.56,0.0,111.16407296
-2.48,0.0,113.38902016
-2.4,0.0,115.81760000000001
-2.3200000000000003,0.0,118.41982976
-2.24,0.0,121.16670975999999
-2.16,0.0,124.03022336000001
-2.08,0.0,126.98333695999999
-2.0,0.0,130.0
-1.92,0.0,133.05514496
-1.8399999999999999,0.0,136.12468736
-1.7599999999999998,0.0,139.18552576000002
-1.6800000000000002,0.0,142.21554176
-1.6,0.0,145.1936
-1.52,0.0,148.09954815999998
-1.44,0.0,150.91421696000003
-1.3599999999999999,0.0,153.61942016
-1.2799999999999998,0.0,156.19795456000003
-1.1999999999999997,0.0,158.6336
-1.12,0.0,160.91111936
-1.04,0.0,163.01625855999998
-0.96,0.0,164.93574656
-0.8799999999999999,0.0,166.65729536
-0.7999999999999998,0.0,168.16959999999997
-0.7199999999999998,0.0,169.46233856
-0.6400000000000001,0.0,170.52617216
-0.56,0.0,171.35274496000002
-0.48,0.0,171.93468416000002
-0.3999999999999999,0.0,172.2656
-0.31999999999999984,0.0,172.34008576000002
-0.23999999999999977,0.0,172.15371775999998
-0.16000000000000014,0.0,171.70305535999998
-0.08000000000000007,0.0,170.98564096
0.0,0.0,170.0
0.08000000000000007,0.0,168.74564096000003
0.16000000000000014,0.0,167.22305536
0.2400000000000002,0.0,165.43371775999998
0.3200000000000003,0.0,163.38008576000001
0.40000000000000036,0.0,161.0656
0.4800000000000004,0.0,158.49468415999996
0.5600000000000005,0.0,155.67274496
0.6399999999999997,0.0,152.60617216000003
0.7199999999999998,0.0,149.30233856
0.7999999999999998,0.0,145.7696
0.8799999999999999,0.0,142.01729536
0.96,0.0,138.05574656
1.04,0.0,133.89625856
1.12,0.0,129.55111935999997
1.2000000000000002,0.0,125.03359999999998
1.2800000000000002,0.0,120.35795455999997
1.3600000000000003,0.0,115.53942015999999
1.4400000000000004,0.0,110.59421695999998
1.5200000000000005,0.0,105.53954815999998
1.6000000000000005,0.0,100.39359999999996
1.6799999999999997,0.0,95.17554176000003
1.7599999999999998,0.0,89.90552576
1.8399999999999999,0.0,84.60468736000001
1.92,0.0,79.29514496
2.0,0.0,74.0
2.08,0.0,68.74333696
2.16,0.0,63.55022335999999
2.24,0.0,58.44670975999999
2.3200000000000003,0.0,53.45982975999998
2.4000000000000004,0.0,48.61759999999998
2.4800000000000004,0.0,43.949020159999975
2.5600000000000005,0.0,39.48407295999997
2.6400000000000006,0.0,35.25372415999997
2.7199999999999998,0.0,31.289922560000008
2.8,0.0,27.625600000000006
2.88,0.0,24.294671360000002
2.96,0.0,21.332034560000004
3.04,0.0,18.77357056
3.12,0.0,16.656143359999998
3.2,0.0,15.017599999999996
3.2800000000000002,0.0,13.896770559999997
3.3600000000000003,0.0,13.333468159999999
3.4400000000000004,0.0,13.36848896
3.5200000000000005,0.0,14.043612160000006
3.6000000000000005,0.0,15.401600000000014
3.6799999999999997,0.0,17.486197759999985
3.76,0.0,20.342133759999996
3.84,0.0,24.01511936
3.92,0.0,28.55184895999999
4.0,0.0,34.0
-4.0,0.08000000000000007,146.66564096000002
-3.92,0.08000000000000007,138.87713791999997
-3.84,0.08000000000000007,132.00210432
-3.76,0.08000000000000007,125.99286271999998
-3.68,0.08000000000000007,120.80271872000002
-3.6,0.08000000000000007,116.38596096000002
-3.52,0.08000000000000007,112.69786112
-3.44,0.08000000000000007,109.69467392
-3.36,0.08000000000000007,107.33363712
-3.2800000000000002,0.08000000000000007,105.57297152
-3.2,0.08000000000000007,104.37188096
-3.12,0.08000000000000007,103.69055232
-3.04,0.08000000000000007,103.49015552
-2.96,0.08000000000000007,103.73284351999999
-2.88,0.08000000000000007,104.38175232
-2.8,0.08000000000000007,105.40100095999999
-2.7199999999999998,0.08000000000000007,106.75569152
-2.6399999999999997,0.08000000000000007,108.41190912
-2.56,0.08000000000000007,110.33672191999999
-2.48,0.08000000000000007,112.49818111999998
-2.4,0.08000000000000007,114.86532095999999
-2.3200000000000003,0.08000000000000007,117.40815872
-2.24,0.08000000000000007,120.09769471999998
-2.16,0.08000000000000007,122.90591232
-2.08,0.08000000000000007,125.80577791999998
-2.0,0.08000000000000007,128.77124096000003
-1.92,0.08000000000000007,131.77723392000001
-1.8399999999999999,0.08000000000000007,134.79967232
-1.7599999999999998,0.08000000000000007,137.81545472000002
-1.6800000000000002,0.08000000000000007,140.80246272
-1.6,0.08000000000000007,143.73956096
-1.52,0.08000000000000007,146.60659712
-1.44,0.08000000000000007,149.38440192
-1.3599999999999999,0.08000000000000007,152.05478912
-1.2799999999999998,0.08000000000000007,154.60055552000003
-1.1999999999999997,0.08000000000000007,157.00548096
-1.12,0.08000000000000007,159.25432831999998
-1.04,0.08000000000000007,161.33284351999998
-0.96,0.08000000000000007,163.22775552
-0.8799999999999999,0.08000000000000007,164.92677632
-0.7999999999999998,0.08000000000000007,166.41860096000002
-0.7199999999999998,0.08000000000000007,167.69290752
-0.6400000000000001,0.08000000000000007,168.74035712000003
-0.56,0.08000000000000007,169.55259392000002
-0.48,0.08000000000000007,170.12224512
-0.3999999999999999,0.08000000000000007,170.44292095999998
-0.31999999999999984,0.08000000000000007,170.50921472000002
-0.23999999999999977,0.08000000000000007,170.31670272000002
-0.16000000000000014,0.08000000000000007,169.86194432
-0.08000000000000007,0.08000000000000007,169.14248192000002
0.0,0.08000000000000007,168.15684095999998
0.08000000000000007,0.08000000000000007,166.90452992000002
0.16000000000000014,0.08000000000000007,165.38604031999998
0.2400000000000002,0.08000000000000007,163.60284671999997
0.3200000000000003,0.08000000000000007,161.55740672000002
0.40000000000000036,0.08000000000000007,159.25316096
0.4800000000000004,0.08000000000000007,156.69453311999996
0.5600000000000005,0.08000000000000007,153.88692991999997
0.6399999999999997,0.08000000000000007,150.83674112
0.7199999999999998,0.08000000000000007,147.55133952
0.7999999999999998,0.08000000000000007,144.03908096000004
0.8799999999999999,0.08000000000000007,140.30930432
0.96,0.08000000000000007,136.37233152
1.04,0.08000000000000007,132.23946752
1.12,0.08000000000000007,127.92300031999999
1.2000000000000002,0.08000000000000007,123.43620096000001
1.2800000000000002,0.08000000000000007,118.79332351999997
1.3600000000000003,0.08000000000000007,114.00960511999999
1.4400000000000004,0.08000000000000007,109.10126591999997
1.5200000000000005,0.08000000000000007,104.08550911999997
1.6000000000000005,0.08000000000000007,98.98052095999995
1.6799999999999997,0.08000000000000007,93.80547072
1.7599999999999998,0.08000000000000007,88.58051072
1.8399999999999999,0.08000000000000007,83.32677632000001
1.92,0.08000000000000007,78.06638592
2.0,0.08000000000000007,72.82244096
2.08,0.08000000000000007,67.61902591999998
2.16,0.08000000000000007,62.48120831999999
2.24,0.08000000000000007,57.43503871999999
2.3200000000000003,0.08000000000000007,52.50755071999998
2.4000000000000004,0.08000000000000007,47.72676095999998
2.4800000000000004,0.08000000000000007,43.12166911999998
2.5600000000000005,0.08000000000000007,38.72225791999996
2.6400000000000006,0.08000000000000007,34.55949311999996
2.7199999999999998,0.08000000000000007,30.66532352000001
2.8,0.08000000000000007,27.072680960000007
2.88,0.08000000000000007,23.815480320000002
2.96,0.08000000000000007,20.928619519999998
3.04,0.08000000000000007,18.447979519999997
3.12,0.08000000000000007,16.410424319999997
3.2,0.08000000000000007,14.853800959999994
3.2800000000000002,0.08000000000000007,13.816939519999996
3.3600000000000003,0.08000000000000007,13.339653119999998
3.4400000000000004,0.08000000000000007,13.46273792
3.5200000000000005,0.08000000000000007,14.227973120000005
3.6000000000000005,0.08000000000000007,15.678120960000015
3.6799999999999997,0.08000000000000007,17.856926719999986
3.76,0.08000000000000007,20.809118719999994
3.84,0.08000000000000007,24.580408319999997
3.92,0.08000000000000007,29.217489919999988
4.0,0.08000000000000007,34.76804095999998
-4.0,0.16000000000000014,147.06305536
-3.92,0.16000000000000014,139.17624832
-3.84,0.16000000000000014,132.20495871999998
-3.76,0.16000000000000014,126.10150912000002
-3.68,0.16000000000000014,120.81920512000002
-3.6,0.16000000000000014,116.31233536000002
-3.52,0.16000000000000014,112.53617152000001
-3.44,0.16000000000000014,109.44696832000001
-3.36,0.16000000000000014,107.00196352
-3.2800000000000002,0.16000000000000014,105.15937792000001
-3.2,0.16000000000000014,103.87841536
-3.12,0.16000000000000014,103.11926272000001
-3.04,0.16000000000000014,102.84308992
-2.96,0.16000000000000014,103.01204992
-2.88,0.16000000000000014,103.58927872000001
-2.8,0.16000000000000014,104.53889536
-2.7199999999999998,0.16000000000000014,105.82600192000001
-2.6399999999999997,0.16000000000000014,107.41668352
-2.56,0.16000000000000014,109.27800832
-2.48,0.16000000000000014,111.37802751999999
-2.4,0.16000000000000014,113.68577536
-2.3200000000000003,0.16000000000000014,116.17126911999998
-2.24,0.16000000000000014,118.80550912000001
-2.16,0.16000000000000014,121.56047871999999
-2.08,0.16000000000000014,124.40914432000002
-2.0,0.16000000000000014,127.32545535999998
-1.92,0.16000000000000014,130.28434431999997
-1.8399999999999999,0.16000000000000014,133.26172671999998
-1.7599999999999998,0.16000000000000014,136.23450112
-1.6800000000000002,0.16000000000000014,139.18054912000002
-1.6,0.16000000000000014,142.07873536
-1.52,0.16000000000000014,144.90890752
-1.44,0.16000000000000014,147.65189632000005
-1.3599999999999999,0.16000000000000014,150.28951552
-1.2799999999999998,0.16000000000000014,152.80456192000003
-1.1999999999999997,0.16000000000000014,155.18081536000003
-1.12,0.16000000000000014,157.40303871999998
-1.04,0.16000000000000014,159.45697791999999
-0.96,0.16000000000000014,161.32936192
-0.8799999999999999,0.16000000000000014,163.00790272
-0.7999999999999998,0.16000000000000014,164.48129536
-0.7199999999999998,0.16000000000000014,165.73921792
-0.6400000000000001,0.16000000000000014,166.77233151999997
-0.56,0.16000000000000014,167.57228032
-0.48,0.16000000000000014,168.13169152
-0.3999999999999999,0.16000000000000014,168.44417535999997
-0.31999999999999984,0.16000000000000014,168.50432512
-0.23999999999999977,0.16000000000000014,168.30771711999998
-0.16000000000000014,0.16000000000000014,167.85091072
-0.08000000000000007,0.16000000000000014,167.13144832
0.0,0.16000000000000014,166.14785536
0.08000000000000007,0.16000000000000014,164.89964032
0.16000000000000014,0.16000000000000014,163.38729472
0.2400000000000002,0.16000000000000014,161.61229311999998
0.3200000000000003,0.16000000000000014,159.57709312
0.40000000000000036,0.16000000000000014,157.28513536
0.4800000000000004,0.16000000000000014,154.74084352
0.5600000000000005,0.16000000000000014,151.94962431999997
0.6399999999999997,0.16000000000000014,148.91786752000002
0.7199999999999998,0.16000000000000014,145.65294592
0.7999999999999998,0.16000000000000014,142.16321535999998
0.8799999999999999,0.16000000000000014,138.45801472
0.96,0.16000000000000014,134.54766592
1.04,0.16000000000000014,130.44347392
1.12,0.16000000000000014,126.15772672
1.2000000000000002,0.16000000000000014,121.70369535999997
1.2800000000000002,0.16000000000000014,117.09563391999998
1.3600000000000003,0.16000000000000014,112.34877951999998
1.4400000000000004,0.16000000000000014,107.47935231999998
1.5200000000000005,0.16000000000000014,102.50455551999997
1.6000000000000005,0.16000000000000014,97.44257535999996
1.6799999999999997,0.16000000000000014,92.31258112000002
1.7599999999999998,0.16000000000000014,87.13472512000001
1.8399999999999999,0.16000000000000014,81.93014272
1.92,0.16000000000000014,76.72095232000001
2.0,0.16000000000000014,71.53025536
2.08,0.16000000000000014,66.38213632
2.16,0.16000000000000014,61.301662719999996
2.24,0.16000000000000014,56.314885119999985
2.3200000000000003,0.16000000000000014,51.44883711999998
2.4000000000000004,0.16000000000000014,46.73153535999998
2.4800000000000004,0.16000000000000014,42.191979519999975
2.5600000000000005,0.16000000000000014,37.86015231999997
2.6400000000000006,0.16000000000000014,33.76701951999997
2.7199999999999998,0.16000000000000014,29.944529920000015
2.8,0.16000000000000014,26.42561536000001
2.88,0.16000000000000014,23.244190720000002
2.96,0.16000000000000014,20.435153920000005
3.04,0.16000000000000014,18.03438592
3.12,0.16000000000000014,16.07875072
3.2,0.16000000000000014,14.606095359999998
3.2800000000000002,0.16000000000000014,13.65524992
3.3600000000000003,0.16000000000000014,13.266027520000002
3.4400000000000004,0.16000000000000014,13.479224320000004
3.5200000000000005,0.16000000000000014,14.336619520000008
3.6000000000000005,0.16000000000000014,15.880975360000015
3.6799999999999997,0.16000000000000014,18.156037119999986
3.76,0.16000000000000014,21.206533119999996
3.84,0.16000000000000014,25.07817472
3.92,0.16000000000000014,29.81765631999999
4.0,0.16000000000000014,35.472655360000005
-4.0,0.2400000000000002,147.19371776
-3.92,0.2400000000000002,139.21065471999998
-3.84,0.2400000000000002,132.14515711999996
-3.76,0.2400000000000002,125.94954751999997
-3.68,0.2400000000000002,120.57713151999998
-3.6,0.2400000000000002,115.98219776000002
-3.52,0.2400000000000002,112.12001791999997
-3.44,0.2400000000000002,108.94684672000001
-3.36,0.2400000000000002,106.41992191999996
-3.2800000000000002,0.2400000000000002,104.49746432
-3.2,0.2400000000000002,103.13867776000001
-3.12,0.2400000000000002,102.30374912
-3.04,0.2400000000000002,101.95384832
-2.96,0.2400000000000002,102.05112832
-2.88,0.2400000000000002,102.55872512
-2.8,0.2400000000000002,103.44075776000001
-2.7199999999999998,0.2400000000000002,104.66232832
-2.6399999999999997,0.2400000000000002,106.18952192
-2.56,0.2400000000000002,107.98940672
-2.48,0.2400000000000002,110.03003392
-2.4,0.2400000000000002,112.28043776
-2.3200000000000003,0.2400000000000002,114.71063551999997
-2.24,0.2400000000000002,117.29162751999998
-2.16,0.2400000000000002,119.99539711999998
-2.08,0.2400000000000002,122.79491071999999
-2.0,0.2400000000000002,125.66411775999998
-1.92,0.2400000000000002,128.57795072
-1.8399999999999999,0.2400000000000002,131.51232511999999
-1.7599999999999998,0.2400000000000002,134.44413952
-1.6800000000000002,0.2400000000000002,137.35127552
-1.6,0.2400000000000002,140.21259776
-1.52,0.2400000000000002,143.00795392
-1.44,0.2400000000000002,145.71817471999998
-1.3599999999999999,0.2400000000000002,148.32507392
-1.2799999999999998,0.2400000000000002,150.81144832
-1.1999999999999997,0.2400000000000002,153.16107776
-1.12,0.2400000000000002,155.35872511999997
-1.04,0.2400000000000002,157.39013632
-0.96,0.2400000000000002,159.24204032
-0.8799999999999999,0.2400000000000002,160.90214912
-0.7999999999999998,0.2400000000000002,162.35915776000002
-0.7199999999999998,0.2400000000000002,163.60274432
-0.6400000000000001,0.2400000000000002,164.62356992000002
-0.56,0.2400000000000002,165.41327872
-0.48,0.2400000000000002,165.96449791999999
-0.3999999999999999,0.2400000000000002,166.27083776
-0.31999999999999984,0.2400000000000002,166.32689152
-0.23999999999999977,0.2400000000000002,166.12823552
-0.16000000000000014,0.2400000000000002,165.67142911999997
-0.08000000000000007,0.2400000000000002,164.95401472
0.0,0.2400000000000002,163.97451776
0.08000000000000007,0.2400000000000002,162.73244672
0.16000000000000014,0.2400000000000002,161.22829312
0.2400000000000002,0.2400000000000002,159.46353151999998
0.3200000000000003,0.2400000000000002,157.44061952
0.40000000000000036,0.2400000000000002,155.16299776
0.4800000000000004,0.2400000000000002,152.63508991999996
0.5600000000000005,0.2400000000000002,149.86230271999997
0.6399999999999997,0.2400000000000002,146.85102592
0.7199999999999998,0.2400000000000002,143.60863232
0.7999999999999998,0.2400000000000002,140.14347776000002
0.8799999999999999,0.2400000000000002,136.46490111999998
0.96,0.2400000000000002,132.58322432
1.04,0.2400000000000002,128.50975232000002
1.12,0.2400000000000002,124.25677311999999
1.2000000000000002,0.2400000000000002,119.83755776000001
1.2800000000000002,0.2400000000000002,115.26636031999998
1.3600000000000003,0.2400000000000002,110.55841791999998
1.4400000000000004,0.2400000000000002,105.72995071999998
1.5200000000000005,0.2400000000000002,100.79816191999997
1.6000000000000005,0.2400000000000002,95.78123775999995
1.6799999999999997,0.2400000000000002,90.69834752000001
1.7599999999999998,0.2400000000000002,85.56964352
1.8399999999999999,0.2400000000000002,80.41626112
1.92,0.2400000000000002,75.26031872
2.0,0.2400000000000002,70.12491775999999
2.08,0.2400000000000002,65.03414271999998
2.16,0.2400000000000002,60.01306111999999
2.24,0.2400000000000002,55.08772351999998
2.3200000000000003,0.2400000000000002,50.28516351999997
2.4000000000000004,0.2400000000000002,45.63339775999997
2.4800000000000004,0.2400000000000002,41.16142591999997
2.5600000000000005,0.2400000000000002,36.89923071999996
2.6400000000000006,0.2400000000000002,32.87777791999996
2.7199999999999998,0.2400000000000002,29.129016320000012
2.8,0.2400000000000002,25.68587776000001
2.88,0.2400000000000002,22.582277120000004
2.96,0.2400000000000002,19.853112319999997
3.04,0.2400000000000002,17.53426432
3.12,0.2400000000000002,15.662597119999994
3.2,0.2400000000000002,14.275957759999994
3.2800000000000002,0.2400000000000002,13.413176319999996
3.3600000000000003,0.2400000000000002,13.114065919999998
3.4400000000000004,0.2400000000000002,13.41942272
3.5200000000000005,0.2400000000000002,14.371025920000006
3.6000000000000005,0.2400000000000002,16.011637760000013
3.6799999999999997,0.2400000000000002,18.385003519999984
3.76,0.2400000000000002,21.535851519999994
3.84,0.2400000000000002,25.509893119999997
3.92,0.2400000000000002,30.35382271999999
4.0,0.2400000000000002,36.115317760000025
-4.0,0.3200000000000003,147.06008576000002
-3.92,0.3200000000000003,138.98281471999996
-3.84,0.3200000000000003,131.82515712
-3.76,0.3200000000000003,125.53943551999997
-3.68,0.3200000000000003,120.07895552000001
-3.6,0.3200000000000003,115.39800576000002
-3.52,0.3200000000000003,111.45185792
-3.44,0.3200000000000003,108.19676672
-3.36,0.3200000000000003,105.58996992
-3.2800000000000002,0.3200000000000003,103.58968832000001
-3.2,0.3200000000000003,102.15512576
-3.12,0.3200000000000003,101.24646912
-3.04,0.3200000000000003,100.82488831999999
-2.96,0.3200000000000003,100.85253632
-2.88,0.3200000000000003,101.29254911999999
-2.8,0.3200000000000003,102.10904576
-2.7199999999999998,0.3200000000000003,103.26712832
-2.6399999999999997,0.3200000000000003,104.73288192
-2.56,0.3200000000000003,106.47337471999998
-2.48,0.3200000000000003,108.45665791999998
-2.4,0.3200000000000003,110.65176575999999
-2.3200000000000003,0.3200000000000003,113.02871551999999
-2.24,0.3200000000000003,115.55850751999998
-2.16,0.3200000000000003,118.21312512
-2.08,0.3200000000000003,120.96553471999997
-2.0,0.3200000000000003,123.78968576000001
-1.92,0.3200000000000003,126.66051071999996
-1.8399999999999999,0.3200000000000003,129.55392512
-1.7599999999999998,0.3200000000000003,132.44682751999997
-1.6800000000000002,0.3200000000000003,135.31709952
-1.6,0.3200000000000003,138.14360575999999
-1.52,0.3200000000000003,140.90619392000002
-1.44,0.3200000000000003,143.58569472
-1.3599999999999999,0.3200000000000003,146.16392192
-1.2799999999999998,0.3200000000000003,148.62367232000003
-1.1999999999999997,0.3200000000000003,150.94872576
-1.12,0.3200000000000003,153.12384512
-1.04,0.3200000000000003,155.13477632
-0.96,0.3200000000000003,156.96824832
-0.8799999999999999,0.3200000000000003,158.61197312
-0.7999999999999998,0.3200000000000003,160.05464575999997
-0.7199999999999998,0.3200000000000003,161.28594432
-0.6400000000000001,0.3200000000000003,162.29652991999998
-0.56,0.3200000000000003,163.07804671999997
-0.48,0.3200000000000003,163.62312192000002
-0.3999999999999999,0.3200000000000003,163.92536575999998
-0.31999999999999984,0.3200000000000003,163.97937152
-0.23999999999999977,0.3200000000000003,163.78071551999997
-0.16000000000000014,0.3200000000000003,163.32595711999997
-0.08000000000000007,0.3200000000000003,162.61263872
0.0,0.3200000000000003,161.63928576
0.08000000000000007,0.3200000000000003,160.40540672
0.16000000000000014,0.3200000000000003,158.91149311999996
0.2400000000000002,0.3200000000000003,157.15901951999996
0.3200000000000003,0.3200000000000003,155.15044352
0.40000000000000036,0.3200000000000003,152.88920575999998
0.4800000000000004,0.3200000000000003,150.37972992
0.5600000000000005,0.3200000000000003,147.62742271999997
0.6399999999999997,0.3200000000000003,144.63867392000003
0.7199999999999998,0.3200000000000003,141.42085631999998
0.7999999999999998,0.3200000000000003,137.98232575999998
0.8799999999999999,0.3200000000000003,134.33242112
0.96,0.3200000000000003,130.48146432
1.04,0.3200000000000003,126.44076031999998
1.12,0.3200000000000003,122.22259711999999
1.2000000000000002,0.3200000000000003,117.84024575999996
1.2800000000000002,0.3200000000000003,113.30796031999998
1.3600000000000003,0.3200000000000003,108.64097791999998
1.4400000000000004,0.3200000000000003,103.85551871999998
1.5200000000000005,0.3200000000000003,98.96878591999997
1.6000000000000005,0.3200000000000003,93.99896575999995
1.6799999999999997,0.3200000000000003,88.96522752000001
1.7599999999999998,0.3200000000000003,83.88772352
1.8399999999999999,0.3200000000000003,78.78758912
1.92,0.3200000000000003,73.68694271999999
2.0,0.3200000000000003,68.60888575999999
2.08,0.3200000000000003,63.57750271999999
2.16,0.3200000000000003,58.617861119999986
2.24,0.3200000000000003,53.75601151999999
2.3200000000000003,0.3200000000000003,49.01898751999998
2.4000000000000004,0.3200000000000003,44.434805759999975
2.4800000000000004,0.3200000000000003,40.03246591999998
2.5600000000000005,0.3200000000000003,35.84195071999997
2.6400000000000006,0.3200000000000003,31.894225919999965
2.7199999999999998,0.3200000000000003,28.221240320000007
2.8,0.3200000000000003,24.855925759999998
2.88,0.3200000000000003,21.83219712
2.96,0.3200000000000003,19.18495232
3.04,0.3200000000000003,16.950072319999997
3.12,0.3200000000000003,15.164421119999995
3.2,0.3200000000000003,13.865845759999996
3.2800000000000002,0.3200000000000003,13.093176319999996
3.3600000000000003,0.3200000000000003,12.88622592
3.4400000000000004,0.3200000000000003,13.285790720000001
3.5200000000000005,0.3200000000000003,14.333649920000006
3.6000000000000005,0.3200000000000003,16.072565760000018
3.6799999999999997,0.3200000000000003,18.546283519999985
3.76,0.3200000000000003,21.799531519999995
3.84,0.3200000000000003,25.87802112
3.92,0.3200000000000003,30.82844671999999
4.0,0.3200000000000003,36.69848576
-4.0,0.40000000000000036,146.66559999999998
-3.92,0.40000000000000036,138.49616895999998
-3.84,0.40000000000000036,131.24839936
-3.76,0.40000000000000036,124.87461375999999
-3.68,0.40000000000000036,119.32811776
-3.6,0.40000000000000036,114.5632
-3.52,0.40000000000000036,110.53513215999999
-3.44,0.40000000000000036,107.20016895999998
-3.36,0.40000000000000036,104.51554816
-3.2800000000000002,0.40000000000000036,102.43949056000001
-3.2,0.40000000000000036,100.93119999999998
-3.12,0.40000000000000036,99.95086336000001
-3.04,0.40000000000000036,99.45965055999997
-2.96,0.40000000000000036,99.41971456000002
-2.88,0.40000000000000036,99.79419135999999
-2.8,0.40000000000000036,100.54720000000002
-2.7199999999999998,0.40000000000000036,101.64384255999998
-2.6399999999999997,0.40000000000000036,103.05020416000002
-2.56,0.40000000000000036,104.73335296
-2.48,0.40000000000000036,106.66134016000001
-2.4,0.40000000000000036,108.8032
-2.3200000000000003,0.40000000000000036,111.12894975999998
-2.24,0.40000000000000036,113.60958975999998
-2.16,0.40000000000000036,116.21710335999998
-2.08,0.40000000000000036,118.92445695999999
-2.0,0.40000000000000036,121.7056
-1.92,0.40000000000000036,124.53546496
-1.8399999999999999,0.40000000000000036,127.38996736
-1.7599999999999998,0.40000000000000036,130.24600576
-1.6800000000000002,0.40000000000000036,133.08146175999997
-1.6,0.40000000000000036,135.87519999999998
-1.52,0.40000000000000036,138.60706815999998
-1.44,0.40000000000000036,141.25789695999998
-1.3599999999999999,0.40000000000000036,143.80950015999997
-1.2799999999999998,0.40000000000000036,146.24467456
-1.1999999999999997,0.40000000000000036,148.54719999999998
-1.12,0.40000000000000036,150.70183935999998
-1.04,0.40000000000000036,152.69433856
-0.96,0.40000000000000036,154.51142656
-0.8799999999999999,0.40000000000000036,156.14081535999998
-0.7999999999999998,0.40000000000000036,157.5712
-0.7199999999999998,0.40000000000000036,158.79225856
-0.6400000000000001,0.40000000000000036,159.79465216
-0.56,0.40000000000000036,160.57002496
-0.48,0.40000000000000036,161.11100416
-0.3999999999999999,0.40000000000000036,161.41119999999998
-0.31999999999999984,0.40000000000000036,161.46520576
-0.23999999999999977,0.40000000000000036,161.26859776
-0.16000000000000014,0.40000000000000036,160.81793535999998
-0.08000000000000007,0.40000000000000036,160.11076096000002
0.0,0.40000000000000036,159.1456
0.08000000000000007,0.40000000000000036,157.92196096
0.16000000000000014,0.40000000000000036,156.44033535999998
0.2400000000000002,0.40000000000000036,154.70219775999996
0.3200000000000003,0.40000000000000036,152.71000576
0.40000000000000036,0.40000000000000036,150.4672
0.4800000000000004,0.40000000000000036,147.97820415999996
0.5600000000000005,0.40000000000000036,145.24842495999997
0.6399999999999997,0.40000000000000036,142.28425216000002
0.7199999999999998,0.40000000000000036,139.09305856
0.7999999999999998,0.40000000000000036,135.6832
0.8799999999999999,0.40000000000000036,132.06401535999998
0.96,0.40000000000000036,128.24582656
1.04,0.40000000000000036,124.23993856
1.12,0.40000000000000036,120.05863935999997
1.2000000000000002,0.40000000000000036,115.71520000000001
1.2800000000000002,0.40000000000000036,111.22387455999998
1.3600000000000003,0.40000000000000036,106.59990015999999
1.4400000000000004,0.40000000000000036,101.85949695999997
1.5200000000000005,0.40000000000000036,97.01986815999996
1.6000000000000005,0.40000000000000036,92.09919999999994
1.6799999999999997,0.40000000000000036,87.11666176000001
1.7599999999999998,0.40000000000000036,82.09240575999999
1.8399999999999999,0.40000000000000036,77.04756736
1.92,0.40000000000000036,72.00426496
2.0,0.40000000000000036,66.98559999999999
2.08,0.40000000000000036,62.01565695999999
2.16,0.40000000000000036,57.11950335999998
2.24,0.40000000000000036,52.323189759999984
2.3200000000000003,0.40000000000000036,47.653749759999975
2.4000000000000004,0.40000000000000036,43.139199999999974
2.4800000000000004,0.40000000000000036,38.80854015999998
2.5600000000000005,0.40000000000000036,34.69175295999997
2.6400000000000006,0.40000000000000036,30.81980415999997
2.7199999999999998,0.40000000000000036,27.224642560000007
2.8,0.40000000000000036,23.939200000000007
2.88,0.40000000000000036,20.99739136
2.96,0.40000000000000036,18.434114559999998
3.04,0.40000000000000036,16.285250559999998
3.12,0.40000000000000036,14.587663359999997
3.2,0.40000000000000036,13.379199999999996
3.2800000000000002,0.40000000000000036,12.698690559999998
3.3600000000000003,0.40000000000000036,12.58594816
3.4400000000000004,0.40000000000000036,13.081768960000003
3.5200000000000005,0.40000000000000036,14.227932160000009
3.6000000000000005,0.40000000000000036,16.067200000000017
3.6799999999999997,0.40000000000000036,18.643317759999988
3.76,0.40000000000000036,22.001013759999996
3.84,0.40000000000000036,26.18599936
3.92,0.40000000000000036,31.24496895999999
4.0,0.40000000000000036,37.225599999999986
-4.0,0.4800000000000004,146.01468416000003
-3.92,0.4800000000000004,137.75514111999996
-3.84,0.4800000000000004,130.41930752000002
-3.76,0.4800000000000004,123.95950591999996
-3.68,0.4800000000000004,118.32904192000001
-3.6,0.4800000000000004,113.48220416000001
-3.52,0.4800000000000004,109.37426432
-3.44,0.4800000000000004,105.96147712
-3.36,0.4800000000000004,103.20108031999999
-3.2800000000000002,0.4800000000000004,101.05129472
-3.2,0.4800000000000004,99.47132416
-3.12,0.4800000000000004,98.42135551999999
-3.04,0.4800000000000004,97.86255872
-2.96,0.4800000000000004,97.75708671999999
-2.88,0.4800000000000004,98.06807552
-2.8,0.4800000000000004,98.75964416
-2.7199999999999998,0.4800000000000004,99.79689472
-2.6399999999999997,0.4800000000000004,101.14591232
-2.56,0.4800000000000004,102.77376511999998
-2.48,0.4800000000000004,104.64850431999997
-2.4,0.4800000000000004,106.73916415999999
-2.3200000000000003,0.4800000000000004,109.01576192
-2.24,0.4800000000000004,111.44929791999996
-2.16,0.4800000000000004,114.01175552000001
-2.08,0.4800000000000004,116.67610111999997
-2.0,0.4800000000000004,119.41628416
-1.92,0.4800000000000004,122.20723711999997
-1.8399999999999999,0.4800000000000004,125.02487552000001
-1.7599999999999998,0.4800000000000004,127.84609791999996
-1.6800000000000002,0.4800000000000004,130.64878592
-1.6,0.4800000000000004,133.41180416
-1.52,0.4800000000000004,136.11500031999998
-1.44,0.4800000000000004,138.73920512
-1.3599999999999999,0.4800000000000004,141.26623232000003
-1.2799999999999998,0.4800000000000004,143.67887872
-1.1999999999999997,0.4800000000000004,145.96092416
-1.12,0.4800000000000004,148.09713151999998
-1.04,0.4800000000000004,150.07324672
-0.96,0.4800000000000004,151.87599871999998
-0.8799999999999999,0.4800000000000004,153.49309952
-0.7999999999999998,0.4800000000000004,154.91324415999998
-0.7199999999999998,0.4800000000000004,156.12611071999999
-0.6400000000000001,0.4800000000000004,157.12236031999996
-0.56,0.4800000000000004,157.89363711999997
-0.48,0.4800000000000004,158.43256831999997
-0.3999999999999999,0.4800000000000004,158.73276416
-0.31999999999999984,0.4800000000000004,158.78881791999999
-0.23999999999999977,0.4800000000000004,158.59630591999996
-0.16000000000000014,0.4800000000000004,158.15178751999997
-0.08000000000000007,0.4800000000000004,157.45280512
0.0,0.4800000000000004,156.49788415999998
0.08000000000000007,0.4800000000000004,155.28653312
0.16000000000000014,0.4800000000000004,153.81924351999996
0.2400000000000002,0.4800000000000004,152.09748991999996
0.3200000000000003,0.4800000000000004,150.12372992
0.40000000000000036,0.4800000000000004,147.90140415999997
0.4800000000000004,0.4800000000000004,145.43493632
0.5600000000000005,0.4800000000000004,142.72973311999996
0.6399999999999997,0.4800000000000004,139.79218432
0.7199999999999998,0.4800000000000004,136.62966272
0.7999999999999998,0.4800000000000004,133.25052415999997
0.8799999999999999,0.4800000000000004,129.66410752
0.96,0.4800000000000004,125.88073471999999
1.04,0.4800000000000004,121.91171071999997
1.12,0.4800000000000004,117.76932351999999
1.2000000000000002,0.4800000000000004,113.46684415999997
1.2800000000000002,0.4800000000000004,109.01852671999997
1.3600000000000003,0.4800000000000004,104.43960831999998
1.4400000000000004,0.4800000000000004,99.74630911999998
1.5200000000000005,0.4800000000000004,94.95583231999996
1.6000000000000005,0.4800000000000004,90.08636415999995
1.6799999999999997,0.4800000000000004,85.15707392
1.7599999999999998,0.4800000000000004,80.18811391999999
1.8399999999999999,0.4800000000000004,75.20061952
1.92,0.4800000000000004,70.21670911999999
2.0,0.4800000000000004,65.25948416
2.08,0.4800000000000004,60.35302911999999
2.16,0.4800000000000004,55.522411519999984
2.24,0.4800000000000004,50.79368191999998
2.3200000000000003,0.4800000000000004,46.19387391999997
2.4000000000000004,0.4800000000000004,41.75100415999998
2.4800000000000004,0.4800000000000004,37.49407231999997
2.5600000000000005,0.4800000000000004,33.453061119999965
2.6400000000000006,0.4800000000000004,29.658936319999963
2.7199999999999998,0.4800000000000004,26.143646720000003
2.8,0.4800000000000004,22.940124159999996
2.88,0.4800000000000004,20.082283519999997
2.96,0.4800000000000004,17.605022719999997
3.04,0.4800000000000004,15.544222719999995
3.12,0.4800000000000004,13.936747519999994
3.2,0.4800000000000004,12.820444159999994
3.2800000000000002,0.4800000000000004,12.234142719999996
3.3600000000000003,0.4800000000000004,12.21765632
3.4400000000000004,0.4800000000000004,12.811781120000003
3.5200000000000005,0.4800000000000004,14.058296320000007
3.6000000000000005,0.4800000000000004,15.999964160000019
3.6799999999999997,0.4800000000000004,18.680529919999984
3.76,0.4800000000000004,22.144721919999995
3.84,0.4800000000000004,26.438251519999998
3.92,0.4800000000000004,31.607813119999992
4.0,0.4800000000000004,37.70108416
-4.0,0.5600000000000005,145.11274496000001
-3.92,0.5600000000000005,136.76513791999997
-3.84,0.5600000000000005,129.34328831999997
-3.76,0.5600000000000005,122.79951871999997
-3.68,0.5600000000000005,117.08713471999998
-3.6,0.5600000000000005,112.16042496000001
-3.52,0.5600000000000005,107.97466111999998
-3.44,0.5600000000000005,104.48609792
-3.36,0.5600000000000005,101.65197311999997
-3.2800000000000002,0.5600000000000005,99.43050752
-3.2,0.5600000000000005,97.78090495999999
-3.12,0.5600000000000005,96.66335232
-3.04,0.5600000000000005,96.03901952
-2.96,0.5600000000000005,95.87005952
-2.88,0.5600000000000005,96.11960832
-2.8,0.5600000000000005,96.75178496
-2.7199999999999998,0.5600000000000005,97.73169152
-2.6399999999999997,0.5600000000000005,99.02541312
-2.56,0.5600000000000005,100.60001791999997
-2.48,0.5600000000000005,102.42355711999998
-2.4,0.5600000000000005,104.46506495999999
-2.3200000000000003,0.5600000000000005,106.69455871999997
-2.24,0.5600000000000005,109.08303871999996
-2.16,0.5600000000000005,111.60248831999996
-2.08,0.5600000000000005,114.22587391999997
-2.0,0.5600000000000005,116.92714495999998
-1.92,0.5600000000000005,119.68123391999998
-1.8399999999999999,0.5600000000000005,122.46405631999997
-1.7599999999999998,0.5600000000000005,125.25251071999998
-1.6800000000000002,0.5600000000000005,128.02447871999996
-1.6,0.5600000000000005,130.75882496
-1.52,0.5600000000000005,133.43539711999998
-1.44,0.5600000000000005,136.03502591999998
-1.3599999999999999,0.5600000000000005,138.53952511999995
-1.2799999999999998,0.5600000000000005,140.93169152000002
-1.1999999999999997,0.5600000000000005,143.19530496
-1.12,0.5600000000000005,145.31512831999999
-1.04,0.5600000000000005,147.27690751999998
-0.96,0.5600000000000005,149.06737152
-0.8799999999999999,0.5600000000000005,150.67423232
-0.7999999999999998,0.5600000000000005,152.08618496000003
-0.7199999999999998,0.5600000000000005,153.29290751999997
-0.6400000000000001,0.5600000000000005,154.28506112
-0.56,0.5600000000000005,155.05428992
-0.48,0.5600000000000005,155.59322112
-0.3999999999999999,0.5600000000000005,155.89546495999997
-0.31999999999999984,0.5600000000000005,155.95561472
-0.23999999999999977,0.5600000000000005,155.76924672
-0.16000000000000014,0.5600000000000005,155.33292031999997
-0.08000000000000007,0.5600000000000005,154.64417792
0.0,0.5600000000000005,153.70154495999998
0.08000000000000007,0.5600000000000005,152.50452991999998
0.16000000000000014,0.5600000000000005,151.05362431999995
0.2400000000000002,0.5600000000000005,149.35030271999997
0.3200000000000003,0.5600000000000005,147.39702272
0.40000000000000036,0.5600000000000005,145.19722495999997
0.4800000000000004,0.5600000000000005,142.75533311999993
0.5600000000000005,0.5600000000000005,140.07675391999993
0.6399999999999997,0.5600000000000005,137.16787712
0.7199999999999998,0.5600000000000005,134.03607552
0.7999999999999998,0.5600000000000005,130.68970496000003
0.8799999999999999,0.5600000000000005,127.13810432
0.96,0.5600000000000005,123.39159552
1.04,0.5600000000000005,119.46148351999999
1.12,0.5600000000000005,115.36005631999998
1.2000000000000002,0.5600000000000005,111.10058495999999
1.2800000000000002,0.5600000000000005,106.69732351999998
1.3600000000000003,0.5600000000000005,102.16550911999998
1.4400000000000004,0.5600000000000005,97.52136191999998
1.5200000000000005,0.5600000000000005,92.78208511999996
1.6000000000000005,0.5600000000000005,87.96586495999995
1.6799999999999997,0.5600000000000005,83.09187072
1.7599999999999998,0.5600000000000005,78.18025472
1.8399999999999999,0.5600000000000005,73.25215232
1.92,0.5600000000000005,68.32968191999998
2.0,0.5600000000000005,63.435944959999986
2.08,0.5600000000000005,58.595025919999976
2.16,0.5600000000000005,53.83199231999998
2.24,0.5600000000000005,49.172894719999974
2.3200000000000003,0.5600000000000005,44.64476671999997
2.4000000000000004,0.5600000000000005,40.27562495999997
2.4800000000000004,0.5600000000000005,36.094469119999964
2.5600000000000005,0.5600000000000005,32.131281919999964
2.6400000000000006,0.5600000000000005,28.41702911999996
2.7199999999999998,0.5600000000000005,24.983659520000003
2.8,0.5600000000000005,21.864104960000006
2.88,0.5600000000000005,19.092280319999997
2.96,0.5600000000000005,16.703083519999996
3.04,0.5600000000000005,14.732395519999994
3.12,0.5600000000000005,13.217080319999994
3.2,0.5600000000000005,12.194984959999994
3.2800000000000002,0.5600000000000005,11.704939519999995
3.3600000000000003,0.5600000000000005,11.786757119999997
3.4400000000000004,0.5600000000000005,12.481233920000001
3.5200000000000005,0.5600000000000005,13.830149120000009
3.6000000000000005,0.5600000000000005,15.876264960000018
3.6799999999999997,0.5600000000000005,18.663326719999986
3.76,0.5600000000000005,22.236062719999993
3.84,0.5600000000000005,26.640184319999996
3.92,0.5600000000000005,31.92238591999999
4.0,0.5600000000000005,38.130344960000016
-4.0,0.6399999999999997,143.96617216
-3.92,0.6399999999999997,135.53254912
-3.84,0.6399999999999997,128.02673152000003
-3.76,0.6399999999999997,121.40104192000001
-3.68,0.6399999999999997,115.60878592000002
-3.6,0.6399999999999997,110.60425216000002
-3.52,0.6399999999999997,106.34271232
-3.44,0.6399999999999997,102.78042112
-3.36,0.6399999999999997,99.87461632
-3.2800000000000002,0.6399999999999997,97.58351872
-3.2,0.6399999999999997,95.86633216
-3.12,0.6399999999999997,94.68324351999999
-3.04,0.6399999999999997,93.99542272
-2.96,0.6399999999999997,93.76502272
-2.88,0.6399999999999997,93.95517951999999
-2.8,0.6399999999999997,94.53001216
-2.7199999999999998,0.6399999999999997,95.45462271999999
-2.6399999999999997,0.6399999999999997,96.69509632
-2.56,0.6399999999999997,98.21850112000001
-2.48,0.6399999999999997,99.99288831999999
-2.4,0.6399999999999997,101.98729216000001
-2.3200000000000003,0.6399999999999997,104.17172992
-2.24,0.6399999999999997,106.51720192000002
-2.16,0.6399999999999997,108.99569152000001
-2.08,0.6399999999999997,111.58016512000002
-2.0,0.6399999999999997,114.24457216000002
-1.92,0.6399999999999997,116.96384512000002
-1.8399999999999999,0.6399999999999997,119.71389952000001
-1.7599999999999998,0.6399999999999997,122.47163392000003
-1.6800000000000002,0.6399999999999997,125.21492992
-1.6,0.6399999999999997,127.92265216000001
-1.52,0.6399999999999997,130.57464832
-1.44,0.6399999999999997,133.15174912
-1.3599999999999999,0.6399999999999997,135.63576832
-1.2799999999999998,0.6399999999999997,138.00950272
-1.1999999999999997,0.6399999999999997,140.25673216
-1.12,0.6399999999999997,142.36221952000002
-1.04,0.6399999999999997,144.31171072
-0.96,0.6399999999999997,146.09193471999998
-0.8799999999999999,0.6399999999999997,147.69060352
-0.7999999999999998,0.6399999999999997,149.09641216
-0.7199999999999998,0.6399999999999997,150.29903872
-0.6400000000000001,0.6399999999999997,151.28914432000002
-0.56,0.6399999999999997,152.05837312
-0.48,0.6399999999999997,152.59935232
-0.3999999999999999,0.6399999999999997,152.90569216000003
-0.31999999999999984,0.6399999999999997,152.97198592
-0.23999999999999977,0.6399999999999997,152.79380992
-0.16000000000000014,0.6399999999999997,152.36772352000003
-0.08000000000000007,0.6399999999999997,151.69126912000002
0.0,0.6399999999999997,150.76297216
0.08000000000000007,0.6399999999999997,149.58234112000002
0.16000000000000014,0.6399999999999997,148.14986752000002
0.2400000000000002,0.6399999999999997,146.46702592000003
0.3200000000000003,0.6399999999999997,144.53627392
0.40000000000000036,0.6399999999999997,142.36105215999999
0.4800000000000004,0.6399999999999997,139.94578432
0.5600000000000005,0.6399999999999997,137.29587712
0.6399999999999997,0.6399999999999997,134.41772032000003
0.7199999999999998,0.6399999999999997,131.31868672000002
0.7999999999999998,0.6399999999999997,128.00713216000003
0.8799999999999999,0.6399999999999997,124.49239552
0.96,0.6399999999999997,120.78479872
1.04,0.6399999999999997,116.89564672
1.12,0.6399999999999997,112.83722752000003
1.2000000000000002,0.6399999999999997,108.62281216000001
1.2800000000000002,0.6399999999999997,104.26665471999998
1.3600000000000003,0.6399999999999997,99.78399232000001
1.4400000000000004,0.6399999999999997,95.19104511999998
1.5200000000000005,0.6399999999999997,90.50501631999997
1.6000000000000005,0.6399999999999997,85.74409215999998
1.6799999999999997,0.6399999999999997,80.92744192000004
1.7599999999999998,0.6399999999999997,76.07521792000003
1.8399999999999999,0.6399999999999997,71.20855552000002
1.92,0.6399999999999997,66.34957312000002
2.0,0.6399999999999997,61.52137216000001
2.08,0.6399999999999997,56.748037120000006
2.16,0.6399999999999997,52.054635520000005
2.24,0.6399999999999997,47.467217919999996
2.3200000000000003,0.6399999999999997,43.01281791999999
2.4000000000000004,0.6399999999999997,38.71945215999999
2.4800000000000004,0.6399999999999997,34.61612031999999
2.5600000000000005,0.6399999999999997,30.73280511999998
2.6400000000000006,0.6399999999999997,27.100472319999977
2.7199999999999998,0.6399999999999997,23.75107072000001
2.8,0.6399999999999997,20.71753216000001
2.88,0.6399999999999997,18.033771520000002
2.96,0.6399999999999997,15.734686720000006
3.04,0.6399999999999997,13.856158720000003
3.12,0.6399999999999997,12.435051519999998
3.2,0.6399999999999997,11.50921216
3.2800000000000002,0.6399999999999997,11.117470720000002
3.3600000000000003,0.6399999999999997,11.299640320000002
3.4400000000000004,0.6399999999999997,12.096517120000001
3.5200000000000005,0.6399999999999997,13.549880320000014
3.6000000000000005,0.6399999999999997,15.702492160000027
3.6799999999999997,0.6399999999999997,18.598097919999994
3.76,0.6399999999999997,22.281425920000004
3.84,0.6399999999999997,26.798187520000006
3.92,0.6399999999999997,32.19507711999999
4.0,0.6399999999999997,38.51977216000001
-4.0,0.7199999999999998,142.58233855999998
-3.92,0.7199999999999998,134.06474751999997
-3.84,0.7199999999999998,126.47700991999999
-3.76,0.7199999999999998,119.77144831999998
-3.68,0.7199999999999998,113.90136831999999
-3.6,0.7199999999999998,108.82105856
-3.52,0.7199999999999998,104.48579071999998
-3.44,0.7199999999999998,100.85181951999999
-3.36,0.7199999999999998,97.87638271999998
-3.2800000000000002,0.7199999999999998,95.51770112000003
-3.2,0.7199999999999998,93.73497855999999
-3.12,0.7199999999999998,92.48840192000003
-3.04,0.7199999999999998,91.73914111999999
-2.96,0.7199999999999998,91.44934912000002
-2.88,0.7199999999999998,91.58216191999999
-2.8,0.7199999999999998,92.10169856000003
-2.7199999999999998,0.7199999999999998,92.97306112
-2.6399999999999997,0.7199999999999998,94.16233472000003
-2.56,0.7199999999999998,95.63658752000002
-2.48,0.7199999999999998,97.36387072000001
-2.4,0.7199999999999998,99.31321856000001
-2.3200000000000003,0.7199999999999998,101.45464832
-2.24,0.7199999999999998,103.75916031999999
-2.16,0.7199999999999998,106.19873792
-2.08,0.7199999999999998,108.74634752
-2.0,0.7199999999999998,111.37593856000001
-1.92,0.7199999999999998,114.06244352000002
-1.8399999999999999,0.7199999999999998,116.78177792000002
-1.7599999999999998,0.7199999999999998,119.51084032000003
-1.6800000000000002,0.7199999999999998,122.22751231999999
-1.6,0.7199999999999998,124.91065856
-1.52,0.7199999999999998,127.54012671999999
-1.44,0.7199999999999998,130.09674752
-1.3599999999999999,0.7199999999999998,132.56233472000002
-1.2799999999999998,0.7199999999999998,134.91968512
-1.1999999999999997,0.7199999999999998,137.15257856
-1.12,0.7199999999999998,139.24577792000002
-1.04,0.7199999999999998,141.18502912
-0.96,0.7199999999999998,142.95706112
-0.8799999999999999,0.7199999999999998,144.54958592000003
-0.7999999999999998,0.7199999999999998,145.95129856
-0.7199999999999998,0.7199999999999998,147.15187712000002
-0.6400000000000001,0.7199999999999998,148.14198272000002
-0.56,0.7199999999999998,148.91325952000003
-0.48,0.7199999999999998,149.45833472
-0.3999999999999999,0.7199999999999998,149.77081856
-0.31999999999999984,0.7199999999999998,149.84530432000003
-0.23999999999999977,0.7199999999999998,149.67736832000003
-0.16000000000000014,0.7199999999999998,149.26356992
-0.08000000000000007,0.7199999999999998,148.60145152
0.0,0.7199999999999998,147.68953856000002
0.08000000000000007,0.7199999999999998,146.52733952
0.16000000000000014,0.7199999999999998,145.11534592
0.2400000000000002,0.7199999999999998,143.45503232000002
0.3200000000000003,0.7199999999999998,141.54885632
0.40000000000000036,0.7199999999999998,139.40025856
0.4800000000000004,0.7199999999999998,137.01366272
0.5600000000000005,0.7199999999999998,134.39447552000001
0.6399999999999997,0.7199999999999998,131.54908672
0.7199999999999998,0.7199999999999998,128.48486912000004
0.7999999999999998,0.7199999999999998,125.21017856
0.8799999999999999,0.7199999999999998,121.73435392000002
0.96,0.7199999999999998,118.06771712
1.04,0.7199999999999998,114.22157311999999
1.12,0.7199999999999998,110.20820992000002
1.2000000000000002,0.7199999999999998,106.04089856
1.2800000000000002,0.7199999999999998,101.73389312
1.3600000000000003,0.7199999999999998,97.30243071999998
1.4400000000000004,0.7199999999999998,92.76273151999997
1.5200000000000005,0.7199999999999998,88.13199871999998
1.6000000000000005,0.7199999999999998,83.42841855999998
1.6799999999999997,0.7199999999999998,78.67116032000001
1.7599999999999998,0.7199999999999998,73.88037632000002
1.8399999999999999,0.7199999999999998,69.07720192000002
1.92,0.7199999999999998,64.28375552
2.0,0.7199999999999998,59.52313856000001
2.08,0.7199999999999998,54.81943552
2.16,0.7199999999999998,50.19771392
2.24,0.7199999999999998,45.68402431999999
2.3200000000000003,0.7199999999999998,41.30540031999999
2.4000000000000004,0.7199999999999998,37.08985855999999
2.4800000000000004,0.7199999999999998,33.06639871999998
2.5600000000000005,0.7199999999999998,29.26500351999998
2.6400000000000006,0.7199999999999998,25.716638719999978
2.7199999999999998,0.7199999999999998,22.45325312000002
2.8,0.7199999999999998,19.50777856000001
2.88,0.7199999999999998,16.914129920000008
2.96,0.7199999999999998,14.707205120000001
3.04,0.7199999999999998,12.92288512
3.12,0.7199999999999998,11.59803392
3.2,0.7199999999999998,10.77049856
3.2800000000000002,0.7199999999999998,10.47910912
3.3600000000000003,0.7199999999999998,10.763678720000003
3.4400000000000004,0.7199999999999998,11.66500352000001
3.5200000000000005,0.7199999999999998,13.224862720000008
3.6000000000000005,0.7199999999999998,15.486018560000016
3.6799999999999997,0.7199999999999998,18.492216319999976
3.76,0.7199999999999998,22.288184319999985
3.84,0.7199999999999998,26.91963391999999
3.92,0.7199999999999998,32.43325951999998
4.0,0.7199999999999998,38.87673855999999
-4.0,0.7999999999999998,140.96959999999999
-3.92,0.7999999999999998,132.37008896000003
-3.84,0.7999999999999998,124.70247936
-3.76,0.7999999999999998,117.91909376000001
-3.68,0.7999999999999998,111.97323776000003
-3.6,0.7999999999999998,106.81920000000002
-3.52,0.7999999999999998,102.41225216000002
-3.44,0.7999999999999998,98.70864896000002
-3.36,0.7999999999999998,95.66562816
-3.2800000000000002,0.7999999999999998,93.24141056
-3.2,0.7999999999999998,91.3952
-3.12,0.7999999999999998,90.08718336
-3.04,0.7999999999999998,89.27853056000002
-2.96,0.7999999999999998,88.93139456000002
-2.88,0.7999999999999998,89.00891136
-2.8,0.7999999999999998,89.47520000000002
-2.7199999999999998,0.7999999999999998,90.29536256
-2.6399999999999997,0.7999999999999998,91.43548416000002
-2.56,0.7999999999999998,92.86263296
-2.48,0.7999999999999998,94.54486016
-2.4,0.7999999999999998,96.4512
-2.3200000000000003,0.7999999999999998,98.55166975999998
-2.24,0.7999999999999998,100.81726976000002
-2.16,0.7999999999999998,103.21998335999999
-2.08,0.7999999999999998,105.73277696000002
-2.0,0.7999999999999998,108.3296
-1.92,0.7999999999999998,110.98538496000003
-1.8399999999999999,0.7999999999999998,113.67604736000001
-1.7599999999999998,0.7999999999999998,116.37848576000002
-1.6800000000000002,0.7999999999999998,119.07058176000001
-1.6,0.7999999999999998,121.73120000000002
-1.52,0.7999999999999998,124.34018816000001
-1.44,0.7999999999999998,126.87837696000003
-1.3599999999999999,0.7999999999999998,129.32758016000002
-1.2799999999999998,0.7999999999999998,131.67059456
-1.1999999999999997,0.7999999999999998,133.89120000000003
-1.12,0.7999999999999998,135.97415936
-1.04,0.7999999999999998,137.90521855999998
-0.96,0.7999999999999998,139.67110656
-0.8799999999999999,0.7999999999999998,141.25953536
-0.7999999999999998,0.7999999999999998,142.6592
-0.7199999999999998,0.7999999999999998,143.85977856
-0.6400000000000001,0.7999999999999998,144.85193216
-0.56,0.7999999999999998,145.62730496
-0.48,0.7999999999999998,146.17852416
-0.3999999999999999,0.7999999999999998,146.49920000000003
-0.31999999999999984,0.7999999999999998,146.58392576
-0.23999999999999977,0.7999999999999998,146.42827776000001
-0.16000000000000014,0.7999999999999998,146.02881536
-0.08000000000000007,0.7999999999999998,145.38308096
0.0,0.7999999999999998,144.4896
0.08000000000000007,0.7999999999999998,143.34788096
0.16000000000000014,0.7999999999999998,141.95841536
0.2400000000000002,0.7999999999999998,140.32267776
0.3200000000000003,0.7999999999999998,138.44312576
0.40000000000000036,0.7999999999999998,136.32319999999999
0.4800000000000004,0.7999999999999998,133.96732415999998
0.5600000000000005,0.7999999999999998,131.38090496
0.6399999999999997,0.7999999999999998,128.57033216000002
0.7199999999999998,0.7999999999999998,125.54297856
0.7999999999999998,0.7999999999999998,122.30720000000001
0.8799999999999999,0.7999999999999998,118.87233536
0.96,0.7999999999999998,115.24870655999999
1.04,0.7999999999999998,111.44761856
1.12,0.7999999999999998,107.48135935999998
1.2000000000000002,0.7999999999999998,103.3632
1.2800000000000002,0.7999999999999998,99.10739455999997
1.3600000000000003,0.7999999999999998,94.72918016000001
1.4400000000000004,0.7999999999999998,90.24477695999998
1.5200000000000005,0.7999999999999998,85.67138815999998
1.6000000000000005,0.7999999999999998,81.02719999999998
1.6799999999999997,0.7999999999999998,76.33138176000003
1.7599999999999998,0.7999999999999998,71.60408576000002
1.8399999999999999,0.7999999999999998,66.86644736000002
1.92,0.7999999999999998,62.14058496000001
2.0,0.7999999999999998,57.449600000000004
2.08,0.7999999999999998,52.81757696
2.16,0.7999999999999998,48.26958336
2.24,0.7999999999999998,43.83166976
2.3200000000000003,0.7999999999999998,39.53086975999999
2.4000000000000004,0.7999999999999998,35.39519999999999
2.4800000000000004,0.7999999999999998,31.453660159999984
2.5600000000000005,0.7999999999999998,27.73623295999998
2.6400000000000006,0.7999999999999998,24.27388415999998
2.7199999999999998,0.7999999999999998,21.09856256000001
2.8,0.7999999999999998,18.24320000000001
2.88,0.7999999999999998,15.741711360000004
2.96,0.7999999999999998,13.628994560000006
3.04,0.7999999999999998,11.940930560000004
3.12,0.7999999999999998,10.714383360000001
3.2,0.7999999999999998,9.987200000000001
3.2800000000000002,0.7999999999999998,9.798210560000003
3.3600000000000003,0.7999999999999998,10.187228160000002
3.4400000000000004,0.7999999999999998,11.195048960000003
3.5200000000000005,0.7999999999999998,12.863452160000017
3.6000000000000005,0.7999999999999998,15.235200000000027
3.6799999999999997,0.7999999999999998,18.35403775999999
3.76,0.7999999999999998,22.26469376
3.84,0.7999999999999998,27.012879360000007
3.92,0.7999999999999998,32.645288959999995
4.0,0.7999999999999998,39.20960000000001
-4.0,0.8799999999999999,139.13729536
-3.92,0.8799999999999999,130.45791232
-3.84,0.8799999999999999,122.71247871999998
-3.76,0.8799999999999999,115.85331711999999
-3.68,0.8799999999999999,109.83373311999999
-3.6,0.8799999999999999,104.60801536
-3.52,0.8799999999999999,100.13143551999998
-3.44,0.8799999999999999,96.36024831999998
-3.36,0.8799999999999999,93.25169152
-3.2800000000000002,0.8799999999999999,90.76398592000001
-3.2,0.8799999999999999,88.85633535999999
-3.12,0.8799999999999999,87.48892672000001
-3.04,0.8799999999999999,86.62292991999999
-2.96,0.8799999999999999,86.22049792000001
-2.88,0.8799999999999999,86.24476672
-2.8,0.8799999999999999,86.65985536000002
-2.7199999999999998,0.8799999999999999,87.43086592
-2.6399999999999997,0.8799999999999999,88.52388352000003
-2.56,0.8799999999999999,89.90597632000001
-2.48,0.8799999999999999,91.54519552000001
-2.4,0.8799999999999999,93.41057536000001
-2.3200000000000003,0.8799999999999999,95.47213312
-2.24,0.8799999999999999,97.70086912
-2.16,0.8799999999999999,100.06876672
-2.08,0.8799999999999999,102.54879231999999
-2.0,0.8799999999999999,105.11489535999999
-1.92,0.8799999999999999,107.74200832
-1.8399999999999999,0.8799999999999999,110.40604672
-1.7599999999999998,0.8799999999999999,113.08390912000002
-1.6800000000000002,0.8799999999999999,115.75347712
-1.6,0.8799999999999999,118.39361536000001
-1.52,0.8799999999999999,120.98417152
-1.44,0.8799999999999999,123.50597632000002
-1.3599999999999999,0.8799999999999999,125.94084352000002
-1.2799999999999998,0.8799999999999999,128.27156992000002
-1.1999999999999997,0.8799999999999999,130.48193536
-1.12,0.8799999999999999,132.55670272
-1.04,0.8799999999999999,134.48161792
-0.96,0.8799999999999999,136.24340991999998
-0.8799999999999999,0.8799999999999999,137.82979072
-0.7999999999999998,0.8799999999999999,139.22945536
-0.7199999999999998,0.8799999999999999,140.43208192000003
-0.6400000000000001,0.8799999999999999,141.42833152
-0.56,0.8799999999999999,142.20984832
-0.48,0.8799999999999999,142.76925952
-0.3999999999999999,0.8799999999999999,143.10017536
-0.31999999999999984,0.8799999999999999,143.19718912000002
-0.23999999999999977,0.8799999999999999,143.05587712
-0.16000000000000014,0.8799999999999999,142.67279872
-0.08000000000000007,0.8799999999999999,142.04549631999998
0.0,0.8799999999999999,141.17249536000003
0.08000000000000007,0.8799999999999999,140.05330432
0.16000000000000014,0.8799999999999999,138.68841472
0.2400000000000002,0.8799999999999999,137.07930112
0.3200000000000003,0.8799999999999999,135.22842112
0.40000000000000036,0.8799999999999999,133.13921535999998
0.4800000000000004,0.8799999999999999,130.81610752
0.5600000000000005,0.8799999999999999,128.26450432
0.6399999999999997,0.8799999999999999,125.49079551999999
0.7199999999999998,0.8799999999999999,122.50235392000003
0.7999999999999998,0.8799999999999999,119.30753536
0.8799999999999999,0.8799999999999999,115.91567872000002
0.96,0.8799999999999999,112.33710592
1.04,0.8799999999999999,108.58312191999998
1.12,0.8799999999999999,104.66601472
1.2000000000000002,0.8799999999999999,100.59905536
1.2800000000000002,0.8799999999999999,96.39649792
1.3600000000000003,0.8799999999999999,92.07357951999998
1.4400000000000004,0.8799999999999999,87.64652031999998
1.5200000000000005,0.8799999999999999,83.13252351999998
1.6000000000000005,0.8799999999999999,78.54977535999998
1.6799999999999997,0.8799999999999999,73.91744512000001
1.7599999999999998,0.8799999999999999,69.25568512000001
1.8399999999999999,0.8799999999999999,64.58563072000001
1.92,0.8799999999999999,59.92940032
2.0,0.8799999999999999,55.31009536
2.08,0.8799999999999999,50.75180032
2.16,0.8799999999999999,46.27958271999999
2.24,0.8799999999999999,41.91949311999999
2.3200000000000003,0.8799999999999999,37.698565119999984
2.4000000000000004,0.8799999999999999,33.64481535999999
2.4800000000000004,0.8799999999999999,29.787243519999983
2.5600000000000005,0.8799999999999999,26.155832319999977
2.6400000000000006,0.8799999999999999,22.781547519999975
2.7199999999999998,0.8799999999999999,19.696337920000015
2.8,0.8799999999999999,16.93313536000001
2.88,0.8799999999999999,14.525854720000005
2.96,0.8799999999999999,12.509393919999999
3.04,0.8799999999999999,10.919633919999999
3.12,0.8799999999999999,9.79343872
3.2,0.8799999999999999,9.168655359999999
3.2800000000000002,0.8799999999999999,9.08411392
3.3600000000000003,0.8799999999999999,9.579627520000004
3.4400000000000004,0.8799999999999999,10.695992320000009
3.5200000000000005,0.8799999999999999,12.474987520000008
3.6000000000000005,0.8799999999999999,14.959375360000017
3.6799999999999997,0.8799999999999999,18.192901119999974
3.76,0.8799999999999999,22.220293119999987
3.84,0.8799999999999999,27.087262719999988
3.92,0.8799999999999999,32.84050431999998
4.0,0.8799999999999999,39.52769535999999
-4.0,0.96,137.09574656
-3.92,0.96,128.33853951999998
-3.84,0.96,120.51732992000001
-3.76,0.96,113.58444032
-3.68,0.96,107.49317632
-3.6,0.96,102.19782656000001
-3.52,0.96,97.65366272
-3.44,0.96,93.81693951999999
-3.36,0.96,90.64489471999998
-3.2800000000000002,0.96,88.09574912
-3.2,0.96,86.12870656000003
-3.12,0.96,84.70395391999999
-3.04,0.96,83.78266112000001
-2.96,0.96,83.32698111999999
-2.88,0.96,83.30004991999998
-2.8,0.96,83.66598656
-2.7199999999999998,0.96,84.38989311999998
-2.6399999999999997,0.96,85.43785472
-2.56,0.96,86.77693952
-2.48,0.96,88.37519872000001
-2.4,0.96,90.20166656
-2.3200000000000003,0.96,92.22636032
-2.24,0.96,94.42028032
-2.16,0.96,96.75540992
-2.08,0.96,99.20471552
-2.0,0.96,101.74214656000001
-1.92,0.96,104.34263552
-1.8399999999999999,0.96,106.98209792
-1.7599999999999998,0.96,109.63743232000002
-1.6800000000000002,0.96,112.28652032
-1.6,0.96,114.90822656
-1.52,0.96,117.48239871999999
-1.44,0.96,119.98986752
-1.3599999999999999,0.96,122.41244672
-1.2799999999999998,0.96,124.73293312
-1.1999999999999997,0.96,126.93510656000001
-1.12,0.96,129.00372991999998
-1.04,0.96,130.92454912000002
-0.96,0.96,132.68429312
-0.8799999999999999,0.96,134.27067391999998
-0.7999999999999998,0.96,135.67238656
-0.7199999999999998,0.96,136.87910911999998
-0.6400000000000001,0.96,137.88150272
-0.56,0.96,138.67121151999999
-0.48,0.96,139.24086272
-0.3999999999999999,0.96,139.58406656
-0.31999999999999984,0.96,139.69541632
-0.23999999999999977,0.96,139.57048831999998
-0.16000000000000014,0.96,139.20584192
-0.08000000000000007,0.96,138.59901952
0.0,0.96,137.74854655999997
0.08000000000000007,0.96,136.65393152000001
0.16000000000000014,0.96,135.31566592000001
0.2400000000000002,0.96,133.73522432000001
0.3200000000000003,0.96,131.91506432
0.40000000000000036,0.96,129.85862655999998
0.4800000000000004,0.96,127.57033471999999
0.5600000000000005,0.96,125.05559552
0.6399999999999997,0.96,122.32079872
0.7199999999999998,0.96,119.37331712
0.7999999999999998,0.96,116.22150656000002
0.8799999999999999,0.96,112.87470592
0.96,0.96,109.34323712
1.04,0.96,105.63840512000003
1.12,0.96,101.77249791999998
1.2000000000000002,0.96,97.75878655999999
1.2800000000000002,0.96,93.61152511999998
1.3600000000000003,0.96,89.34595072
1.4400000000000004,0.96,84.97828351999998
1.5200000000000005,0.96,80.52572671999998
1.6000000000000005,0.96,76.00646655999998
1.6799999999999997,0.96,71.43967232000003
1.7599999999999998,0.96,66.84549632000002
1.8399999999999999,0.96,62.24507392000001
1.92,0.96,57.66052352
2.0,0.96,53.11494656000001
2.08,0.96,48.63242751999999
2.16,0.96,44.23803392
2.24,0.96,39.95781631999999
2.3200000000000003,0.96,35.81880831999999
2.4000000000000004,0.96,31.849026559999984
2.4800000000000004,0.96,28.077470719999983
2.5600000000000005,0.96,24.534123519999977
2.6400000000000006,0.96,21.249950719999976
2.7199999999999998,0.96,18.256901120000006
2.8,0.96,15.587906560000008
2.88,0.96,13.276881920000001
2.96,0.96,11.358725120000006
3.04,0.96,9.869317120000003
3.12,0.96,8.84552192
3.2,0.96,8.32518656
3.2800000000000002,0.96,8.347141120000003
3.3600000000000003,0.96,8.95119872
3.4400000000000004,0.96,10.178155520000004
3.5200000000000005,0.96,12.069790720000018
3.6000000000000005,0.96,14.66886656000003
3.6799999999999997,0.96,18.01912831999999
3.76,0.96,22.16530432
3.84,0.96,27.15310592000001
3.92,0.96,33.02922752
4.0,0.96,39.84134656000001
-4.0,1.04,134.85625856
-3.92,1.04,126.02327551999997
-3.84,1.04,118.12833791999998
-3.76,1.04,111.12376831999998
-3.68,1.04,104.96287231999999
-3.6,1.04,99.59993856
-3.52,1.04,94.99023871999998
-3.44,1.04,91.09002751999999
-3.36,1.04,87.85654272
-3.2800000000000002,1.04,85.24800511999999
-3.2,1.04,83.22361856000002
-3.12,1.04,81.74356991999998
-3.04,1.04,80.76902911999998
-2.96,1.04,80.26214911999999
-2.88,1.04,80.18606591999999
-2.8,1.04,80.50489855999999
-2.7199999999999998,1.04,81.18374911999999
-2.6399999999999997,1.04,82.18870271999998
-2.56,1.04,83.48682752
-2.48,1.04,85.04617472000001
-2.4,1.04,86.83577856000001
-2.3200000000000003,1.04,88.82565632
-2.24,1.04,90.98680832
-2.16,1.04,93.29121792000001
-2.08,1.04,95.71185152
-2.0,1.04,98.22265856
-1.92,1.04,100.79857152
-1.8399999999999999,1.04,103.41550592000002
-1.7599999999999998,1.04,106.05036032000001
-1.6800000000000002,1.04,108.68101632
-1.6,1.04,111.28633855999999
-1.52,1.04,113.84617472
-1.44,1.04,116.34135552
-1.3599999999999999,1.04,118.75369472
-1.2799999999999998,1.04,121.06598912
-1.1999999999999997,1.04,123.26201855999997
-1.12,1.04,125.32654592000002
-1.04,1.04,127.24531711999998
-0.96,1.04,129.00506112
-0.8799999999999999,1.04,130.59348992000002
-0.7999999999999998,1.04,131.99929856
-0.7199999999999998,1.04,133.21216512
-0.6400000000000001,1.04,134.22275072
-0.56,1.04,135.02269952
-0.48,1.04,135.60463872
-0.3999999999999999,1.04,135.96217856
-0.31999999999999984,1.04,136.08991232
-0.23999999999999977,1.04,135.98341632
-0.16000000000000014,1.04,135.63924992
-0.08000000000000007,1.04,135.05495552
0.0,1.04,134.22905856
0.08000000000000007,1.04,133.16106752
0.16000000000000014,1.04,131.85147392
0.2400000000000002,1.04,130.30175232
0.3200000000000003,1.04,128.51436032
0.40000000000000036,1.04,126.49273855999998
0.4800000000000004,1.04,124.24131072
0.5600000000000005,1.04,121.76548351999999
0.6399999999999997,1.04,119.07164672
0.7199999999999998,1.04,116.16717312000003
0.7999999999999998,1.04,113.06041856000002
0.8799999999999999,1.04,109.76072192000002
0.96,1.04,106.27840511999999
1.04,1.04,102.62477311999999
1.12,1.04,98.81211392000002
1.2000000000000002,1.04,94.85369855999998
1.2800000000000002,1.04,90.76378112
1.3600000000000003,1.04,86.55759871999997
1.4400000000000004,1.04,82.25137151999996
1.5200000000000005,1.04,77.86230271999997
1.6000000000000005,1.04,73.40857855999997
1.6799999999999997,1.04,68.90936832000001
1.7599999999999998,1.04,64.38482432000002
1.8399999999999999,1.04,59.85608192000001
1.92,1.04,55.34525952
2.0,1.04,50.87545856
2.08,1.04,46.47076351999999
2.16,1.04,42.15624192
2.24,1.04,37.957944319999996
2.3200000000000003,1.04,33.90290431999999
2.4000000000000004,1.04,30.019138559999984
2.4800000000000004,1.04,26.33564671999998
2.5600000000000005,1.04,22.882411519999977
2.6400000000000006,1.04,19.690398719999983
2.7199999999999998,1.04,16.791557120000014
2.8,1.04,14.218818560000006
2.88,1.04,12.006097920000006
2.96,1.04,10.18829312
3.04,1.04,8.801285119999998
3.12,1.04,7.88193792
3.2,1.04,7.46809856
3.2800000000000002,1.04,7.59859712
3.3600000000000003,1.04,8.313246720000006
3.4400000000000004,1.04,9.652843520000012
3.5200000000000005,1.04,11.659166720000009
3.6000000000000005,1.04,14.37497856000002
3.6799999999999997,1.04,17.844024319999974
3.76,1.04,22.111032319999985
3.84,1.04,27.22171391999999
3.92,1.04,33.22276351999998
4.0,1.04,40.16185855999999
-4.0,1.12,132.43111936
-3.92,1.12,123.52440831999998
-3.84,1.12,115.55779072
-3.76,1.12,108.48358911999999
-3.68,1.12,102.25510912
-3.6,1.12,96.82663936000003
-3.52,1.12,92.15345151999999
-3.44,1.12,88.19180032000001
-3.36,1.12,84.89892351999998
-3.2800000000000002,1.12,82.23304192000002
-3.2,1.12,80.15335936000001
-3.12,1.12,78.62006272
-3.04,1.12,77.59432192
-2.96,1.12,77.03828992000001
-2.88,1.12,76.91510272000001
-2.8,1.12,77.18887936000002
-2.7199999999999998,1.12,77.82472192
-2.6399999999999997,1.12,78.78871552000001
-2.56,1.12,80.04792832
-2.48,1.12,81.57041152
-2.4,1.12,83.32519936
-2.3200000000000003,1.12,85.28230911999998
-2.24,1.12,87.41274111999999
-2.16,1.12,89.68847871999999
-2.08,1.12,92.08248831999998
-2.0,1.12,94.56871935999999
-1.92,1.12,97.12210432
-1.8399999999999999,1.12,99.71855872
-1.7599999999999998,1.12,102.33498112000001
-1.6800000000000002,1.12,104.94925311999998
-1.6,1.12,107.54023935999999
-1.52,1.12,110.08778751999999
-1.44,1.12,112.57272832000001
-1.3599999999999999,1.12,114.97687552
-1.2799999999999998,1.12,117.28302592
-1.1999999999999997,1.12,119.47495936000001
-1.12,1.12,121.53743871999997
-1.04,1.12,123.45620992
-0.96,1.12,125.21800192000002
-0.8799999999999999,1.12,126.81052671999998
-0.7999999999999998,1.12,128.22247936
-0.7199999999999998,1.12,129.44353791999998
-0.6400000000000001,1.12,130.46436352
-0.56,1.12,131.27660032
-0.48,1.12,131.87287551999998
-0.3999999999999999,1.12,132.24679936
-0.31999999999999984,1.12,132.39296511999999
-0.23999999999999977,1.12,132.30694912
-0.16000000000000014,1.12,131.98531072
-0.08000000000000007,1.12,131.42559232
0.0,1.12,130.62631935999997
0.08000000000000007,1.12,129.58700032
0.16000000000000014,1.12,128.30812672
0.2400000000000002,1.12,126.79117312
0.3200000000000003,1.12,125.03859711999999
0.40000000000000036,1.12,123.05383935999997
0.4800000000000004,1.12,120.84132351999999
0.5600000000000005,1.12,118.40645631999999
0.6399999999999997,1.12,115.75562751999999
0.7199999999999998,1.12,112.89620991999998
0.7999999999999998,1.12,109.83655936
0.8799999999999999,1.12,106.58601471999998
0.96,1.12,103.15489792000002
1.04,1.12,99.55451392
1.12,1.12,95.79715071999996
1.2000000000000002,1.12,91.89607935999999
1.2800000000000002,1.12,87.86555391999997
1.3600000000000003,1.12,83.72081152
1.4400000000000004,1.12,79.47807231999997
1.5200000000000005,1.12,75.15453951999997
1.6000000000000005,1.12,70.76839935999998
1.6799999999999997,1.12,66.33882112
1.7599999999999998,1.12,61.88595712000001
1.8399999999999999,1.12,57.430942720000004
1.92,1.12,52.99589632
2.0,1.12,48.60391935999999
2.08,1.12,44.279096319999994
2.16,1.12,40.04649471999999
2.24,1.12,35.932165119999986
2.3200000000000003,1.12,31.96314111999998
2.4000000000000004,1.12,28.16743935999998
2.4800000000000004,1.12,24.574059519999977
2.5600000000000005,1.12,21.212984319999975
2.6400000000000006,1.12,18.11517951999997
2.7199999999999998,1.12,15.312593920000001
2.8,1.12,12.838159360000002
2.88,1.12,10.725790719999996
2.96,1.12,9.010385920000001
3.04,1.12,7.727825919999999
3.12,1.12,6.914974719999997
3.2,1.12,6.6096793599999994
3.2800000000000002,1.12,6.850769920000001
3.3600000000000003,1.12,7.67805952
3.4400000000000004,1.12,9.132344320000001
3.5200000000000005,1.12,11.255403520000016
3.6000000000000005,1.12,14.089999360000029
3.6799999999999997,1.12,17.679877119999986
3.76,1.12,22.06976512
3.84,1.12,27.305374720000003
3.92,1.12,33.43340032
4.0,1.12,40.50151936000001
-4.0,1.2000000000000002,129.83359999999996
-3.92,1.2000000000000002,120.85520895999998
-3.84,1.2000000000000002,112.81895935999995
-3.76,1.2000000000000002,105.67717375999999
-3.68,1.2000000000000002,99.38315776
-3.6,1.2000000000000002,93.89120000000001
-3.52,1.2000000000000002,89.15657216
-3.44,1.2000000000000002,85.13552896
-3.36,1.2000000000000002,81.78530816
-3.2800000000000002,1.2000000000000002,79.06413056000001
-3.2,1.2000000000000002,76.9312
-3.12,1.2000000000000002,75.34670335999999
-3.04,1.2000000000000002,74.27181055999999
-2.96,1.2000000000000002,73.66867455999999
-2.88,1.2000000000000002,73.50043136
-2.8,1.2000000000000002,73.73119999999999
-2.7199999999999998,1.2000000000000002,74.32608256
-2.6399999999999997,1.2000000000000002,75.25116416
-2.56,1.2000000000000002,76.47351295999998
-2.48,1.2000000000000002,77.96118015999998
-2.4,1.2000000000000002,79.68319999999999
-2.3200000000000003,1.2000000000000002,81.60958975999999
-2.24,1.2000000000000002,83.71134975999999
-2.16,1.2000000000000002,85.96046335999999
-2.08,1.2000000000000002,88.32989695999999
-2.0,1.2000000000000002,90.7936
-1.92,1.2000000000000002,93.32650496
-1.8399999999999999,1.2000000000000002,95.90452736
-1.7599999999999998,1.2000000000000002,98.50456576
-1.6800000000000002,1.2000000000000002,101.10450175999998
-1.6,1.2000000000000002,103.6832
-1.52,1.2000000000000002,106.22050816
-1.44,1.2000000000000002,108.69725696
-1.3599999999999999,1.2000000000000002,111.09526016000001
-1.2799999999999998,1.2000000000000002,113.39731455999998
-1.1999999999999997,1.2000000000000002,115.58719999999998
-1.12,1.2000000000000002,117.64967936000001
-1.04,1.2000000000000002,119.57049855999998
-0.96,1.2000000000000002,121.33638656
-0.8799999999999999,1.2000000000000002,122.93505536
-0.7999999999999998,1.2000000000000002,124.3552
-0.7199999999999998,1.2000000000000002,125.58649856000002
-0.6400000000000001,1.2000000000000002,126.61961215999997
-0.56,1.2000000000000002,127.44618495999998
-0.48,1.2000000000000002,128.05884415999998
-0.3999999999999999,1.2000000000000002,128.4512
-0.31999999999999984,1.2000000000000002,128.61784576
-0.23999999999999977,1.2000000000000002,128.55435776
-0.16000000000000014,1.2000000000000002,128.25729536
-0.08000000000000007,1.2000000000000002,127.72420095999999
0.0,1.2000000000000002,126.95360000000002
0.08000000000000007,1.2000000000000002,125.94500095999999
0.16000000000000014,1.2000000000000002,124.69889536
0.2400000000000002,1.2000000000000002,123.21675776
0.3200000000000003,1.2000000000000002,121.50104575999998
0.40000000000000036,1.2000000000000002,119.55519999999997
0.4800000000000004,1.2000000000000002,117.38364415999999
0.5600000000000005,1.2000000000000002,114.99178495999999
0.6399999999999997,1.2000000000000002,112.38601215999999
0.7199999999999998,1.2000000000000002,109.57369856000003
0.7999999999999998,1.2000000000000002,106.56320000000001
0.8799999999999999,1.2000000000000002,103.36385536000002
0.96,1.2000000000000002,99.98598655999999
1.04,1.2000000000000002,96.44089855999998
1.12,1.2000000000000002,92.74087936000001
1.2000000000000002,1.2000000000000002,88.89919999999998
1.2800000000000002,1.2000000000000002,84.93011455999999
1.3600000000000003,1.2000000000000002,80.84886015999999
1.4400000000000004,1.2000000000000002,76.67165695999996
1.5200000000000005,1.2000000000000002,72.41570815999997
1.6000000000000005,1.2000000000000002,68.09919999999997
1.6799999999999997,1.2000000000000002,63.74130176000001
1.7599999999999998,1.2000000000000002,59.36216576000001
1.8399999999999999,1.2000000000000002,54.982927360000005
1.92,1.2000000000000002,50.62570495999999
2.0,1.2000000000000002,46.313599999999994
2.08,1.2000000000000002,42.07069695999999
2.16,1.2000000000000002,37.92206335999999
2.24,1.2000000000000002,33.893749759999984
2.3200000000000003,1.2000000000000002,30.012789759999983
2.4000000000000004,1.2000000000000002,26.30719999999998
2.4800000000000004,1.2000000000000002,22.805980159999976
2.5600000000000005,1.2000000000000002,19.539112959999976
2.6400000000000006,1.2000000000000002,16.53756415999998
2.7199999999999998,1.2000000000000002,13.83328256000001
2.8,1.2000000000000002,11.459200000000003
2.88,1.2000000000000002,9.449231360000002
2.96,1.2000000000000002,7.838274559999997
3.04,1.2000000000000002,6.662210559999997
3.12,1.2000000000000002,5.957903359999998
3.2,1.2000000000000002,5.7631999999999985
3.2800000000000002,1.2000000000000002,6.116930559999998
3.3600000000000003,1.2000000000000002,7.058908160000006
3.4400000000000004,1.2000000000000002,8.629928960000012
3.5200000000000005,1.2000000000000002,10.87177216000001
3.6000000000000005,1.2000000000000002,13.827200000000019
3.6799999999999997,1.2000000000000002,17.53995775999997
3.76,1.2000000000000002,22.054773759999986
3.84,1.2000000000000002,27.417359359999985
3.92,1.2000000000000002,33.67440895999998
4.0,1.2000000000000002,40.87359999999999
-4.0,1.2800000000000002,127.07795456
-3.92,1.2800000000000002,118.02993151999998
-3.84,1.2800000000000002,109.92609791999999
-3.76,1.2800000000000002,102.71877631999998
-3.68,1.2800000000000002,96.36127232
-3.6,1.2800000000000002,90.80787455999999
-3.52,1.2800000000000002,86.01385471999998
-3.44,1.2800000000000002,81.93546751999997
-3.36,1.2800000000000002,78.52995071999996
-3.2800000000000002,1.2800000000000002,75.75552512000002
-3.2,1.2800000000000002,73.57139455999999
-3.12,1.2800000000000002,71.93774592000001
-3.04,1.2800000000000002,70.81574911999998
-2.96,1.2800000000000002,70.16755712000001
-2.88,1.2800000000000002,69.95630591999998
-2.8,1.2800000000000002,70.14611456
-2.7199999999999998,1.2800000000000002,70.70208511999998
-2.6399999999999997,1.2800000000000002,71.59030272000001
-2.56,1.2800000000000002,72.77783552
-2.48,1.2800000000000002,74.23273472
-2.4,1.2800000000000002,75.92403456
-2.3200000000000003,1.2800000000000002,77.82175231999997
-2.24,1.2800000000000002,79.89688831999999
-2.16,1.2800000000000002,82.12142591999998
-2.08,1.2800000000000002,84.46833151999998
-2.0,1.2800000000000002,86.91155455999998
-1.92,1.2800000000000002,89.42602751999999
-1.8399999999999999,1.2800000000000002,91.98766592
-1.7599999999999998,1.2800000000000002,94.57336832
-1.6800000000000002,1.2800000000000002,97.16101631999996
-1.6,1.2800000000000002,99.72947455999997
-1.52,1.2800000000000002,102.25859071999997
-1.44,1.2800000000000002,104.72919551999998
-1.3599999999999999,1.2800000000000002,107.12310271999999
-1.2799999999999998,1.2800000000000002,109.42310911999999
-1.1999999999999997,1.2800000000000002,111.61299456
-1.12,1.2800000000000002,113.67752191999996
-1.04,1.2800000000000002,115.60243711999999
-0.96,1.2800000000000002,117.37446912
-0.8799999999999999,1.2800000000000002,118.98132991999998
-0.7999999999999998,1.2800000000000002,120.41171455999998
-0.7199999999999998,1.2800000000000002,121.65530111999996
-0.6400000000000001,1.2800000000000002,122.70275071999998
-0.56,1.2800000000000002,123.54570752
-0.48,1.2800000000000002,124.17679872
-0.3999999999999999,1.2800000000000002,124.58963456000001
-0.31999999999999984,1.2800000000000002,124.77880831999998
-0.23999999999999977,1.2800000000000002,124.73989631999999
-0.16000000000000014,1.2800000000000002,124.46945792
-0.08000000000000007,1.2800000000000002,123.96503551999999
0.0,1.2800000000000002,123.22515455999996
0.08000000000000007,1.2800000000000002,122.24932351999998
0.16000000000000014,1.2800000000000002,121.03803391999999
0.2400000000000002,1.2800000000000002,119.59276032
0.3200000000000003,1.2800000000000002,117.91596031999998
0.40000000000000036,1.2800000000000002,116.01107455999997
0.4800000000000004,1.2800000000000002,113.88252671999997
0.5600000000000005,1.2800000000000002,111.53572351999999
0.6399999999999997,1.2800000000000002,108.97705471999998
0.7199999999999998,1.2800000000000002,106.21389311999997
0.7999999999999998,1.2800000000000002,103.25459455999999
0.8799999999999999,1.2800000000000002,100.10849791999998
0.96,1.2800000000000002,96.78592512
1.04,1.2800000000000002,93.29818112
1.12,1.2800000000000002,89.65755391999997
1.2000000000000002,1.2800000000000002,85.87731455999999
1.2800000000000002,1.2800000000000002,81.97171711999997
1.3600000000000003,1.2800000000000002,77.95599871999997
1.4400000000000004,1.2800000000000002,73.84637951999996
1.5200000000000005,1.2800000000000002,69.66006271999997
1.6000000000000005,1.2800000000000002,65.41523455999997
1.6799999999999997,1.2800000000000002,61.13106432000001
1.7599999999999998,1.2800000000000002,56.82770432000001
1.8399999999999999,1.2800000000000002,52.52628992
1.92,1.2800000000000002,48.24893951999999
2.0,1.2800000000000002,44.01875455999999
2.08,1.2800000000000002,39.85981951999999
2.16,1.2800000000000002,35.797201919999985
2.24,1.2800000000000002,31.856952319999984
2.3200000000000003,1.2800000000000002,28.06610431999998
2.4000000000000004,1.2800000000000002,24.452674559999977
2.4800000000000004,1.2800000000000002,21.045662719999974
2.5600000000000005,1.2800000000000002,17.87505151999997
2.6400000000000006,1.2800000000000002,14.971806719999968
2.7199999999999998,1.2800000000000002,12.367877119999998
2.8,1.2800000000000002,10.09619456
2.88,1.2800000000000002,8.190673919999995
2.96,1.2800000000000002,6.686213119999998
3.04,1.2800000000000002,5.618693119999996
3.12,1.2800000000000002,5.024977919999996
3.2,1.2800000000000002,4.942914559999999
3.2800000000000002,1.2800000000000002,5.411333120000002
3.3600000000000003,1.2800000000000002,6.47004672
3.4400000000000004,1.2800000000000002,8.159851520000004
3.5200000000000005,1.2800000000000002,10.522526720000018
3.6000000000000005,1.2800000000000002,13.600834560000031
3.6799999999999997,1.2800000000000002,17.438520319999984
3.76,1.2800000000000002,22.08031232
3.84,1.2800000000000002,27.571921920000005
3.92,1.2800000000000002,33.96004351999999
4.0,1.2800000000000002,41.292354560000014
-4.0,1.3600000000000003,124.17942015999998
-3.92,1.3600000000000003,115.06381311999996
-3.84,1.3600000000000003,106.89444351999998
-3.76,1.3600000000000003,99.62363391999997
-3.68,1.3600000000000003,93.20468991999999
-3.6,1.3600000000000003,87.59190016
-3.52,1.3600000000000003,82.74053631999999
-3.44,1.3600000000000003,78.60685311999998
-3.36,1.3600000000000003,75.14808831999999
-3.2800000000000002,1.3600000000000003,72.32246271999998
-3.2,1.3600000000000003,70.08918015999998
-3.12,1.3600000000000003,68.40842751999998
-3.04,1.3600000000000003,67.24137471999998
-2.96,1.3600000000000003,66.55017471999997
-2.88,1.3600000000000003,66.29796351999997
-2.8,1.3600000000000003,66.44886016
-2.7199999999999998,1.3600000000000003,66.96796671999999
-2.6399999999999997,1.3600000000000003,67.82136831999999
-2.56,1.3600000000000003,68.97613311999999
-2.48,1.3600000000000003,70.40031231999998
-2.4,1.3600000000000003,72.06294015999998
-2.3200000000000003,1.3600000000000003,73.93403391999998
-2.24,1.3600000000000003,75.98459391999998
-2.16,1.3600000000000003,78.18660351999999
-2.08,1.3600000000000003,80.51302911999998
-2.0,1.3600000000000003,82.93782015999999
-1.92,1.3600000000000003,85.43590911999999
-1.8399999999999999,1.3600000000000003,87.98321152
-1.7599999999999998,1.3600000000000003,90.55662592
-1.6800000000000002,1.3600000000000003,93.13403391999998
-1.6,1.3600000000000003,95.69430015999998
-1.52,1.3600000000000003,98.21727231999998
-1.44,1.3600000000000003,100.68378111999998
-1.3599999999999999,1.3600000000000003,103.07564031999999
-1.2799999999999998,1.3600000000000003,105.37564671999998
-1.1999999999999997,1.3600000000000003,107.56758015999998
-1.12,1.3600000000000003,109.63620352
-1.04,1.3600000000000003,111.56726271999997
-0.96,1.3600000000000003,113.34748671999998
-0.8799999999999999,1.3600000000000003,114.96458752000001
-0.7999999999999998,1.3600000000000003,116.40726015999999
-0.7199999999999998,1.3600000000000003,117.66518272000002
-0.6400000000000001,1.3600000000000003,118.72901631999999
-0.56,1.3600000000000003,119.59040511999999
-0.48,1.3600000000000003,120.24197631999996
-0.3999999999999999,1.3600000000000003,120.67734016
-0.31999999999999984,1.3600000000000003,120.89108991999998
-0.23999999999999977,1.3600000000000003,120.87880191999997
-0.16000000000000014,1.3600000000000003,120.63703551999998
-0.08000000000000007,1.3600000000000003,120.16333311999999
0.0,1.3600000000000003,119.45622016
0.08000000000000007,1.3600000000000003,118.51520511999999
0.16000000000000014,1.3600000000000003,117.34077951999998
0.2400000000000002,1.3600000000000003,115.93441791999999
0.3200000000000003,1.3600000000000003,114.29857791999999
0.40000000000000036,1.3600000000000003,112.43670015999996
0.4800000000000004,1.3600000000000003,110.35320831999996
0.5600000000000005,1.3600000000000003,108.05350911999999
0.6399999999999997,1.3600000000000003,105.54399232
0.7199999999999998,1.3600000000000003,102.83203072000002
0.7999999999999998,1.3600000000000003,99.92598016
0.8799999999999999,1.3600000000000003,96.83517952000001
0.96,1.3600000000000003,93.56995071999998
1.04,1.3600000000000003,90.14159871999998
1.12,1.3600000000000003,86.56241152
1.2000000000000002,1.3600000000000003,82.84566016
1.2800000000000002,1.3600000000000003,79.00559872
1.3600000000000003,1.3600000000000003,75.05746431999998
1.4400000000000004,1.3600000000000003,71.01747711999997
1.5200000000000005,1.3600000000000003,66.90284031999997
1.6000000000000005,1.3600000000000003,62.731740159999966
1.6799999999999997,1.3600000000000003,58.523345920000004
1.7599999999999998,1.3600000000000003,54.297809920000006
1.8399999999999999,1.3600000000000003,50.07626752
1.92,1.3600000000000003,45.88083711999999
2.0,1.3600000000000003,41.73462015999999
2.08,1.3600000000000003,37.66170111999999
2.16,1.3600000000000003,33.68714751999999
2.24,1.3600000000000003,29.837009919999986
2.3200000000000003,1.3600000000000003,26.13832191999998
2.4000000000000004,1.3600000000000003,22.61910015999998
2.4800000000000004,1.3600000000000003,19.30834431999998
2.5600000000000005,1.3600000000000003,16.236037119999974
2.6400000000000006,1.3600000000000003,13.433144319999979
2.7199999999999998,1.3600000000000003,10.931614720000006
2.8,1.3600000000000003,8.76438016
2.88,1.3600000000000003,6.965355520000001
2.96,1.3600000000000003,5.569438719999996
3.04,1.3600000000000003,4.612510719999997
3.12,1.3600000000000003,4.1314355199999975
3.2,1.3600000000000003,4.164060159999999
3.2800000000000002,1.3600000000000003,4.7492147199999994
3.3600000000000003,1.3600000000000003,5.926712320000007
3.4400000000000004,1.3600000000000003,7.737349120000013
3.5200000000000005,1.3600000000000003,10.222904320000012
3.6000000000000005,1.3600000000000003,13.426140160000022
3.6799999999999997,1.3600000000000003,17.390801919999973
3.76,1.3600000000000003,22.161617919999987
3.84,1.3600000000000003,27.78429951999999
3.92,1.3600000000000003,34.30554111999997
4.0,1.3600000000000003,41.77302015999999
-4.0,1.4400000000000004,121.15421696
-3.92,1.4400000000000004,111.97307391999999
-3.84,1.4400000000000004,103.74021631999999
-3.76,1.4400000000000004,96.40796671999999
-3.68,1.4400000000000004,89.92963072
-3.6,1.4400000000000004,84.25949695999999
-3.52,1.4400000000000004,79.35283711999999
-3.44,1.4400000000000004,75.16590591999997
-3.36,1.4400000000000004,71.65594111999997
-3.2800000000000002,1.4400000000000004,68.78116351999999
-3.2,1.4400000000000004,66.50077695999998
-3.12,1.4400000000000004,64.77496831999999
-3.04,1.4400000000000004,63.56490751999998
-2.96,1.4400000000000004,62.83274751999998
-2.88,1.4400000000000004,62.541624319999976
-2.8,1.4400000000000004,62.65565695999997
-2.7199999999999998,1.4400000000000004,63.139947519999964
-2.6399999999999997,1.4400000000000004,63.960581119999986
-2.56,1.4400000000000004,65.08462591999998
-2.48,1.4400000000000004,66.48013311999998
-2.4,1.4400000000000004,68.11613695999998
-2.3200000000000003,1.4400000000000004,69.96265471999997
-2.24,1.4400000000000004,71.99068671999999
-2.16,1.4400000000000004,74.17221631999998
-2.08,1.4400000000000004,76.48020991999998
-2.0,1.4400000000000004,78.88861695999998
-1.92,1.4400000000000004,81.37236991999998
-1.8399999999999999,1.4400000000000004,83.90738431999999
-1.7599999999999998,1.4400000000000004,86.47055871999999
-1.6800000000000002,1.4400000000000004,89.03977471999997
-1.6,1.4400000000000004,91.59389695999997
-1.52,1.4400000000000004,94.11277311999999
-1.44,1.4400000000000004,96.57723391999998
-1.3599999999999999,1.4400000000000004,98.96909311999998
-1.2799999999999998,1.4400000000000004,101.27114751999997
-1.1999999999999997,1.4400000000000004,103.46717695999999
-1.12,1.4400000000000004,105.54194431999994
-1.04,1.4400000000000004,107.48119552
-0.96,1.4400000000000004,109.27165951999999
-0.8799999999999999,1.4400000000000004,110.90104831999996
-0.7999999999999998,1.4400000000000004,112.35805695999997
-0.7199999999999998,1.4400000000000004,113.63236351999997
-0.6400000000000001,1.4400000000000004,114.71462911999998
-0.56,1.4400000000000004,115.59649791999998
-0.48,1.4400000000000004,116.27059711999998
-0.3999999999999999,1.4400000000000004,116.73053696
-0.31999999999999984,1.4400000000000004,116.97091071999998
-0.23999999999999977,1.4400000000000004,116.98729472
-0.16000000000000014,1.4400000000000004,116.77624832
-0.08000000000000007,1.4400000000000004,116.33531391999998
0.0,1.4400000000000004,115.66301695999996
0.08000000000000007,1.4400000000000004,114.75886591999998
0.16000000000000014,1.4400000000000004,113.62335231999998
0.2400000000000002,1.4400000000000004,112.25795072
0.3200000000000003,1.4400000000000004,110.66511871999998
0.40000000000000036,1.4400000000000004,108.84829695999996
0.4800000000000004,1.4400000000000004,106.81190911999998
0.5600000000000005,1.4400000000000004,104.56136191999997
0.6399999999999997,1.4400000000000004,102.10304511999998
0.7199999999999998,1.4400000000000004,99.44433151999998
0.7999999999999998,1.4400000000000004,96.59357696
0.8799999999999999,1.4400000000000004,93.56012031999997
0.96,1.4400000000000004,90.35428352
1.04,1.4400000000000004,86.98737152
1.12,1.4400000000000004,83.47167231999995
1.2000000000000002,1.4400000000000004,79.82045695999997
1.2800000000000002,1.4400000000000004,76.04797951999997
1.3600000000000003,1.4400000000000004,72.16947711999998
1.4400000000000004,1.4400000000000004,68.20116991999996
1.5200000000000005,1.4400000000000004,64.16026111999997
1.6000000000000005,1.4400000000000004,60.06493695999997
1.6799999999999997,1.4400000000000004,55.93436672
1.7599999999999998,1.4400000000000004,51.78870272
1.8399999999999999,1.4400000000000004,47.649080319999996
1.92,1.4400000000000004,43.537617919999995
2.0,1.4400000000000004,39.47741695999999
2.08,1.4400000000000004,35.492561919999986
2.16,1.4400000000000004,31.608120319999987
2.24,1.4400000000000004,27.850142719999987
2.3200000000000003,1.4400000000000004,24.24566271999998
2.4000000000000004,1.4400000000000004,20.82269695999998
2.4800000000000004,1.4400000000000004,17.610245119999977
2.5600000000000005,1.4400000000000004,14.638289919999973
2.6400000000000006,1.4400000000000004,11.93779711999997
2.7199999999999998,1.4400000000000004,9.540715519999994
2.8,1.4400000000000004,7.479976959999997
2.88,1.4400000000000004,5.789496319999992
2.96,1.4400000000000004,4.5041715199999945
3.04,1.4400000000000004,3.6598835199999935
3.12,1.4400000000000004,3.2934963199999943
3.2,1.4400000000000004,3.442856959999998
3.2800000000000002,1.4400000000000004,4.146795520000001
3.3600000000000003,1.4400000000000004,5.445125119999998
3.4400000000000004,1.4400000000000004,7.3786419200000015
3.5200000000000005,1.4400000000000004,9.989125120000018
3.6000000000000005,1.4400000000000004,13.319336960000031
3.6799999999999997,1.4400000000000004,17.413022719999987
3.76,1.4400000000000004,22.31491072
3.84,1.4400000000000004,28.07071232000001
3.92,1.4400000000000004,34.72712192
4.0,1.4400000000000004,42.33181696000002
-4.0,1.5200000000000005,118.01954815999997
-3.92,1.5200000000000005,108.77491711999996
-3.84,1.5200000000000005,100.48061951999996
-3.76,1.5200000000000005,93.08897791999996
-3.68,1.5200000000000005,86.55329791999998
-3.6,1.5200000000000005,80.82786815999997
-3.52,1.5200000000000005,75.86796031999997
-3.44,1.5200000000000005,71.62982911999997
-3.36,1.5200000000000005,68.07071231999997
-3.2800000000000002,1.5200000000000005,65.14883071999998
-3.2,1.5200000000000005,62.823388159999986
-3.12,1.5200000000000005,61.05457151999998
-3.04,1.5200000000000005,59.803550719999976
-2.96,1.5200000000000005,59.03247871999997
-2.88,1.5200000000000005,58.70449151999998
-2.8,1.5200000000000005,58.783708159999975
-2.7199999999999998,1.5200000000000005,59.23523071999998
-2.6399999999999997,1.5200000000000005,60.02514431999998
-2.56,1.5200000000000005,61.12051711999999
-2.48,1.5200000000000005,62.48940031999999
-2.4,1.5200000000000005,64.10082815999998
-2.3200000000000003,1.5200000000000005,65.92481791999997
-2.24,1.5200000000000005,67.93236991999997
-2.16,1.5200000000000005,70.09546751999997
-2.08,1.5200000000000005,72.38707711999997
-2.0,1.5200000000000005,74.78114815999997
-1.92,1.5200000000000005,77.25261311999998
-1.8399999999999999,1.5200000000000005,79.77738751999999
-1.7599999999999998,1.5200000000000005,82.33236991999999
-1.6800000000000002,1.5200000000000005,84.89544191999997
-1.6,1.5200000000000005,87.44546815999996
-1.52,1.5200000000000005,89.96229631999996
-1.44,1.5200000000000005,92.42675711999996
-1.3599999999999999,1.5200000000000005,94.82066431999996
-1.2799999999999998,1.5200000000000005,97.12681471999997
-1.1999999999999997,1.5200000000000005,99.32898815999997
-1.12,1.5200000000000005,101.41194751999998
-1.04,1.5200000000000005,103.36143871999997
-0.96,1.5200000000000005,105.16419071999997
-0.8799999999999999,1.5200000000000005,106.80791552
-0.7999999999999998,1.5200000000000005,108.28130815999998
-0.7199999999999998,1.5200000000000005,109.57404672
-0.6400000000000001,1.5200000000000005,110.67679231999999
-0.56,1.5200000000000005,111.58118911999998
-0.48,1.5200000000000005,112.27986431999997
-0.3999999999999999,1.5200000000000005,112.76642816
-0.31999999999999984,1.5200000000000005,113.03547391999999
-0.23999999999999977,1.5200000000000005,113.08257791999998
-0.16000000000000014,1.5200000000000005,112.90429951999998
-0.08000000000000007,1.5200000000000005,112.49818111999997
0.0,1.5200000000000005,111.86274816
0.08000000000000007,1.5200000000000005,110.99750911999998
0.16000000000000014,1.5200000000000005,109.90295551999998
0.2400000000000002,1.5200000000000005,108.58056191999998
0.3200000000000003,1.5200000000000005,107.03278591999998
0.40000000000000036,1.5200000000000005,105.26306815999995
0.4800000000000004,1.5200000000000005,103.27583231999996
0.5600000000000005,1.5200000000000005,101.07648511999997
0.6399999999999997,1.5200000000000005,98.67141631999999
0.7199999999999998,1.5200000000000005,96.06799872
0.7999999999999998,1.5200000000000005,93.27458816
0.8799999999999999,1.5200000000000005,90.30052352
0.96,1.5200000000000005,87.15612671999997
1.04,1.5200000000000005,83.85270271999997
1.12,1.5200000000000005,80.40253951999999
1.2000000000000002,1.5200000000000005,76.81890815999998
1.2800000000000002,1.5200000000000005,73.11606271999997
1.3600000000000003,1.5200000000000005,69.30924031999997
1.4400000000000004,1.5200000000000005,65.41466111999996
1.5200000000000005,1.5200000000000005,61.44952831999996
1.6000000000000005,1.5200000000000005,57.43202815999996
1.6799999999999997,1.5200000000000005,53.38132992
1.7599999999999998,1.5200000000000005,49.31758592
1.8399999999999999,1.5200000000000005,45.26193152
1.92,1.5200000000000005,41.23648511999999
2.0,1.5200000000000005,37.26434815999999
2.08,1.5200000000000005,33.36960511999998
2.16,1.5200000000000005,29.577323519999986
2.24,1.5200000000000005,25.91355391999998
2.3200000000000003,1.5200000000000005,22.40532991999998
2.4000000000000004,1.5200000000000005,19.080668159999977
2.4800000000000004,1.5200000000000005,15.968568319999974
2.5600000000000005,1.5200000000000005,13.099013119999977
2.6400000000000006,1.5200000000000005,10.502968319999978
2.7199999999999998,1.5200000000000005,8.212382720000003
2.8,1.5200000000000005,6.260188159999998
2.88,1.5200000000000005,4.6802995199999975
2.96,1.5200000000000005,3.507614719999994
3.04,1.5200000000000005,2.778014719999995
3.12,1.5200000000000005,2.5283635199999956
3.2,1.5200000000000005,2.7965081599999975
3.2800000000000002,1.5200000000000005,3.6212787199999985
3.3600000000000003,1.5200000000000005,5.0424883200000075
3.4400000000000004,1.5200000000000005,7.100933120000013
3.5200000000000005,1.5200000000000005,9.838392320000013
3.6000000000000005,1.5200000000000005,13.297628160000023
3.6799999999999997,1.5200000000000005,17.522385919999973
3.76,1.5200000000000005,22.557393919999985
3.84,1.5200000000000005,28.448363519999987
3.92,1.5200000000000005,35.24198911999998
4.0,1.5200000000000005,42.98594815999999
-4.0,1.6000000000000005,114.79359999999998
-3.92,1.6000000000000005,105.48752895999996
-3.84,1.6000000000000005,97.13383935999997
-3.76,1.6000000000000005,89.68485375999995
-3.68,1.6000000000000005,83.09387775999997
-3.6,1.6000000000000005,77.3152
-3.52,1.6000000000000005,72.30409215999998
-3.44,1.6000000000000005,68.01680895999996
-3.36,1.6000000000000005,64.41058815999996
-3.2800000000000002,1.6000000000000005,61.443650559999995
-3.2,1.6000000000000005,59.07519999999999
-3.12,1.6000000000000005,57.265423359999986
-3.04,1.6000000000000005,55.97549055999998
-2.96,1.6000000000000005,55.16755455999998
-2.88,1.6000000000000005,54.804751359999976
-2.8,1.6000000000000005,54.85119999999998
-2.7199999999999998,1.6000000000000005,55.272002559999976
-2.6399999999999997,1.6000000000000005,56.03324415999999
-2.56,1.6000000000000005,57.101992959999976
-2.48,1.6000000000000005,58.446300159999964
-2.4,1.6000000000000005,60.035199999999975
-2.3200000000000003,1.6000000000000005,61.83870975999996
-2.24,1.6000000000000005,63.82782975999996
-2.16,1.6000000000000005,65.97454335999997
-2.08,1.6000000000000005,68.25181695999996
-2.0,1.6000000000000005,70.63359999999996
-1.92,1.6000000000000005,73.09482495999995
-1.8399999999999999,1.6000000000000005,75.61140735999997
-1.7599999999999998,1.6000000000000005,78.16024575999998
-1.6800000000000002,1.6000000000000005,80.71922175999995
-1.6,1.6000000000000005,83.26719999999997
-1.52,1.6000000000000005,85.78402815999996
-1.44,1.6000000000000005,88.25053695999998
-1.3599999999999999,1.6000000000000005,90.64854015999998
-1.2799999999999998,1.6000000000000005,92.96083455999997
-1.1999999999999997,1.6000000000000005,95.17119999999997
-1.12,1.6000000000000005,97.26439935999996
-1.04,1.6000000000000005,99.22617856
-0.96,1.6000000000000005,101.04326655999999
-0.8799999999999999,1.6000000000000005,102.70337535999997
-0.7999999999999998,1.6000000000000005,104.19519999999999
-0.7199999999999998,1.6000000000000005,105.50841855999997
-0.6400000000000001,1.6000000000000005,106.63369215999997
-0.56,1.6000000000000005,107.56266495999998
-0.48,1.6000000000000005,108.28796415999997
-0.3999999999999999,1.6000000000000005,108.80319999999998
-0.31999999999999984,1.6000000000000005,109.10296575999996
-0.23999999999999977,1.6000000000000005,109.18283775999998
-0.16000000000000014,1.6000000000000005,109.03937535999998
-0.08000000000000007,1.6000000000000005,108.67012095999996
0.0,1.6000000000000005,108.07359999999994
0.08000000000000007,1.6000000000000005,107.24932095999996
0.16000000000000014,1.6000000000000005,106.19777535999998
0.2400000000000002,1.6000000000000005,104.92043775999997
0.3200000000000003,1.6000000000000005,103.41976575999996
0.40000000000000036,1.6000000000000005,101.69919999999995
0.4800000000000004,1.6000000000000005,99.76316415999997
0.5600000000000005,1.6000000000000005,97.61706495999998
0.6399999999999997,1.6000000000000005,95.26729215999997
0.7199999999999998,1.6000000000000005,92.72121855999997
0.7999999999999998,1.6000000000000005,89.98719999999999
0.8799999999999999,1.6000000000000005,87.07457535999997
0.96,1.6000000000000005,83.99366656
1.04,1.6000000000000005,80.75577856
1.12,1.6000000000000005,77.37319935999996
1.2000000000000002,1.6000000000000005,73.85919999999997
1.2800000000000002,1.6000000000000005,70.22803455999997
1.3600000000000003,1.6000000000000005,66.49494015999997
1.4400000000000004,1.6000000000000005,62.67613695999995
1.5200000000000005,1.6000000000000005,58.78882815999996
1.6000000000000005,1.6000000000000005,54.85119999999996
1.6799999999999997,1.6000000000000005,50.88242175999999
1.7599999999999998,1.6000000000000005,46.90264575999999
1.8399999999999999,1.6000000000000005,42.93300735999999
1.92,1.6000000000000005,38.99562495999998
2.0,1.6000000000000005,35.113599999999984
2.08,1.6000000000000005,31.311016959999982
2.16,1.6000000000000005,27.61294335999998
2.24,1.6000000000000005,24.04542975999998
2.3200000000000003,1.6000000000000005,20.635509759999973
2.4000000000000004,1.6000000000000005,17.411199999999972
2.4800000000000004,1.6000000000000005,14.401500159999973
2.5600000000000005,1.6000000000000005,11.636392959999965
2.6400000000000006,1.6000000000000005,9.146844159999967
2.7199999999999998,1.6000000000000005,6.964802559999995
2.8,1.6000000000000005,5.123199999999997
2.88,1.6000000000000005,3.655951359999994
2.96,1.6000000000000005,2.5979545599999967
3.04,1.6000000000000005,1.9850905599999962
3.12,1.6000000000000005,1.8542233599999975
3.2,1.6000000000000005,2.2432000000000016
3.2800000000000002,1.6000000000000005,3.1908505600000048
3.3600000000000003,1.6000000000000005,4.736988160000002
3.4400000000000004,1.6000000000000005,6.9224089600000065
3.5200000000000005,1.6000000000000005,9.788892160000024
3.6000000000000005,1.6000000000000005,13.379200000000038
3.6799999999999997,1.6000000000000005,17.737077759999984
3.76,1.6000000000000005,22.907253760000003
3.84,1.6000000000000005,28.935439360000007
3.92,1.6000000000000005,35.86832896
4.0,1.6000000000000005,43.75360000000001
-4.0,1.6799999999999997,111.49554176000002
-3.92,1.6799999999999997,102.13007871999997
-3.84,1.6799999999999997,93.71904512
-3.76,1.6799999999999997,86.21476351999999
-3.68,1.6799999999999997,79.57053952000003
-3.6,1.6799999999999997,73.74066176000002
-3.52,1.6799999999999997,68.68040192000002
-3.44,1.6799999999999997,64.34601472000001
-3.36,1.6799999999999997,60.69473792000001
-3.2800000000000002,1.6799999999999997,57.68479232000002
-3.2,1.6799999999999997,55.275381760000016
-3.12,1.6799999999999997,53.42669312000001
-3.04,1.6799999999999997,52.09989632000001
-2.96,1.6799999999999997,51.25714432000001
-2.88,1.6799999999999997,50.86157312000002
-2.8,1.6799999999999997,50.877301760000016
-2.7199999999999998,1.6799999999999997,51.269432320000014
-2.6399999999999997,1.6799999999999997,52.004049920000014
-2.56,1.6799999999999997,53.04822272000001
-2.48,1.6799999999999997,54.37000192000001
-2.4,1.6799999999999997,55.93842176000001
-2.3200000000000003,1.6799999999999997,57.723499520000004
-2.24,1.6799999999999997,59.69623552000001
-2.16,1.6799999999999997,61.828613120000014
-2.08,1.6799999999999997,64.09359872000002
-2.0,1.6799999999999997,66.46514176000001
-1.92,1.6799999999999997,68.91817472000001
-1.8399999999999999,1.6799999999999997,71.42861312000002
-1.7599999999999998,1.6799999999999997,73.97335552000001
-1.6800000000000002,1.6799999999999997,76.53028352000001
-1.6,1.6799999999999997,79.07826176
-1.52,1.6799999999999997,81.59713792000002
-1.44,1.6799999999999997,84.06774272000003
-1.3599999999999999,1.6799999999999997,86.47188992000002
-1.2799999999999998,1.6799999999999997,88.79237632000003
-1.1999999999999997,1.6799999999999997,91.01298176000003
-1.12,1.6799999999999997,93.11846912
-1.04,1.6799999999999997,95.09458432000001
-0.96,1.6799999999999997,96.92805632000002
-0.8799999999999999,1.6799999999999997,98.60659712000002
-0.7999999999999998,1.6799999999999997,100.11890176
-0.7199999999999998,1.6799999999999997,101.45464832000002
-0.6400000000000001,1.6799999999999997,102.60449792
-0.56,1.6799999999999997,103.56009472
-0.48,1.6799999999999997,104.31406592000002
-0.3999999999999999,1.6799999999999997,104.86002176000001
-0.31999999999999984,1.6799999999999997,105.19255552000001
-0.23999999999999977,1.6799999999999997,105.30724351999999
-0.16000000000000014,1.6799999999999997,105.20064512
-0.08000000000000007,1.6799999999999997,104.87030272000003
0.0,1.6799999999999997,104.31474176000002
0.08000000000000007,1.6799999999999997,103.53347072000003
0.16000000000000014,1.6799999999999997,102.52698112
0.2400000000000002,1.6799999999999997,101.29674752
0.3200000000000003,1.6799999999999997,99.84522752000001
0.40000000000000036,1.6799999999999997,98.17586176
0.4800000000000004,1.6799999999999997,96.29307392000001
0.5600000000000005,1.6799999999999997,94.20227072
0.6399999999999997,1.6799999999999997,91.90984192000002
0.7199999999999998,1.6799999999999997,89.42316032000002
0.7999999999999998,1.6799999999999997,86.75058176
0.8799999999999999,1.6799999999999997,83.90144512000002
0.96,1.6799999999999997,80.88607232000001
1.04,1.6799999999999997,77.71576832000001
1.12,1.6799999999999997,74.40282112
1.2000000000000002,1.6799999999999997,70.96050176
1.2800000000000002,1.6799999999999997,67.40306432
1.3600000000000003,1.6799999999999997,63.74574592
1.4400000000000004,1.6799999999999997,60.00476671999999
1.5200000000000005,1.6799999999999997,56.19732991999999
1.6000000000000005,1.6799999999999997,52.341621759999974
1.6799999999999997,1.6799999999999997,48.456811520000024
1.7599999999999998,1.6799999999999997,44.56305152000001
1.8399999999999999,1.6799999999999997,40.68147712000001
1.92,1.6799999999999997,36.83420672000001
2.0,1.6799999999999997,33.04434176000001
2.08,1.6799999999999997,29.335966720000002
2.16,1.6799999999999997,25.73414912
2.24,1.6799999999999997,22.26493952
2.3200000000000003,1.6799999999999997,18.955371519999993
2.4000000000000004,1.6799999999999997,15.833461759999993
2.4800000000000004,1.6799999999999997,12.92820991999999
2.5600000000000005,1.6799999999999997,10.269598719999987
2.6400000000000006,1.6799999999999997,7.888593919999987
2.7199999999999998,1.6799999999999997,5.8171443200000095
2.8,1.6799999999999997,4.088181760000004
2.88,1.6799999999999997,2.735621120000004
2.96,1.6799999999999997,1.794360320000003
3.04,1.6799999999999997,1.300280320000002
3.12,1.6799999999999997,1.290245120000002
3.2,1.6799999999999997,1.8021017600000047
3.2800000000000002,1.6799999999999997,2.8746803200000053
3.3600000000000003,1.6799999999999997,4.547793920000007
3.4400000000000004,1.6799999999999997,6.862238720000011
3.5200000000000005,1.6799999999999997,9.859793920000019
3.6000000000000005,1.6799999999999997,13.58322176000003
3.6799999999999997,1.6799999999999997,18.076267519999977
3.76,1.6799999999999997,23.383659519999988
3.84,1.6799999999999997,29.551109119999992
3.92,1.6799999999999997,36.62531071999998
4.0,1.6799999999999997,44.65394176
-4.0,1.7599999999999998,108.14552575999997
-3.92,1.7599999999999998,98.72271871999996
-3.84,1.7599999999999998,90.25638912000002
-3.76,1.7599999999999998,82.69885951999998
-3.68,1.7599999999999998,76.00343552000001
-3.6,1.7599999999999998,70.12440576000002
-3.52,1.7599999999999998,65.01704192000001
-3.44,1.7599999999999998,60.63759872
-3.36,1.7599999999999998,56.943313919999994
-3.2800000000000002,1.7599999999999998,53.89240832000002
-3.2,1.7599999999999998,51.44408576000002
-3.12,1.7599999999999998,49.558533120000014
-3.04,1.7599999999999998,48.19692032000001
-2.96,1.7599999999999998,47.321400320000016
-2.88,1.7599999999999998,46.895109120000015
-2.8,1.7599999999999998,46.88216576000002
-2.7199999999999998,1.7599999999999998,47.24767232000002
-2.6399999999999997,1.7599999999999998,47.95771392000002
-2.56,1.7599999999999998,48.97935872
-2.48,1.7599999999999998,50.28065792
-2.4,1.7599999999999998,51.83064576000001
-2.3200000000000003,1.7599999999999998,53.599339519999994
-2.24,1.7599999999999998,55.55773952
-2.16,1.7599999999999998,57.67782912
-2.08,1.7599999999999998,59.93257472
-2.0,1.7599999999999998,62.29592576
-1.92,1.7599999999999998,64.74281472000001
-1.8399999999999999,1.7599999999999998,67.24915712
-1.7599999999999998,1.7599999999999998,69.79185152
-1.6800000000000002,1.7599999999999998,72.34877952000001
-1.6,1.7599999999999998,74.89880576
-1.52,1.7599999999999998,77.42177792000001
-1.44,1.7599999999999998,79.89852672
-1.3599999999999999,1.7599999999999998,82.31086592000001
-1.2799999999999998,1.7599999999999998,84.64159232000003
-1.1999999999999997,1.7599999999999998,86.87448576000001
-1.12,1.7599999999999998,88.99430912
-1.04,1.7599999999999998,90.98680832000001
-0.96,1.7599999999999998,92.83871232000001
-0.8799999999999999,1.7599999999999998,94.53773312000001
-0.7999999999999998,1.7599999999999998,96.07256576000003
-0.7199999999999998,1.7599999999999998,97.43288832
-0.6400000000000001,1.7599999999999998,98.60936192000003
-0.56,1.7599999999999998,99.59363072000002
-0.48,1.7599999999999998,100.37832192000002
-0.3999999999999999,1.7599999999999998,100.95704576
-0.31999999999999984,1.7599999999999998,101.32439552000002
-0.23999999999999977,1.7599999999999998,101.47594752000002
-0.16000000000000014,1.7599999999999998,101.40826111999999
-0.08000000000000007,1.7599999999999998,101.11887872000003
0.0,1.7599999999999998,100.60632576
0.08000000000000007,1.7599999999999998,99.87011072000001
0.16000000000000014,1.7599999999999998,98.91072512
0.2400000000000002,1.7599999999999998,97.72964352
0.3200000000000003,1.7599999999999998,96.32932351999997
0.40000000000000036,1.7599999999999998,94.71320576
0.4800000000000004,1.7599999999999998,92.88571391999997
0.5600000000000005,1.7599999999999998,90.85225471999998
0.6399999999999997,1.7599999999999998,88.61921792000003
0.7199999999999998,1.7599999999999998,86.19397632
0.7999999999999998,1.7599999999999998,83.58488576000002
0.8799999999999999,1.7599999999999998,80.80128512
0.96,1.7599999999999998,77.85349632000002
1.04,1.7599999999999998,74.75282432
1.12,1.7599999999999998,71.51155711999999
1.2000000000000002,1.7599999999999998,68.14296576
1.2800000000000002,1.7599999999999998,64.66130432
1.3600000000000003,1.7599999999999998,61.08180992
1.4400000000000004,1.7599999999999998,57.420702719999994
1.5200000000000005,1.7599999999999998,53.695185919999986
1.6000000000000005,1.7599999999999998,49.92344575999997
1.6799999999999997,1.7599999999999998,46.124651520000015
1.7599999999999998,1.7599999999999998,42.31895552
1.8399999999999999,1.7599999999999998,38.52749312000002
1.92,1.7599999999999998,34.77238272
2.0,1.7599999999999998,31.076725760000002
2.08,1.7599999999999998,27.464606719999995
2.16,1.7599999999999998,23.961093119999997
2.24,1.7599999999999998,20.592235519999996
2.3200000000000003,1.7599999999999998,17.38506751999999
2.4000000000000004,1.7599999999999998,14.367605759999991
2.4800000000000004,1.7599999999999998,11.568849919999987
2.5600000000000005,1.7599999999999998,9.018782719999985
2.6400000000000006,1.7599999999999998,6.748369919999984
2.7199999999999998,1.7599999999999998,4.7895603200000085
2.8,1.7599999999999998,3.1752857600000084
2.88,1.7599999999999998,1.9394611200000036
2.96,1.7599999999999998,1.1169843200000025
3.04,1.7599999999999998,0.7437363200000016
3.12,1.7599999999999998,0.856581120000002
3.2,1.7599999999999998,1.4933657600000048
3.2800000000000002,1.7599999999999998,2.692920320000005
3.3600000000000003,1.7599999999999998,4.495057920000007
3.4400000000000004,1.7599999999999998,6.940574720000011
3.5200000000000005,1.7599999999999998,10.07124992000002
3.6000000000000005,1.7599999999999998,13.929845760000033
3.6799999999999997,1.7599999999999998,18.560107519999974
3.76,1.7599999999999998,24.00676351999999
3.84,1.7599999999999998,30.315525120000014
3.92,1.7599999999999998,37.53308671999996
4.0,1.7599999999999998,45.707125759999975
-4.0,1.8399999999999999,104.76468736000001
-3.92,1.8399999999999999,95.28658432
-3.84,1.8399999999999999,86.76700672
-3.76,1.8399999999999999,79.15827712
-3.68,1.8399999999999999,72.41370112000003
-3.6,1.8399999999999999,66.48756736000001
-3.52,1.8399999999999999,61.335147520000014
-3.44,1.8399999999999999,56.91269632000001
-3.36,1.8399999999999999,53.177451520000005
-3.2800000000000002,1.8399999999999999,50.087633920000016
-3.2,1.8399999999999999,47.60244736000001
-3.12,1.8399999999999999,45.682078720000014
-3.04,1.8399999999999999,44.28769792000001
-2.96,1.8399999999999999,43.38145792000001
-2.88,1.8399999999999999,42.92649472000001
-2.8,1.8399999999999999,42.88692736000001
-2.7199999999999998,1.8399999999999999,43.22785792000001
-2.6399999999999997,1.8399999999999999,43.915371520000015
-2.56,1.8399999999999999,44.916536320000006
-2.48,1.8399999999999999,46.199403520000004
-2.4,1.8399999999999999,47.73300736
-2.3200000000000003,1.8399999999999999,49.48736512
-2.24,1.8399999999999999,51.433477120000006
-2.16,1.8399999999999999,53.54332672000001
-2.08,1.8399999999999999,55.78988032000001
-2.0,1.8399999999999999,58.147087360000015
-1.92,1.8399999999999999,60.58988032000001
-1.8399999999999999,1.8399999999999999,63.09417472000002
-1.7599999999999998,1.8399999999999999,65.63686912
-1.6800000000000002,1.8399999999999999,68.19584512000002
-1.6,1.8399999999999999,70.74996736
-1.52,1.8399999999999999,73.27908352000001
-1.44,1.8399999999999999,75.76402432
-1.3599999999999999,1.8399999999999999,78.18660352000002
-1.2799999999999998,1.8399999999999999,80.52961792000002
-1.1999999999999997,1.8399999999999999,82.77684736000002
-1.12,1.8399999999999999,84.91305472
-1.04,1.8399999999999999,86.92398592000002
-0.96,1.8399999999999999,88.79636992000002
-0.8799999999999999,1.8399999999999999,90.51791872000001
-0.7999999999999998,1.8399999999999999,92.07732736
-0.7199999999999998,1.8399999999999999,93.46427392000001
-0.6400000000000001,1.8399999999999999,94.66941951999999
-0.56,1.8399999999999999,95.68440831999999
-0.48,1.8399999999999999,96.50186752000002
-0.3999999999999999,1.8399999999999999,97.11540736
-0.31999999999999984,1.8399999999999999,97.51962112000002
-0.23999999999999977,1.8399999999999999,97.71008512
-0.16000000000000014,1.8399999999999999,97.68335872
-0.08000000000000007,1.8399999999999999,97.43698432000002
0.0,1.8399999999999999,96.96948736000002
0.08000000000000007,1.8399999999999999,96.28037632000002
0.16000000000000014,1.8399999999999999,95.37014271999999
0.2400000000000002,1.8399999999999999,94.24026112
0.3200000000000003,1.8399999999999999,92.89318912000002
0.40000000000000036,1.8399999999999999,91.33236736
0.4800000000000004,1.8399999999999999,89.56221952000001
0.5600000000000005,1.8399999999999999,87.58815231999998
0.6399999999999997,1.8399999999999999,85.41655552000003
0.7199999999999998,1.8399999999999999,83.05480192000002
0.7999999999999998,1.8399999999999999,80.51124736
0.8799999999999999,1.8399999999999999,77.79523072
0.96,1.8399999999999999,74.91707392
1.04,1.8399999999999999,71.88808192000002
1.12,1.8399999999999999,68.72054272
1.2000000000000002,1.8399999999999999,65.42772736
1.2800000000000002,1.8399999999999999,62.023889919999995
1.3600000000000003,1.8399999999999999,58.524267519999995
1.4400000000000004,1.8399999999999999,54.94508031999999
1.5200000000000005,1.8399999999999999,51.303531519999986
1.6000000000000005,1.8399999999999999,47.61780735999997
1.6799999999999997,1.8399999999999999,43.90707712000002
1.7599999999999998,1.8399999999999999,40.191493120000004
1.8399999999999999,1.8399999999999999,36.49219072000002
1.92,1.8399999999999999,32.831288320000006
2.0,1.8399999999999999,29.231887360000005
2.08,1.8399999999999999,25.71807232
2.16,1.8399999999999999,22.31491072
2.24,1.8399999999999999,19.048453119999994
2.3200000000000003,1.8399999999999999,15.945733119999991
2.4000000000000004,1.8399999999999999,13.034767359999991
2.4800000000000004,1.8399999999999999,10.344555519999988
2.5600000000000005,1.8399999999999999,7.9050803199999855
2.6400000000000006,1.8399999999999999,5.747307519999986
2.7199999999999998,1.8399999999999999,3.903185920000007
2.8,1.8399999999999999,2.4056473600000023
2.88,1.8399999999999999,1.2886067200000024
2.96,1.8399999999999999,0.5869619200000015
3.04,1.8399999999999999,0.33659392000000077
3.12,1.8399999999999999,0.5743667200000013
3.2,1.8399999999999999,1.3381273600000045
3.2800000000000002,1.8399999999999999,2.6667059200000054
3.3600000000000003,1.8399999999999999,4.599915520000007
3.4400000000000004,1.8399999999999999,7.178552320000012
3.5200000000000005,1.8399999999999999,10.44439552000002
3.6000000000000005,1.8399999999999999,14.440207360000032
3.6799999999999997,1.8399999999999999,19.209733119999974
3.76,1.8399999999999999,24.79770111999999
3.84,1.8399999999999999,31.249822719999994
3.92,1.8399999999999999,38.61279231999998
4.0,1.8399999999999999,46.93428735999999
-4.0,1.92,101.37514496000003
-3.92,1.92,91.84379392
-3.84,1.92,83.27301631999998
-3.76,1.92,75.61513472000001
-3.68,1.92,68.82345472000002
-3.6,1.92,62.852264960000014
-3.52,1.92,57.656837120000006
-3.44,1.92,53.19342592
-3.36,1.92,49.419269119999996
-3.2800000000000002,1.92,46.29258752000001
-3.2,1.92,43.77258496000001
-3.12,1.92,41.81944832
-3.04,1.92,40.394347520000004
-2.96,1.92,39.45943552
-2.88,1.92,38.97784832000001
-2.8,1.92,38.913704960000004
-2.7199999999999998,1.92,39.23210752000001
-2.6399999999999997,1.92,39.89914112
-2.56,1.92,40.88187392
-2.48,1.92,42.14835712
-2.4,1.92,43.66762496
-2.3200000000000003,1.92,45.40969472
-2.24,1.92,47.345566719999994
-2.16,1.92,49.447224320000004
-2.08,1.92,51.687633919999996
-2.0,1.92,54.04074496
-1.92,1.92,56.48148992
-1.8399999999999999,1.92,58.98578432000001
-1.7599999999999998,1.92,61.53052672
-1.6800000000000002,1.92,64.09359872000002
-1.6,1.92,66.65386496
-1.52,1.92,69.19117312
-1.44,1.92,71.68635392000002
-1.3599999999999999,1.92,74.12122112
-1.2799999999999998,1.92,76.47857152000002
-1.1999999999999997,1.92,78.74218496
-1.12,1.92,80.89682432
-1.04,1.92,82.92823552
-0.96,1.92,84.82314752
-0.8799999999999999,1.92,86.56927232
-0.7999999999999998,1.92,88.15530496000002
-0.7199999999999998,1.92,89.57092352000001
-0.6400000000000001,1.92,90.80678912000002
-0.56,1.92,91.85454592000002
-0.48,1.92,92.70682112000001
-0.3999999999999999,1.92,93.35722496
-0.31999999999999984,1.92,93.80035072000001
-0.23999999999999977,1.92,94.03177472000002
-0.16000000000000014,1.92,94.04805631999999
-0.08000000000000007,1.92,93.84673792000001
0.0,1.92,93.42634496
0.08000000000000007,1.92,92.78638592000001
0.16000000000000014,1.92,91.92735231999998
0.2400000000000002,1.92,90.85071871999999
0.3200000000000003,1.92,89.55894271999998
0.40000000000000036,1.92,88.05546496
0.4800000000000004,1.92,86.34470911999998
0.5600000000000005,1.92,84.43208191999997
0.6399999999999997,1.92,82.32397312000002
0.7199999999999998,1.92,80.02775552000001
0.7999999999999998,1.92,77.55178496000002
0.8799999999999999,1.92,74.90540032
0.96,1.92,72.09892352
1.04,1.92,69.14365952
1.12,1.92,66.05189632
1.2000000000000002,1.92,62.83690496
1.2800000000000002,1.92,59.51293951999999
1.3600000000000003,1.92,56.09523711999999
1.4400000000000004,1.92,52.60001791999999
1.5200000000000005,1.92,49.04448511999998
1.6000000000000005,1.92,45.446824959999965
1.6799999999999997,1.92,41.82620672000001
1.7599999999999998,1.92,38.20278272
1.8399999999999999,1.92,34.59768832000001
1.92,1.92,31.033041920000002
2.0,1.92,27.53194496
2.08,1.92,24.118481919999997
2.16,1.92,20.817720319999996
2.24,1.92,17.655710719999995
2.3200000000000003,1.92,14.65948671999999
2.4000000000000004,1.92,11.85706495999999
2.4800000000000004,1.92,9.277445119999983
2.5600000000000005,1.92,6.950609919999985
2.6400000000000006,1.92,4.907525119999986
2.7199999999999998,1.92,3.180139520000005
2.8,1.92,1.8013849600000054
2.88,1.92,0.8051763200000011
2.96,1.92,0.22641152000000042
3.04,1.92,0.10097152000000004
3.12,1.92,0.465720320000001
3.2,1.92,1.3585049600000043
3.2800000000000002,1.92,2.8181555200000057
3.3600000000000003,1.92,4.884485120000008
3.4400000000000004,1.92,7.5982899200000125
3.5200000000000005,1.92,11.00134912000002
3.6000000000000005,1.92,15.136424960000033
3.6799999999999997,1.92,20.047262719999974
3.76,1.92,25.778590720000008
3.84,1.92,32.37612031999998
3.92,1.92,39.88654592
4.0,1.92,48.35754496000002
-4.0,2.0,98.0
-3.92,2.0,88.41744895999999
-3.84,2.0,79.79751936
-3.76,2.0,72.09253375999998
-3.68,2.0,65.25579776000001
-3.6,2.0,59.241600000000005
-3.52,2.0,54.00521215999999
-3.44,2.0,49.502888959999986
-3.36,2.0,45.691868159999984
-3.2800000000000002,2.0,42.53037056000001
-3.2,2.0,39.97760000000001
-3.12,2.0,37.99374336
-3.04,2.0,36.53997056
-2.96,2.0,35.57843456
-2.88,2.0,35.072271359999995
-2.8,2.0,34.9856
-2.7199999999999998,2.0,35.28352256
-2.6399999999999997,2.0,35.93212416
-2.56,2.0,36.89847296000001
-2.48,2.0,38.150620159999995
-2.4,2.0,39.6576
-2.3200000000000003,2.0,41.38942975999999
-2.24,2.0,43.317109759999994
-2.16,2.0,45.41262336
-2.08,2.0,47.64893696
-2.0,2.0,50.0
-1.92,2.0,52.44074496
-1.8399999999999999,2.0,54.94708736000001
-1.7599999999999998,2.0,57.495925760000006
-1.6800000000000002,2.0,60.06514176
-1.6,2.0,62.63359999999999
-1.52,2.0,65.18114816
-1.44,2.0,67.68861696
-1.3599999999999999,2.0,70.13782016
-1.2799999999999998,2.0,72.51155456000001
-1.1999999999999997,2.0,74.7936
-1.12,2.0,76.96871936
-1.04,2.0,79.02265856
-0.96,2.0,80.94214656000001
-0.8799999999999999,2.0,82.71489536
-0.7999999999999998,2.0,84.32959999999999
-0.7199999999999998,2.0,85.77593856
-0.6400000000000001,2.0,87.04457215999999
-0.56,2.0,88.12714495999998
-0.48,2.0,89.01628416000001
-0.3999999999999999,2.0,89.7056
-0.31999999999999984,2.0,90.18968576000002
-0.23999999999999977,2.0,90.46411776
-0.16000000000000014,2.0,90.52545536
-0.08000000000000007,2.0,90.37124096000002
0.0,2.0,90.0
0.08000000000000007,2.0,89.41124096000001
0.16000000000000014,2.0,88.60545536
0.2400000000000002,2.0,87.58411775999998
0.3200000000000003,2.0,86.34968576000001
0.40000000000000036,2.0,84.90559999999999
0.4800000000000004,2.0,83.25628416
0.5600000000000005,2.0,81.40714495999998
0.6399999999999997,2.0,79.36457216000002
0.7199999999999998,2.0,77.13593856000001
0.7999999999999998,2.0,74.72959999999999
0.8799999999999999,2.0,72.15489536
0.96,2.0,69.42214656000002
1.04,2.0,66.54265856
1.12,2.0,63.52871935999999
1.2000000000000002,2.0,60.3936
1.2800000000000002,2.0,57.15155455999999
1.3600000000000003,2.0,53.81782015999999
1.4400000000000004,2.0,50.40861695999999
1.5200000000000005,2.0,46.941148159999976
1.6000000000000005,2.0,43.43359999999997
1.6799999999999997,2.0,39.905141760000014
1.7599999999999998,2.0,36.37592576
1.8399999999999999,2.0,32.867087360000006
1.92,2.0,29.40074496
2.0,2.0,26.0
2.08,2.0,22.688936959999996
2.16,2.0,19.492623359999996
2.24,2.0,16.437109759999995
2.3200000000000003,2.0,13.549429759999988
2.4000000000000004,2.0,10.857599999999989
2.4800000000000004,2.0,8.390620159999994
2.5600000000000005,2.0,6.178472959999985
2.6400000000000006,2.0,4.252124159999986
2.7199999999999998,2.0,2.643522560000004
2.8,2.0,1.3856000000000004
2.88,2.0,0.5122713600000007
2.96,2.0,0.05843456000000019
3.04,2.0,0.05997056000000002
3.12,2.0,0.5537433600000014
3.2,2.0,1.577600000000005
3.2800000000000002,2.0,3.1703705600000065
3.3600000000000003,2.0,5.371868160000008
3.4400000000000004,2.0,8.222888960000013
3.5200000000000005,2.0,11.765212160000022
3.6000000000000005,2.0,16.041600000000034
3.6799999999999997,2.0,21.09579775999997
3.76,2.0,26.97253375999999
3.84,2.0,33.71751935999999
3.92,2.0,41.37744895999999
4.0,2.0,50.0
-4.0,2.08,94.66333695999997
-3.92,2.08,85.03163391999996
-3.84,2.08,76.36460032000001
-3.76,2.08,68.61455871999996
-3.68,2.08,61.73481472
-3.6,2.08,55.67965696
-3.52,2.08,50.40435712
-3.44,2.08,45.86516991999999
-3.36,2.08,42.01933311999999
-3.2800000000000002,2.08,38.82506752
-3.2,2.08,36.24157696
-3.12,2.08,34.22904832
-3.04,2.08,32.748651519999996
-2.96,2.08,31.762539519999994
-2.88,2.08,31.233848319999996
-2.8,2.08,31.126696959999997
-2.7199999999999998,2.08,31.406187519999996
-2.6399999999999997,2.08,32.03840512
-2.56,2.08,32.990417919999985
-2.48,2.08,34.23027711999999
-2.4,2.08,35.72701695999999
-2.3200000000000003,2.08,37.45065471999999
-2.24,2.08,39.37219071999999
-2.16,2.08,41.46360831999999
-2.08,2.08,43.69787391999999
-2.0,2.08,46.04893695999999
-1.92,2.08,48.49172992
-1.8399999999999999,2.08,51.00216832
-1.7599999999999998,2.08,53.557150719999996
-1.6800000000000002,2.08,56.13455872
-1.6,2.08,58.713256959999995
-1.52,2.08,61.27309312
-1.44,2.08,63.79489792
-1.3599999999999999,2.08,66.26048512
-1.2799999999999998,2.08,68.65265152
-1.1999999999999997,2.08,70.95517696
-1.12,2.08,73.15282432
-1.04,2.08,75.23133952
-0.96,2.08,77.17745152
-0.8799999999999999,2.08,78.97887232
-0.7999999999999998,2.08,80.62429696000001
-0.7199999999999998,2.08,82.10340352
-0.6400000000000001,2.08,83.40685312000001
-0.56,2.08,84.52628992000001
-0.48,2.08,85.45434112000001
-0.3999999999999999,2.08,86.18461696
-0.31999999999999984,2.08,86.71171072000001
-0.23999999999999977,2.08,87.03119872
-0.16000000000000014,2.08,87.13964032000003
-0.08000000000000007,2.08,87.03457791999998
0.0,2.08,86.71453696
0.08000000000000007,2.08,86.17902591999997
0.16000000000000014,2.08,85.42853632000002
0.2400000000000002,2.08,84.46454271999998
0.3200000000000003,2.08,83.28950271999997
0.40000000000000036,2.08,81.90685696
0.4800000000000004,2.08,80.32102911999998
0.5600000000000005,2.08,78.53742591999998
0.6399999999999997,2.08,76.56243712000001
0.7199999999999998,2.08,74.40343552
0.7999999999999998,2.08,72.06877696000002
0.8799999999999999,2.08,69.56780031999999
0.96,2.08,66.91082752
1.04,2.08,64.10916352
1.12,2.08,61.175096319999994
1.2000000000000002,2.08,58.121896959999994
1.2800000000000002,2.08,54.96381951999999
1.3600000000000003,2.08,51.71610111999999
1.4400000000000004,2.08,48.394961919999986
1.5200000000000005,2.08,45.01760511999998
1.6000000000000005,2.08,41.602216959999964
1.6799999999999997,2.08,38.16796672000001
1.7599999999999998,2.08,34.73500672
1.8399999999999999,2.08,31.32447232000001
1.92,2.08,27.95848192
2.0,2.08,24.66013696
2.08,2.08,21.453521919999993
2.16,2.08,18.363704319999993
2.24,2.08,15.416734719999994
2.3200000000000003,2.08,12.639646719999988
2.4000000000000004,2.08,10.06045695999999
2.4800000000000004,2.08,7.708165119999983
2.5600000000000005,2.08,5.612753919999986
2.6400000000000006,2.08,3.8051891199999868
2.7199999999999998,2.08,2.3174195200000036
2.8,2.08,1.1823769600000043
2.88,2.08,0.4339763200000006
2.96,2.08,0.10711552000000035
3.04,2.08,0.23767552000000042
3.12,2.08,0.862520320000002
3.2,2.08,2.0194969600000063
3.2800000000000002,2.08,3.747435520000008
3.3600000000000003,2.08,6.086149120000011
3.4400000000000004,2.08,9.076433920000015
3.5200000000000005,2.08,12.760069120000026
3.6000000000000005,2.08,17.17981696000004
3.6799999999999997,2.08,22.379422719999972
3.76,2.08,28.403614719999975
3.84,2.08,35.298104320000014
3.92,2.08,43.109585919999965
4.0,2.08,51.885736959999974
-4.0,2.16,91.39022336
-3.92,2.16,81.71141631999998
-3.84,2.16,72.99932672
-3.76,2.16,65.20627711999998
-3.68,2.16,58.28557312000001
-3.6,2.16,52.19150336000001
-3.52,2.16,46.879339519999995
-3.44,2.16,42.305336319999995
-3.36,2.16,38.42673151999999
-3.2800000000000002,2.16,35.20174592000001
-3.2,2.16,32.589583360000006
-3.12,2.16,30.550430719999998
-3.04,2.16,29.045457919999997
-2.96,2.16,28.036817919999997
-2.88,2.16,27.487646719999994
-2.8,2.16,27.362063359999993
-2.7199999999999998,2.16,27.625169919999994
-2.6399999999999997,2.16,28.243051519999998
-2.56,2.16,29.182776319999995
-2.48,2.16,30.412395519999986
-2.4,2.16,31.900943359999992
-2.3200000000000003,2.16,33.61843711999999
-2.24,2.16,35.535877119999995
-2.16,2.16,37.62524671999999
-2.08,2.16,39.85951231999999
-2.0,2.16,42.212623359999995
-1.92,2.16,44.65951231999999
-1.8399999999999999,2.16,47.17609472
-1.7599999999999998,2.16,49.739269119999996
-1.6800000000000002,2.16,52.326917120000005
-1.6,2.16,54.91790335999999
-1.52,2.16,57.49207552
-1.44,2.16,60.03026432
-1.3599999999999999,2.16,62.51428352
-1.2799999999999998,2.16,64.92692992
-1.1999999999999997,2.16,67.25198336
-1.12,2.16,69.47420671999998
-1.04,2.16,71.57934592
-0.96,2.16,73.55412992
-0.8799999999999999,2.16,75.38627071999998
-0.7999999999999998,2.16,77.06446335999999
-0.7199999999999998,2.16,78.57838592
-0.6400000000000001,2.16,79.91869951999998
-0.56,2.16,81.07704831999997
-0.48,2.16,82.04605952
-0.3999999999999999,2.16,82.81934335999999
-0.31999999999999984,2.16,83.39149311999999
-0.23999999999999977,2.16,83.75808511999998
-0.16000000000000014,2.16,83.91567871999999
-0.08000000000000007,2.16,83.86181632
0.0,2.16,83.59502336
0.08000000000000007,2.16,83.11480832000001
0.16000000000000014,2.16,82.42166271999999
0.2400000000000002,2.16,81.51706111999998
0.3200000000000003,2.16,80.40346112
0.40000000000000036,2.16,79.08430335999999
0.4800000000000004,2.16,77.56401152
0.5600000000000005,2.16,75.84799231999997
0.6399999999999997,2.16,73.94263552000001
0.7199999999999998,2.16,71.85531392
0.7999999999999998,2.16,69.59438336
0.8799999999999999,2.16,67.16918272
0.96,2.16,64.59003392
1.04,2.16,61.868241919999996
1.12,2.16,59.01609471999999
1.2000000000000002,2.16,56.04686335999999
1.2800000000000002,2.16,52.97480191999999
1.3600000000000003,2.16,49.81514751999999
1.4400000000000004,2.16,46.58412031999999
1.5200000000000005,2.16,43.29892351999998
1.6000000000000005,2.16,39.97774335999997
1.6799999999999997,2.16,36.639749120000005
1.7599999999999998,2.16,33.30509312
1.8399999999999999,2.16,29.994910720000007
1.92,2.16,26.73132032
2.0,2.16,23.53742336
2.08,2.16,20.437304319999992
2.16,2.16,17.456030719999994
2.24,2.16,14.619653119999992
2.3200000000000003,2.16,11.955205119999988
2.4000000000000004,2.16,9.490703359999989
2.4800000000000004,2.16,7.255147519999993
2.5600000000000005,2.16,5.278520319999986
2.6400000000000006,2.16,3.5917875199999876
2.7199999999999998,2.16,2.2268979200000034
2.8,2.16,1.2167833600000002
2.88,2.16,0.5953587200000007
2.96,2.16,0.3975219200000005
3.04,2.16,0.6591539200000007
3.12,2.16,1.4171187200000026
3.2,2.16,2.709263360000007
3.2800000000000002,2.16,4.574417920000008
3.3600000000000003,2.16,7.052395520000012
3.4400000000000004,2.16,10.183992320000016
3.5200000000000005,2.16,14.010987520000025
3.6000000000000005,2.16,18.576143360000042
3.6799999999999997,2.16,23.923205119999977
3.76,2.16,30.096901119999988
3.84,2.16,37.14294272
3.92,2.16,45.108024319999984
4.0,2.16,54.03982336
-4.0,2.24,88.20670976000002
-3.92,2.24,78.48284672
-3.84,2.24,69.72774911999997
-3.76,2.24,61.89373952
-3.68,2.24,54.93412352000001
-3.6,2.24,48.80318976000001
-3.52,2.24,43.45620991999999
-3.44,2.24,38.84943871999999
-3.36,2.24,34.94011391999999
-3.2800000000000002,2.24,31.68645632
-3.2,2.24,29.04766976
-3.12,2.24,26.983941119999994
-3.04,2.24,25.45644031999999
-2.96,2.24,24.427320319999993
-2.88,2.24,23.859717119999992
-2.8,2.24,23.717749759999993
-2.7199999999999998,2.24,23.966520319999994
-2.6399999999999997,2.24,24.57211392
-2.56,2.24,25.501598719999983
-2.48,2.24,26.72302591999999
-2.4,2.24,28.20542975999999
-2.3200000000000003,2.24,29.918827519999986
-2.24,2.24,31.83421951999999
-2.16,2.24,33.92358911999999
-2.08,2.24,36.15990271999999
-2.0,2.24,38.51710976
-1.92,2.24,40.97014271999999
-1.8399999999999999,2.24,43.49491712
-1.7599999999999998,2.24,46.068331519999994
-1.6800000000000002,2.24,48.668267519999986
-1.6,2.24,51.273589759999986
-1.52,2.24,53.86414592
-1.44,2.24,56.420766719999996
-1.3599999999999999,2.24,58.925265919999994
-1.2799999999999998,2.24,61.36044032
-1.1999999999999997,2.24,63.71006976
-1.12,2.24,65.95891711999998
-1.04,2.24,68.09272831999999
-0.96,2.24,70.09823232
-0.8799999999999999,2.24,71.96314111999999
-0.7999999999999998,2.24,73.67614976
-0.7199999999999998,2.24,75.22693632
-0.6400000000000001,2.24,76.60616192
-0.56,2.24,77.80547072
-0.48,2.24,78.81748992
-0.3999999999999999,2.24,79.63582976
-0.31999999999999984,2.24,80.25508352
-0.23999999999999977,2.24,80.67082752000002
-0.16000000000000014,2.24,80.87962112000001
-0.08000000000000007,2.24,80.87900671999998
0.0,2.24,80.66750976
0.08000000000000007,2.24,80.24463871999998
0.16000000000000014,2.24,79.61088512000002
0.2400000000000002,2.24,78.76772351999999
0.3200000000000003,2.24,77.71761151999998
0.40000000000000036,2.24,76.46398975999999
0.4800000000000004,2.24,75.01128191999996
0.5600000000000005,2.24,73.36489471999998
0.6399999999999997,2.24,71.53121792000002
0.7199999999999998,2.24,69.51762432
0.7999999999999998,2.24,67.33246976000001
0.8799999999999999,2.24,64.98509311999999
0.96,2.24,62.485816320000005
1.04,2.24,59.84594432
1.12,2.24,57.07776511999999
1.2000000000000002,2.24,54.194549759999994
1.2800000000000002,2.24,51.210552319999984
1.3600000000000003,2.24,48.14100991999999
1.4400000000000004,2.24,45.00214271999998
1.5200000000000005,2.24,41.81115391999998
1.6000000000000005,2.24,38.586229759999966
1.6799999999999997,2.24,35.34653952000001
1.7599999999999998,2.24,32.11223552
1.8399999999999999,2.24,28.904453120000003
1.92,2.24,25.74531072
2.0,2.24,22.65790976
2.08,2.24,19.66633471999999
2.16,2.24,16.795653119999994
2.24,2.24,14.071915519999994
2.3200000000000003,2.24,11.52215551999999
2.4000000000000004,2.24,9.17438975999999
2.4800000000000004,2.24,7.057617919999984
2.5600000000000005,2.24,5.201822719999988
2.6400000000000006,2.24,3.637969919999989
2.7199999999999998,2.24,2.3980083200000037
2.8,2.24,1.514869760000004
2.88,2.24,1.0224691200000013
2.96,2.24,0.9557043200000014
3.04,2.24,1.350456320000002
3.12,2.24,2.2435891200000038
3.2,2.24,3.6729497600000087
3.2800000000000002,2.24,5.67736832000001
3.3600000000000003,2.24,8.296657920000014
3.4400000000000004,2.24,11.571614720000019
3.5200000000000005,2.24,15.544017920000028
3.6000000000000005,2.24,20.256629760000045
3.6799999999999997,2.24,25.753195519999977
3.76,2.24,32.078443520000015
3.84,2.24,39.27808511999998
3.92,2.24,47.398814720000004
4.0,2.24,56.488309760000035
-4.0,2.3200000000000003,85.13982976
-3.92,2.3200000000000003,75.37295871999997
-3.84,2.3200000000000003,66.57690111999999
-3.76,2.3200000000000003,58.703979519999976
-3.68,2.3200000000000003,51.70749952
-3.6,2.3200000000000003,45.54174976
-3.52,2.3200000000000003,40.16200191999999
-3.44,2.3200000000000003,35.52451071999999
-3.36,2.3200000000000003,31.58651391999998
-3.2800000000000002,2.3200000000000003,28.30623232
-3.2,2.3200000000000003,25.642869759999996
-3.12,2.3200000000000003,23.556613119999987
-3.04,2.3200000000000003,22.00863231999999
-2.96,2.3200000000000003,20.96108031999999
-2.88,2.3200000000000003,20.377093119999987
-2.8,2.3200000000000003,20.220789759999988
-2.7199999999999998,2.3200000000000003,20.45727231999999
-2.6399999999999997,2.3200000000000003,21.05262591999999
-2.56,2.3200000000000003,21.973918719999986
-2.48,2.3200000000000003,23.189201919999977
-2.4,2.3200000000000003,24.667509759999984
-2.3200000000000003,2.3200000000000003,26.37885951999998
-2.24,2.3200000000000003,28.294251519999982
-2.16,2.3200000000000003,30.385669119999985
-2.08,2.3200000000000003,32.62607871999998
-2.0,2.3200000000000003,34.989429759999986
-1.92,2.3200000000000003,37.45065471999999
-1.8399999999999999,2.3200000000000003,39.98566911999999
-1.7599999999999998,2.3200000000000003,42.571371519999985
-1.6800000000000002,2.3200000000000003,45.185643519999985
-1.6,2.3200000000000003,47.80734975999998
-1.52,2.3200000000000003,50.41633791999999
-1.44,2.3200000000000003,52.99343871999999
-1.3599999999999999,2.3200000000000003,55.52046591999999
-1.2799999999999998,2.3200000000000003,57.980216320000004
-1.1999999999999997,2.3200000000000003,60.356469759999996
-1.12,2.3200000000000003,62.63398911999998
-1.04,2.3200000000000003,64.79852032
-0.96,2.3200000000000003,66.83679231999999
-0.8799999999999999,2.3200000000000003,68.73651711999999
-0.7999999999999998,2.3200000000000003,70.48638975999998
-0.7199999999999998,2.3200000000000003,72.07608831999998
-0.6400000000000001,2.3200000000000003,73.49627391999996
-0.56,2.3200000000000003,74.73859071999996
-0.48,2.3200000000000003,75.79566591999999
-0.3999999999999999,2.3200000000000003,76.66110975999997
-0.31999999999999984,2.3200000000000003,77.32951552
-0.23999999999999977,2.3200000000000003,77.79645951999997
-0.16000000000000014,2.3200000000000003,78.05850111999997
-0.08000000000000007,2.3200000000000003,78.11318272
0.0,2.3200000000000003,77.95902975999999
0.08000000000000007,2.3200000000000003,77.59555072
0.16000000000000014,2.3200000000000003,77.02323711999998
0.2400000000000002,2.3200000000000003,76.24356351999998
0.3200000000000003,2.3200000000000003,75.25898752
0.40000000000000036,2.3200000000000003,74.07294975999999
0.4800000000000004,2.3200000000000003,72.68987392
0.5600000000000005,2.3200000000000003,71.11516671999996
0.6399999999999997,2.3200000000000003,69.35521792
0.7199999999999998,2.3200000000000003,67.41740032
0.7999999999999998,2.3200000000000003,65.31006975999998
0.8799999999999999,2.3200000000000003,63.04256511999999
0.96,2.3200000000000003,60.62520832
1.04,2.3200000000000003,58.06930432
1.12,2.3200000000000003,55.38714111999999
1.2000000000000002,2.3200000000000003,52.59198975999999
1.2800000000000002,2.3200000000000003,49.698104319999985
1.3600000000000003,2.3200000000000003,46.72072191999999
1.4400000000000004,2.3200000000000003,43.67606271999998
1.5200000000000005,2.3200000000000003,40.58132991999998
1.6000000000000005,2.3200000000000003,37.45470975999997
1.6799999999999997,2.3200000000000003,34.31537152000001
1.7599999999999998,2.3200000000000003,31.183467519999997
1.8399999999999999,2.3200000000000003,28.080133120000003
1.92,2.3200000000000003,25.02748672
2.0,2.3200000000000003,22.048629759999997
2.08,2.3200000000000003,19.167646719999993
2.16,2.3200000000000003,16.40960512
2.24,2.3200000000000003,13.800555519999994
2.3200000000000003,2.3200000000000003,11.367531519999993
2.4000000000000004,2.3200000000000003,9.138549759999993
2.4800000000000004,2.3200000000000003,7.1426099199999955
2.5600000000000005,2.3200000000000003,5.409694719999989
2.6400000000000006,2.3200000000000003,3.9707699199999897
2.7199999999999998,2.3200000000000003,2.857784320000005
2.8,2.3200000000000003,2.1036697600000025
2.88,2.3200000000000003,1.7423411200000034
2.96,2.3200000000000003,1.8086963200000037
3.04,2.3200000000000003,2.3386163200000047
3.12,2.3200000000000003,3.368965120000007
3.2,2.3200000000000003,4.937589760000012
3.2800000000000002,2.3200000000000003,7.0833203200000145
3.3600000000000003,2.3200000000000003,9.845969920000016
3.4400000000000004,2.3200000000000003,13.266334720000023
3.5200000000000005,2.3200000000000003,17.386193920000032
3.6000000000000005,2.3200000000000003,22.248309760000048
3.6799999999999997,2.3200000000000003,27.896427519999975
3.76,2.3200000000000003,34.37527552
3.84,2.3200000000000003,41.73056512
3.92,2.3200000000000003,50.00899071999999
4.0,2.3200000000000003,59.258229760000006
-4.0,2.4000000000000004,82.21759999999996
-3.92,2.4000000000000004,72.40976895999995
-3.84,2.4000000000000004,63.57479936
-3.76,2.4000000000000004,55.66501375999995
-3.68,2.4000000000000004,48.633717759999996
-3.6,2.4000000000000004,42.435199999999995
-3.52,2.4000000000000004,37.024732159999985
-3.44,2.4000000000000004,32.35856895999998
-3.36,2.4000000000000004,28.393948159999972
-3.2800000000000002,2.4000000000000004,25.089090559999995
-3.2,2.4000000000000004,22.4032
-3.12,2.4000000000000004,20.29646335999999
-3.04,2.4000000000000004,18.730050559999988
-2.96,2.4000000000000004,17.666114559999986
-2.88,2.4000000000000004,17.067791359999987
-2.8,2.4000000000000004,16.89919999999999
-2.7199999999999998,2.4000000000000004,17.12544255999999
-2.6399999999999997,2.4000000000000004,17.71260415999999
-2.56,2.4000000000000004,18.62775295999998
-2.48,2.4000000000000004,19.83894015999999
-2.4,2.4000000000000004,21.31519999999999
-2.3200000000000003,2.4000000000000004,23.02654975999998
-2.24,2.4000000000000004,24.943989759999983
-2.16,2.4000000000000004,27.039503359999983
-2.08,2.4000000000000004,29.286056959999982
-2.0,2.4000000000000004,31.657599999999988
-1.92,2.4000000000000004,34.12906495999999
-1.8399999999999999,2.4000000000000004,36.67636735999999
-1.7599999999999998,2.4000000000000004,39.27640575999999
-1.6800000000000002,2.4000000000000004,41.90706175999998
-1.6,2.4000000000000004,44.54719999999998
-1.52,2.4000000000000004,47.17666815999999
-1.44,2.4000000000000004,49.77629695999998
-1.3599999999999999,2.4000000000000004,52.32790015999999
-1.2799999999999998,2.4000000000000004,54.814274559999994
-1.1999999999999997,2.4000000000000004,57.21919999999999
-1.12,2.4000000000000004,59.52743935999998
-1.04,2.4000000000000004,61.72473855999999
-0.96,2.4000000000000004,63.79782655999999
-0.8799999999999999,2.4000000000000004,65.73441535999999
-0.7999999999999998,2.4000000000000004,67.5232
-0.7199999999999998,2.4000000000000004,69.15385856
-0.6400000000000001,2.4000000000000004,70.61705216
-0.56,2.4000000000000004,71.90442496
-0.48,2.4000000000000004,73.00860416
-0.3999999999999999,2.4000000000000004,73.9232
-0.31999999999999984,2.4000000000000004,74.64280576
-0.23999999999999977,2.4000000000000004,75.16299776000001
-0.16000000000000014,2.4000000000000004,75.48033536000001
-0.08000000000000007,2.4000000000000004,75.59236095999997
0.0,2.4000000000000004,75.49759999999999
0.08000000000000007,2.4000000000000004,75.19556095999997
0.16000000000000014,2.4000000000000004,74.68673536000001
0.2400000000000002,2.4000000000000004,73.97259775999999
0.3200000000000003,2.4000000000000004,73.05560575999998
0.40000000000000036,2.4000000000000004,71.93919999999999
0.4800000000000004,2.4000000000000004,70.62780415999998
0.5600000000000005,2.4000000000000004,69.12682495999998
0.6399999999999997,2.4000000000000004,67.44265216000001
0.7199999999999998,2.4000000000000004,65.58265856
0.7999999999999998,2.4000000000000004,63.5552
0.8799999999999999,2.4000000000000004,61.36961535999999
0.96,2.4000000000000004,59.03622656
1.04,2.4000000000000004,56.56633856
1.12,2.4000000000000004,53.97223935999999
1.2000000000000002,2.4000000000000004,51.267199999999995
1.2800000000000002,2.4000000000000004,48.46547455999999
1.3600000000000003,2.4000000000000004,45.58230015999999
1.4400000000000004,2.4000000000000004,42.63389695999999
1.5200000000000005,2.4000000000000004,39.63746815999998
1.6000000000000005,2.4000000000000004,36.61119999999997
1.6799999999999997,2.4000000000000004,33.574261760000006
1.7599999999999998,2.4000000000000004,30.546805759999998
1.8399999999999999,2.4000000000000004,27.549967360000007
1.92,2.4000000000000004,24.605864959999998
2.0,2.4000000000000004,21.7376
2.08,2.4000000000000004,18.969256959999996
2.16,2.4000000000000004,16.325903359999998
2.24,2.4000000000000004,13.833589759999995
2.3200000000000003,2.4000000000000004,11.519349759999994
2.4000000000000004,2.4000000000000004,9.411199999999994
2.4800000000000004,2.4000000000000004,7.538140159999989
2.5600000000000005,2.4000000000000004,5.930152959999992
2.6400000000000006,2.4000000000000004,4.618204159999994
2.7199999999999998,2.4000000000000004,3.6342425600000032
2.8,2.4000000000000004,3.0112000000000094
2.88,2.4000000000000004,2.782991360000002
2.96,2.4000000000000004,2.984514560000008
3.04,2.4000000000000004,3.651650560000003
3.12,2.4000000000000004,4.821263360000012
3.2,2.4000000000000004,6.531200000000011
3.2800000000000002,2.4000000000000004,8.82029056000002
3.3600000000000003,2.4000000000000004,11.728348160000017
3.4400000000000004,2.4000000000000004,15.29616896000003
3.5200000000000005,2.4000000000000004,19.565532160000032
3.6000000000000005,2.4000000000000004,24.579200000000057
3.6799999999999997,2.4000000000000004,30.38091775999998
3.76,2.4000000000000004,37.01541375999998
3.84,2.4000000000000004,44.52839936000002
3.92,2.4000000000000004,52.966568959999975
4.0,2.4000000000000004,62.37759999999999
-4.0,2.4800000000000004,79.46902015999999
-3.92,2.4800000000000004,69.62227711999998
-3.84,2.4800000000000004,60.750443519999976
-3.76,2.4800000000000004,52.80584191999998
-3.68,2.4800000000000004,45.74177792
-3.6,2.4800000000000004,39.51254016
-3.52,2.4800000000000004,34.07340031999998
-3.44,2.4800000000000004,29.38061311999998
-3.36,2.4800000000000004,25.39141631999998
-3.2800000000000002,2.4800000000000004,22.064030719999995
-3.2,2.4800000000000004,19.35766015999999
-3.12,2.4800000000000004,17.23249151999999
-3.04,2.4800000000000004,15.649694719999985
-2.96,2.4800000000000004,14.571422719999983
-2.88,2.4800000000000004,13.960811519999984
-2.8,2.4800000000000004,13.781980159999982
-2.7199999999999998,2.4800000000000004,14.000030719999984
-2.6399999999999997,2.4800000000000004,14.581048319999988
-2.56,2.4800000000000004,15.492101119999987
-2.48,2.4800000000000004,16.70124031999998
-2.4,2.4800000000000004,18.177500159999983
-2.3200000000000003,2.4800000000000004,19.89089791999998
-2.24,2.4800000000000004,21.812433919999982
-2.16,2.4800000000000004,23.91409151999998
-2.08,2.4800000000000004,26.16883711999998
-2.0,2.4800000000000004,28.550620159999983
-1.92,2.4800000000000004,31.034373119999984
-1.8399999999999999,2.4800000000000004,33.59601151999999
-1.7599999999999998,2.4800000000000004,36.21243391999998
-1.6800000000000002,2.4800000000000004,38.86152191999999
-1.6,2.4800000000000004,41.522140159999985
-1.52,2.4800000000000004,44.17413631999999
-1.44,2.4800000000000004,46.79834111999999
-1.3599999999999999,2.4800000000000004,49.37656831999999
-1.2799999999999998,2.4800000000000004,51.89161472
-1.1999999999999997,2.4800000000000004,54.327260159999994
-1.12,2.4800000000000004,56.668267519999986
-1.04,2.4800000000000004,58.90038271999999
-0.96,2.4800000000000004,61.010334719999996
-0.8799999999999999,2.4800000000000004,62.98583551999998
-0.7999999999999998,2.4800000000000004,64.81558016
-0.7199999999999998,2.4800000000000004,66.48924671999998
-0.6400000000000001,2.4800000000000004,67.99749631999997
-0.56,2.4800000000000004,69.33197311999997
-0.48,2.4800000000000004,70.48530431999998
-0.3999999999999999,2.4800000000000004,71.45110015999998
-0.31999999999999984,2.4800000000000004,72.22395392
-0.23999999999999977,2.4800000000000004,72.79944191999996
-0.16000000000000014,2.4800000000000004,73.17412351999997
-0.08000000000000007,2.4800000000000004,73.34554112
0.0,2.4800000000000004,73.31222015999998
0.08000000000000007,2.4800000000000004,73.07366911999999
0.16000000000000014,2.4800000000000004,72.63037951999998
0.2400000000000002,2.4800000000000004,71.98382591999997
0.3200000000000003,2.4800000000000004,71.13646591999999
0.40000000000000036,2.4800000000000004,70.09174015999999
0.4800000000000004,2.4800000000000004,68.85407232
0.5600000000000005,2.4800000000000004,67.42886911999997
0.6399999999999997,2.4800000000000004,65.82252032
0.7199999999999998,2.4800000000000004,64.04239872
0.7999999999999998,2.4800000000000004,62.09686016
0.8799999999999999,2.4800000000000004,59.99524351999999
0.96,2.4800000000000004,57.74787072
1.04,2.4800000000000004,55.36604672
1.12,2.4800000000000004,52.86205951999999
1.2000000000000002,2.4800000000000004,50.249180159999995
1.2800000000000002,2.4800000000000004,47.54166271999999
1.3600000000000003,2.4800000000000004,44.754744319999986
1.4400000000000004,2.4800000000000004,41.90464511999999
1.5200000000000005,2.4800000000000004,39.00856831999998
1.6000000000000005,2.4800000000000004,36.084700159999976
1.6799999999999997,2.4800000000000004,33.15220992000001
1.7599999999999998,2.4800000000000004,30.23124992
1.8399999999999999,2.4800000000000004,27.342955520000007
1.92,2.4800000000000004,24.509445120000002
2.0,2.4800000000000004,21.753820159999997
2.08,2.4800000000000004,19.10016512
2.16,2.4800000000000004,16.573547519999998
2.24,2.4800000000000004,14.20001792
2.3200000000000003,2.4800000000000004,12.006609919999992
2.4000000000000004,2.4800000000000004,10.02134016
2.4800000000000004,2.4800000000000004,8.273208319999998
2.5600000000000005,2.4800000000000004,6.792197119999999
2.6400000000000006,2.4800000000000004,5.609272319999995
2.7199999999999998,2.4800000000000004,4.756382720000008
2.8,2.4800000000000004,4.2664601600000065
2.88,2.4800000000000004,4.173419520000008
2.96,2.4800000000000004,4.512158720000009
3.04,2.4800000000000004,5.31855872000001
3.12,2.4800000000000004,6.629483520000013
3.2,2.4800000000000004,8.482780160000019
3.2800000000000002,2.4800000000000004,10.91727872000002
3.3600000000000003,2.4800000000000004,13.972792320000025
3.4400000000000004,2.4800000000000004,17.690117120000032
3.5200000000000005,2.4800000000000004,22.111032320000042
3.6000000000000005,2.4800000000000004,27.278300160000057
3.6799999999999997,2.4800000000000004,33.23566591999998
3.76,2.4800000000000004,40.02785792000001
3.84,2.4800000000000004,47.700587520000006
3.92,2.4800000000000004,56.30054912000001
4.0,2.4800000000000004,65.87542016000002
-4.0,2.5600000000000005,76.92407296
-3.92,2.5600000000000005,67.04046591999999
-3.84,2.5600000000000005,58.13381631999995
-3.76,2.5600000000000005,50.15644671999999
-3.68,2.5600000000000005,43.06166272
-3.6,2.5600000000000005,36.80375295999998
-3.52,2.5600000000000005,31.33798911999998
-3.44,2.5600000000000005,26.620625919999974
-3.36,2.5600000000000005,22.60890111999997
-3.2800000000000002,2.5600000000000005,19.26103551999999
-3.2,2.5600000000000005,16.53623295999999
-3.12,2.5600000000000005,14.394680319999983
-3.04,2.5600000000000005,12.79754751999998
-2.96,2.5600000000000005,11.70698751999998
-2.88,2.5600000000000005,11.08613631999998
-2.8,2.5600000000000005,10.89911295999998
-2.7199999999999998,2.5600000000000005,11.111019519999981
-2.6399999999999997,2.5600000000000005,11.687941119999984
-2.56,2.5600000000000005,12.596945919999976
-2.48,2.5600000000000005,13.806085119999985
-2.4,2.5600000000000005,15.284392959999984
-2.3200000000000003,2.5600000000000005,17.001886719999973
-2.24,2.5600000000000005,18.929566719999976
-2.16,2.5600000000000005,21.03941631999998
-2.08,2.5600000000000005,23.30440191999998
-2.0,2.5600000000000005,25.698472959999982
-1.92,2.5600000000000005,28.196561919999983
-1.8399999999999999,2.5600000000000005,30.77458431999999
-1.7599999999999998,2.5600000000000005,33.40943871999998
-1.6800000000000002,2.5600000000000005,36.07900671999998
-1.6,2.5600000000000005,38.76215295999998
-1.52,2.5600000000000005,41.43872511999999
-1.44,2.5600000000000005,44.08955391999998
-1.3599999999999999,2.5600000000000005,46.69645311999999
-1.2799999999999998,2.5600000000000005,49.24221952
-1.1999999999999997,2.5600000000000005,51.71063295999999
-1.12,2.5600000000000005,54.086456319999975
-1.04,2.5600000000000005,56.355435519999986
-0.96,2.5600000000000005,58.50429951999999
-0.8799999999999999,2.5600000000000005,60.52076031999999
-0.7999999999999998,2.5600000000000005,62.39351295999999
-0.7199999999999998,2.5600000000000005,64.11223551999998
-0.6400000000000001,2.5600000000000005,65.66758911999999
-0.56,2.5600000000000005,67.05121792
-0.48,2.5600000000000005,68.25574911999999
-0.3999999999999999,2.5600000000000005,69.27479295999998
-0.31999999999999984,2.5600000000000005,70.10294271999999
-0.23999999999999977,2.5600000000000005,70.73577472
-0.16000000000000014,2.5600000000000005,71.16984832000001
-0.08000000000000007,2.5600000000000005,71.40270591999997
0.0,2.5600000000000005,71.43287296
0.08000000000000007,2.5600000000000005,71.25985791999997
0.16000000000000014,2.5600000000000005,70.88415232000001
0.2400000000000002,2.5600000000000005,70.30723071999998
0.3200000000000003,2.5600000000000005,69.53155071999997
0.40000000000000036,2.5600000000000005,68.56055296
0.4800000000000004,2.5600000000000005,67.39866111999997
0.5600000000000005,2.5600000000000005,66.05128191999998
0.6399999999999997,2.5600000000000005,64.52480512
0.7199999999999998,2.5600000000000005,62.82660351999999
0.7999999999999998,2.5600000000000005,60.965032959999995
0.8799999999999999,2.5600000000000005,58.94943232
0.96,2.5600000000000005,56.79012352
1.04,2.5600000000000005,54.49841152
1.12,2.5600000000000005,52.08658431999999
1.2000000000000002,2.5600000000000005,49.567912959999994
1.2800000000000002,2.5600000000000005,46.95665151999999
1.3600000000000003,2.5600000000000005,44.26803711999999
1.4400000000000004,2.5600000000000005,41.518289919999994
1.5200000000000005,2.5600000000000005,38.72461311999998
1.6000000000000005,2.5600000000000005,35.90519295999998
1.6799999999999997,2.5600000000000005,33.079198720000015
1.7599999999999998,2.5600000000000005,30.266782720000002
1.8399999999999999,2.5600000000000005,27.48908032000001
1.92,2.5600000000000005,24.768209920000007
2.0,2.5600000000000005,22.127272960000006
2.08,2.5600000000000005,19.590353920000002
2.16,2.5600000000000005,17.182520320000002
2.24,2.5600000000000005,14.929822720000004
2.3200000000000003,2.5600000000000005,12.859294720000001
2.4000000000000004,2.5600000000000005,10.998952960000002
2.4800000000000004,2.5600000000000005,9.377797119999997
2.5600000000000005,2.5600000000000005,8.025809920000002
2.6400000000000006,2.5600000000000005,6.973957120000005
2.7199999999999998,2.5600000000000005,6.25418752000001
2.8,2.5600000000000005,5.899432960000019
2.88,2.5600000000000005,5.94360832000001
2.96,2.5600000000000005,6.4216115200000194
3.04,2.5600000000000005,7.369323520000012
3.12,2.5600000000000005,8.823608320000025
3.2,2.5600000000000005,10.822312960000023
3.2800000000000002,2.5600000000000005,13.404267520000033
3.3600000000000003,2.5600000000000005,16.609285120000028
3.4400000000000004,2.5600000000000005,20.478161920000044
3.5200000000000005,2.5600000000000005,25.052677120000045
3.6000000000000005,2.5600000000000005,30.375592960000073
3.6799999999999997,2.5600000000000005,36.490654719999974
3.76,2.5600000000000005,43.442590720000034
3.84,2.5600000000000005,51.27711232
3.92,2.5600000000000005,60.04091392000003
4.0,2.5600000000000005,69.78167296000005
-4.0,2.6400000000000006,74.61372415999998
-3.92,2.6400000000000006,64.69530111999997
-3.84,2.6400000000000006,55.75588351999997
-3.76,2.6400000000000006,47.747793919999964
-3.68,2.6400000000000006,40.62433791999999
-3.6,2.6400000000000006,34.33980415999999
-3.52,2.6400000000000006,28.849464319999978
-3.44,2.6400000000000006,24.109573119999972
-3.36,2.6400000000000006,20.07736831999997
-3.2800000000000002,2.6400000000000006,16.71107071999999
-3.2,2.6400000000000006,13.969884159999989
-3.12,2.6400000000000006,11.813995519999983
-3.04,2.6400000000000006,10.20457471999998
-2.96,2.6400000000000006,9.10377471999998
-2.88,2.6400000000000006,8.47473151999998
-2.8,2.6400000000000006,8.28156415999998
-2.7199999999999998,2.6400000000000006,8.489374719999981
-2.6399999999999997,2.6400000000000006,9.064248319999985
-2.56,2.6400000000000006,9.973253119999985
-2.48,2.6400000000000006,11.184440319999977
-2.4,2.6400000000000006,12.666844159999982
-2.3200000000000003,2.6400000000000006,14.39048191999998
-2.24,2.6400000000000006,16.326353919999974
-2.16,2.6400000000000006,18.446443519999978
-2.08,2.6400000000000006,20.723717119999975
-2.0,2.6400000000000006,23.132124159999982
-1.92,2.6400000000000006,25.646597119999985
-1.8399999999999999,2.6400000000000006,28.24305151999999
-1.7599999999999998,2.6400000000000006,30.89838591999998
-1.6800000000000002,2.6400000000000006,33.59048191999998
-1.6,2.6400000000000006,36.298204159999976
-1.52,2.6400000000000006,39.00140031999999
-1.44,2.6400000000000006,41.68090111999999
-1.3599999999999999,2.6400000000000006,44.31852031999998
-1.2799999999999998,2.6400000000000006,46.89705471999999
-1.1999999999999997,2.6400000000000006,49.40028415999999
-1.12,2.6400000000000006,51.81297151999998
-1.04,2.6400000000000006,54.120862719999984
-0.96,2.6400000000000006,56.31068671999999
-0.8799999999999999,2.6400000000000006,58.37015551999998
-0.7999999999999998,2.6400000000000006,60.287964159999994
-0.7199999999999998,2.6400000000000006,62.053790719999995
-0.6400000000000001,2.6400000000000006,63.658296319999984
-0.56,2.6400000000000006,65.09312511999998
-0.48,2.6400000000000006,66.35090432
-0.3999999999999999,2.6400000000000006,67.42524415999999
-0.31999999999999984,2.6400000000000006,68.31073792000001
-0.23999999999999977,2.6400000000000006,69.00296191999998
-0.16000000000000014,2.6400000000000006,69.49847551999999
-0.08000000000000007,2.6400000000000006,69.79482112
0.0,2.6400000000000006,69.89052415999998
0.08000000000000007,2.6400000000000006,69.78509312
0.16000000000000014,2.6400000000000006,69.47901951999998
0.2400000000000002,2.6400000000000006,68.97377791999997
0.3200000000000003,2.6400000000000006,68.27182592000001
0.40000000000000036,2.6400000000000006,67.37660416
0.4800000000000004,2.6400000000000006,66.29253632
0.5600000000000005,2.6400000000000006,65.02502911999999
0.6399999999999997,2.6400000000000006,63.580472320000005
0.7199999999999998,2.6400000000000006,61.96623872
0.7999999999999998,2.6400000000000006,60.19068416
0.8799999999999999,2.6400000000000006,58.26314752
0.96,2.6400000000000006,56.193950720000004
1.04,2.6400000000000006,53.99439872
1.12,2.6400000000000006,51.67677952
1.2000000000000002,2.6400000000000006,49.254364159999994
1.2800000000000002,2.6400000000000006,46.74140671999999
1.3600000000000003,2.6400000000000006,44.153144319999996
1.4400000000000004,2.6400000000000006,41.50579712
1.5200000000000005,2.6400000000000006,38.81656831999999
1.6000000000000005,2.6400000000000006,36.10364415999998
1.6799999999999997,2.6400000000000006,33.38619392000001
1.7599999999999998,2.6400000000000006,30.684369920000005
1.8399999999999999,2.6400000000000006,28.019307520000016
1.92,2.6400000000000006,25.41312512000001
2.0,2.6400000000000006,22.88892416000001
2.08,2.6400000000000006,20.470789120000006
2.16,2.6400000000000006,18.183787520000006
2.24,2.6400000000000006,16.053969920000007
2.3200000000000003,2.6400000000000006,14.108369920000012
2.4000000000000004,2.6400000000000006,12.375004160000007
2.4800000000000004,2.6400000000000006,10.882872320000011
2.5600000000000005,2.6400000000000006,9.661957120000006
2.6400000000000006,2.6400000000000006,8.74322432000001
2.7199999999999998,2.6400000000000006,8.158622720000013
2.8,2.6400000000000006,7.941084160000022
2.88,2.6400000000000006,8.124523520000013
2.96,2.6400000000000006,8.743838720000024
3.04,2.6400000000000006,9.834910720000016
3.12,2.6400000000000006,11.43460352000003
3.2,2.6400000000000006,13.580764160000026
3.2800000000000002,2.6400000000000006,16.31222272000004
3.3600000000000003,2.6400000000000006,19.66879232000003
3.4400000000000004,2.6400000000000006,23.69126912000005
3.5200000000000005,2.6400000000000006,28.42143232000005
3.6000000000000005,2.6400000000000006,33.90204416000008
3.6799999999999997,2.6400000000000006,40.176849919999995
3.76,2.6400000000000006,47.29057792000002
3.84,2.6400000000000006,55.28893952000002
3.92,2.6400000000000006,64.21862912000002
4.0,2.6400000000000006,74.12732416000003
-4.0,2.7199999999999998,72.56992256
-3.92,2.7199999999999998,62.618731519999976
-3.84,2.7199999999999998,53.64859391999999
-3.76,2.7199999999999998,45.611832319999984
-3.68,2.7199999999999998,38.46175232
-3.6,2.7199999999999998,32.152642560000004
-3.52,2.7199999999999998,26.63977472
-3.44,2.7199999999999998,21.879403520000004
-3.36,2.7199999999999998,17.828766719999997
-3.2800000000000002,2.7199999999999998,14.446085120000012
-3.2,2.7199999999999998,11.69056256000001
-3.12,2.7199999999999998,9.522385920000007
-3.04,2.7199999999999998,7.902725120000008
-2.96,2.7199999999999998,6.793733120000007
-2.88,2.7199999999999998,6.158545920000006
-2.8,2.7199999999999998,5.961282560000006
-2.7199999999999998,2.7199999999999998,6.167045120000009
-2.6399999999999997,2.7199999999999998,6.741918720000007
-2.56,2.7199999999999998,7.6529715200000075
-2.48,2.7199999999999998,8.868254720000007
-2.4,2.7199999999999998,10.356802560000006
-2.3200000000000003,2.7199999999999998,12.088632319999999
-2.24,2.7199999999999998,14.034744320000001
-2.16,2.7199999999999998,16.167121920000003
-2.08,2.7199999999999998,18.458731520000004
-2.0,2.7199999999999998,20.883522560000003
-1.92,2.7199999999999998,23.41642752000001
-1.8399999999999999,2.7199999999999998,26.03336192000001
-1.7599999999999998,2.7199999999999998,28.711224320000014
-1.6800000000000002,2.7199999999999998,31.427896319999995
-1.6,2.7199999999999998,34.162242559999996
-1.52,2.7199999999999998,36.89411071999999
-1.44,2.7199999999999998,39.60433152000001
-1.3599999999999999,2.7199999999999998,42.27471872000001
-1.2799999999999998,2.7199999999999998,44.888069120000004
-1.1999999999999997,2.7199999999999998,47.42816256000001
-1.12,2.7199999999999998,49.87976192
-1.04,2.7199999999999998,52.228613120000006
-0.96,2.7199999999999998,54.46144512000001
-0.8799999999999999,2.7199999999999998,56.56596992000001
-0.7999999999999998,2.7199999999999998,58.53088256000001
-0.7199999999999998,2.7199999999999998,60.34586112000001
-0.6400000000000001,2.7199999999999998,62.00156672
-0.56,2.7199999999999998,63.48964352000001
-0.48,2.7199999999999998,64.80271872
-0.3999999999999999,2.7199999999999998,65.93440256000001
-0.31999999999999984,2.7199999999999998,66.87928832
-0.23999999999999977,2.7199999999999998,67.63295232
-0.16000000000000014,2.7199999999999998,68.19195392
-0.08000000000000007,2.7199999999999998,68.55383552
0.0,2.7199999999999998,68.71712256000002
0.08000000000000007,2.7199999999999998,68.68132352
0.16000000000000014,2.7199999999999998,68.44692992
0.2400000000000002,2.7199999999999998,68.01541632
0.3200000000000003,2.7199999999999998,67.38924032
0.40000000000000036,2.7199999999999998,66.57184256000001
0.4800000000000004,2.7199999999999998,65.56764672
0.5600000000000005,2.7199999999999998,64.38205952
0.6399999999999997,2.7199999999999998,63.021470719999996
0.7199999999999998,2.7199999999999998,61.49325312
0.7999999999999998,2.7199999999999998,59.805762560000005
0.8799999999999999,2.7199999999999998,57.968337919999996
0.96,2.7199999999999998,55.99130112
1.04,2.7199999999999998,53.88595712
1.12,2.7199999999999998,51.66459392
1.2000000000000002,2.7199999999999998,49.34048255999999
1.2800000000000002,2.7199999999999998,46.92787712
1.3600000000000003,2.7199999999999998,44.44201471999999
1.4400000000000004,2.7199999999999998,41.89911551999998
1.5200000000000005,2.7199999999999998,39.31638271999998
1.6000000000000005,2.7199999999999998,36.71200255999999
1.6799999999999997,2.7199999999999998,34.10514432000001
1.7599999999999998,2.7199999999999998,31.515960320000005
1.8399999999999999,2.7199999999999998,28.965585920000002
1.92,2.7199999999999998,26.476139519999997
2.0,2.7199999999999998,24.070722559999993
2.08,2.7199999999999998,21.773419519999994
2.16,2.7199999999999998,19.609297919999992
2.24,2.7199999999999998,17.60440831999999
2.3200000000000003,2.7199999999999998,15.785784319999987
2.4000000000000004,2.7199999999999998,14.181442559999994
2.4800000000000004,2.7199999999999998,12.820382719999987
2.5600000000000005,2.7199999999999998,11.732587519999989
2.6400000000000006,2.7199999999999998,10.94902271999999
2.7199999999999998,2.7199999999999998,10.501637119999991
2.8,2.7199999999999998,10.423362559999998
2.88,2.7199999999999998,10.748113919999984
2.96,2.7199999999999998,11.510789119999997
3.04,2.7199999999999998,12.747269119999988
3.12,2.7199999999999998,14.494417919999997
3.2,2.7199999999999998,16.790082559999988
3.2800000000000002,2.7199999999999998,19.673093120000004
3.3600000000000003,2.7199999999999998,23.183262720000002
3.4400000000000004,2.7199999999999998,27.361387520000022
3.5200000000000005,2.7199999999999998,32.24924672
3.6000000000000005,2.7199999999999998,37.889602560000036
3.6799999999999997,2.7199999999999998,44.32620031999995
3.76,2.7199999999999998,51.60376831999996
3.84,2.7199999999999998,59.76801791999997
3.92,2.7199999999999998,68.86564351999996
4.0,2.7199999999999998,78.94432255999997
-4.0,2.8,70.82560000000002
-3.92,2.8,60.843688959999994
-3.84,2.8,51.844879360000014
-3.76,2.8,43.78149376
-3.68,2.8,36.606837760000026
-3.6,2.8,30.275200000000027
-3.52,2.8,24.74185216000001
-3.44,2.8,19.96304895999999
-3.36,2.8,15.89602815999999
-3.2800000000000002,2.8,12.49901056000002
-3.2,2.8,9.731200000000015
-3.12,2.8,7.55278336000001
-3.04,2.8,5.924930560000002
-2.96,2.8,4.809794560000003
-2.88,2.8,4.170511360000003
-2.8,2.8,3.971200000000004
-2.7199999999999998,2.8,4.176962560000003
-2.6399999999999997,2.8,4.75388416000001
-2.56,2.8,5.669032960000002
-2.48,2.8,6.890460160000002
-2.4,2.8,8.387200000000007
-2.3200000000000003,2.8,10.129269759999996
-2.24,2.8,12.08766976
-2.16,2.8,14.234383360000002
-2.08,2.8,16.54237696
-2.0,2.8,18.9856
-1.92,2.8,21.538984960000004
-1.8399999999999999,2.8,24.178447360000007
-1.7599999999999998,2.8,26.880885760000016
-1.6800000000000002,2.8,29.624181759999995
-1.6,2.8,32.3872
-1.52,2.8,35.14978816
-1.44,2.8,37.892776960000006
-1.3599999999999999,2.8,40.597980160000006
-1.2799999999999998,2.8,43.24819456000001
-1.1999999999999997,2.8,45.82720000000001
-1.12,2.8,48.31975936
-1.04,2.8,50.711618560000005
-0.96,2.8,52.98950656000001
-0.8799999999999999,2.8,55.14113536000001
-0.7999999999999998,2.8,57.15520000000001
-0.7199999999999998,2.8,59.02137856000001
-0.6400000000000001,2.8,60.730332159999996
-0.56,2.8,62.27370496
-0.48,2.8,63.64412415999999
-0.3999999999999999,2.8,64.83519999999999
-0.31999999999999984,2.8,65.84152576
-0.23999999999999977,2.8,66.65867776
-0.16000000000000014,2.8,67.28321536000001
-0.08000000000000007,2.8,67.71268096
0.0,2.8,67.9456
0.08000000000000007,2.8,67.98148096
0.16000000000000014,2.8,67.82081536000001
0.2400000000000002,2.8,67.46507776
0.3200000000000003,2.8,66.91672576
0.40000000000000036,2.8,66.17919999999998
0.4800000000000004,2.8,65.25692416
0.5600000000000005,2.8,64.15530496
0.6399999999999997,2.8,62.880732159999994
0.7199999999999998,2.8,61.440578560000006
0.7999999999999998,2.8,59.8432
0.8799999999999999,2.8,58.09793536
0.96,2.8,56.21510656
1.04,2.8,54.206018560000004
1.12,2.8,52.08295936
1.2000000000000002,2.8,49.85919999999999
1.2800000000000002,2.8,47.54899455999999
1.3600000000000003,2.8,45.16758015999999
1.4400000000000004,2.8,42.73117695999998
1.5200000000000005,2.8,40.25698815999998
1.6000000000000005,2.8,37.76319999999998
1.6799999999999997,2.8,35.26898176000001
1.7599999999999998,2.8,32.79448576
1.8399999999999999,2.8,30.360847360000005
1.92,2.8,27.99018495999999
2.0,2.8,25.7056
2.08,2.8,23.53117695999999
2.16,2.8,21.49198336
2.24,2.8,19.614069759999985
2.3200000000000003,2.8,17.924469759999994
2.4000000000000004,2.8,16.45119999999998
2.4800000000000004,2.8,15.223260159999993
2.5600000000000005,2.8,14.270632959999977
2.6400000000000006,2.8,13.624284159999993
2.7199999999999998,2.8,13.316162559999992
2.8,2.8,13.379199999999994
2.88,2.8,13.847311359999992
2.96,2.8,14.75539455999999
3.04,2.8,16.13933055999999
3.12,2.8,18.035983359999996
3.2,2.8,20.483200000000004
3.2800000000000002,2.8,23.519810560000003
3.3600000000000003,2.8,27.18562816
3.4400000000000004,2.8,31.52144896
3.5200000000000005,2.8,36.56905216000003
3.6000000000000005,2.8,42.371200000000044
3.6799999999999997,2.8,48.97163775999997
3.76,2.8,56.415093759999976
3.84,2.8,64.74727936000001
3.92,2.8,74.01488895999998
4.0,2.8,84.2656
-4.0,2.88,69.41467135999999
-3.92,2.88,59.404088319999964
-3.84,2.88,50.378654719999986
-3.76,2.88,42.29069311999998
-3.68,2.88,35.09350911999999
-3.6,2.88,28.74139136
-3.52,2.88,23.189611519999985
-3.44,2.88,18.394424319999995
-3.36,2.88,14.313067519999993
-3.2800000000000002,2.88,10.903761920000008
-3.2,2.88,8.125711360000007
-3.12,2.88,5.939102720000001
-3.04,2.88,4.3051059200000035
-2.96,2.88,3.185873920000002
-2.88,2.88,2.544542720000001
-2.8,2.88,2.3452313600000014
-2.7199999999999998,2.88,2.553041920000004
-2.6399999999999997,2.88,3.134059520000003
-2.56,2.88,4.055352320000002
-2.48,2.88,5.284971520000001
-2.4,2.88,6.79195136
-2.3200000000000003,2.88,8.546309119999995
-2.24,2.88,10.519045119999998
-2.16,2.88,12.682142719999998
-2.08,2.88,15.008568319999998
-2.0,2.88,17.47227136
-1.92,2.88,20.048184320000004
-1.8399999999999999,2.88,22.712222720000007
-1.7599999999999998,2.88,25.44128512000001
-1.6800000000000002,2.88,28.21325311999999
-1.6,2.88,31.006991359999997
-1.52,2.88,33.80234752
-1.44,2.88,36.580152319999996
-1.3599999999999999,2.88,39.322219520000004
-1.2799999999999998,2.88,42.011345920000004
-1.1999999999999997,2.88,44.631311360000005
-1.12,2.88,47.16687871999999
-1.04,2.88,49.60379392
-0.96,2.88,51.92878592000001
-0.8799999999999999,2.88,54.12956672
-0.7999999999999998,2.88,56.19483136000001
-0.7199999999999998,2.88,58.11425792000001
-0.6400000000000001,2.88,59.87850752
-0.56,2.88,61.47922432
-0.48,2.88,62.909035519999996
-0.3999999999999999,2.88,64.16155136
-0.31999999999999984,2.88,65.23136511999999
-0.23999999999999977,2.88,66.11405312
-0.16000000000000014,2.88,66.80617472
-0.08000000000000007,2.88,67.30527232
0.0,2.88,67.60987136000001
0.08000000000000007,2.88,67.71948032
0.16000000000000014,2.88,67.63459072
0.2400000000000002,2.88,67.35667712
0.3200000000000003,2.88,66.88819711999999
0.40000000000000036,2.88,66.23259136
0.4800000000000004,2.88,65.39428352
0.5600000000000005,2.88,64.37868032
0.6399999999999997,2.88,63.19217152
0.7199999999999998,2.88,61.84212992
0.7999999999999998,2.88,60.33691136000001
0.8799999999999999,2.88,58.685854719999995
0.96,2.88,56.89928192000001
1.04,2.88,54.98849792
1.12,2.88,52.965790719999994
1.2000000000000002,2.88,50.844431359999994
1.2800000000000002,2.88,48.638673919999995
1.3600000000000003,2.88,46.36375551999999
1.4400000000000004,2.88,44.035896319999985
1.5200000000000005,2.88,41.67229951999998
1.6000000000000005,2.88,39.291151359999986
1.6799999999999997,2.88,36.91162112000001
1.7599999999999998,2.88,34.55386112000001
1.8399999999999999,2.88,32.239006720000006
1.92,2.88,29.98917632
2.0,2.88,27.827471359999997
2.08,2.88,25.777976319999993
2.16,2.88,23.865758719999995
2.24,2.88,22.116869119999997
2.3200000000000003,2.88,20.55834111999999
2.4000000000000004,2.88,19.21819136
2.4800000000000004,2.88,18.125419519999994
2.5600000000000005,2.88,17.310008319999994
2.6400000000000006,2.88,16.802923519999997
2.7199999999999998,2.88,16.636113919999993
2.8,2.88,16.842511360000003
2.88,2.88,17.456030719999987
2.96,2.88,18.511569920000007
3.04,2.88,20.04500991999999
3.12,2.88,22.093214720000006
3.2,2.88,24.694031359999997
3.2800000000000002,2.88,27.88628992000001
3.3600000000000003,2.88,31.70980352000001
3.4400000000000004,2.88,36.205368320000034
3.5200000000000005,2.88,41.41476352000001
3.6000000000000005,2.88,47.38075136000004
3.6799999999999997,2.88,54.14707711999995
3.76,2.88,61.75846911999997
3.84,2.88,70.26063871999997
3.92,2.88,79.70028031999996
4.0,2.88,90.12507135999998
-4.0,2.96,68.37203456000002
-3.92,2.96,58.33482752
-3.84,2.96,49.28481792
-3.76,2.96,41.17432832
-3.68,2.96,33.956664320000016
-3.6,2.96,27.586114560000016
-3.52,2.96,22.017950720000005
-3.44,2.96,17.208427519999983
-3.36,2.96,13.114782719999983
-3.2800000000000002,2.96,9.695237120000016
-3.2,2.96,6.908994560000014
-3.12,2.96,4.716241920000007
-3.04,2.96,3.078149119999999
-2.96,2.96,1.956869119999999
-2.88,2.96,1.3155379200000008
-2.8,2.96,1.118274560000001
-2.7199999999999998,2.96,1.3301811200000007
-2.6399999999999997,2.96,1.9173427200000064
-2.56,2.96,2.8468275200000006
-2.48,2.96,4.08668672
-2.4,2.96,5.605954560000006
-2.3200000000000003,2.96,7.374648319999993
-2.24,2.96,9.363768319999997
-2.16,2.96,11.545297919999998
-2.08,2.96,13.892203519999997
-2.0,2.96,16.37843456
-1.92,2.96,18.97892352
-1.8399999999999999,2.96,21.66958592000001
-1.7599999999999998,2.96,24.42732032000001
-1.6800000000000002,2.96,27.230008319999992
-1.6,2.96,30.056514559999997
-1.52,2.96,32.88668671999999
-1.44,2.96,35.70135552000001
-1.3599999999999999,2.96,38.48233472000001
-1.2799999999999998,2.96,41.21242112000001
-1.1999999999999997,2.96,43.87539456000001
-1.12,2.96,46.456017919999994
-1.04,2.96,48.94003712
-0.96,2.96,51.31418112000001
-0.8799999999999999,2.96,53.56616192
-0.7999999999999998,2.96,55.684674560000005
-0.7199999999999998,2.96,57.65939712
-0.6400000000000001,2.96,59.480990719999994
-0.56,2.96,61.14109952
-0.48,2.96,62.63235072
-0.3999999999999999,2.96,63.94835456
-0.31999999999999984,2.96,65.08370432
-0.23999999999999977,2.96,66.03397632000001
-0.16000000000000014,2.96,66.79572992
-0.08000000000000007,2.96,67.36650752
0.0,2.96,67.74483455999999
0.08000000000000007,2.96,67.93021952
0.16000000000000014,2.96,67.92315392
0.2400000000000002,2.96,67.72511232000001
0.3200000000000003,2.96,67.33855231999999
0.40000000000000036,2.96,66.76691456
0.4800000000000004,2.96,66.01462272
0.5600000000000005,2.96,65.08708352
0.6399999999999997,2.96,63.990686719999985
0.7199999999999998,2.96,62.73280512000001
0.7999999999999998,2.96,61.32179456
0.8799999999999999,2.96,59.76699392
0.96,2.96,58.07872512
1.04,2.96,56.26829312
1.12,2.96,54.347985919999985
1.2000000000000002,2.96,52.33107456
1.2800000000000002,2.96,50.231813119999984
1.3600000000000003,2.96,48.06543872
1.4400000000000004,2.96,45.84817151999998
1.5200000000000005,2.96,43.59721471999999
1.6000000000000005,2.96,41.33075455999998
1.6799999999999997,2.96,39.067960320000005
1.7599999999999998,2.96,36.82898432
1.8399999999999999,2.96,34.63496192000001
1.92,2.96,32.50801152
2.0,2.96,30.47123456
2.08,2.96,28.548715519999995
2.16,2.96,26.765521919999994
2.24,2.96,25.147704319999995
2.3200000000000003,2.96,23.722296319999995
2.4000000000000004,2.96,22.51731455999999
2.4800000000000004,2.96,21.561758719999993
2.5600000000000005,2.96,20.885611519999987
2.6400000000000006,2.96,20.519838719999992
2.7199999999999998,2.96,20.496389120000003
2.8,2.96,20.848194559999985
2.88,2.96,21.609169920000006
2.96,2.96,22.814213119999984
3.04,2.96,24.499205120000003
3.12,2.96,26.701009919999994
3.2,2.96,29.457474560000016
3.2800000000000002,2.96,32.80742912
3.3600000000000003,2.96,36.79068672000002
3.4400000000000004,2.96,41.44804352
3.5200000000000005,2.96,46.821278720000045
3.6000000000000005,2.96,52.953154560000044
3.6799999999999997,2.96,59.88741631999997
3.76,2.96,67.66879232
3.84,2.96,76.34299392
3.92,2.96,85.95671551999999
4.0,2.96,96.55763456000001
-4.0,3.04,67.73357055999998
-3.92,3.04,57.671787519999974
-3.84,3.04,48.59924991999998
-3.76,3.04,40.46828031999998
-3.68,3.04,33.232184319999995
-3.6,3.04,26.84525056
-3.52,3.04,21.26275071999999
-3.44,3.04,16.440939519999997
-3.36,3.04,12.337054719999994
-3.2800000000000002,3.04,8.909317120000004
-3.2,3.04,6.1169305600000055
-3.12,3.04,3.9200819200000003
-3.04,3.04,2.2799411200000024
-2.96,3.04,1.1586611200000008
-2.88,3.04,0.5193779199999989
-2.8,3.04,0.32621056
-2.7199999999999998,3.04,0.544261120000002
-2.6399999999999997,3.04,1.1396147200000017
-2.56,3.04,2.079339519999999
-2.48,3.04,3.3314867199999987
-2.4,3.04,4.865090559999997
-2.3200000000000003,3.04,6.650168319999993
-2.24,3.04,8.657720319999996
-2.16,3.04,10.859729919999998
-2.08,3.04,13.229163519999997
-2.0,3.04,15.73997056
-1.92,3.04,18.36708352
-1.8399999999999999,3.04,21.086417920000006
-1.7599999999999998,3.04,23.87487232000001
-1.6800000000000002,3.04,26.71032831999999
-1.6,3.04,29.571650559999995
-1.52,3.04,32.43868671999999
-1.44,3.04,35.29226752
-1.3599999999999999,3.04,38.114206720000006
-1.2799999999999998,3.04,40.887301120000004
-1.1999999999999997,3.04,43.59533056000001
-1.12,3.04,46.223057919999995
-1.04,3.04,48.75622912
-0.96,3.04,51.18157312
-0.8799999999999999,3.04,53.48680192
-0.7999999999999998,3.04,55.66061056000001
-0.7199999999999998,3.04,57.69267712
-0.6400000000000001,3.04,59.573662719999994
-0.56,3.04,61.295211519999995
-0.48,3.04,62.84995071999999
-0.3999999999999999,3.04,64.23149056
-0.31999999999999984,3.04,65.43442431999999
-0.23999999999999977,3.04,66.45432832
-0.16000000000000014,3.04,67.28776192000001
-0.08000000000000007,3.04,67.93226752
0.0,3.04,68.38637056
0.08000000000000007,3.04,68.64957951999999
0.16000000000000014,3.04,68.72238592000001
0.2400000000000002,3.04,68.60626432000001
0.3200000000000003,3.04,68.30367231999999
0.40000000000000036,3.04,67.81805056
0.4800000000000004,3.04,67.15382272
0.5600000000000005,3.04,66.31639552
0.6399999999999997,3.04,65.31215871999999
0.7199999999999998,3.04,64.14848512
0.7999999999999998,3.04,62.83373056
0.8799999999999999,3.04,61.37723392000001
0.96,3.04,59.78931712
1.04,3.04,58.081285120000004
1.12,3.04,56.26542591999999
1.2000000000000002,3.04,54.355010560000004
1.2800000000000002,3.04,52.364293119999985
1.3600000000000003,3.04,50.30851072
1.4400000000000004,3.04,48.20388351999998
1.5200000000000005,3.04,46.067614719999995
1.6000000000000005,3.04,43.91789055999998
1.6799999999999997,3.04,41.77388032
1.7599999999999998,3.04,39.65573632
1.8399999999999999,3.04,37.58459392
1.92,3.04,35.58257152
2.0,3.04,33.672770560000004
2.08,3.04,31.879275519999997
2.16,3.04,30.22715392
2.24,3.04,28.742456319999995
2.3200000000000003,3.04,27.452216319999998
2.4000000000000004,3.04,26.38445056
2.4800000000000004,3.04,25.568158719999996
2.5600000000000005,3.04,25.03332352
2.6400000000000006,3.04,24.810910720000003
2.7199999999999998,3.04,24.932869120000007
2.8,3.04,25.43213055999999
2.88,3.04,26.342609920000008
2.96,3.04,27.69920511999999
3.04,3.04,29.537797120000015
3.12,3.04,31.89524991999999
3.2,3.04,34.80941056000002
3.2800000000000002,3.04,38.31910912
3.3600000000000003,3.04,42.46415872000003
3.4400000000000004,3.04,47.285355520000024
3.5200000000000005,3.04,52.82447872000004
3.6000000000000005,3.04,59.124290560000034
3.6799999999999997,3.04,66.22853631999996
3.76,3.04,74.18194431999997
3.84,3.04,83.03022591999998
3.92,3.04,92.82007551999997
4.0,3.04,103.59917055999998
-4.0,3.12,67.53614336000001
-3.92,3.12,57.451832319999994
-3.84,3.12,48.358814720000005
-3.76,3.12,40.20941312
-3.68,3.12,32.956933120000016
-3.6,3.12,26.555663360000015
-3.52,3.12,20.960875520000002
-3.44,3.12,16.128824319999982
-3.36,3.12,12.016747519999981
-3.2800000000000002,3.12,8.582865920000016
-3.2,3.12,5.786383360000013
-3.12,3.12,3.587486720000006
-3.04,3.12,1.9473459199999976
-2.96,3.12,0.8281139199999975
-2.88,3.12,0.19292672000000016
-2.8,3.12,0.005903359999999942
-2.7199999999999998,3.12,0.23214592000000026
-2.6399999999999997,3.12,0.8377395200000053
-2.56,3.12,1.789752319999999
-2.48,3.12,3.0562355199999987
-2.4,3.12,4.606223360000005
-2.3200000000000003,3.12,6.409733119999992
-2.24,3.12,8.437765119999995
-2.16,3.12,10.662302719999998
-2.08,3.12,13.056312319999996
-2.0,3.12,15.593743360000001
-1.92,3.12,18.249528320000003
-1.8399999999999999,3.12,20.999582720000006
-1.7599999999999998,3.12,23.82080512000001
-1.6800000000000002,3.12,26.691077119999996
-1.6,3.12,29.589263359999997
-1.52,3.12,32.49521152
-1.44,3.12,35.38975232000001
-1.3599999999999999,3.12,38.25469952
-1.2799999999999998,3.12,41.07284992
-1.1999999999999997,3.12,43.82798336000001
-1.12,3.12,46.50486271999999
-1.04,3.12,49.089233920000005
-0.96,3.12,51.56782592
-0.8799999999999999,3.12,53.928350720000005
-0.7999999999999998,3.12,56.15950336
-0.7199999999999998,3.12,58.25096192000001
-0.6400000000000001,3.12,60.193387519999995
-0.56,3.12,61.978424319999995
-0.48,3.12,63.59869951999999
-0.3999999999999999,3.12,65.04782336
-0.31999999999999984,3.12,66.32038912
-0.23999999999999977,3.12,67.41197312000001
-0.16000000000000014,3.12,68.31913472000001
-0.08000000000000007,3.12,69.03941632
0.0,3.12,69.57134336
0.08000000000000007,3.12,69.91442432000001
0.16000000000000014,3.12,70.06915072000001
0.2400000000000002,3.12,70.03699712000001
0.3200000000000003,3.12,69.82042112
0.40000000000000036,3.12,69.42286336000001
0.4800000000000004,3.12,68.84874752
0.5600000000000005,3.12,68.10348032
0.6399999999999997,3.12,67.19345152
0.7199999999999998,3.12,66.12603392
0.7999999999999998,3.12,64.90958336000001
0.8799999999999999,3.12,63.55343872
0.96,3.12,62.06792192000001
1.04,3.12,60.46433792
1.12,3.12,58.75497472000001
1.2000000000000002,3.12,56.95310335999999
1.2800000000000002,3.12,55.07297792
1.3600000000000003,3.12,53.12983551999999
1.4400000000000004,3.12,51.13989632
1.5200000000000005,3.12,49.120363519999984
1.6000000000000005,3.12,47.089423360000005
1.6799999999999997,3.12,45.06624512000002
1.7599999999999998,3.12,43.07098112000001
1.8399999999999999,3.12,41.12476672000001
1.92,3.12,39.24972032000001
2.0,3.12,37.468943360000004
2.08,3.12,35.806520320000004
2.16,3.12,34.28751872000001
2.24,3.12,32.937989120000005
2.3200000000000003,3.12,31.784965120000003
2.4000000000000004,3.12,30.85646336
2.4800000000000004,3.12,30.181483520000004
2.5600000000000005,3.12,29.790008320000002
2.6400000000000006,3.12,29.713003520000008
2.7199999999999998,3.12,29.982417919999996
2.8,3.12,30.631183360000016
2.88,3.12,31.69321472
2.96,3.12,33.20340992000001
3.04,3.12,35.197649919999996
3.12,3.12,37.71279872000002
3.2,3.12,40.78670336000002
3.2800000000000002,3.12,44.458193920000035
3.3600000000000003,3.12,48.76708352000001
3.4400000000000004,3.12,53.75416832000003
3.5200000000000005,3.12,59.46122752000004
3.6000000000000005,3.12,65.93102336000008
3.6799999999999997,3.12,73.20730111999998
3.76,3.12,81.33478912000001
3.84,3.12,90.35919872000002
3.92,3.12,100.32722432
4.0,3.12,111.28654336000002
-4.0,3.2,67.8176
-3.92,3.2,57.71280895999997
-3.84,3.2,48.60135935999998
-3.76,3.2,40.435573759999976
-3.68,3.2,33.16875776
-3.6,3.2,26.755200000000002
-3.52,3.2,21.15017215999999
-3.44,3.2,16.309928959999997
-3.36,3.2,12.191708159999996
-3.2800000000000002,3.2,8.753730560000006
-3.2,3.2,5.955200000000006
-3.12,3.2,3.7563033600000013
-3.04,3.2,2.118210560000004
-2.96,3.2,1.0030745600000024
-2.88,3.2,0.37403136000000037
-2.8,3.2,0.19520000000000184
-2.7199999999999998,3.2,0.4316825600000039
-2.6399999999999997,3.2,1.0495641600000043
-2.56,3.2,2.015912960000001
-2.48,3.2,3.2987801600000006
-2.4,3.2,4.8671999999999995
-2.3200000000000003,3.2,6.691189759999995
-2.24,3.2,8.741749759999998
-2.16,3.2,10.99086336
-2.08,3.2,13.411496960000001
-2.0,3.2,15.977600000000004
-1.92,3.2,18.664104960000007
-1.8399999999999999,3.2,21.44692736000001
-1.7599999999999998,3.2,24.302965760000014
-1.6800000000000002,3.2,27.210101759999993
-1.6,3.2,30.147199999999998
-1.52,3.2,33.094108160000005
-1.44,3.2,36.03165696000001
-1.3599999999999999,3.2,38.94166016000001
-1.2799999999999998,3.2,41.80691456000001
-1.1999999999999997,3.2,44.61120000000001
-1.12,3.2,47.33927936
-1.04,3.2,49.97689856000001
-0.96,3.2,52.51078656000001
-0.8799999999999999,3.2,54.928655360000015
-0.7999999999999998,3.2,57.21920000000001
-0.7199999999999998,3.2,59.37209856000002
-0.6400000000000001,3.2,61.37801216
-0.56,3.2,63.228584960000006
-0.48,3.2,64.91644416
-0.3999999999999999,3.2,66.43520000000001
-0.31999999999999984,3.2,67.77944576
-0.23999999999999977,3.2,68.94475776000002
-0.16000000000000014,3.2,69.92769536000002
-0.08000000000000007,3.2,70.72580096000002
0.0,3.2,71.33760000000001
0.08000000000000007,3.2,71.76260096000001
0.16000000000000014,3.2,72.00129536000001
0.2400000000000002,3.2,72.05515776000001
0.3200000000000003,3.2,71.92664576000001
0.40000000000000036,3.2,71.61920000000002
0.4800000000000004,3.2,71.13724416000001
0.5600000000000005,3.2,70.48618496000002
0.6399999999999997,3.2,69.67241216000001
0.7199999999999998,3.2,68.70329856000001
0.7999999999999998,3.2,67.58720000000002
0.8799999999999999,3.2,66.33345536000002
0.96,3.2,64.95238656000002
1.04,3.2,63.45529856000001
1.12,3.2,61.85447936000002
1.2000000000000002,3.2,60.1632
1.2800000000000002,3.2,58.395714560000016
1.3600000000000003,3.2,56.567260160000004
1.4400000000000004,3.2,54.69405696000001
1.5200000000000005,3.2,52.793308159999995
1.6000000000000005,3.2,50.883200000000016
1.6799999999999997,3.2,48.98290176000002
1.7599999999999998,3.2,47.112565760000024
1.8399999999999999,3.2,45.29332736000002
1.92,3.2,43.54730496000002
2.0,3.2,41.89760000000002
2.08,3.2,40.36829696000002
2.16,3.2,38.98446336000002
2.24,3.2,37.77214976000002
2.3200000000000003,3.2,36.758389760000014
2.4000000000000004,3.2,35.971200000000024
2.4800000000000004,3.2,35.43958016000003
2.5600000000000005,3.2,35.19351296000002
2.6400000000000006,3.2,35.26396416000003
2.7199999999999998,3.2,35.68288256000002
2.8,3.2,36.48320000000004
2.88,3.2,37.698831360000014
2.96,3.2,39.36467456000003
3.04,3.2,41.51661056000002
3.12,3.2,44.19150336000004
3.2,3.2,47.42720000000003
3.2800000000000002,3.2,51.262530560000044
3.3600000000000003,3.2,55.73730816000004
3.4400000000000004,3.2,60.89232896000007
3.5200000000000005,3.2,66.76937216000005
3.6000000000000005,3.2,73.41120000000008
3.6799999999999997,3.2,80.86155775999998
3.76,3.2,89.16517376000002
3.84,3.2,98.36775936000001
3.92,3.2,108.51600896
4.0,3.2,119.65760000000003
-4.0,3.2800000000000002,68.61677056000002
-3.92,3.2800000000000002,58.49354751999999
-3.84,3.2800000000000002,49.36571392000001
-3.76,3.2800000000000002,41.18559232
-3.68,3.2800000000000002,33.906488320000015
-3.6,3.2800000000000002,27.482690560000023
-3.52,3.2800000000000002,21.86947072000001
-3.44,3.2800000000000002,17.023083519999986
-3.36,3.2800000000000002,12.900766719999984
-3.2800000000000002,3.2800000000000002,9.46074112000002
-3.2,3.2800000000000002,6.662210560000017
-3.12,3.2800000000000002,4.46536192000001
-3.04,3.2800000000000002,2.8313651200000005
-2.96,3.2800000000000002,1.7223731200000008
-2.88,3.2800000000000002,1.1015219200000042
-2.8,3.2800000000000002,0.9329305600000035
-2.7199999999999998,3.2800000000000002,1.181701120000006
-2.6399999999999997,3.2800000000000002,1.8139187200000064
-2.56,3.2800000000000002,2.796651520000002
-2.48,3.2800000000000002,4.097950720000002
-2.4,3.2800000000000002,5.686850560000007
-2.3200000000000003,3.2800000000000002,7.533368319999996
-2.24,3.2800000000000002,9.60850432
-2.16,3.2800000000000002,11.884241920000001
-2.08,3.2800000000000002,14.333547520000002
-2.0,3.2800000000000002,16.930370560000004
-1.92,3.2800000000000002,19.649643520000005
-1.8399999999999999,3.2800000000000002,22.46728192000001
-1.7599999999999998,3.2800000000000002,25.360184320000013
-1.6800000000000002,3.2800000000000002,28.30623232
-1.6,3.2800000000000002,31.284290560000002
-1.52,3.2800000000000002,34.27420672
-1.44,3.2800000000000002,37.25681152000001
-1.3599999999999999,3.2800000000000002,40.21391872000001
-1.2799999999999998,3.2800000000000002,43.12832512000001
-1.1999999999999997,3.2800000000000002,45.983810560000016
-1.12,3.2800000000000002,48.765137919999994
-1.04,3.2800000000000002,51.45805312000001
-0.96,3.2800000000000002,54.04928512000001
-0.8799999999999999,3.2800000000000002,56.52654592000001
-0.7999999999999998,3.2800000000000002,58.87853056000001
-0.7199999999999998,3.2800000000000002,61.09491712000001
-0.6400000000000001,3.2800000000000002,63.16636672
-0.56,3.2800000000000002,65.08452352
-0.48,3.2800000000000002,66.84201472
-0.3999999999999999,3.2800000000000002,68.43245056
-0.31999999999999984,3.2800000000000002,69.85042432
-0.23999999999999977,3.2800000000000002,71.09151232
-0.16000000000000014,3.2800000000000002,72.15227392000001
-0.08000000000000007,3.2800000000000002,73.03025152000001
0.0,3.2800000000000002,73.72397056000001
0.08000000000000007,3.2800000000000002,74.23293952
0.16000000000000014,3.2800000000000002,74.55764992000002
0.2400000000000002,3.2800000000000002,74.69957632000002
0.3200000000000003,3.2800000000000002,74.66117632000001
0.40000000000000036,3.2800000000000002,74.44589056000001
0.4800000000000004,3.2800000000000002,74.05814272
0.5600000000000005,3.2800000000000002,73.50333952000001
0.6399999999999997,3.2800000000000002,72.78787072000002
0.7199999999999998,3.2800000000000002,71.91910912
0.7999999999999998,3.2800000000000002,70.90541056000002
0.8799999999999999,3.2800000000000002,69.75611392
0.96,3.2800000000000002,68.48154112000003
1.04,3.2800000000000002,67.09299712
1.12,3.2800000000000002,65.60276992000001
1.2000000000000002,3.2800000000000002,64.02413056
1.2800000000000002,3.2800000000000002,62.37133312000002
1.3600000000000003,3.2800000000000002,60.65961472000001
1.4400000000000004,3.2800000000000002,58.90519552000001
1.5200000000000005,3.2800000000000002,57.12527872
1.6000000000000005,3.2800000000000002,55.33805056000001
1.6799999999999997,3.2800000000000002,53.56268032000002
1.7599999999999998,3.2800000000000002,51.819320320000024
1.8399999999999999,3.2800000000000002,50.12910592000002
1.92,3.2800000000000002,48.51415552000002
2.0,3.2800000000000002,46.99757056000002
2.08,3.2800000000000002,45.60343552000001
2.16,3.2800000000000002,44.35681792000002
2.24,3.2800000000000002,43.283768320000014
2.3200000000000003,3.2800000000000002,42.411320320000016
2.4000000000000004,3.2800000000000002,41.76749056000002
2.4800000000000004,3.2800000000000002,41.38127872000002
2.5600000000000005,3.2800000000000002,41.28266752000002
2.6400000000000006,3.2800000000000002,41.50262272000002
2.7199999999999998,3.2800000000000002,42.07309312000001
2.8,3.2800000000000002,43.027010560000036
2.88,3.2800000000000002,44.39828992000001
2.96,3.2800000000000002,46.22182912000003
3.04,3.2800000000000002,48.53350912000001
3.12,3.2800000000000002,51.37019392000004
3.2,3.2800000000000002,54.76973056000003
3.2800000000000002,3.2800000000000002,58.770949120000054
3.3600000000000003,3.2800000000000002,63.413662720000026
3.4400000000000004,3.2800000000000002,68.73866752000006
3.5200000000000005,3.2800000000000002,74.78774272000007
3.6000000000000005,3.2800000000000002,81.6036505600001
3.6799999999999997,3.2800000000000002,89.23013632000001
3.76,3.2800000000000002,97.71192832000003
3.84,3.2800000000000002,107.09473792000003
3.92,3.2800000000000002,117.42525952000003
4.0,3.2800000000000002,128.75117056000005
-4.0,3.3600000000000003,69.97346815999998
-3.92,3.3600000000000003,59.83386111999997
-3.84,3.3600000000000003,50.691691519999985
-3.76,3.3600000000000003,42.49928191999998
-3.68,3.3600000000000003,35.20993792000001
-3.6,3.3600000000000003,28.777948160000005
-3.52,3.3600000000000003,23.158584319999992
-3.44,3.3600000000000003,18.308101120000003
-3.36,3.3600000000000003,14.18373632
-3.2800000000000002,3.3600000000000003,10.743710720000012
-3.2,3.3600000000000003,7.94722816000001
-3.12,3.3600000000000003,5.754475520000007
-3.04,3.3600000000000003,4.126622720000006
-2.96,3.3600000000000003,3.025822720000009
-2.88,3.3600000000000003,2.4152115200000015
-2.8,3.3600000000000003,2.2589081600000083
-2.7199999999999998,3.3600000000000003,2.522014720000005
-2.6399999999999997,3.3600000000000003,3.1706163200000113
-2.56,3.3600000000000003,4.171781120000003
-2.48,3.3600000000000003,5.493560320000004
-2.4,3.3600000000000003,7.104988160000001
-2.3200000000000003,3.3600000000000003,8.976081919999999
-2.24,3.3600000000000003,11.077841920000001
-2.16,3.3600000000000003,13.382251520000002
-2.08,3.3600000000000003,15.862277120000003
-2.0,3.3600000000000003,18.491868160000006
-1.92,3.3600000000000003,21.245957120000007
-1.8399999999999999,3.3600000000000003,24.100459520000015
-1.7599999999999998,3.3600000000000003,27.032273920000016
-1.6800000000000002,3.3600000000000003,30.019281919999997
-1.6,3.3600000000000003,33.04034816000001
-1.52,3.3600000000000003,36.07532032
-1.44,3.3600000000000003,39.10502912000001
-1.3599999999999999,3.3600000000000003,42.111288320000014
-1.2799999999999998,3.3600000000000003,45.07689472000001
-1.1999999999999997,3.3600000000000003,47.98562816000002
-1.12,3.3600000000000003,50.82225152000001
-1.04,3.3600000000000003,53.572510720000004
-0.96,3.3600000000000003,56.22313472000002
-0.8799999999999999,3.3600000000000003,58.76183552
-0.7999999999999998,3.3600000000000003,61.177308160000024
-0.7199999999999998,3.3600000000000003,63.45923072000001
-0.6400000000000001,3.3600000000000003,65.59826432
-0.56,3.3600000000000003,67.58605312
-0.48,3.3600000000000003,69.41522432000001
-0.3999999999999999,3.3600000000000003,71.07938816000001
-0.31999999999999984,3.3600000000000003,72.57313792000001
-0.23999999999999977,3.3600000000000003,73.89204992
-0.16000000000000014,3.3600000000000003,75.03268352
-0.08000000000000007,3.3600000000000003,75.99258112000001
0.0,3.3600000000000003,76.77026816000001
0.08000000000000007,3.3600000000000003,77.36525312
0.16000000000000014,3.3600000000000003,77.77802752000001
0.2400000000000002,3.3600000000000003,78.01006592000002
0.3200000000000003,3.3600000000000003,78.06382592000001
0.40000000000000036,3.3600000000000003,77.94274816000001
0.4800000000000004,3.3600000000000003,77.65125632000002
0.5600000000000005,3.3600000000000003,77.19475712000002
0.6399999999999997,3.3600000000000003,76.57964032
0.7199999999999998,3.3600000000000003,75.81327872000003
0.7999999999999998,3.3600000000000003,74.90402816000001
0.8799999999999999,3.3600000000000003,73.86122752000003
0.96,3.3600000000000003,72.69519872000001
1.04,3.3600000000000003,71.41724672000004
1.12,3.3600000000000003,70.03965952
1.2000000000000002,3.3600000000000003,68.57570816000002
1.2800000000000002,3.3600000000000003,67.03964672000001
1.3600000000000003,3.3600000000000003,65.44671232000002
1.4400000000000004,3.3600000000000003,63.813125119999995
1.5200000000000005,3.3600000000000003,62.156088320000016
1.6000000000000005,3.3600000000000003,60.49378816
1.6799999999999997,3.3600000000000003,58.84539392000002
1.7599999999999998,3.3600000000000003,57.231057920000026
1.8399999999999999,3.3600000000000003,55.67191552000003
1.92,3.3600000000000003,54.19008512000002
2.0,3.3600000000000003,52.808668160000025
2.08,3.3600000000000003,51.551749120000025
2.16,3.3600000000000003,50.444395520000015
2.24,3.3600000000000003,49.51265792000002
2.3200000000000003,3.3600000000000003,48.78356992000002
2.4000000000000004,3.3600000000000003,48.28514816000003
2.4800000000000004,3.3600000000000003,48.046392320000024
2.5600000000000005,3.3600000000000003,48.09728512000003
2.6400000000000006,3.3600000000000003,48.468792320000034
2.7199999999999998,3.3600000000000003,49.192862720000036
2.8,3.3600000000000003,50.30242816000001
2.88,3.3600000000000003,51.83140352000004
2.96,3.3600000000000003,53.81468672000001
3.04,3.3600000000000003,56.28815872000005
3.12,3.3600000000000003,59.28868352000001
3.2,3.3600000000000003,62.85410816000005
3.2800000000000002,3.3600000000000003,67.02326272000002
3.3600000000000003,3.3600000000000003,71.83596032000007
3.4400000000000004,3.3600000000000003,77.33299712000004
3.5200000000000005,3.3600000000000003,83.55615232000008
3.6000000000000005,3.3600000000000003,90.54818816000007
3.6799999999999997,3.3600000000000003,98.35284991999998
3.76,3.3600000000000003,107.01486592
3.84,3.3600000000000003,116.57994752000002
3.92,3.3600000000000003,127.09478912
4.0,3.3600000000000003,138.60706816
-4.0,3.4400000000000004,71.92848896000002
-3.92,3.4400000000000004,61.77454592000001
-3.84,3.4400000000000004,52.62008832000002
-3.76,3.4400000000000004,44.41743872000001
-3.68,3.4400000000000004,37.11990272000003
-3.6,3.4400000000000004,30.681768960000028
-3.52,3.4400000000000004,25.058309120000015
-3.44,3.4400000000000004,20.205777919999992
-3.36,3.4400000000000004,16.081413119999993
-3.2800000000000002,3.4400000000000004,12.643435520000029
-3.2,3.4400000000000004,9.851048960000021
-3.12,3.4400000000000004,7.66444032000002
-3.04,3.4400000000000004,6.044779520000003
-2.96,3.4400000000000004,4.95421952000001
-2.88,3.4400000000000004,4.355896320000007
-2.8,3.4400000000000004,4.213928960000013
-2.7199999999999998,3.4400000000000004,4.493419520000007
-2.6399999999999997,3.4400000000000004,5.160453120000019
-2.56,3.4400000000000004,6.182097920000007
-2.48,3.4400000000000004,7.526405120000007
-2.4,3.4400000000000004,9.162408960000013
-2.3200000000000003,3.4400000000000004,11.060126720000003
-2.24,3.4400000000000004,13.190558720000006
-2.16,3.4400000000000004,15.525688320000008
-2.08,3.4400000000000004,18.038481920000006
-2.0,3.4400000000000004,20.70288896000001
-1.92,3.4400000000000004,23.493841920000012
-1.8399999999999999,3.4400000000000004,26.387256320000017
-1.7599999999999998,3.4400000000000004,29.36003072000002
-1.6800000000000002,3.4400000000000004,32.39004672
-1.6,3.4400000000000004,35.456168960000014
-1.52,3.4400000000000004,38.53824512000001
-1.44,3.4400000000000004,41.617105920000014
-1.3599999999999999,3.4400000000000004,44.67456512000002
-1.2799999999999998,3.4400000000000004,47.69341952000001
-1.1999999999999997,3.4400000000000004,50.657448960000025
-1.12,3.4400000000000004,53.551416320000016
-1.04,3.4400000000000004,56.361067520000006
-0.96,3.4400000000000004,59.07313152000002
-0.8799999999999999,3.4400000000000004,61.67532032000001
-0.7999999999999998,3.4400000000000004,64.15632896000002
-0.7199999999999998,3.4400000000000004,66.50583552
-0.6400000000000001,3.4400000000000004,68.71450112000001
-0.56,3.4400000000000004,70.77396992000001
-0.48,3.4400000000000004,72.67686912
-0.3999999999999999,3.4400000000000004,74.41680896000001
-0.31999999999999984,3.4400000000000004,75.98838272
-0.23999999999999977,3.4400000000000004,77.38716672000001
-0.16000000000000014,3.4400000000000004,78.60972032000002
-0.08000000000000007,3.4400000000000004,79.65358592000001
0.0,3.4400000000000004,80.51728896000002
0.08000000000000007,3.4400000000000004,81.20033792000001
0.16000000000000014,3.4400000000000004,81.70322432000002
0.2400000000000002,3.4400000000000004,82.02742272000002
0.3200000000000003,3.4400000000000004,82.17539072000002
0.40000000000000036,3.4400000000000004,82.15056896000002
0.4800000000000004,3.4400000000000004,81.95738112000001
0.5600000000000005,3.4400000000000004,81.60123392000003
0.6399999999999997,3.4400000000000004,81.08851712
0.7199999999999998,3.4400000000000004,80.42660352000003
0.7999999999999998,3.4400000000000004,79.62384896000002
0.8799999999999999,3.4400000000000004,78.68959232000003
0.96,3.4400000000000004,77.63415552000001
1.04,3.4400000000000004,76.46884352000004
1.12,3.4400000000000004,75.20594432000001
1.2000000000000002,3.4400000000000004,73.85872896000004
1.2800000000000002,3.4400000000000004,72.44145152000002
1.3600000000000003,3.4400000000000004,70.96934912000003
1.4400000000000004,3.4400000000000004,69.45864191999999
1.5200000000000005,3.4400000000000004,67.92653312000003
1.6000000000000005,3.4400000000000004,66.39120896000001
1.6799999999999997,3.4400000000000004,64.87183872000003
1.7599999999999998,3.4400000000000004,63.38857472000004
1.8399999999999999,3.4400000000000004,61.96255232000003
1.92,3.4400000000000004,60.61588992000003
2.0,3.4400000000000004,59.37168896000003
2.08,3.4400000000000004,58.254033920000026
2.16,3.4400000000000004,57.28799232000003
2.24,3.4400000000000004,56.499614720000025
2.3200000000000003,3.4400000000000004,55.915934720000024
2.4000000000000004,3.4400000000000004,55.56496896000003
2.4800000000000004,3.4400000000000004,55.475717120000034
2.5600000000000005,3.4400000000000004,55.678161920000036
2.6400000000000006,3.4400000000000004,56.20326912000004
2.7199999999999998,3.4400000000000004,57.082987520000046
2.8,3.4400000000000004,58.35024896000002
2.88,3.4400000000000004,60.03896832000005
2.96,3.4400000000000004,62.184043520000024
3.04,3.4400000000000004,64.82135552000004
3.12,3.4400000000000004,67.98776832000003
3.2,3.4400000000000004,71.72112896000007
3.2800000000000002,3.4400000000000004,76.06026752000005
3.3600000000000003,3.4400000000000004,81.04499712000006
3.4400000000000004,3.4400000000000004,86.71611392000005
3.5200000000000005,3.4400000000000004,93.1153971200001
3.6000000000000005,3.4400000000000004,100.2856089600001
3.6799999999999997,3.4400000000000004,108.27049472000002
3.76,3.4400000000000004,117.11478272000004
3.84,3.4400000000000004,126.86418432000005
3.92,3.4400000000000004,137.56539392000005
4.0,3.4400000000000004,149.26608896000005
-4.0,3.5200000000000005,74.52361216
-3.92,3.5200000000000005,64.35738111999999
-3.84,3.5200000000000005,55.19268352
-3.76,3.5200000000000005,46.981841919999994
-3.68,3.5200000000000005,39.67816192000001
-3.6,3.5200000000000005,33.23593216000002
-3.52,3.5200000000000005,27.610424320000003
-3.44,3.5200000000000005,22.757893120000013
-3.36,3.5200000000000005,18.635576320000013
-3.2800000000000002,3.5200000000000005,15.201694720000019
-3.2,3.5200000000000005,12.415452160000026
-3.12,3.5200000000000005,10.237035520000012
-3.04,3.5200000000000005,8.627614720000025
-2.96,3.5200000000000005,7.549342720000014
-2.88,3.5200000000000005,6.96535552000002
-2.8,3.5200000000000005,6.839772160000013
-2.7199999999999998,3.5200000000000005,7.137694720000023
-2.6399999999999997,3.5200000000000005,7.825208320000015
-2.56,3.5200000000000005,8.869381120000014
-2.48,3.5200000000000005,10.238264320000015
-2.4,3.5200000000000005,11.900892160000012
-2.3200000000000003,3.5200000000000005,13.827281920000011
-2.24,3.5200000000000005,15.988433920000013
-2.16,3.5200000000000005,18.356331520000015
-2.08,3.5200000000000005,20.903941120000013
-2.0,3.5200000000000005,23.60521216000002
-1.92,3.5200000000000005,26.43507712000002
-1.8399999999999999,3.5200000000000005,29.369451520000027
-1.7599999999999998,3.5200000000000005,32.38523392000003
-1.6800000000000002,3.5200000000000005,35.46030592000001
-1.6,3.5200000000000005,38.57353216000002
-1.52,3.5200000000000005,41.70476032000002
-1.44,3.5200000000000005,44.83482112000003
-1.3599999999999999,3.5200000000000005,47.94552832000003
-1.2799999999999998,3.5200000000000005,51.01967872000003
-1.1999999999999997,3.5200000000000005,54.041052160000035
-1.12,3.5200000000000005,56.994411520000014
-1.04,3.5200000000000005,59.86550272000002
-0.96,3.5200000000000005,62.64105472000002
-0.8799999999999999,3.5200000000000005,65.30877952000003
-0.7999999999999998,3.5200000000000005,67.85737216000001
-0.7199999999999998,3.5200000000000005,70.27651072000003
-0.6400000000000001,3.5200000000000005,72.55685632000001
-0.56,3.5200000000000005,74.69005312000002
-0.48,3.5200000000000005,76.66872832000001
-0.3999999999999999,3.5200000000000005,78.48649216000003
-0.31999999999999984,3.5200000000000005,80.13793792000001
-0.23999999999999977,3.5200000000000005,81.61864192000003
-0.16000000000000014,3.5200000000000005,82.92516352000003
-0.08000000000000007,3.5200000000000005,84.05504512000002
0.0,3.5200000000000005,85.00681216000002
0.08000000000000007,3.5200000000000005,85.77997312000002
0.16000000000000014,3.5200000000000005,86.37501952000004
0.2400000000000002,3.5200000000000005,86.79342592000003
0.3200000000000003,3.5200000000000005,87.03764992000004
0.40000000000000036,3.5200000000000005,87.11113216000004
0.4800000000000004,3.5200000000000005,87.01829632000003
0.5600000000000005,3.5200000000000005,86.76454912000003
0.6399999999999997,3.5200000000000005,86.35628032000002
0.7199999999999998,3.5200000000000005,85.80086272000003
0.7999999999999998,3.5200000000000005,85.10665216000004
0.8799999999999999,3.5200000000000005,84.28298752000002
0.96,3.5200000000000005,83.34019072000005
1.04,3.5200000000000005,82.28956672000002
1.12,3.5200000000000005,81.14340352000005
1.2000000000000002,3.5200000000000005,79.91497216000002
1.2800000000000002,3.5200000000000005,78.61852672000003
1.3600000000000003,3.5200000000000005,77.26930432000003
1.4400000000000004,3.5200000000000005,75.88352512000004
1.5200000000000005,3.5200000000000005,74.47839232000003
1.6000000000000005,3.5200000000000005,73.07209216000004
1.6799999999999997,3.5200000000000005,71.68379392000004
1.7599999999999998,3.5200000000000005,70.33364992000004
1.8399999999999999,3.5200000000000005,69.04279552000006
1.92,3.5200000000000005,67.83334912000004
2.0,3.5200000000000005,66.72841216000005
2.08,3.5200000000000005,65.75206912000004
2.16,3.5200000000000005,64.92938752000005
2.24,3.5200000000000005,64.28641792000005
2.3200000000000003,3.5200000000000005,63.85019392000005
2.4000000000000004,3.5200000000000005,63.64873216000005
2.4800000000000004,3.5200000000000005,63.71103232000005
2.5600000000000005,3.5200000000000005,64.06707712000005
2.6400000000000006,3.5200000000000005,64.74783232000006
2.7199999999999998,3.5200000000000005,65.78524672000003
2.8,3.5200000000000005,67.21225216000006
2.88,3.5200000000000005,69.06276352000003
2.96,3.5200000000000005,71.37167872000008
3.04,3.5200000000000005,74.17487872000004
3.12,3.5200000000000005,77.50922752000007
3.2,3.5200000000000005,81.41257216000005
3.2800000000000002,3.5200000000000005,85.92374272000008
3.3600000000000003,3.5200000000000005,91.08255232000008
3.4400000000000004,3.5200000000000005,96.9297971200001
3.5200000000000005,3.5200000000000005,103.50725632000007
3.6000000000000005,3.5200000000000005,110.85769216000013
3.6799999999999997,3.5200000000000005,119.02484992000001
3.76,3.5200000000000005,128.05345792000008
3.84,3.5200000000000005,137.98922752000004
3.92,3.5200000000000005,148.87885312
4.0,3.5200000000000005,160.77001216000005
-4.0,3.6000000000000005,77.80160000000004
-3.92,3.6000000000000005,67.62512896000003
-3.84,3.6000000000000005,58.452239360000036
-3.76,3.6000000000000005,50.23525376000003
-3.68,3.6000000000000005,42.927477760000045
-3.6,3.6000000000000005,36.483200000000046
-3.52,3.6000000000000005,30.857692160000035
-3.44,3.6000000000000005,26.00720896000001
-3.36,3.6000000000000005,21.88898816000001
-3.2800000000000002,3.6000000000000005,18.46125056000004
-3.2,3.6000000000000005,15.683200000000047
-3.12,3.6000000000000005,13.51502336000003
-3.04,3.6000000000000005,11.91789056000003
-2.96,3.6000000000000005,10.85395456000002
-2.88,3.6000000000000005,10.286351360000035
-2.8,3.6000000000000005,10.179200000000023
-2.7199999999999998,3.6000000000000005,10.497602560000036
-2.6399999999999997,3.6000000000000005,11.207644160000028
-2.56,3.6000000000000005,12.276392960000026
-2.48,3.6000000000000005,13.671900160000025
-2.4,3.6000000000000005,15.363200000000031
-2.3200000000000003,3.6000000000000005,17.320309760000022
-2.24,3.6000000000000005,19.514229760000028
-2.16,3.6000000000000005,21.916943360000026
-2.08,3.6000000000000005,24.50141696000003
-2.0,3.6000000000000005,27.241600000000034
-1.92,3.6000000000000005,30.112424960000034
-1.8399999999999999,3.6000000000000005,33.08980736000004
-1.7599999999999998,3.6000000000000005,36.150645760000046
-1.6800000000000002,3.6000000000000005,39.27282176000003
-1.6,3.6000000000000005,42.43520000000003
-1.52,3.6000000000000005,45.61762816000003
-1.44,3.6000000000000005,48.800936960000044
-1.3599999999999999,3.6000000000000005,51.96694016000004
-1.2799999999999998,3.6000000000000005,55.098434560000044
-1.1999999999999997,3.6000000000000005,58.17920000000005
-1.12,3.6000000000000005,61.19399936000002
-1.04,3.6000000000000005,64.12857856000005
-0.96,3.6000000000000005,66.96966656000004
-0.8799999999999999,3.6000000000000005,69.70497536000005
-0.7999999999999998,3.6000000000000005,72.32320000000003
-0.7199999999999998,3.6000000000000005,74.81401856000005
-0.6400000000000001,3.6000000000000005,77.16809216000003
-0.56,3.6000000000000005,79.37706496000003
-0.48,3.6000000000000005,81.43356416000003
-0.3999999999999999,3.6000000000000005,83.33120000000004
-0.31999999999999984,3.6000000000000005,85.06456576000004
-0.23999999999999977,3.6000000000000005,86.62923776000004
-0.16000000000000014,3.6000000000000005,88.02177536000005
-0.08000000000000007,3.6000000000000005,89.23972096000004
0.0,3.6000000000000005,90.28160000000004
0.08000000000000007,3.6000000000000005,91.14692096000005
0.16000000000000014,3.6000000000000005,91.83617536000006
0.2400000000000002,3.6000000000000005,92.35083776000005
0.3200000000000003,3.6000000000000005,92.69336576000005
0.40000000000000036,3.6000000000000005,92.86720000000005
0.4800000000000004,3.6000000000000005,92.87676416000005
0.5600000000000005,3.6000000000000005,92.72746496000005
0.6399999999999997,3.6000000000000005,92.42569216000007
0.7199999999999998,3.6000000000000005,91.97881856000004
0.7999999999999998,3.6000000000000005,91.39520000000007
0.8799999999999999,3.6000000000000005,90.68417536000004
0.96,3.6000000000000005,89.85606656000007
1.04,3.6000000000000005,88.92217856000005
1.12,3.6000000000000005,87.89479936000006
1.2000000000000002,3.6000000000000005,86.78720000000004
1.2800000000000002,3.6000000000000005,85.61363456000007
1.3600000000000003,3.6000000000000005,84.38934016000005
1.4400000000000004,3.6000000000000005,83.13053696000006
1.5200000000000005,3.6000000000000005,81.85442816000004
1.6000000000000005,3.6000000000000005,80.57920000000007
1.6799999999999997,3.6000000000000005,79.32402176000006
1.7599999999999998,3.6000000000000005,78.10904576000007
1.8399999999999999,3.6000000000000005,76.95540736000007
1.92,3.6000000000000005,75.88522496000007
2.0,3.6000000000000005,74.92160000000007
2.08,3.6000000000000005,74.08861696000007
2.16,3.6000000000000005,73.41134336000006
2.24,3.6000000000000005,72.91582976000008
2.3200000000000003,3.6000000000000005,72.62910976000006
2.4000000000000004,3.6000000000000005,72.57920000000006
2.4800000000000004,3.6000000000000005,72.79510016000008
2.5600000000000005,3.6000000000000005,73.30679296000008
2.6400000000000006,3.6000000000000005,74.14524416000008
2.7199999999999998,3.6000000000000005,75.34240256000005
2.8,3.6000000000000005,76.93120000000009
2.88,3.6000000000000005,78.94555136000007
2.96,3.6000000000000005,81.42035456000008
3.04,3.6000000000000005,84.39149056000007
3.12,3.6000000000000005,87.89582336000011
3.2,3.6000000000000005,91.97120000000008
3.2800000000000002,3.6000000000000005,96.65645056000012
3.3600000000000003,3.6000000000000005,101.99138816000007
3.4400000000000004,3.6000000000000005,108.01680896000013
3.5200000000000005,3.6000000000000005,114.77449216000012
3.6000000000000005,3.6000000000000005,122.30720000000017
3.6799999999999997,3.6000000000000005,130.65867776000005
3.76,3.6000000000000005,139.87365376000014
3.84,3.6000000000000005,149.99783936000009
3.92,3.6000000000000005,161.07792896000007
4.0,3.6000000000000005,173.1616000000001
-4.0,3.6799999999999997,81.80619775999999
-3.92,3.6799999999999997,71.62153471999997
-3.84,3.6799999999999997,62.442501119999974
-3.76,3.6799999999999997,54.22141951999997
-3.68,3.6799999999999997,46.91159551999999
-3.6,3.6799999999999997,40.46731775999999
-3.52,3.6799999999999997,34.84385791999998
-3.44,3.6799999999999997,29.997470719999974
-3.36,3.6799999999999997,25.88539391999997
-3.2800000000000002,3.6799999999999997,22.465848319999985
-3.2,3.6799999999999997,19.698037759999995
-3.12,3.6799999999999997,17.542149119999976
-3.04,3.6799999999999997,15.959352319999985
-2.96,3.6799999999999997,14.911800319999973
-2.88,3.6799999999999997,14.362629119999985
-2.8,3.6799999999999997,14.275957759999972
-2.7199999999999998,3.6799999999999997,14.616888319999987
-2.6399999999999997,3.6799999999999997,15.351505919999974
-2.56,3.6799999999999997,16.446878719999976
-2.48,3.6799999999999997,17.87105791999997
-2.4,3.6799999999999997,19.593077759999975
-2.3200000000000003,3.6799999999999997,21.582955519999974
-2.24,3.6799999999999997,23.811691519999968
-2.16,3.6799999999999997,26.251269119999968
-2.08,3.6799999999999997,28.874654719999977
-2.0,3.6799999999999997,31.655797759999974
-1.92,3.6799999999999997,34.56963071999998
-1.8399999999999999,3.6799999999999997,37.592069119999984
-1.7599999999999998,3.6799999999999997,40.700011519999975
-1.6800000000000002,3.6799999999999997,43.87133951999998
-1.6,3.6799999999999997,47.084917759999975
-1.52,3.6799999999999997,50.32059391999998
-1.44,3.6799999999999997,53.55919871999998
-1.3599999999999999,3.6799999999999997,56.78254591999998
-1.2799999999999998,3.6799999999999997,59.97343231999999
-1.1999999999999997,3.6799999999999997,63.115637759999984
-1.12,3.6799999999999997,66.19392511999996
-1.04,3.6799999999999997,69.19404031999998
-0.96,3.6799999999999997,72.10271231999997
-0.8799999999999999,3.6799999999999997,74.90765311999999
-0.7999999999999998,3.6799999999999997,77.59755775999997
-0.7199999999999998,3.6799999999999997,80.16210432
-0.6400000000000001,3.6799999999999997,82.59195391999995
-0.56,3.6799999999999997,84.87875071999997
-0.48,3.6799999999999997,87.01512191999997
-0.3999999999999999,3.6799999999999997,88.99467775999996
-0.31999999999999984,3.6799999999999997,90.81201151999997
-0.23999999999999977,3.6799999999999997,92.46269951999997
-0.16000000000000014,3.6799999999999997,93.94330111999997
-0.08000000000000007,3.6799999999999997,95.25135871999996
0.0,3.6799999999999997,96.38539775999996
0.08000000000000007,3.6799999999999997,97.34492671999996
0.16000000000000014,3.6799999999999997,98.13043711999997
0.2400000000000002,3.6799999999999997,98.74340351999996
0.3200000000000003,3.6799999999999997,99.18628351999996
0.40000000000000036,3.6799999999999997,99.46251775999997
0.4800000000000004,3.6799999999999997,99.57652991999996
0.5600000000000005,3.6799999999999997,99.53372671999995
0.6399999999999997,3.6799999999999997,99.34049791999998
0.7199999999999998,3.6799999999999997,99.00421631999995
0.7999999999999998,3.6799999999999997,98.53323775999998
0.8799999999999999,3.6799999999999997,97.93690111999996
0.96,3.6799999999999997,97.22552831999997
1.04,3.6799999999999997,96.41042431999995
1.12,3.6799999999999997,95.50387711999997
1.2000000000000002,3.6799999999999997,94.51915775999994
1.2800000000000002,3.6799999999999997,93.47052031999996
1.3600000000000003,3.6799999999999997,92.37320191999994
1.4400000000000004,3.6799999999999997,91.24342271999997
1.5200000000000005,3.6799999999999997,90.09838591999994
1.6000000000000005,3.6799999999999997,88.95627775999995
1.6799999999999997,3.6799999999999997,87.83626751999996
1.7599999999999998,3.6799999999999997,86.75850751999995
1.8399999999999999,3.6799999999999997,85.74413311999996
1.92,3.6799999999999997,84.81526271999995
2.0,3.6799999999999997,83.99499775999996
2.08,3.6799999999999997,83.30742271999995
2.16,3.6799999999999997,82.77760511999995
2.24,3.6799999999999997,82.43159551999995
2.3200000000000003,3.6799999999999997,82.29642751999995
2.4000000000000004,3.6799999999999997,82.40011775999996
2.4800000000000004,3.6799999999999997,82.77166591999996
2.5600000000000005,3.6799999999999997,83.44105471999991
2.6400000000000006,3.6799999999999997,84.43924991999997
2.7199999999999998,3.6799999999999997,85.79820031999994
2.8,3.6799999999999997,87.55083775999995
2.88,3.6799999999999997,89.73107711999992
2.96,3.6799999999999997,92.37381631999996
3.04,3.6799999999999997,95.51493631999992
3.12,3.6799999999999997,99.19130111999998
3.2,3.6799999999999997,103.44075775999994
3.2800000000000002,3.6799999999999997,108.30213631999997
3.3600000000000003,3.6799999999999997,113.81524991999994
3.4400000000000004,3.6799999999999997,120.02089471999997
3.5200000000000005,3.6799999999999997,126.96084991999996
3.6000000000000005,3.6799999999999997,134.67787776
3.6799999999999997,3.6799999999999997,143.2157235199999
3.76,3.6799999999999997,152.61911551999995
3.84,3.6799999999999997,162.93376511999992
3.92,3.6799999999999997,174.2063667199999
4.0,3.6799999999999997,186.48459775999993
-4.0,3.76,86.58213375999996
-3.92,3.76,76.39132671999994
-3.84,3.76,67.20819712000001
-3.76,3.76,58.98506751999996
-3.68,3.76,51.67524351999998
-3.6,3.76,45.233013759999984
-3.52,3.76,39.61364991999997
-3.44,3.76,34.77340671999998
-3.36,3.76,30.66952191999998
-3.2800000000000002,3.76,27.260216319999994
-3.2,3.76,24.50469376000001
-3.12,3.76,22.363141119999987
-3.04,3.76,20.79672832
-2.96,3.76,19.767608319999983
-2.88,3.76,19.238917119999996
-2.8,3.76,19.174773759999983
-2.7199999999999998,3.76,19.54028032
-2.6399999999999997,3.76,20.30152191999999
-2.56,3.76,21.42556671999999
-2.48,3.76,22.88046591999999
-2.4,3.76,24.635253759999987
-2.3200000000000003,3.76,26.65994751999998
-2.24,3.76,28.92554751999999
-2.16,3.76,31.40403711999999
-2.08,3.76,34.06838271999999
-2.0,3.76,36.89253375999999
-1.92,3.76,39.851422719999995
-1.8399999999999999,3.76,42.92096512
-1.7599999999999998,3.76,46.07805952
-1.6800000000000002,3.76,49.30058751999999
-1.6,3.76,52.567413759999994
-1.52,3.76,55.85838592
-1.44,3.76,59.154334719999994
-1.3599999999999999,3.76,62.43707392
-1.2799999999999998,3.76,65.68940032
-1.1999999999999997,3.76,68.89509376000001
-1.12,3.76,72.03891711999998
-1.04,3.76,75.10661632
-0.96,3.76,78.08492031999998
-0.8799999999999999,3.76,80.96154112
-0.7999999999999998,3.76,83.72517375999999
-0.7199999999999998,3.76,86.36549632
-0.6400000000000001,3.76,88.87316991999998
-0.56,3.76,91.23983872
-0.48,3.76,93.45812991999999
-0.3999999999999999,3.76,95.52165375999999
-0.31999999999999984,3.76,97.42500351999999
-0.23999999999999977,3.76,99.16375552
-0.16000000000000014,3.76,100.73446911999999
-0.08000000000000007,3.76,102.13468671999999
0.0,3.76,103.36293375999999
0.08000000000000007,3.76,104.41871871999999
0.16000000000000014,3.76,105.30253311999999
0.2400000000000002,3.76,106.01585151999998
0.3200000000000003,3.76,106.56113151999999
0.40000000000000036,3.76,106.94181376
0.4800000000000004,3.76,107.16232191999998
0.5600000000000005,3.76,107.22806271999998
0.6399999999999997,3.76,107.14542592000001
0.7199999999999998,3.76,106.92178431999997
0.7999999999999998,3.76,106.56549376000001
0.8799999999999999,3.76,106.08589311999997
0.96,3.76,105.49330432000001
1.04,3.76,104.79903231999998
1.12,3.76,104.01536512
1.2000000000000002,3.76,103.15557375999997
1.2800000000000002,3.76,102.23391232
1.3600000000000003,3.76,101.26561791999997
1.4400000000000004,3.76,100.26691072
1.5200000000000005,3.76,99.25499391999996
1.6000000000000005,3.76,98.24805375999999
1.6799999999999997,3.76,97.26525951999999
1.7599999999999998,3.76,96.32676351999999
1.8399999999999999,3.76,95.45370111999999
1.92,3.76,94.66819072000001
2.0,3.76,93.99333375999998
2.08,3.76,93.45321471999995
2.16,3.76,93.07290112
2.24,3.76,92.87844352000002
2.3200000000000003,3.76,92.89687551999998
2.4000000000000004,3.76,93.15621375999996
2.4800000000000004,3.76,93.68545791999998
2.5600000000000005,3.76,94.51459072000002
2.6400000000000006,3.76,95.67457791999999
2.7199999999999998,3.76,97.19736831999995
2.8,3.76,99.11589375999999
2.88,3.76,101.46406911999995
2.96,3.76,104.27679232
3.04,3.76,107.58994431999996
3.12,3.76,111.44038912
3.2,3.76,115.86597375999997
3.2800000000000002,3.76,120.90552832000002
3.3600000000000003,3.76,126.59886591999998
3.4400000000000004,3.76,132.98678272000004
3.5200000000000005,3.76,140.11105792
3.6000000000000005,3.76,148.01445376000007
3.6799999999999997,3.76,156.74071551999995
3.76,3.76,166.33457151999988
3.84,3.76,176.84173312
3.92,3.76,188.30889471999996
4.0,3.76,200.78373375999996
-4.0,3.84,92.17511936
-3.92,3.84,81.98021631999998
-3.84,3.84,72.79503872
-3.76,3.84,64.57190911999999
-3.68,3.84,57.264133120000004
-3.6,3.84,50.82599936000001
-3.52,3.84,45.21277952
-3.44,3.84,40.38072831999999
-3.36,3.84,36.28708351999998
-3.2800000000000002,3.84,32.89006592
-3.2,3.84,30.148879360000016
-3.12,3.84,28.02371071999999
-3.04,3.84,26.475729920000006
-2.96,3.84,25.467089919999985
-2.88,3.84,24.960926720000003
-2.8,3.84,24.921359359999986
-2.7199999999999998,3.84,25.313489920000006
-2.6399999999999997,3.84,26.10340351999999
-2.56,3.84,27.25816831999999
-2.48,3.84,28.74583551999999
-2.4,3.84,30.535439359999994
-2.3200000000000003,3.84,32.59699711999999
-2.24,3.84,34.901509119999986
-2.16,3.84,37.42095871999999
-2.08,3.84,40.12831232
-2.0,3.84,42.99751936
-1.92,3.84,46.00351232
-1.8399999999999999,3.84,49.12220672
-1.7599999999999998,3.84,52.330501119999994
-1.6800000000000002,3.84,55.60627712
-1.6,3.84,58.92839935999999
-1.52,3.84,62.27671552
-1.44,3.84,65.63205632
-1.3599999999999999,3.84,68.97623552
-1.2799999999999998,3.84,72.29204992000001
-1.1999999999999997,3.84,75.56327936000002
-1.12,3.84,78.77468671999998
-1.04,3.84,81.91201792000001
-0.96,3.84,84.96200191999998
-0.8799999999999999,3.84,87.91235072
-0.7999999999999998,3.84,90.75175936
-0.7199999999999998,3.84,93.46990592000002
-0.6400000000000001,3.84,96.05745151999999
-0.56,3.84,98.50604031999998
-0.48,3.84,100.80829951999999
-0.3999999999999999,3.84,102.95783935999998
-0.31999999999999984,3.84,104.94925312000001
-0.23999999999999977,3.84,106.77811711999999
-0.16000000000000014,3.84,108.44099072
-0.08000000000000007,3.84,109.93541632
0.0,3.84,111.25991936
0.08000000000000007,3.84,112.41400832
0.16000000000000014,3.84,113.39817472
0.2400000000000002,3.84,114.21389312
0.3200000000000003,3.84,114.86362111999999
0.40000000000000036,3.84,115.35079936
0.4800000000000004,3.84,115.67985152
0.5600000000000005,3.84,115.85618431999998
0.6399999999999997,3.84,115.88618752000002
0.7199999999999998,3.84,115.77723391999997
0.7999999999999998,3.84,115.53767936000001
0.8799999999999999,3.84,115.17686271999997
0.96,3.84,114.70510592000002
1.04,3.84,114.13371391999998
1.12,3.84,113.47497472
1.2000000000000002,3.84,112.74215935999999
1.2800000000000002,3.84,111.94952192000001
1.3600000000000003,3.84,111.11229951999998
1.4400000000000004,3.84,110.24671232000001
1.5200000000000005,3.84,109.36996351999997
1.6000000000000005,3.84,108.50023936
1.6799999999999997,3.84,107.65670912
1.7599999999999998,3.84,106.85952512000001
1.8399999999999999,3.84,106.12982272
1.92,3.84,105.48972031999996
2.0,3.84,104.96231936
2.08,3.84,104.57170432000004
2.16,3.84,104.34294271999998
2.24,3.84,104.30208511999996
2.3200000000000003,3.84,104.47616511999999
2.4000000000000004,3.84,104.89319936000003
2.4800000000000004,3.84,105.58218751999999
2.5600000000000005,3.84,106.57311231999996
2.6400000000000006,3.84,107.89693952
2.7199999999999998,3.84,109.58561791999996
2.8,3.84,111.67207936000001
2.88,3.84,114.19023871999997
2.96,3.84,117.17499392
3.04,3.84,120.66222591999997
3.12,3.84,124.68879872000002
3.2,3.84,129.29255935999998
3.2800000000000002,3.84,134.51233792000002
3.3600000000000003,3.84,140.38794752
3.4400000000000004,3.84,146.96018432000005
3.5200000000000005,3.84,154.27082752
3.6000000000000005,3.84,162.36263936000006
3.6799999999999997,3.84,171.27936511999997
3.76,3.84,181.06573312
3.84,3.84,191.76745472
3.92,3.84,203.4312243199999
4.0,3.84,216.10471936
-4.0,3.92,98.63184896000001
-3.92,3.92,88.43489792
-3.84,3.92,79.24972031999995
-3.76,3.92,71.02863872
-3.68,3.92,63.72495872000002
-3.6,3.92,57.292968960000024
-3.52,3.92,51.687941120000005
-3.44,3.92,46.86612991999998
-3.36,3.92,42.78477311999998
-3.2800000000000002,3.92,39.402091519999985
-3.2,3.92,36.677288960000006
-3.12,3.92,34.57055231999998
-3.04,3.92,33.04305151999999
-2.96,3.92,32.05693951999997
-2.88,3.92,31.575352319999993
-2.8,3.92,31.562408959999974
-2.7199999999999998,3.92,31.983211519999998
-2.6399999999999997,3.92,32.80384511999998
-2.56,3.92,33.991377919999984
-2.48,3.92,35.51386111999998
-2.4,3.92,37.34032895999999
-2.3200000000000003,3.92,39.44079871999997
-2.24,3.92,41.786270719999976
-2.16,3.92,44.348728319999985
-2.08,3.92,47.10113791999998
-2.0,3.92,50.01744895999998
-1.92,3.92,53.07259391999999
-1.8399999999999999,3.92,56.24248831999999
-1.7599999999999998,3.92,59.50403071999999
-1.6800000000000002,3.92,62.83510271999998
-1.6,3.92,66.21456895999998
-1.52,3.92,69.62227711999999
-1.44,3.92,73.03905791999999
-1.3599999999999999,3.92,76.44672512
-1.2799999999999998,3.92,79.82807552
-1.1999999999999997,3.92,83.16688896
-1.12,3.92,86.44792831999996
-1.04,3.92,89.65693952
-0.96,3.92,92.78065151999998
-0.8799999999999999,3.92,95.80677632
-0.7999999999999998,3.92,98.72400895999998
-0.7199999999999998,3.92,101.52202752
-0.6400000000000001,3.92,104.19149311999996
-0.56,3.92,106.72404991999997
-0.48,3.92,109.11232511999997
-0.3999999999999999,3.92,111.34992895999997
-0.31999999999999984,3.92,113.43145471999998
-0.23999999999999977,3.92,115.35247871999998
-0.16000000000000014,3.92,117.10956031999999
-0.08000000000000007,3.92,118.70024191999997
0.0,3.92,120.12304895999998
0.08000000000000007,3.92,121.37748991999999
0.16000000000000014,3.92,122.46405631999997
0.2400000000000002,3.92,123.38422271999997
0.3200000000000003,3.92,124.14044671999999
0.40000000000000036,3.92,124.73616895999999
0.4800000000000004,3.92,125.17581311999997
0.5600000000000005,3.92,125.46478591999997
0.6399999999999997,3.92,125.60947712000001
0.7199999999999998,3.92,125.61725951999995
0.7999999999999998,3.92,125.49648896
0.8799999999999999,3.92,125.25650431999995
0.96,3.92,124.90762752
1.04,3.92,124.46116351999996
1.12,3.92,123.92940031999998
1.2000000000000002,3.92,123.32560895999995
1.2800000000000002,3.92,122.66404351999999
1.3600000000000003,3.92,121.95994111999997
1.4400000000000004,3.92,121.22952192
1.5200000000000005,3.92,120.48998911999996
1.6000000000000005,3.92,119.75952895999998
1.6799999999999997,3.92,119.05731071999998
1.7599999999999998,3.92,118.40348671999993
1.8399999999999999,3.92,117.81919231999998
1.92,3.92,117.32654592
2.0,3.92,116.94864895999997
2.08,3.92,116.70958591999994
2.16,3.92,116.63442431999998
2.24,3.92,116.74921472000001
2.3200000000000003,3.92,117.08099071999997
2.4000000000000004,3.92,117.65776895999993
2.4800000000000004,3.92,118.50854911999997
2.5600000000000005,3.92,119.66331392000002
2.6400000000000006,3.92,121.15302911999999
2.7199999999999998,3.92,123.00964351999994
2.8,3.92,125.26608895999999
2.88,3.92,127.95628031999995
2.96,3.92,131.11511552
3.04,3.92,134.77847551999994
3.12,3.92,138.98322432
3.2,3.92,143.76720895999995
3.2800000000000002,3.92,149.16925952
3.3600000000000003,3.92,155.22918911999997
3.4400000000000004,3.92,161.98779392000003
3.5200000000000005,3.92,169.48685311999998
3.6000000000000005,3.92,177.76912896000002
3.6799999999999997,3.92,186.8783667199999
3.76,3.92,196.85929471999992
3.84,3.92,207.75762431999993
3.92,3.92,219.62004992000004
4.0,3.92,232.49424896
-4.0,4.0,106.0
-3.92,4.0,95.80304895999997
-3.84,4.0,86.61991936
-3.76,4.0,78.40293376
-3.68,4.0,71.10539776000002
-3.6,4.0,64.68160000000002
-3.52,4.0,59.08681216
-3.44,4.0,54.27728895999999
-3.36,4.0,50.21026815999999
-3.2800000000000002,4.0,46.84397056
-3.2,4.0,44.13760000000002
-3.12,4.0,42.05134336
-3.04,4.0,40.546370560000014
-2.96,4.0,39.58483455999999
-2.88,4.0,39.12987136000001
-2.8,4.0,39.14559999999999
-2.7199999999999998,4.0,39.59712256000002
-2.6399999999999997,4.0,40.450524159999986
-2.56,4.0,41.67287295999999
-2.48,4.0,43.23222016
-2.4,4.0,45.09759999999999
-2.3200000000000003,4.0,47.239029759999994
-2.24,4.0,49.62750975999999
-2.16,4.0,52.235023359999985
-2.08,4.0,55.034536960000004
-2.0,4.0,58.0
-1.92,4.0,61.10634496
-1.8399999999999999,4.0,64.32948736
-1.7599999999999998,4.0,67.64632576
-1.6800000000000002,4.0,71.03474176
-1.6,4.0,74.4736
-1.52,4.0,77.94274816000001
-1.44,4.0,81.42301696000001
-1.3599999999999999,4.0,84.89622016000001
-1.2799999999999998,4.0,88.34515456000003
-1.1999999999999997,4.0,91.75360000000002
-1.12,4.0,95.10631935999999
-1.04,4.0,98.38905856000002
-0.96,4.0,101.58854655999998
-0.8799999999999999,4.0,104.69249536000001
-0.7999999999999998,4.0,107.6896
-0.7199999999999998,4.0,110.56953856000003
-0.6400000000000001,4.0,113.32297215999998
-0.56,4.0,115.94154495999999
-0.48,4.0,118.41788415999999
-0.3999999999999999,4.0,120.7456
-0.31999999999999984,4.0,122.91928576
-0.23999999999999977,4.0,124.93451776
-0.16000000000000014,4.0,126.78785536000001
-0.08000000000000007,4.0,128.47684096
0.0,4.0,130.0
0.08000000000000007,4.0,131.35684095999997
0.16000000000000014,4.0,132.54785536
0.2400000000000002,4.0,133.57451776000005
0.3200000000000003,4.0,134.43928576000002
0.40000000000000036,4.0,135.14559999999997
0.4800000000000004,4.0,135.69788416
0.5600000000000005,4.0,136.10154496000004
0.6399999999999997,4.0,136.36297216000003
0.7199999999999998,4.0,136.48953855999997
0.7999999999999998,4.0,136.48960000000002
0.8799999999999999,4.0,136.37249535999996
0.96,4.0,136.14854656
1.04,4.0,135.82905855999996
1.12,4.0,135.42631936
1.2000000000000002,4.0,134.9536
1.2800000000000002,4.0,134.42515456
1.3600000000000003,4.0,133.85622015999996
1.4400000000000004,4.0,133.26301696000002
1.5200000000000005,4.0,132.66274815999998
1.6000000000000005,4.0,132.0736
1.6799999999999997,4.0,131.51474176
1.7599999999999998,4.0,131.00632575999995
1.8399999999999999,4.0,130.56948736
1.92,4.0,130.22634496000003
2.0,4.0,130.0
2.08,4.0,129.91453695999996
2.16,4.0,129.99502336
2.24,4.0,130.26750976000005
2.3200000000000003,4.0,130.75902976
2.4000000000000004,4.0,131.49759999999998
2.4800000000000004,4.0,132.51222016
2.5600000000000005,4.0,133.83287296000006
2.6400000000000006,4.0,135.49052416000004
2.7199999999999998,4.0,137.51712255999996
2.8,4.0,139.9456
2.88,4.0,142.80987135999996
2.96,4.0,146.14483456000002
3.04,4.0,149.98637055999998
3.12,4.0,154.37134336000003
3.2,4.0,159.33759999999998
3.2800000000000002,4.0,164.92397056000001
3.3600000000000003,4.0,171.17026816
3.4400000000000004,4.0,178.11728896000005
3.5200000000000005,4.0,185.80681216000002
3.6000000000000005,4.0,194.28160000000008
3.6799999999999997,4.0,203.58539775999995
3.76,4.0,213.76293375999992
3.84,4.0,224.85991936
3.92,4.0,236.92304896000002
4.0,4.0,250.0
