x,y,z
-1.0,-1.0,13.0
-0.96,-1.0,12.15149056
-0.92,-1.0,11.363944960000001
-0.88,-1.0,10.63438336
-0.84,-1.0,9.959887359999998
-0.8,-1.0,9.337600000000002
-0.76,-1.0,8.76472576
-0.72,-1.0,8.23853056
-0.6799999999999999,-1.0,7.756341759999998
-0.64,-1.0,7.3155481600000005
-0.6,-1.0,6.9136
-0.56,-1.0,6.548008960000001
-0.52,-1.0,6.21634816
-0.48,-1.0,5.91625216
-0.43999999999999995,-1.0,5.6454169599999995
-0.4,-1.0,5.4016
-0.36,-1.0,5.18262016
-0.31999999999999995,-1.0,4.986357759999999
-0.28,-1.0,4.8107545599999995
-0.24,-1.0,4.65381376
-0.19999999999999996,-1.0,4.5136
-0.16000000000000003,-1.0,4.38823936
-0.12,-1.0,4.2759193600000005
-0.07999999999999996,-1.0,4.1748889600000005
-0.040000000000000036,-1.0,4.0834585599999995
0.0,-1.0,4.0
0.040000000000000036,-1.0,3.9229465599999997
0.08000000000000007,-1.0,3.8507929599999997
0.1200000000000001,-1.0,3.7820953600000005
0.15999999999999992,-1.0,3.71547136
0.19999999999999996,-1.0,3.6496
0.24,-1.0,3.5832217600000003
0.28,-1.0,3.51513856
0.32000000000000006,-1.0,3.44421376
0.3600000000000001,-1.0,3.3693721599999997
0.40000000000000013,-1.0,3.2895999999999996
0.43999999999999995,-1.0,3.2039449600000003
0.48,-1.0,3.11151616
0.52,-1.0,3.01148416
0.56,-1.0,2.9030809599999996
0.6000000000000001,-1.0,2.7855999999999996
0.6400000000000001,-1.0,2.6583961599999997
0.6799999999999999,-1.0,2.52088576
0.72,-1.0,2.37254656
0.76,-1.0,2.2129177599999994
0.8,-1.0,2.0416
0.8400000000000001,-1.0,1.8582553599999998
0.8800000000000001,-1.0,1.6626073599999995
0.9199999999999999,-1.0,1.4544409600000003
0.96,-1.0,1.2336025600000005
1.0,-1.0,1.0
1.04,-1.0,0.75360256
1.08,-1.0,0.49444095999999993
1.12,-1.0,0.22260735999999914
1.1600000000000001,-1.0,-0.061744640000001016
1.2000000000000002,-1.0,-0.35840000000000183
1.2400000000000002,-1.0,-0.6670822400000023
1.2800000000000002,-1.0,-0.9874534400000012
1.3199999999999998,-1.0,-1.3191142399999993
1.3599999999999999,-1.0,-1.6616038399999997
1.4,-1.0,-2.014399999999998
1.44,-1.0,-2.3769190399999998
1.48,-1.0,-2.7485158399999996
1.52,-1.0,-3.1284838400000012
1.56,-1.0,-3.5160550400000004
1.6,-1.0,-3.910400000000002
1.6400000000000001,-1.0,-4.3106278399999995
1.6800000000000002,-1.0,-4.71578624
1.7200000000000002,-1.0,-5.12486144
1.7600000000000002,-1.0,-5.536778240000003
1.8000000000000003,-1.0,-5.950400000000003
1.8399999999999999,-1.0,-6.36452864
1.88,-1.0,-6.777904639999999
1.92,-1.0,-7.189207039999998
1.96,-1.0,-7.59705344
2.0,-1.0,-8.0
2.04,-1.0,-8.396541440000005
2.08,-1.0,-8.785111039999999
2.12,-1.0,-9.164080639999996
2.16,-1.0,-9.53176064
2.2,-1.0,-9.886400000000005
2.24,-1.0,-10.226186240000002
2.2800000000000002,-1.0,-10.549245439999998
2.3200000000000003,-1.0,-10.853642240000001
2.36,-1.0,-11.137379839999998
2.4,-1.0,-11.398399999999995
2.44,-1.0,-11.634583040000003
2.48,-1.0,-11.843747839999999
2.52,-1.0,-12.02365184
2.56,-1.0,-12.171991040000009
2.6,-1.0,-12.286399999999993
2.64,-1.0,-12.364451839999997
2.68,-1.0,-12.403658239999999
2.72,-1.0,-12.401469439999989
2.7600000000000002,-1.0,-12.355274240000007
2.8000000000000003,-1.0,-12.262399999999996
2.84,-1.0,-12.120112639999988
2.88,-1.0,-11.925616640000003
2.92,-1.0,-11.676055039999998
2.96,-1.0,-11.368509439999999
3.0,-1.0,-11.0
-1.0,-0.96,12.42355456
-0.96,-0.96,11.578245119999998
-0.92,-0.96,10.79389952
-0.88,-0.96,10.067537920000001
-0.84,-0.96,9.396241919999998
-0.8,-0.96,8.777154560000001
-0.76,-0.96,8.207480319999998
-0.72,-0.96,7.684485119999999
-0.6799999999999999,-0.96,7.205496319999998
-0.64,-0.96,6.7679027199999995
-0.6,-0.96,6.369154559999999
-0.56,-0.96,6.00676352
-0.52,-0.96,5.67830272
-0.48,-0.96,5.381406719999999
-0.43999999999999995,-0.96,5.113771519999999
-0.4,-0.96,4.87315456
-0.36,-0.96,4.657374719999999
-0.31999999999999995,-0.96,4.4643123199999994
-0.28,-0.96,4.29190912
-0.24,-0.96,4.13816832
-0.19999999999999996,-0.96,4.00115456
-0.16000000000000003,-0.96,3.8789939199999997
-0.12,-0.96,3.7698739199999993
-0.07999999999999996,-0.96,3.6720435199999995
-0.040000000000000036,-0.96,3.5838131199999994
0.0,-0.96,3.5035545599999995
0.040000000000000036,-0.96,3.42970112
0.08000000000000007,-0.96,3.3607475199999994
0.1200000000000001,-0.96,3.295249919999999
0.15999999999999992,-0.96,3.23182592
0.19999999999999996,-0.96,3.1691545599999995
0.24,-0.96,3.10597632
0.28,-0.96,3.0410931199999993
0.32000000000000006,-0.96,2.9733683199999996
0.3600000000000001,-0.96,2.9017267199999996
0.40000000000000013,-0.96,2.825154559999999
0.43999999999999995,-0.96,2.74269952
0.48,-0.96,2.6534707199999996
0.52,-0.96,2.5566387199999996
0.56,-0.96,2.4514355199999995
0.6000000000000001,-0.96,2.337154559999999
0.6400000000000001,-0.96,2.2131507199999993
0.6799999999999999,-0.96,2.0788403199999994
0.72,-0.96,1.9337011199999996
0.76,-0.96,1.777272319999999
0.8,-0.96,1.6091545599999995
0.8400000000000001,-0.96,1.4290099199999995
0.8800000000000001,-0.96,1.236561919999999
0.9199999999999999,-0.96,1.03159552
0.96,-0.96,0.81395712
1.0,-0.96,0.5835545599999996
1.04,-0.96,0.34035711999999974
1.08,-0.96,0.08439551999999972
1.12,-0.96,-0.18423808000000141
1.1600000000000001,-0.96,-0.4653900800000015
1.2000000000000002,-0.96,-0.7588454400000022
1.2400000000000002,-0.96,-1.0643276800000017
1.2800000000000002,-0.96,-1.3814988800000023
1.3199999999999998,-0.96,-1.7099596799999999
1.3599999999999999,-0.96,-2.04924928
1.4,-0.96,-2.398845439999999
1.44,-0.96,-2.75816448
1.48,-0.96,-3.1265612799999998
1.52,-0.96,-3.5033292800000018
1.56,-0.96,-3.88770048
1.6,-0.96,-4.278845440000003
1.6400000000000001,-0.96,-4.675873280000001
1.6800000000000002,-0.96,-5.077831679999999
1.7200000000000002,-0.96,-5.483706879999999
1.7600000000000002,-0.96,-5.892423680000002
1.8000000000000003,-0.96,-6.302845440000001
1.8399999999999999,-0.96,-6.71377408
1.88,-0.96,-7.123950079999999
1.92,-0.96,-7.532052479999996
1.96,-0.96,-7.93669888
2.0,-0.96,-8.336445439999999
2.04,-0.96,-8.729786880000004
2.08,-0.96,-9.115156479999996
2.12,-0.96,-9.490926079999994
2.16,-0.96,-9.855406079999998
2.2,-0.96,-10.206845440000004
2.24,-0.96,-10.543431680000001
2.2800000000000002,-0.96,-10.863290879999997
2.3200000000000003,-0.96,-11.16448768
2.36,-0.96,-11.44502528
2.4,-0.96,-11.702845439999994
2.44,-0.96,-11.935828480000001
2.48,-0.96,-12.141793279999998
2.52,-0.96,-12.318497279999999
2.56,-0.96,-12.463636480000009
2.6,-0.96,-12.57484543999999
2.64,-0.96,-12.649697279999998
2.68,-0.96,-12.685703679999998
2.72,-0.96,-12.680314879999989
2.7600000000000002,-0.96,-12.630919680000005
2.8000000000000003,-0.96,-12.534845439999994
2.84,-0.96,-12.389358079999987
2.88,-0.96,-12.19166208
2.92,-0.96,-11.938900479999997
2.96,-0.96,-11.628154879999997
3.0,-0.96,-11.256445439999998
-1.0,-0.92,11.89245696
-0.96,-0.92,11.050347519999999
-0.92,-0.92,10.26920192
-0.88,-0.92,9.54604032
-0.84,-0.92,8.87794432
-0.8,-0.92,8.26205696
-0.76,-0.92,7.695582720000001
-0.72,-0.92,7.17578752
-0.6799999999999999,-0.92,6.699998719999999
-0.64,-0.92,6.265605120000001
-0.6,-0.92,5.87005696
-0.56,-0.92,5.5108659200000005
-0.52,-0.92,5.185605120000001
-0.48,-0.92,4.891909120000001
-0.43999999999999995,-0.92,4.62747392
-0.4,-0.92,4.390056960000001
-0.36,-0.92,4.177477120000001
-0.31999999999999995,-0.92,3.9876147200000003
-0.28,-0.92,3.8184115200000006
-0.24,-0.92,3.6678707200000007
-0.19999999999999996,-0.92,3.5340569600000005
-0.16000000000000003,-0.92,3.415096320000001
-0.12,-0.92,3.3091763200000006
-0.07999999999999996,-0.92,3.2145459200000004
-0.040000000000000036,-0.92,3.1295155200000004
0.0,-0.92,3.0524569600000007
0.040000000000000036,-0.92,2.9818035200000006
0.08000000000000007,-0.92,2.91604992
0.1200000000000001,-0.92,2.8537523200000003
0.15999999999999992,-0.92,2.7935283200000005
0.19999999999999996,-0.92,2.7340569600000006
0.24,-0.92,2.6740787200000007
0.28,-0.92,2.61239552
0.32000000000000006,-0.92,2.5478707200000006
0.3600000000000001,-0.92,2.4794291200000003
0.40000000000000013,-0.92,2.4060569600000004
0.43999999999999995,-0.92,2.3268019200000003
0.48,-0.92,2.2407731200000005
0.52,-0.92,2.1471411200000006
0.56,-0.92,2.04513792
0.6000000000000001,-0.92,1.9340569599999997
0.6400000000000001,-0.92,1.8132531200000004
0.6799999999999999,-0.92,1.6821427200000003
0.72,-0.92,1.5402035200000006
0.76,-0.92,1.38697472
0.8,-0.92,1.22205696
0.8400000000000001,-0.92,1.0451123200000003
0.8800000000000001,-0.92,0.8558643199999998
0.9199999999999999,-0.92,0.6540979200000006
0.96,-0.92,0.4396595200000011
1.0,-0.92,0.21245696000000058
1.04,-0.92,-0.027540479999999867
1.08,-0.92,-0.28030208
1.12,-0.92,-0.5457356800000004
1.1600000000000001,-0.92,-0.8236876800000004
1.2000000000000002,-0.92,-1.1139430400000019
1.2400000000000002,-0.92,-1.4162252800000017
1.2800000000000002,-0.92,-1.7301964800000014
1.3199999999999998,-0.92,-2.055457279999999
1.3599999999999999,-0.92,-2.391546879999999
1.4,-0.92,-2.7379430399999984
1.44,-0.92,-3.094062079999999
1.48,-0.92,-3.4592588799999993
1.52,-0.92,-3.8328268800000007
1.56,-0.92,-4.21399808
1.6,-0.92,-4.601943040000002
1.6400000000000001,-0.92,-4.9957708799999985
1.6800000000000002,-0.92,-5.3945292799999995
1.7200000000000002,-0.92,-5.7972044799999995
1.7600000000000002,-0.92,-6.202721280000002
1.8000000000000003,-0.92,-6.609943040000003
1.8399999999999999,-0.92,-7.017671679999999
1.88,-0.92,-7.424647679999999
1.92,-0.92,-7.829550079999997
1.96,-0.92,-8.23099648
2.0,-0.92,-8.627543039999999
2.04,-0.92,-9.017684480000005
2.08,-0.92,-9.399854079999997
2.12,-0.92,-9.772423679999996
2.16,-0.92,-10.13370368
2.2,-0.92,-10.481943040000004
2.24,-0.92,-10.815329280000002
2.2800000000000002,-0.92,-11.131988479999997
2.3200000000000003,-0.92,-11.42998528
2.36,-0.92,-11.707322880000001
2.4,-0.92,-11.961943039999994
2.44,-0.92,-12.191726080000002
2.48,-0.92,-12.39449088
2.52,-0.92,-12.56799488
2.56,-0.92,-12.709934080000009
2.6,-0.92,-12.817943039999992
2.64,-0.92,-12.889594879999997
2.68,-0.92,-12.922401279999999
2.72,-0.92,-12.91381247999999
2.7600000000000002,-0.92,-12.861217280000007
2.8000000000000003,-0.92,-12.761943039999995
2.84,-0.92,-12.613255679999995
2.88,-0.92,-12.412359680000009
2.92,-0.92,-12.156398080000004
2.96,-0.92,-11.842452480000006
3.0,-0.92,-11.467543040000006
-1.0,-0.88,11.40411136
-0.96,-0.88,10.56520192
-0.92,-0.88,9.78725632
-0.88,-0.88,9.06729472
-0.84,-0.88,8.402398719999999
-0.8,-0.88,7.789711360000001
-0.76,-0.88,7.22643712
-0.72,-0.88,6.70984192
-0.6799999999999999,-0.88,6.237253119999998
-0.64,-0.88,5.806059520000001
-0.6,-0.88,5.41371136
-0.56,-0.88,5.0577203200000005
-0.52,-0.88,4.7356595200000005
-0.48,-0.88,4.4451635199999995
-0.43999999999999995,-0.88,4.18392832
-0.4,-0.88,3.9497113600000007
-0.36,-0.88,3.74033152
-0.31999999999999995,-0.88,3.5536691200000003
-0.28,-0.88,3.38766592
-0.24,-0.88,3.2403251200000005
-0.19999999999999996,-0.88,3.10971136
-0.16000000000000003,-0.88,2.9939507200000004
-0.12,-0.88,2.89123072
-0.07999999999999996,-0.88,2.79980032
-0.040000000000000036,-0.88,2.7179699200000003
0.0,-0.88,2.64411136
0.040000000000000036,-0.88,2.5766579199999997
0.08000000000000007,-0.88,2.51410432
0.1200000000000001,-0.88,2.4550067199999996
0.15999999999999992,-0.88,2.397982720000001
0.19999999999999996,-0.88,2.34171136
0.24,-0.88,2.28493312
0.28,-0.88,2.2264499200000003
0.32000000000000006,-0.88,2.16512512
0.3600000000000001,-0.88,2.0998835200000006
0.40000000000000013,-0.88,2.02971136
0.43999999999999995,-0.88,1.9536563200000003
0.48,-0.88,1.87082752
0.52,-0.88,1.78039552
0.56,-0.88,1.6815923199999996
0.6000000000000001,-0.88,1.5737113599999997
0.6400000000000001,-0.88,1.4561075199999998
0.6799999999999999,-0.88,1.3281971200000002
0.72,-0.88,1.1894579200000002
0.76,-0.88,1.0394291199999994
0.8,-0.88,0.8777113599999995
0.8400000000000001,-0.88,0.7039667199999999
0.8800000000000001,-0.88,0.5179187199999993
0.9199999999999999,-0.88,0.31935232000000013
0.96,-0.88,0.10811392000000053
1.0,-0.88,-0.11588863999999988
1.04,-0.88,-0.3526860799999998
1.08,-0.88,-0.6022476800000003
1.12,-0.88,-0.8644812800000008
1.1600000000000001,-0.88,-1.139233280000001
1.2000000000000002,-0.88,-1.4262886400000014
1.2400000000000002,-0.88,-1.725370880000002
1.2800000000000002,-0.88,-2.036142080000001
1.3199999999999998,-0.88,-2.3582028799999994
1.3599999999999999,-0.88,-2.6910924799999996
1.4,-0.88,-3.034288639999999
1.44,-0.88,-3.3872076799999995
1.48,-0.88,-3.7492044799999995
1.52,-0.88,-4.119572480000001
1.56,-0.88,-4.497543679999998
1.6,-0.88,-4.882288640000002
1.6400000000000001,-0.88,-5.272916479999999
1.6800000000000002,-0.88,-5.66847488
1.7200000000000002,-0.88,-6.06795008
1.7600000000000002,-0.88,-6.470266880000002
1.8000000000000003,-0.88,-6.874288640000003
1.8399999999999999,-0.88,-7.27881728
1.88,-0.88,-7.682593279999999
1.92,-0.88,-8.084295679999997
1.96,-0.88,-8.48254208
2.0,-0.88,-8.875888640000001
2.04,-0.88,-9.262830080000008
2.08,-0.88,-9.64179968
2.12,-0.88,-10.011169279999997
2.16,-0.88,-10.369249280000002
2.2,-0.88,-10.714288640000005
2.24,-0.88,-11.044474880000006
2.2800000000000002,-0.88,-11.357934079999998
2.3200000000000003,-0.88,-11.65273088
2.36,-0.88,-11.926868480000003
2.4,-0.88,-12.178288639999998
2.44,-0.88,-12.404871680000007
2.48,-0.88,-12.604436480000004
2.52,-0.88,-12.774740480000004
2.56,-0.88,-12.913479680000012
2.6,-0.88,-13.018288639999996
2.64,-0.88,-13.086740480000001
2.68,-0.88,-13.116346880000002
2.72,-0.88,-13.104558079999993
2.7600000000000002,-0.88,-13.048762880000012
2.8000000000000003,-0.88,-12.946288639999999
2.84,-0.88,-12.794401279999992
2.88,-0.88,-12.590305280000006
2.92,-0.88,-12.33114368
2.96,-0.88,-12.013998080000002
3.0,-0.88,-11.635888640000005
-1.0,-0.84,10.95598336
-0.96,-0.84,10.120273919999999
-0.92,-0.84,9.34552832
-0.88,-0.84,8.62876672
-0.84,-0.84,7.967070719999999
-0.8,-0.84,7.357583360000001
-0.76,-0.84,6.79750912
-0.72,-0.84,6.284113919999999
-0.6799999999999999,-0.84,5.8147251199999985
-0.64,-0.84,5.38673152
-0.6,-0.84,4.997583359999999
-0.56,-0.84,4.6447923200000005
-0.52,-0.84,4.325931519999999
-0.48,-0.84,4.03863552
-0.43999999999999995,-0.84,3.780600319999999
-0.4,-0.84,3.54958336
-0.36,-0.84,3.3434035199999994
-0.31999999999999995,-0.84,3.1599411199999996
-0.28,-0.84,2.9971379199999997
-0.24,-0.84,2.85299712
-0.19999999999999996,-0.84,2.7255833599999995
-0.16000000000000003,-0.84,2.61302272
-0.12,-0.84,2.5135027199999995
-0.07999999999999996,-0.84,2.4252723199999995
-0.040000000000000036,-0.84,2.3466419199999997
0.0,-0.84,2.2759833599999997
0.040000000000000036,-0.84,2.21172992
0.08000000000000007,-0.84,2.1523763199999992
0.1200000000000001,-0.84,2.0964787199999995
0.15999999999999992,-0.84,2.0426547200000003
0.19999999999999996,-0.84,1.9895833599999997
0.24,-0.84,1.93600512
0.28,-0.84,1.8807219199999996
0.32000000000000006,-0.84,1.8225971199999995
0.3600000000000001,-0.84,1.76055552
0.40000000000000013,-0.84,1.6935833599999994
0.43999999999999995,-0.84,1.6207283199999996
0.48,-0.84,1.5410995199999995
0.52,-0.84,1.4538675199999993
0.56,-0.84,1.3582643199999993
0.6000000000000001,-0.84,1.2535833599999995
0.6400000000000001,-0.84,1.1391795199999994
0.6799999999999999,-0.84,1.0144691199999998
0.72,-0.84,0.8789299199999996
0.76,-0.84,0.7321011199999996
0.8,-0.84,0.5735833599999993
0.8400000000000001,-0.84,0.40303871999999963
0.8800000000000001,-0.84,0.22019071999999906
0.9199999999999999,-0.84,0.02482431999999979
0.96,-0.84,-0.18321407999999972
1.0,-0.84,-0.40401664000000026
1.04,-0.84,-0.6376140800000003
1.08,-0.84,-0.8839756800000007
1.12,-0.84,-1.1430092800000011
1.1600000000000001,-0.84,-1.4145612800000011
1.2000000000000002,-0.84,-1.6984166400000018
1.2400000000000002,-0.84,-1.9942988800000019
1.2800000000000002,-0.84,-2.301870080000002
1.3199999999999998,-0.84,-2.62073088
1.3599999999999999,-0.84,-2.950420479999999
1.4,-0.84,-3.2904166399999983
1.44,-0.84,-3.64013568
1.48,-0.84,-3.9989324799999997
1.52,-0.84,-4.366100480000002
1.56,-0.84,-4.740871679999999
1.6,-0.84,-5.122416640000003
1.6400000000000001,-0.84,-5.50984448
1.6800000000000002,-0.84,-5.90220288
1.7200000000000002,-0.84,-6.298478080000001
1.7600000000000002,-0.84,-6.697594880000003
1.8000000000000003,-0.84,-7.0984166400000035
1.8399999999999999,-0.84,-7.49974528
1.88,-0.84,-7.90032128
1.92,-0.84,-8.298823679999998
1.96,-0.84,-8.69387008
2.0,-0.84,-9.084016639999998
2.04,-0.84,-9.467758080000003
2.08,-0.84,-9.843527679999998
2.12,-0.84,-10.209697279999995
2.16,-0.84,-10.564577279999998
2.2,-0.84,-10.906416640000003
2.24,-0.84,-11.23340288
2.2800000000000002,-0.84,-11.543662079999997
2.3200000000000003,-0.84,-11.83525888
2.36,-0.84,-12.106196480000001
2.4,-0.84,-12.354416639999997
2.44,-0.84,-12.577799680000005
2.48,-0.84,-12.774164480000001
2.52,-0.84,-12.941268480000002
2.56,-0.84,-13.076807680000012
2.6,-0.84,-13.178416639999995
2.64,-0.84,-13.24366848
2.68,-0.84,-13.270074880000001
2.72,-0.84,-13.255086079999991
2.7600000000000002,-0.84,-13.19609088000001
2.8000000000000003,-0.84,-13.090416639999997
2.84,-0.84,-12.935329279999983
2.88,-0.84,-12.728033279999998
2.92,-0.84,-12.465671679999993
2.96,-0.84,-12.145326079999993
3.0,-0.84,-11.764016639999994
-1.0,-0.8,10.5456
-0.96,-0.8,9.71309056
-0.92,-0.8,8.941544960000002
-0.88,-0.8,8.22798336
-0.84,-0.8,7.56948736
-0.8,-0.8,6.963200000000001
-0.76,-0.8,6.4063257600000005
-0.72,-0.8,5.8961305600000005
-0.6799999999999999,-0.8,5.42994176
-0.64,-0.8,5.005148160000001
-0.6,-0.8,4.6192
-0.56,-0.8,4.269608960000001
-0.52,-0.8,3.9539481600000004
-0.48,-0.8,3.6698521600000005
-0.43999999999999995,-0.8,3.41501696
-0.4,-0.8,3.187200000000001
-0.36,-0.8,2.9842201600000005
-0.31999999999999995,-0.8,2.8039577600000007
-0.28,-0.8,2.6443545600000005
-0.24,-0.8,2.503413760000001
-0.19999999999999996,-0.8,2.3792000000000004
-0.16000000000000003,-0.8,2.2698393600000006
-0.12,-0.8,2.1735193600000007
-0.07999999999999996,-0.8,2.0884889600000003
-0.040000000000000036,-0.8,2.0130585600000006
0.0,-0.8,1.9456000000000007
0.040000000000000036,-0.8,1.8845465600000006
0.08000000000000007,-0.8,1.8283929600000004
0.1200000000000001,-0.8,1.7756953600000005
0.15999999999999992,-0.8,1.7250713600000007
0.19999999999999996,-0.8,1.6752000000000007
0.24,-0.8,1.6248217600000006
0.28,-0.8,1.5727385600000008
0.32000000000000006,-0.8,1.5178137600000006
0.3600000000000001,-0.8,1.4589721600000005
0.40000000000000013,-0.8,1.3952000000000004
0.43999999999999995,-0.8,1.3255449600000004
0.48,-0.8,1.2491161600000005
0.52,-0.8,1.1650841600000004
0.56,-0.8,1.0726809600000002
0.6000000000000001,-0.8,0.9712000000000003
0.6400000000000001,-0.8,0.8599961600000003
0.6799999999999999,-0.8,0.7384857600000008
0.72,-0.8,0.6061465600000007
0.76,-0.8,0.4625177600000001
0.8,-0.8,0.30720000000000014
0.8400000000000001,-0.8,0.1398553600000001
0.8800000000000001,-0.8,-0.03979264000000038
0.9199999999999999,-0.8,-0.23195903999999934
0.96,-0.8,-0.436797439999999
1.0,-0.8,-0.6543999999999994
1.04,-0.8,-0.8847974399999994
1.08,-0.8,-1.12795904
1.12,-0.8,-1.3837926400000002
1.1600000000000001,-0.8,-1.6521446400000004
1.2000000000000002,-0.8,-1.9328000000000016
1.2400000000000002,-0.8,-2.2254822400000007
1.2800000000000002,-0.8,-2.5298534400000015
1.3199999999999998,-0.8,-2.8455142399999986
1.3599999999999999,-0.8,-3.172003839999999
1.4,-0.8,-3.508799999999998
1.44,-0.8,-3.855319039999999
1.48,-0.8,-4.210915839999998
1.52,-0.8,-4.57488384
1.56,-0.8,-4.946455039999999
1.6,-0.8,-5.324800000000002
1.6400000000000001,-0.8,-5.709027839999999
1.6800000000000002,-0.8,-6.098186240000001
1.7200000000000002,-0.8,-6.4912614400000015
1.7600000000000002,-0.8,-6.887178240000004
1.8000000000000003,-0.8,-7.284800000000004
1.8399999999999999,-0.8,-7.682928639999999
1.88,-0.8,-8.080304639999998
1.92,-0.8,-8.47560704
1.96,-0.8,-8.867453439999998
2.0,-0.8,-9.254399999999997
2.04,-0.8,-9.634941440000002
2.08,-0.8,-10.007511039999997
2.12,-0.8,-10.370480639999993
2.16,-0.8,-10.722160639999998
2.2,-0.8,-11.060800000000004
2.24,-0.8,-11.38458624
2.2800000000000002,-0.8,-11.691645439999995
2.3200000000000003,-0.8,-11.98004224
2.36,-0.8,-12.24777984
2.4,-0.8,-12.492799999999995
2.44,-0.8,-12.712983040000005
2.48,-0.8,-12.906147840000001
2.52,-0.8,-13.070051840000001
2.56,-0.8,-13.20239104000001
2.6,-0.8,-13.300799999999994
2.64,-0.8,-13.36285184
2.68,-0.8,-13.38605824
2.72,-0.8,-13.36786943999999
2.7600000000000002,-0.8,-13.305674240000009
2.8000000000000003,-0.8,-13.196799999999996
2.84,-0.8,-13.03851263999999
2.88,-0.8,-12.828016640000005
2.92,-0.8,-12.56245504
2.96,-0.8,-12.23890944
3.0,-0.8,-11.854400000000002
-1.0,-0.76,10.17054976
-0.96,-0.76,9.34124032
-0.92,-0.76,8.57289472
-0.88,-0.76,7.86253312
-0.84,-0.76,7.207237119999999
-0.8,-0.76,6.604149760000001
-0.76,-0.76,6.05047552
-0.72,-0.76,5.5434803200000005
-0.6799999999999999,-0.76,5.080491519999999
-0.64,-0.76,4.65889792
-0.6,-0.76,4.27614976
-0.56,-0.76,3.92975872
-0.52,-0.76,3.61729792
-0.48,-0.76,3.3364019199999997
-0.43999999999999995,-0.76,3.08476672
-0.4,-0.76,2.86014976
-0.36,-0.76,2.66036992
-0.31999999999999995,-0.76,2.48330752
-0.28,-0.76,2.32690432
-0.24,-0.76,2.18916352
-0.19999999999999996,-0.76,2.06814976
-0.16000000000000003,-0.76,1.9619891200000004
-0.12,-0.76,1.8688691199999998
-0.07999999999999996,-0.76,1.78703872
-0.040000000000000036,-0.76,1.7148083200000002
0.0,-0.76,1.65054976
0.040000000000000036,-0.76,1.5926963200000002
0.08000000000000007,-0.76,1.5397427199999998
0.1200000000000001,-0.76,1.49024512
0.15999999999999992,-0.76,1.4428211200000003
0.19999999999999996,-0.76,1.3961497600000001
0.24,-0.76,1.34897152
0.28,-0.76,1.3000883200000002
0.32000000000000006,-0.76,1.2483635199999998
0.3600000000000001,-0.76,1.1927219199999999
0.40000000000000013,-0.76,1.13214976
0.43999999999999995,-0.76,1.0656947200000002
0.48,-0.76,0.9924659199999999
0.52,-0.76,0.9116339199999999
0.56,-0.76,0.8224307200000002
0.6000000000000001,-0.76,0.7241497599999998
0.6400000000000001,-0.76,0.6161459199999998
0.6799999999999999,-0.76,0.4978355200000002
0.72,-0.76,0.36869631999999997
0.76,-0.76,0.22826751999999995
0.8,-0.76,0.07614975999999962
0.8400000000000001,-0.76,-0.08799488000000011
0.8800000000000001,-0.76,-0.2644428800000005
0.9199999999999999,-0.76,-0.4534092799999998
0.96,-0.76,-0.6550476799999994
1.0,-0.76,-0.8694502400000002
1.04,-0.76,-1.0966476799999996
1.08,-0.76,-1.3366092800000005
1.12,-0.76,-1.5892428800000011
1.1600000000000001,-0.76,-1.8543948800000005
1.2000000000000002,-0.76,-2.1318502400000017
1.2400000000000002,-0.76,-2.4213324800000016
1.2800000000000002,-0.76,-2.7225036800000018
1.3199999999999998,-0.76,-3.0349644799999997
1.3599999999999999,-0.76,-3.35825408
1.4,-0.76,-3.691850239999998
1.44,-0.76,-4.03516928
1.48,-0.76,-4.38756608
1.52,-0.76,-4.748334080000001
1.56,-0.76,-5.116705280000001
1.6,-0.76,-5.4918502400000015
1.6400000000000001,-0.76,-5.87287808
1.6800000000000002,-0.76,-6.258836479999999
1.7200000000000002,-0.76,-6.64871168
1.7600000000000002,-0.76,-7.041428480000002
1.8000000000000003,-0.76,-7.435850240000002
1.8399999999999999,-0.76,-7.830778879999999
1.88,-0.76,-8.224954879999999
1.92,-0.76,-8.617057279999997
1.96,-0.76,-9.00570368
2.0,-0.76,-9.389450239999999
2.04,-0.76,-9.766791680000004
2.08,-0.76,-10.136161279999998
2.12,-0.76,-10.495930879999996
2.16,-0.76,-10.84441088
2.2,-0.76,-11.179850240000004
2.24,-0.76,-11.500436480000001
2.2800000000000002,-0.76,-11.804295679999997
2.3200000000000003,-0.76,-12.08949248
2.36,-0.76,-12.354030080000001
2.4,-0.76,-12.595850239999994
2.44,-0.76,-12.812833280000003
2.48,-0.76,-13.00279808
2.52,-0.76,-13.16350208
2.56,-0.76,-13.292641280000009
2.6,-0.76,-13.387850239999992
2.64,-0.76,-13.446702079999998
2.68,-0.76,-13.466708479999998
2.72,-0.76,-13.44531967999999
2.7600000000000002,-0.76,-13.379924480000007
2.8000000000000003,-0.76,-13.267850239999994
2.84,-0.76,-13.106362879999988
2.88,-0.76,-12.892666880000004
2.92,-0.76,-12.623905279999997
2.96,-0.76,-12.297159679999998
3.0,-0.76,-11.90945024
-1.0,-0.72,9.82848256
-0.96,-0.72,9.00237312
-0.92,-0.72,8.237227520000001
-0.88,-0.72,7.530065919999999
-0.84,-0.72,6.877969919999999
-0.8,-0.72,6.2780825600000005
-0.76,-0.72,5.72760832
-0.72,-0.72,5.223813119999999
-0.6799999999999999,-0.72,4.764024319999999
-0.64,-0.72,4.34563072
-0.6,-0.72,3.9660825599999994
-0.56,-0.72,3.6228915200000005
-0.52,-0.72,3.31363072
-0.48,-0.72,3.0359347199999993
-0.43999999999999995,-0.72,2.7874995199999995
-0.4,-0.72,2.56608256
-0.36,-0.72,2.36950272
-0.31999999999999995,-0.72,2.19564032
-0.28,-0.72,2.0424371199999998
-0.24,-0.72,1.9078963199999996
-0.19999999999999996,-0.72,1.7900825599999997
-0.16000000000000003,-0.72,1.6871219199999996
-0.12,-0.72,1.5972019199999998
-0.07999999999999996,-0.72,1.5185715199999996
-0.040000000000000036,-0.72,1.44954112
0.0,-0.72,1.38848256
0.040000000000000036,-0.72,1.3338291199999999
0.08000000000000007,-0.72,1.2840755199999996
0.1200000000000001,-0.72,1.2377779199999999
0.15999999999999992,-0.72,1.1935539199999998
0.19999999999999996,-0.72,1.15008256
0.24,-0.72,1.1061043199999998
0.28,-0.72,1.0604211199999998
0.32000000000000006,-0.72,1.0118963199999997
0.3600000000000001,-0.72,0.9594547199999998
0.40000000000000013,-0.72,0.9020825599999996
0.43999999999999995,-0.72,0.8388275199999999
0.48,-0.72,0.7687987199999998
0.52,-0.72,0.6911667199999997
0.56,-0.72,0.6051635199999996
0.6000000000000001,-0.72,0.5100825599999996
0.6400000000000001,-0.72,0.40527871999999965
0.6799999999999999,-0.72,0.29016832000000004
0.72,-0.72,0.1642291199999999
0.76,-0.72,0.027000319999999522
0.8,-0.72,-0.12191744000000027
0.8400000000000001,-0.72,-0.28286208000000035
0.8800000000000001,-0.72,-0.45611008000000086
0.9199999999999999,-0.72,-0.6418764800000001
0.96,-0.72,-0.8403148799999995
1.0,-0.72,-1.05151744
1.04,-0.72,-1.27551488
1.08,-0.72,-1.5122764800000006
1.12,-0.72,-1.7617100800000007
1.1600000000000001,-0.72,-2.023662080000001
1.2000000000000002,-0.72,-2.297917440000002
1.2400000000000002,-0.72,-2.584199680000001
1.2800000000000002,-0.72,-2.882170880000002
1.3199999999999998,-0.72,-3.191431679999999
1.3599999999999999,-0.72,-3.5115212799999997
1.4,-0.72,-3.841917439999999
1.44,-0.72,-4.18203648
1.48,-0.72,-4.5312332799999995
1.52,-0.72,-4.888801280000003
1.56,-0.72,-5.25397248
1.6,-0.72,-5.62591744
1.6400000000000001,-0.72,-6.003745279999998
1.6800000000000002,-0.72,-6.38650368
1.7200000000000002,-0.72,-6.77317888
1.7600000000000002,-0.72,-7.162695680000002
1.8000000000000003,-0.72,-7.553917440000003
1.8399999999999999,-0.72,-7.945646080000001
1.88,-0.72,-8.336622080000001
1.92,-0.72,-8.725524479999997
1.96,-0.72,-9.110970880000002
2.0,-0.72,-9.491517439999999
2.04,-0.72,-9.865658880000005
2.08,-0.72,-10.231828479999999
2.12,-0.72,-10.588398079999996
2.16,-0.72,-10.93367808
2.2,-0.72,-11.265917440000006
2.24,-0.72,-11.583303680000002
2.2800000000000002,-0.72,-11.883962879999999
2.3200000000000003,-0.72,-12.16595968
2.36,-0.72,-12.427297280000001
2.4,-0.72,-12.66591743999999
2.44,-0.72,-12.87970048
2.48,-0.72,-13.066465279999996
2.52,-0.72,-13.223969279999997
2.56,-0.72,-13.349908480000007
2.6,-0.72,-13.441917439999989
2.64,-0.72,-13.497569279999995
2.68,-0.72,-13.514375679999995
2.72,-0.72,-13.489786879999986
2.7600000000000002,-0.72,-13.421191680000003
2.8000000000000003,-0.72,-13.305917439999991
2.84,-0.72,-13.141230079999985
2.88,-0.72,-12.92433408
2.92,-0.72,-12.652372479999993
2.96,-0.72,-12.322426879999995
3.0,-0.72,-11.931517439999997
-1.0,-0.6799999999999999,9.51710976
-0.96,-0.6799999999999999,8.694200319999998
-0.92,-0.6799999999999999,7.93225472
-0.88,-0.6799999999999999,7.228293119999999
-0.84,-0.6799999999999999,6.579397119999999
-0.8,-0.6799999999999999,5.9827097600000005
-0.76,-0.6799999999999999,5.4354355199999995
-0.72,-0.6799999999999999,4.934840319999999
-0.6799999999999999,-0.6799999999999999,4.478251519999999
-0.64,-0.6799999999999999,4.063057919999999
-0.6,-0.6799999999999999,3.6867097599999994
-0.56,-0.6799999999999999,3.34671872
-0.52,-0.6799999999999999,3.0406579199999997
-0.48,-0.6799999999999999,2.7661619199999996
-0.43999999999999995,-0.6799999999999999,2.5209267199999994
-0.4,-0.6799999999999999,2.30270976
-0.36,-0.6799999999999999,2.1093299199999995
-0.31999999999999995,-0.6799999999999999,1.9386675199999992
-0.28,-0.6799999999999999,1.7886643199999999
-0.24,-0.6799999999999999,1.6573235199999996
-0.19999999999999996,-0.6799999999999999,1.5427097599999993
-0.16000000000000003,-0.6799999999999999,1.4429491199999998
-0.12,-0.6799999999999999,1.3562291199999996
-0.07999999999999996,-0.6799999999999999,1.2807987199999997
-0.040000000000000036,-0.6799999999999999,1.2149683199999999
0.0,-0.6799999999999999,1.1571097599999998
0.040000000000000036,-0.6799999999999999,1.1056563199999998
0.08000000000000007,-0.6799999999999999,1.0591027199999996
0.1200000000000001,-0.6799999999999999,1.0160051199999995
0.15999999999999992,-0.6799999999999999,0.9749811199999997
0.19999999999999996,-0.6799999999999999,0.93470976
0.24,-0.6799999999999999,0.8939315199999998
0.28,-0.6799999999999999,0.8514483199999996
0.32000000000000006,-0.6799999999999999,0.8061235199999996
0.3600000000000001,-0.6799999999999999,0.7568819199999997
0.40000000000000013,-0.6799999999999999,0.7027097599999995
0.43999999999999995,-0.6799999999999999,0.6426547199999999
0.48,-0.6799999999999999,0.5758259199999999
0.52,-0.6799999999999999,0.5013939199999998
0.56,-0.6799999999999999,0.41859071999999964
0.6000000000000001,-0.6799999999999999,0.3267097599999995
0.6400000000000001,-0.6799999999999999,0.2251059199999994
0.6799999999999999,-0.6799999999999999,0.11319551999999988
0.72,-0.6799999999999999,-0.009543680000000054
0.76,-0.6799999999999999,-0.14357248000000034
0.8,-0.6799999999999999,-0.28929024000000025
0.8400000000000001,-0.6799999999999999,-0.44703488000000047
0.8800000000000001,-0.6799999999999999,-0.6170828800000009
0.9199999999999999,-0.6799999999999999,-0.7996492800000001
0.96,-0.6799999999999999,-0.9948876799999999
1.0,-0.6799999999999999,-1.2028902400000003
1.04,-0.6799999999999999,-1.4236876800000002
1.08,-0.6799999999999999,-1.6572492800000003
1.12,-0.6799999999999999,-1.9034828800000012
1.1600000000000001,-0.6799999999999999,-2.1622348800000015
1.2000000000000002,-0.6799999999999999,-2.4332902400000025
1.2400000000000002,-0.6799999999999999,-2.7163724800000013
1.2800000000000002,-0.6799999999999999,-3.0111436800000018
1.3199999999999998,-0.6799999999999999,-3.317204479999999
1.3599999999999999,-0.6799999999999999,-3.6340940799999997
1.4,-0.6799999999999999,-3.9612902399999976
1.44,-0.6799999999999999,-4.29820928
1.48,-0.6799999999999999,-4.64420608
1.52,-0.6799999999999999,-4.99857408
1.56,-0.6799999999999999,-5.360545279999999
1.6,-0.6799999999999999,-5.729290240000003
1.6400000000000001,-0.6799999999999999,-6.10391808
1.6800000000000002,-0.6799999999999999,-6.483476479999998
1.7200000000000002,-0.6799999999999999,-6.866951679999999
1.7600000000000002,-0.6799999999999999,-7.253268480000002
1.8000000000000003,-0.6799999999999999,-7.641290240000002
1.8399999999999999,-0.6799999999999999,-8.029818879999999
1.88,-0.6799999999999999,-8.417594879999998
1.92,-0.6799999999999999,-8.803297279999997
1.96,-0.6799999999999999,-9.185543679999999
2.0,-0.6799999999999999,-9.562890239999998
2.04,-0.6799999999999999,-9.933831680000004
2.08,-0.6799999999999999,-10.296801279999997
2.12,-0.6799999999999999,-10.650170879999996
2.16,-0.6799999999999999,-10.992250879999999
2.2,-0.6799999999999999,-11.321290240000003
2.24,-0.6799999999999999,-11.635476480000001
2.2800000000000002,-0.6799999999999999,-11.932935679999996
2.3200000000000003,-0.6799999999999999,-12.21173248
2.36,-0.6799999999999999,-12.469870080000002
2.4,-0.6799999999999999,-12.705290239999993
2.44,-0.6799999999999999,-12.915873280000003
2.48,-0.6799999999999999,-13.099438079999999
2.52,-0.6799999999999999,-13.253742079999999
2.56,-0.6799999999999999,-13.376481280000009
2.6,-0.6799999999999999,-13.465290239999991
2.64,-0.6799999999999999,-13.517742079999998
2.68,-0.6799999999999999,-13.531348479999998
2.72,-0.6799999999999999,-13.503559679999988
2.7600000000000002,-0.6799999999999999,-13.431764480000007
2.8000000000000003,-0.6799999999999999,-13.313290239999994
2.84,-0.6799999999999999,-13.145402879999994
2.88,-0.6799999999999999,-12.925306880000008
2.92,-0.6799999999999999,-12.650145280000004
2.96,-0.6799999999999999,-12.316999680000006
3.0,-0.6799999999999999,-11.922890240000006
-1.0,-0.64,9.23420416
-0.96,-0.64,8.414494719999999
-0.92,-0.64,7.65574912
-0.88,-0.64,6.95498752
-0.84,-0.64,6.309291519999999
-0.8,-0.64,5.71580416
-0.76,-0.64,5.171729920000001
-0.72,-0.64,4.67433472
-0.6799999999999999,-0.64,4.220945919999999
-0.64,-0.64,3.80895232
-0.6,-0.64,3.43580416
-0.56,-0.64,3.099013120000001
-0.52,-0.64,2.79615232
-0.48,-0.64,2.5248563199999996
-0.43999999999999995,-0.64,2.28282112
-0.4,-0.64,2.0678041600000006
-0.36,-0.64,1.8776243199999998
-0.31999999999999995,-0.64,1.71016192
-0.28,-0.64,1.5633587200000003
-0.24,-0.64,1.43521792
-0.19999999999999996,-0.64,1.3238041600000001
-0.16000000000000003,-0.64,1.2272435200000003
-0.12,-0.64,1.1437235200000002
-0.07999999999999996,-0.64,1.0714931200000002
-0.040000000000000036,-0.64,1.0088627200000002
0.0,-0.64,0.9542041600000002
0.040000000000000036,-0.64,0.9059507200000001
0.08000000000000007,-0.64,0.8625971200000001
0.1200000000000001,-0.64,0.8226995199999999
0.15999999999999992,-0.64,0.7848755200000002
0.19999999999999996,-0.64,0.74780416
0.24,-0.64,0.7102259200000003
0.28,-0.64,0.67094272
0.32000000000000006,-0.64,0.62881792
0.3600000000000001,-0.64,0.58277632
0.40000000000000013,-0.64,0.5318041599999999
0.43999999999999995,-0.64,0.4749491200000002
0.48,-0.64,0.4113203200000001
0.52,-0.64,0.3400883200000001
0.56,-0.64,0.26048512
0.6000000000000001,-0.64,0.17180415999999987
0.6400000000000001,-0.64,0.07340031999999985
0.6799999999999999,-0.64,-0.0353100799999998
0.72,-0.64,-0.15484927999999976
0.76,-0.64,-0.28567808000000006
0.8,-0.64,-0.42819584
0.8400000000000001,-0.64,-0.5827404800000001
0.8800000000000001,-0.64,-0.7495884800000006
0.9199999999999999,-0.64,-0.92895488
0.96,-0.64,-1.1209932799999998
1.0,-0.64,-1.3257958399999998
1.04,-0.64,-1.5433932800000003
1.08,-0.64,-1.7737548800000003
1.12,-0.64,-2.0167884800000007
1.1600000000000001,-0.64,-2.2723404800000004
1.2000000000000002,-0.64,-2.540195840000001
1.2400000000000002,-0.64,-2.820078080000002
1.2800000000000002,-0.64,-3.1116492800000004
1.3199999999999998,-0.64,-3.4145100799999986
1.3599999999999999,-0.64,-3.7281996799999995
1.4,-0.64,-4.052195839999998
1.44,-0.64,-4.38591488
1.48,-0.64,-4.728711679999999
1.52,-0.64,-5.07987968
1.56,-0.64,-5.438650879999999
1.6,-0.64,-5.804195840000002
1.6400000000000001,-0.64,-6.175623679999999
1.6800000000000002,-0.64,-6.55198208
1.7200000000000002,-0.64,-6.93225728
1.7600000000000002,-0.64,-7.315374080000003
1.8000000000000003,-0.64,-7.700195840000003
1.8399999999999999,-0.64,-8.08552448
1.88,-0.64,-8.47010048
1.92,-0.64,-8.852602879999997
1.96,-0.64,-9.23164928
2.0,-0.64,-9.605795840000003
2.04,-0.64,-9.973537280000007
2.08,-0.64,-10.333306879999999
2.12,-0.64,-10.683476479999996
2.16,-0.64,-11.02235648
2.2,-0.64,-11.348195840000006
2.24,-0.64,-11.659182080000003
2.2800000000000002,-0.64,-11.953441279999998
2.3200000000000003,-0.64,-12.22903808
2.36,-0.64,-12.483975680000002
2.4,-0.64,-12.716195839999994
2.44,-0.64,-12.923578880000004
2.48,-0.64,-13.10394368
2.52,-0.64,-13.25504768
2.56,-0.64,-13.37458688000001
2.6,-0.64,-13.460195839999994
2.64,-0.64,-13.50944768
2.68,-0.64,-13.51985408
2.72,-0.64,-13.48886527999999
2.7600000000000002,-0.64,-13.413870080000008
2.8000000000000003,-0.64,-13.292195839999994
2.84,-0.64,-13.121108479999988
2.88,-0.64,-12.897812480000002
2.92,-0.64,-12.619450879999999
2.96,-0.64,-12.28310528
3.0,-0.64,-11.88579584
-1.0,-0.6,8.977599999999999
-0.96,-0.6,8.161090559999998
-0.92,-0.6,7.40554496
-0.88,-0.6,6.70798336
-0.84,-0.6,6.06548736
-0.8,-0.6,5.475200000000001
-0.76,-0.6,4.93432576
-0.72,-0.6,4.44013056
-0.6799999999999999,-0.6,3.9899417599999993
-0.64,-0.6,3.5811481600000006
-0.6,-0.6,3.2112
-0.56,-0.6,2.8776089600000003
-0.52,-0.6,2.57794816
-0.48,-0.6,2.3098521599999997
-0.43999999999999995,-0.6,2.0710169599999997
-0.4,-0.6,1.8592
-0.36,-0.6,1.6722201599999997
-0.31999999999999995,-0.6,1.5079577599999996
-0.28,-0.6,1.36435456
-0.24,-0.6,1.23941376
-0.19999999999999996,-0.6,1.1311999999999998
-0.16000000000000003,-0.6,1.03783936
-0.12,-0.6,0.9575193599999999
-0.07999999999999996,-0.6,0.8884889599999999
-0.040000000000000036,-0.6,0.8290585599999999
0.0,-0.6,0.7775999999999998
0.040000000000000036,-0.6,0.7325465599999998
0.08000000000000007,-0.6,0.6923929599999998
0.1200000000000001,-0.6,0.6556953599999998
0.15999999999999992,-0.6,0.62107136
0.19999999999999996,-0.6,0.5871999999999999
0.24,-0.6,0.5528217599999998
0.28,-0.6,0.5167385599999998
0.32000000000000006,-0.6,0.4778137599999999
0.3600000000000001,-0.6,0.4349721599999999
0.40000000000000013,-0.6,0.3871999999999998
0.43999999999999995,-0.6,0.3335449600000001
0.48,-0.6,0.27311615999999994
0.52,-0.6,0.20508415999999996
0.56,-0.6,0.12868095999999973
0.6000000000000001,-0.6,0.04319999999999968
0.6400000000000001,-0.6,-0.052003840000000356
0.6799999999999999,-0.6,-0.15751424000000003
0.72,-0.6,-0.27385344
0.76,-0.6,-0.4014822400000002
0.8,-0.6,-0.5408000000000002
0.8400000000000001,-0.6,-0.6921446400000002
0.8800000000000001,-0.6,-0.8557926400000007
0.9199999999999999,-0.6,-1.0319590399999998
0.96,-0.6,-1.2207974399999997
1.0,-0.6,-1.4224000000000003
1.04,-0.6,-1.6367974399999998
1.08,-0.6,-1.8639590400000003
1.12,-0.6,-2.103792640000001
1.1600000000000001,-0.6,-2.356144640000001
1.2000000000000002,-0.6,-2.620800000000002
1.2400000000000002,-0.6,-2.897482240000002
1.2800000000000002,-0.6,-3.1858534400000016
1.3199999999999998,-0.6,-3.4855142399999997
1.3599999999999999,-0.6,-3.79600384
1.4,-0.6,-4.116799999999999
1.44,-0.6,-4.44731904
1.48,-0.6,-4.78691584
1.52,-0.6,-5.134883840000001
1.56,-0.6,-5.4904550400000005
1.6,-0.6,-5.852800000000002
1.6400000000000001,-0.6,-6.22102784
1.6800000000000002,-0.6,-6.59418624
1.7200000000000002,-0.6,-6.97126144
1.7600000000000002,-0.6,-7.351178240000003
1.8000000000000003,-0.6,-7.732800000000003
1.8399999999999999,-0.6,-8.11492864
1.88,-0.6,-8.49630464
1.92,-0.6,-8.875607039999998
1.96,-0.6,-9.25145344
2.0,-0.6,-9.6224
2.04,-0.6,-9.986941440000006
2.08,-0.6,-10.34351104
2.12,-0.6,-10.690480639999997
2.16,-0.6,-11.02616064
2.2,-0.6,-11.348800000000006
2.24,-0.6,-11.656586240000003
2.2800000000000002,-0.6,-11.947645439999999
2.3200000000000003,-0.6,-12.220042240000001
2.36,-0.6,-12.471779840000004
2.4,-0.6,-12.70079999999999
2.44,-0.6,-12.904983040000001
2.48,-0.6,-13.082147839999998
2.52,-0.6,-13.230051839999998
2.56,-0.6,-13.346391040000007
2.6,-0.6,-13.428799999999988
2.64,-0.6,-13.474851839999996
2.68,-0.6,-13.482058239999997
2.72,-0.6,-13.447869439999987
2.7600000000000002,-0.6,-13.369674240000005
2.8000000000000003,-0.6,-13.24479999999999
2.84,-0.6,-13.070512639999992
2.88,-0.6,-12.844016640000007
2.92,-0.6,-12.562455040000001
2.96,-0.6,-12.222909440000002
3.0,-0.6,-11.822400000000004
-1.0,-0.56,8.74519296
-0.96,-0.56,7.9318835199999995
-0.92,-0.56,7.179537920000001
-0.88,-0.56,6.48517632
-0.84,-0.56,5.84588032
-0.8,-0.56,5.258792960000001
-0.76,-0.56,4.721118720000001
-0.72,-0.56,4.230123519999999
-0.6799999999999999,-0.56,3.7831347199999996
-0.64,-0.56,3.3775411200000005
-0.6,-0.56,3.0107929600000003
-0.56,-0.56,2.680401920000001
-0.52,-0.56,2.3839411200000002
-0.48,-0.56,2.11904512
-0.43999999999999995,-0.56,1.88340992
-0.4,-0.56,1.6747929600000004
-0.36,-0.56,1.4910131200000003
-0.31999999999999995,-0.56,1.32995072
-0.28,-0.56,1.1895475200000003
-0.24,-0.56,1.06780672
-0.19999999999999996,-0.56,0.9627929600000001
-0.16000000000000003,-0.56,0.8726323200000002
-0.12,-0.56,0.7955123200000003
-0.07999999999999996,-0.56,0.7296819200000002
-0.040000000000000036,-0.56,0.6734515200000003
0.0,-0.56,0.6251929600000002
0.040000000000000036,-0.56,0.5833395200000001
0.08000000000000007,-0.56,0.5463859200000002
0.1200000000000001,-0.56,0.5128883200000001
0.15999999999999992,-0.56,0.4814643200000003
0.19999999999999996,-0.56,0.45079296000000024
0.24,-0.56,0.4196147200000002
0.28,-0.56,0.38673152000000016
0.32000000000000006,-0.56,0.35100672000000016
0.3600000000000001,-0.56,0.3113651200000001
0.40000000000000013,-0.56,0.2667929600000001
0.43999999999999995,-0.56,0.21633792000000035
0.48,-0.56,0.15910912000000021
0.52,-0.56,0.09427712000000021
0.56,-0.56,0.02107392000000008
0.6000000000000001,-0.56,-0.0612070400000001
0.6400000000000001,-0.56,-0.15321088000000005
0.6799999999999999,-0.56,-0.25552127999999974
0.72,-0.56,-0.36866047999999974
0.76,-0.56,-0.49308927999999985
0.8,-0.56,-0.62920704
0.8400000000000001,-0.56,-0.7773516799999999
0.8800000000000001,-0.56,-0.9377996800000004
0.9199999999999999,-0.56,-1.1107660799999997
0.96,-0.56,-1.2964044799999996
1.0,-0.56,-1.49480704
1.04,-0.56,-1.7060044799999998
1.08,-0.56,-1.92996608
1.12,-0.56,-2.166599680000001
1.1600000000000001,-0.56,-2.4157516800000005
1.2000000000000002,-0.56,-2.6772070400000016
1.2400000000000002,-0.56,-2.9506892800000015
1.2800000000000002,-0.56,-3.2358604800000013
1.3199999999999998,-0.56,-3.532321279999999
1.3599999999999999,-0.56,-3.8396108800000004
1.4,-0.56,-4.1572070399999985
1.44,-0.56,-4.484526079999999
1.48,-0.56,-4.8209228799999995
1.52,-0.56,-5.165690880000001
1.56,-0.56,-5.518062079999997
1.6,-0.56,-5.87720704
1.6400000000000001,-0.56,-6.242234879999998
1.6800000000000002,-0.56,-6.6121932800000005
1.7200000000000002,-0.56,-6.98606848
1.7600000000000002,-0.56,-7.362785280000003
1.8000000000000003,-0.56,-7.741207040000003
1.8399999999999999,-0.56,-8.120135679999999
1.88,-0.56,-8.498311679999997
1.92,-0.56,-8.874414079999998
1.96,-0.56,-9.247060479999998
2.0,-0.56,-9.61480704
2.04,-0.56,-9.976148480000006
2.08,-0.56,-10.32951808
2.12,-0.56,-10.673287679999998
2.16,-0.56,-11.00576768
2.2,-0.56,-11.325207040000006
2.24,-0.56,-11.629793280000003
2.2800000000000002,-0.56,-11.917652479999997
2.3200000000000003,-0.56,-12.18684928
2.36,-0.56,-12.435386880000003
2.4,-0.56,-12.661207039999995
2.44,-0.56,-12.862190080000005
2.48,-0.56,-13.03615488
2.52,-0.56,-13.18085888
2.56,-0.56,-13.29399808000001
2.6,-0.56,-13.373207039999993
2.64,-0.56,-13.416058879999998
2.68,-0.56,-13.42006528
2.72,-0.56,-13.38267647999999
2.7600000000000002,-0.56,-13.301281280000008
2.8000000000000003,-0.56,-13.173207039999996
2.84,-0.56,-12.995719679999981
2.88,-0.56,-12.766023679999996
2.92,-0.56,-12.481262079999992
2.96,-0.56,-12.138516479999993
3.0,-0.56,-11.734807039999993
-1.0,-0.52,8.53494016
-0.96,-0.52,7.72483072
-0.92,-0.52,6.9756851200000005
-0.88,-0.52,6.2845235200000005
-0.84,-0.52,5.648427519999999
-0.8,-0.52,5.064540160000001
-0.76,-0.52,4.53006592
-0.72,-0.52,4.042270719999999
-0.6799999999999999,-0.52,3.5984819199999993
-0.64,-0.52,3.1960883200000003
-0.6,-0.52,2.83254016
-0.56,-0.52,2.50534912
-0.52,-0.52,2.21208832
-0.48,-0.52,1.9503923200000002
-0.43999999999999995,-0.52,1.71795712
-0.4,-0.52,1.5125401600000004
-0.36,-0.52,1.33196032
-0.31999999999999995,-0.52,1.17409792
-0.28,-0.52,1.0368947200000003
-0.24,-0.52,0.9183539199999999
-0.19999999999999996,-0.52,0.81654016
-0.16000000000000003,-0.52,0.7295795200000001
-0.12,-0.52,0.6556595200000002
-0.07999999999999996,-0.52,0.59302912
-0.040000000000000036,-0.52,0.53999872
0.0,-0.52,0.4949401600000001
0.040000000000000036,-0.52,0.45628672
0.08000000000000007,-0.52,0.42253312
0.1200000000000001,-0.52,0.39223551999999995
0.15999999999999992,-0.52,0.36401152000000014
0.19999999999999996,-0.52,0.3365401600000001
0.24,-0.52,0.3085619200000001
0.28,-0.52,0.27887872
0.32000000000000006,-0.52,0.24635392
0.3600000000000001,-0.52,0.20991231999999987
0.40000000000000013,-0.52,0.16854015999999983
0.43999999999999995,-0.52,0.12128512000000008
0.48,-0.52,0.06725632000000015
0.52,-0.52,0.005624320000000016
0.56,-0.52,-0.06437888000000003
0.6000000000000001,-0.52,-0.14345984000000017
0.6400000000000001,-0.52,-0.23226368000000025
0.6799999999999999,-0.52,-0.3313740799999999
0.72,-0.52,-0.44131328000000003
0.76,-0.52,-0.5625420800000003
0.8,-0.52,-0.6954598400000003
0.8400000000000001,-0.52,-0.8404044800000003
0.8800000000000001,-0.52,-0.9976524800000007
0.9199999999999999,-0.52,-1.1674188799999996
0.96,-0.52,-1.3498572799999995
1.0,-0.52,-1.54505984
1.04,-0.52,-1.75305728
1.08,-0.52,-1.9738188800000005
1.12,-0.52,-2.2072524800000006
1.1600000000000001,-0.52,-2.45320448
1.2000000000000002,-0.52,-2.7114598400000016
1.2400000000000002,-0.52,-2.981742080000002
1.2800000000000002,-0.52,-3.2637132800000015
1.3199999999999998,-0.52,-3.55697408
1.3599999999999999,-0.52,-3.861063679999999
1.4,-0.52,-4.1754598399999985
1.44,-0.52,-4.4995788800000005
1.48,-0.52,-4.83277568
1.52,-0.52,-5.174343680000001
1.56,-0.52,-5.523514879999998
1.6,-0.52,-5.879459840000001
1.6400000000000001,-0.52,-6.241287679999999
1.6800000000000002,-0.52,-6.608046079999999
1.7200000000000002,-0.52,-6.978721279999999
1.7600000000000002,-0.52,-7.352238080000002
1.8000000000000003,-0.52,-7.727459840000002
1.8399999999999999,-0.52,-8.10318848
1.88,-0.52,-8.478164479999998
1.92,-0.52,-8.851066879999998
1.96,-0.52,-9.220513279999999
2.0,-0.52,-9.585059839999998
2.04,-0.52,-9.943201280000004
2.08,-0.52,-10.293370879999996
2.12,-0.52,-10.633940479999994
2.16,-0.52,-10.963220479999997
2.2,-0.52,-11.279459840000003
2.24,-0.52,-11.58084608
2.2800000000000002,-0.52,-11.865505279999995
2.3200000000000003,-0.52,-12.131502079999999
2.36,-0.52,-12.37683968
2.4,-0.52,-12.599459839999996
2.44,-0.52,-12.797242880000004
2.48,-0.52,-12.968007680000001
2.52,-0.52,-13.10951168
2.56,-0.52,-13.21945088000001
2.6,-0.52,-13.295459839999994
2.64,-0.52,-13.335111679999999
2.68,-0.52,-13.33591808
2.72,-0.52,-13.29532927999999
2.7600000000000002,-0.52,-13.210734080000009
2.8000000000000003,-0.52,-13.079459839999997
2.84,-0.52,-12.89877247999999
2.88,-0.52,-12.665876480000005
2.92,-0.52,-12.377914879999999
2.96,-0.52,-12.03196928
3.0,-0.52,-11.625059840000002
-1.0,-0.48,8.34486016
-0.96,-0.48,7.537950719999998
-0.92,-0.48,6.792005120000001
-0.88,-0.48,6.10404352
-0.84,-0.48,5.47114752
-0.8,-0.48,4.890460160000001
-0.76,-0.48,4.35918592
-0.72,-0.48,3.8745907199999996
-0.6799999999999999,-0.48,3.4340019199999996
-0.64,-0.48,3.03480832
-0.6,-0.48,2.67446016
-0.56,-0.48,2.3504691200000005
-0.52,-0.48,2.06040832
-0.48,-0.48,1.80191232
-0.43999999999999995,-0.48,1.5726771199999996
-0.4,-0.48,1.37046016
-0.36,-0.48,1.19308032
-0.31999999999999995,-0.48,1.0384179199999997
-0.28,-0.48,0.90441472
-0.24,-0.48,0.7890739199999999
-0.19999999999999996,-0.48,0.6904601599999998
-0.16000000000000003,-0.48,0.60669952
-0.12,-0.48,0.5359795199999999
-0.07999999999999996,-0.48,0.4765491199999999
-0.040000000000000036,-0.48,0.42671872
0.0,-0.48,0.38486015999999995
0.040000000000000036,-0.48,0.3494067199999999
0.08000000000000007,-0.48,0.3188531199999999
0.1200000000000001,-0.48,0.29175551999999993
0.15999999999999992,-0.48,0.26673152
0.19999999999999996,-0.48,0.24246015999999998
0.24,-0.48,0.21768191999999992
0.28,-0.48,0.19119871999999993
0.32000000000000006,-0.48,0.16187391999999995
0.3600000000000001,-0.48,0.1286323199999999
0.40000000000000013,-0.48,0.09046015999999979
0.43999999999999995,-0.48,0.04640512000000008
0.48,-0.48,-0.004423679999999985
0.52,-0.48,-0.06285567999999997
0.56,-0.48,-0.12965888000000025
0.6000000000000001,-0.48,-0.20553984000000025
0.6400000000000001,-0.48,-0.29114368000000024
0.6799999999999999,-0.48,-0.38705407999999997
0.72,-0.48,-0.49379328
0.76,-0.48,-0.6118220800000003
0.8,-0.48,-0.7415398400000004
0.8400000000000001,-0.48,-0.8832844800000001
0.8800000000000001,-0.48,-1.0373324800000008
0.9199999999999999,-0.48,-1.2038988800000001
0.96,-0.48,-1.3831372799999995
1.0,-0.48,-1.5751398399999998
1.04,-0.48,-1.7799372799999997
1.08,-0.48,-1.9974988799999998
1.12,-0.48,-2.2277324800000007
1.1600000000000001,-0.48,-2.4704844800000014
1.2000000000000002,-0.48,-2.7255398400000024
1.2400000000000002,-0.48,-2.992622080000001
1.2800000000000002,-0.48,-3.271393280000002
1.3199999999999998,-0.48,-3.56145408
1.3599999999999999,-0.48,-3.8623436800000004
1.4,-0.48,-4.173539839999999
1.44,-0.48,-4.49445888
1.48,-0.48,-4.824455679999999
1.52,-0.48,-5.162823680000001
1.56,-0.48,-5.50879488
1.6,-0.48,-5.8615398400000025
1.6400000000000001,-0.48,-6.22016768
1.6800000000000002,-0.48,-6.583726080000001
1.7200000000000002,-0.48,-6.951201280000001
1.7600000000000002,-0.48,-7.321518080000004
1.8000000000000003,-0.48,-7.693539840000003
1.8399999999999999,-0.48,-8.06606848
1.88,-0.48,-8.43784448
1.92,-0.48,-8.807546879999999
1.96,-0.48,-9.173793280000002
2.0,-0.48,-9.53513984
2.04,-0.48,-9.890081280000002
2.08,-0.48,-10.237050879999996
2.12,-0.48,-10.574420479999993
2.16,-0.48,-10.900500479999998
2.2,-0.48,-11.213539840000003
2.24,-0.48,-11.511726079999999
2.2800000000000002,-0.48,-11.793185279999996
2.3200000000000003,-0.48,-12.055982079999998
2.36,-0.48,-12.29811968
2.4,-0.48,-12.517539839999996
2.44,-0.48,-12.712122880000004
2.48,-0.48,-12.87968768
2.52,-0.48,-13.017991680000002
2.56,-0.48,-13.12473088000001
2.6,-0.48,-13.197539839999994
2.64,-0.48,-13.233991679999999
2.68,-0.48,-13.231598080000001
2.72,-0.48,-13.18780927999999
2.7600000000000002,-0.48,-13.100014080000008
2.8000000000000003,-0.48,-12.965539839999996
2.84,-0.48,-12.78165247999999
2.88,-0.48,-12.545556480000004
2.92,-0.48,-12.25439488
2.96,-0.48,-11.90524928
3.0,-0.48,-11.49513984
-1.0,-0.43999999999999995,8.17303296
-0.96,-0.43999999999999995,7.369323519999999
-0.92,-0.43999999999999995,6.62657792
-0.88,-0.43999999999999995,5.941816319999999
-0.84,-0.43999999999999995,5.312120319999998
-0.8,-0.43999999999999995,4.73463296
-0.76,-0.43999999999999995,4.20655872
-0.72,-0.43999999999999995,3.7251635199999997
-0.6799999999999999,-0.43999999999999995,3.287774719999999
-0.64,-0.43999999999999995,2.89178112
-0.6,-0.43999999999999995,2.53463296
-0.56,-0.43999999999999995,2.21384192
-0.52,-0.43999999999999995,1.92698112
-0.48,-0.43999999999999995,1.6716851199999996
-0.43999999999999995,-0.43999999999999995,1.4456499199999997
-0.4,-0.43999999999999995,1.24663296
-0.36,-0.43999999999999995,1.0724531199999998
-0.31999999999999995,-0.43999999999999995,0.9209907199999996
-0.28,-0.43999999999999995,0.7901875199999999
-0.24,-0.43999999999999995,0.6780467199999998
-0.19999999999999996,-0.43999999999999995,0.5826329599999998
-0.16000000000000003,-0.43999999999999995,0.5020723199999999
-0.12,-0.43999999999999995,0.4345523199999998
-0.07999999999999996,-0.43999999999999995,0.3783219199999998
-0.040000000000000036,-0.43999999999999995,0.33169151999999985
0.0,-0.43999999999999995,0.2930329599999999
0.040000000000000036,-0.43999999999999995,0.2607795199999998
0.08000000000000007,-0.43999999999999995,0.23342591999999984
0.1200000000000001,-0.43999999999999995,0.20952831999999982
0.15999999999999992,-0.43999999999999995,0.18770431999999992
0.19999999999999996,-0.43999999999999995,0.16663295999999994
0.24,-0.43999999999999995,0.14505471999999994
0.28,-0.43999999999999995,0.12177151999999988
0.32000000000000006,-0.43999999999999995,0.09564671999999991
0.3600000000000001,-0.43999999999999995,0.06560511999999985
0.40000000000000013,-0.43999999999999995,0.030632959999999765
0.43999999999999995,-0.43999999999999995,-0.010222080000000022
0.48,-0.43999999999999995,-0.05785087999999999
0.52,-0.43999999999999995,-0.11308288000000005
0.56,-0.43999999999999995,-0.17668608000000013
0.6000000000000001,-0.43999999999999995,-0.24936704000000032
0.6400000000000001,-0.43999999999999995,-0.3317708800000003
0.6799999999999999,-0.43999999999999995,-0.42448128000000007
0.72,-0.43999999999999995,-0.52802048
0.76,-0.43999999999999995,-0.6428492800000002
0.8,-0.43999999999999995,-0.7693670400000003
0.8400000000000001,-0.43999999999999995,-0.9079116800000001
0.8800000000000001,-0.43999999999999995,-1.0587596800000005
0.9199999999999999,-0.43999999999999995,-1.22212608
0.96,-0.43999999999999995,-1.3981644799999997
1.0,-0.43999999999999995,-1.5869670400000002
1.04,-0.43999999999999995,-1.7885644800000002
1.08,-0.43999999999999995,-2.00292608
1.12,-0.43999999999999995,-2.2299596800000008
1.1600000000000001,-0.43999999999999995,-2.469511680000001
1.2000000000000002,-0.43999999999999995,-2.7213670400000014
1.2400000000000002,-0.43999999999999995,-2.9852492800000023
1.2800000000000002,-0.43999999999999995,-3.2608204800000014
1.3199999999999998,-0.43999999999999995,-3.54768128
1.3599999999999999,-0.43999999999999995,-3.84537088
1.4,-0.43999999999999995,-4.153367039999998
1.44,-0.43999999999999995,-4.47108608
1.48,-0.43999999999999995,-4.7978828799999995
1.52,-0.43999999999999995,-5.133050880000002
1.56,-0.43999999999999995,-5.47582208
1.6,-0.43999999999999995,-5.8253670400000015
1.6400000000000001,-0.43999999999999995,-6.18079488
1.6800000000000002,-0.43999999999999995,-6.54115328
1.7200000000000002,-0.43999999999999995,-6.90542848
1.7600000000000002,-0.43999999999999995,-7.272545280000003
1.8000000000000003,-0.43999999999999995,-7.641367040000002
1.8399999999999999,-0.43999999999999995,-8.01069568
1.88,-0.43999999999999995,-8.379271679999999
1.92,-0.43999999999999995,-8.745774079999999
1.96,-0.43999999999999995,-9.10882048
2.0,-0.43999999999999995,-9.46696704
2.04,-0.43999999999999995,-9.818708480000003
2.08,-0.43999999999999995,-10.162478079999996
2.12,-0.43999999999999995,-10.496647679999995
2.16,-0.43999999999999995,-10.819527679999998
2.2,-0.43999999999999995,-11.129367040000004
2.24,-0.43999999999999995,-11.42435328
2.2800000000000002,-0.43999999999999995,-11.702612479999996
2.3200000000000003,-0.43999999999999995,-11.96220928
2.36,-0.43999999999999995,-12.20114688
2.4,-0.43999999999999995,-12.41736703999999
2.44,-0.43999999999999995,-12.608750079999998
2.48,-0.43999999999999995,-12.773114879999994
2.52,-0.43999999999999995,-12.908218879999994
2.56,-0.43999999999999995,-13.011758080000003
2.6,-0.43999999999999995,-13.081367039999988
2.64,-0.43999999999999995,-13.114618879999993
2.68,-0.43999999999999995,-13.109025279999994
2.72,-0.43999999999999995,-13.062036479999984
2.7600000000000002,-0.43999999999999995,-12.971041280000001
2.8000000000000003,-0.43999999999999995,-12.83336703999999
2.84,-0.43999999999999995,-12.64627967999999
2.88,-0.43999999999999995,-12.406983680000005
2.92,-0.43999999999999995,-12.11262208
2.96,-0.43999999999999995,-11.76027648
3.0,-0.43999999999999995,-11.346967040000003
-1.0,-0.4,8.0176
-0.96,-0.4,7.21709056
-0.92,-0.4,6.47754496
-0.88,-0.4,5.79598336
-0.84,-0.4,5.169487359999999
-0.8,-0.4,4.595200000000001
-0.76,-0.4,4.070325760000001
-0.72,-0.4,3.5921305599999998
-0.6799999999999999,-0.4,3.1579417599999995
-0.64,-0.4,2.7651481600000003
-0.6,-0.4,2.4112
-0.56,-0.4,2.0936089600000005
-0.52,-0.4,1.8099481600000003
-0.48,-0.4,1.55785216
-0.43999999999999995,-0.4,1.33501696
-0.4,-0.4,1.1392000000000002
-0.36,-0.4,0.96822016
-0.31999999999999995,-0.4,0.8199577599999999
-0.28,-0.4,0.6923545600000001
-0.24,-0.4,0.58341376
-0.19999999999999996,-0.4,0.49119999999999997
-0.16000000000000003,-0.4,0.4138393600000001
-0.12,-0.4,0.34951936000000006
-0.07999999999999996,-0.4,0.29648896
-0.040000000000000036,-0.4,0.2530585600000001
0.0,-0.4,0.21760000000000007
0.040000000000000036,-0.4,0.18854656000000006
0.08000000000000007,-0.4,0.16439296000000003
0.1200000000000001,-0.4,0.14369536
0.15999999999999992,-0.4,0.12507136000000008
0.19999999999999996,-0.4,0.10720000000000007
0.24,-0.4,0.08882176000000003
0.28,-0.4,0.06873856000000006
0.32000000000000006,-0.4,0.04581376000000004
0.3600000000000001,-0.4,0.01897215999999996
0.40000000000000013,-0.4,-0.012800000000000089
0.43999999999999995,-0.4,-0.05045503999999984
0.48,-0.4,-0.09488383999999989
0.52,-0.4,-0.1469158399999999
0.56,-0.4,-0.20731904000000012
0.6000000000000001,-0.4,-0.27680000000000016
0.6400000000000001,-0.4,-0.3560038400000002
0.6799999999999999,-0.4,-0.44551423999999984
0.72,-0.4,-0.54585344
0.76,-0.4,-0.65748224
0.8,-0.4,-0.7808000000000002
0.8400000000000001,-0.4,-0.91614464
0.8800000000000001,-0.4,-1.0637926400000004
0.9199999999999999,-0.4,-1.2239590399999998
0.96,-0.4,-1.3967974399999996
1.0,-0.4,-1.5824
1.04,-0.4,-1.7807974399999995
1.08,-0.4,-1.99195904
1.12,-0.4,-2.215792640000001
1.1600000000000001,-0.4,-2.452144640000001
1.2000000000000002,-0.4,-2.700800000000002
1.2400000000000002,-0.4,-2.9614822400000014
1.2800000000000002,-0.4,-3.2338534400000016
1.3199999999999998,-0.4,-3.5175142399999997
1.3599999999999999,-0.4,-3.81200384
1.4,-0.4,-4.116799999999999
1.44,-0.4,-4.43131904
1.48,-0.4,-4.754915839999999
1.52,-0.4,-5.0868838400000005
1.56,-0.4,-5.42645504
1.6,-0.4,-5.772800000000003
1.6400000000000001,-0.4,-6.1250278400000004
1.6800000000000002,-0.4,-6.482186239999999
1.7200000000000002,-0.4,-6.843261439999999
1.7600000000000002,-0.4,-7.207178240000002
1.8000000000000003,-0.4,-7.572800000000002
1.8399999999999999,-0.4,-7.9389286399999985
1.88,-0.4,-8.304304639999998
1.92,-0.4,-8.667607039999996
1.96,-0.4,-9.027453439999999
2.0,-0.4,-9.382399999999999
2.04,-0.4,-9.730941440000004
2.08,-0.4,-10.071511039999997
2.12,-0.4,-10.402480639999995
2.16,-0.4,-10.722160639999998
2.2,-0.4,-11.028800000000004
2.24,-0.4,-11.32058624
2.2800000000000002,-0.4,-11.595645439999997
2.3200000000000003,-0.4,-11.85204224
2.36,-0.4,-12.087779840000001
2.4,-0.4,-12.300799999999997
2.44,-0.4,-12.488983040000006
2.48,-0.4,-12.650147840000002
2.52,-0.4,-12.782051840000003
2.56,-0.4,-12.882391040000012
2.6,-0.4,-12.948799999999995
2.64,-0.4,-12.97885184
2.68,-0.4,-12.970058240000002
2.72,-0.4,-12.919869439999992
2.7600000000000002,-0.4,-12.82567424000001
2.8000000000000003,-0.4,-12.684799999999997
2.84,-0.4,-12.494512639999991
2.88,-0.4,-12.252016640000006
2.92,-0.4,-11.954455040000001
2.96,-0.4,-11.598909440000002
3.0,-0.4,-11.182400000000003
-1.0,-0.36,7.87676416
-0.96,-0.36,7.079454719999999
-0.92,-0.36,6.34310912
-0.88,-0.36,5.664747519999999
-0.84,-0.36,5.041451519999999
-0.8,-0.36,4.470364160000001
-0.76,-0.36,3.9486899200000005
-0.72,-0.36,3.47369472
-0.6799999999999999,-0.36,3.0427059199999995
-0.64,-0.36,2.65311232
-0.6,-0.36,2.30236416
-0.56,-0.36,1.9879731200000004
-0.52,-0.36,1.7075123200000002
-0.48,-0.36,1.4586163199999997
-0.43999999999999995,-0.36,1.2389811199999998
-0.4,-0.36,1.0463641600000002
-0.36,-0.36,0.87858432
-0.31999999999999995,-0.36,0.7335219199999998
-0.28,-0.36,0.60911872
-0.24,-0.36,0.5033779199999999
-0.19999999999999996,-0.36,0.41436415999999987
-0.16000000000000003,-0.36,0.34020352000000004
-0.12,-0.36,0.27908352
-0.07999999999999996,-0.36,0.22925311999999992
-0.040000000000000036,-0.36,0.18902272
0.0,-0.36,0.15676415999999999
0.040000000000000036,-0.36,0.13091071999999998
0.08000000000000007,-0.36,0.10995711999999996
0.1200000000000001,-0.36,0.09245951999999992
0.15999999999999992,-0.36,0.07703552
0.19999999999999996,-0.36,0.06236416
0.24,-0.36,0.04718592000000002
0.28,-0.36,0.030302719999999977
0.32000000000000006,-0.36,0.010577919999999963
0.3600000000000001,-0.36,-0.01306368000000005
0.40000000000000013,-0.36,-0.041635840000000146
0.43999999999999995,-0.36,-0.07609087999999997
0.48,-0.36,-0.11731967999999993
0.52,-0.36,-0.16615167999999997
0.56,-0.36,-0.22335488000000003
0.6000000000000001,-0.36,-0.2896358400000002
0.6400000000000001,-0.36,-0.36563968000000024
0.6799999999999999,-0.36,-0.4519500799999998
0.72,-0.36,-0.5490892799999998
0.76,-0.36,-0.6575180800000001
0.8,-0.36,-0.7776358400000002
0.8400000000000001,-0.36,-0.90978048
0.8800000000000001,-0.36,-1.0542284800000004
0.9199999999999999,-0.36,-1.2111948799999999
0.96,-0.36,-1.3808332799999996
1.0,-0.36,-1.5632358399999997
1.04,-0.36,-1.7584332800000002
1.08,-0.36,-1.9663948800000002
1.12,-0.36,-2.1870284800000004
1.1600000000000001,-0.36,-2.420180480000001
1.2000000000000002,-0.36,-2.665635840000001
1.2400000000000002,-0.36,-2.9231180800000023
1.2800000000000002,-0.36,-3.192289280000001
1.3199999999999998,-0.36,-3.4727500799999995
1.3599999999999999,-0.36,-3.7640396799999998
1.4,-0.36,-4.065635839999999
1.44,-0.36,-4.3769548799999995
1.48,-0.36,-4.69735168
1.52,-0.36,-5.026119680000002
1.56,-0.36,-5.362490879999998
1.6,-0.36,-5.705635840000002
1.6400000000000001,-0.36,-6.054663679999999
1.6800000000000002,-0.36,-6.40862208
1.7200000000000002,-0.36,-6.76649728
1.7600000000000002,-0.36,-7.127214080000003
1.8000000000000003,-0.36,-7.489635840000003
1.8399999999999999,-0.36,-7.85256448
1.88,-0.36,-8.21474048
1.92,-0.36,-8.574842879999999
1.96,-0.36,-8.931489280000001
2.0,-0.36,-9.283235840000001
2.04,-0.36,-9.628577280000007
2.08,-0.36,-9.96594688
2.12,-0.36,-10.293716479999999
2.16,-0.36,-10.610196480000003
2.2,-0.36,-10.913635840000007
2.24,-0.36,-11.202222080000004
2.2800000000000002,-0.36,-11.47408128
2.3200000000000003,-0.36,-11.727278080000003
2.36,-0.36,-11.959815680000004
2.4,-0.36,-12.169635839999996
2.44,-0.36,-12.354618880000006
2.48,-0.36,-12.512583680000002
2.52,-0.36,-12.641287680000001
2.56,-0.36,-12.738426880000011
2.6,-0.36,-12.801635839999994
2.64,-0.36,-12.82848768
2.68,-0.36,-12.816494080000002
2.72,-0.36,-12.76310527999999
2.7600000000000002,-0.36,-12.665710080000009
2.8000000000000003,-0.36,-12.521635839999997
2.84,-0.36,-12.32814847999999
2.88,-0.36,-12.082452480000004
2.92,-0.36,-11.78169088
2.96,-0.36,-11.42294528
3.0,-0.36,-11.003235840000002
-1.0,-0.31999999999999995,7.748789759999999
-0.96,-0.31999999999999995,6.95468032
-0.92,-0.31999999999999995,6.22153472
-0.88,-0.31999999999999995,5.54637312
-0.84,-0.31999999999999995,4.92627712
-0.8,-0.31999999999999995,4.358389760000001
-0.76,-0.31999999999999995,3.83991552
-0.72,-0.31999999999999995,3.3681203199999996
-0.6799999999999999,-0.31999999999999995,2.9403315199999995
-0.64,-0.31999999999999995,2.55393792
-0.6,-0.31999999999999995,2.20638976
-0.56,-0.31999999999999995,1.8951987200000002
-0.52,-0.31999999999999995,1.61793792
-0.48,-0.31999999999999995,1.3722419199999998
-0.43999999999999995,-0.31999999999999995,1.1558067199999995
-0.4,-0.31999999999999995,0.96638976
-0.36,-0.31999999999999995,0.8018099199999998
-0.31999999999999995,-0.31999999999999995,0.6599475199999998
-0.28,-0.31999999999999995,0.53874432
-0.24,-0.31999999999999995,0.43620351999999984
-0.19999999999999996,-0.31999999999999995,0.35038975999999983
-0.16000000000000003,-0.31999999999999995,0.27942912
-0.12,-0.31999999999999995,0.22150911999999992
-0.07999999999999996,-0.31999999999999995,0.17487871999999988
-0.040000000000000036,-0.31999999999999995,0.13784831999999997
0.0,-0.31999999999999995,0.10878975999999994
0.040000000000000036,-0.31999999999999995,0.08613631999999993
0.08000000000000007,-0.31999999999999995,0.06838271999999992
0.1200000000000001,-0.31999999999999995,0.0540851199999999
0.15999999999999992,-0.31999999999999995,0.041861119999999974
0.19999999999999996,-0.31999999999999995,0.030389759999999988
0.24,-0.31999999999999995,0.018411519999999987
0.28,-0.31999999999999995,0.004728319999999925
0.32000000000000006,-0.31999999999999995,-0.011796480000000054
0.3600000000000001,-0.31999999999999995,-0.03223808000000006
0.40000000000000013,-0.31999999999999995,-0.057610240000000146
0.43999999999999995,-0.31999999999999995,-0.08886527999999994
0.48,-0.31999999999999995,-0.1268940799999999
0.52,-0.31999999999999995,-0.17252608000000003
0.56,-0.31999999999999995,-0.2265292800000001
0.6000000000000001,-0.31999999999999995,-0.28961024000000024
0.6400000000000001,-0.31999999999999995,-0.36241408000000025
0.6799999999999999,-0.31999999999999995,-0.4455244799999999
0.72,-0.31999999999999995,-0.5394636799999999
0.76,-0.31999999999999995,-0.64469248
0.8,-0.31999999999999995,-0.7616102400000001
0.8400000000000001,-0.31999999999999995,-0.8905548799999999
0.8800000000000001,-0.31999999999999995,-1.0318028800000003
0.9199999999999999,-0.31999999999999995,-1.1855692799999997
0.96,-0.31999999999999995,-1.3520076799999994
1.0,-0.31999999999999995,-1.5312102400000003
1.04,-0.31999999999999995,-1.7232076799999998
1.08,-0.31999999999999995,-1.9279692800000001
1.12,-0.31999999999999995,-2.145402880000001
1.1600000000000001,-0.31999999999999995,-2.375354880000001
1.2000000000000002,-0.31999999999999995,-2.617610240000001
1.2400000000000002,-0.31999999999999995,-2.8718924800000023
1.2800000000000002,-0.31999999999999995,-3.137863680000001
1.3199999999999998,-0.31999999999999995,-3.41512448
1.3599999999999999,-0.31999999999999995,-3.7032140800000004
1.4,-0.31999999999999995,-4.001610239999998
1.44,-0.31999999999999995,-4.30972928
1.48,-0.31999999999999995,-4.626926079999999
1.52,-0.31999999999999995,-4.952494080000001
1.56,-0.31999999999999995,-5.285665279999998
1.6,-0.31999999999999995,-5.625610240000001
1.6400000000000001,-0.31999999999999995,-5.971438079999999
1.6800000000000002,-0.31999999999999995,-6.322196479999999
1.7200000000000002,-0.31999999999999995,-6.67687168
1.7600000000000002,-0.31999999999999995,-7.034388480000002
1.8000000000000003,-0.31999999999999995,-7.393610240000002
1.8399999999999999,-0.31999999999999995,-7.753338879999999
1.88,-0.31999999999999995,-8.11231488
1.92,-0.31999999999999995,-8.469217279999997
1.96,-0.31999999999999995,-8.82266368
2.0,-0.31999999999999995,-9.171210239999997
2.04,-0.31999999999999995,-9.513351680000005
2.08,-0.31999999999999995,-9.847521279999999
2.12,-0.31999999999999995,-10.172090879999995
2.16,-0.31999999999999995,-10.48537088
2.2,-0.31999999999999995,-10.785610240000004
2.24,-0.31999999999999995,-11.070996480000002
2.2800000000000002,-0.31999999999999995,-11.339655679999996
2.3200000000000003,-0.31999999999999995,-11.58965248
2.36,-0.31999999999999995,-11.818990080000003
2.4,-0.31999999999999995,-12.025610239999994
2.44,-0.31999999999999995,-12.207393280000003
2.48,-0.31999999999999995,-12.362158079999999
2.52,-0.31999999999999995,-12.48766208
2.56,-0.31999999999999995,-12.581601280000008
2.6,-0.31999999999999995,-12.641610239999991
2.64,-0.31999999999999995,-12.665262079999998
2.68,-0.31999999999999995,-12.650068479999998
2.72,-0.31999999999999995,-12.593479679999989
2.7600000000000002,-0.31999999999999995,-12.492884480000008
2.8000000000000003,-0.31999999999999995,-12.345610239999994
2.84,-0.31999999999999995,-12.148922879999994
2.88,-0.31999999999999995,-11.90002688000001
2.92,-0.31999999999999995,-11.596065280000005
2.96,-0.31999999999999995,-11.234119680000004
3.0,-0.31999999999999995,-10.811210240000007
-1.0,-0.28,7.63200256
-0.96,-0.28,6.841093119999999
-0.92,-0.28,6.111147520000001
-0.88,-0.28,5.43918592
-0.84,-0.28,4.822289919999999
-0.8,-0.28,4.257602560000001
-0.76,-0.28,3.7423283200000004
-0.72,-0.28,3.2737331199999997
-0.6799999999999999,-0.28,2.8491443199999997
-0.64,-0.28,2.4659507200000004
-0.6,-0.28,2.12160256
-0.56,-0.28,1.8136115200000005
-0.52,-0.28,1.5395507200000003
-0.48,-0.28,1.2970547200000002
-0.43999999999999995,-0.28,1.0838195199999998
-0.4,-0.28,0.8976025600000002
-0.36,-0.28,0.73622272
-0.31999999999999995,-0.28,0.5975603199999999
-0.28,-0.28,0.47955712000000017
-0.24,-0.28,0.38021632000000005
-0.19999999999999996,-0.28,0.29760255999999996
-0.16000000000000003,-0.28,0.2298419200000001
-0.12,-0.28,0.17512192000000004
-0.07999999999999996,-0.28,0.13169152
-0.040000000000000036,-0.28,0.09786112000000005
0.0,-0.28,0.07200256000000002
0.040000000000000036,-0.28,0.05254912000000002
0.08000000000000007,-0.28,0.03799552
0.1200000000000001,-0.28,0.026897919999999992
0.15999999999999992,-0.28,0.017873920000000043
0.19999999999999996,-0.28,0.00960256000000001
0.24,-0.28,0.0008243200000000173
0.28,-0.28,-0.009658880000000009
0.32000000000000006,-0.28,-0.022983680000000006
0.3600000000000001,-0.28,-0.04022528000000003
0.40000000000000013,-0.28,-0.06239744000000008
0.43999999999999995,-0.28,-0.09045247999999992
0.48,-0.28,-0.12528127999999994
0.52,-0.28,-0.16771327999999996
0.56,-0.28,-0.21851648000000007
0.6000000000000001,-0.28,-0.2783974400000002
0.6400000000000001,-0.28,-0.34800128000000025
0.6799999999999999,-0.28,-0.4279116799999999
0.72,-0.28,-0.51865088
0.76,-0.28,-0.6206796799999998
0.8,-0.28,-0.7343974400000001
0.8400000000000001,-0.28,-0.8601420799999999
0.8800000000000001,-0.28,-0.9981900800000003
0.9199999999999999,-0.28,-1.1487564799999999
0.96,-0.28,-1.3119948799999996
1.0,-0.28,-1.48799744
1.04,-0.28,-1.6767948799999999
1.08,-0.28,-1.8783564800000003
1.12,-0.28,-2.0925900800000012
1.1600000000000001,-0.28,-2.31934208
1.2000000000000002,-0.28,-2.5583974400000016
1.2400000000000002,-0.28,-2.8094796800000017
1.2800000000000002,-0.28,-3.0722508800000012
1.3199999999999998,-0.28,-3.34631168
1.3599999999999999,-0.28,-3.6312012799999995
1.4,-0.28,-3.926397439999999
1.44,-0.28,-4.231316479999999
1.48,-0.28,-4.5453132799999985
1.52,-0.28,-4.86768128
1.56,-0.28,-5.197652479999999
1.6,-0.28,-5.534397440000002
1.6400000000000001,-0.28,-5.87702528
1.6800000000000002,-0.28,-6.2245836799999985
1.7200000000000002,-0.28,-6.576058880000001
1.7600000000000002,-0.28,-6.930375680000003
1.8000000000000003,-0.28,-7.286397440000003
1.8399999999999999,-0.28,-7.6429260800000005
1.88,-0.28,-7.998702079999999
1.92,-0.28,-8.352404479999999
1.96,-0.28,-8.70265088
2.0,-0.28,-9.04799744
2.04,-0.28,-9.386938880000004
2.08,-0.28,-9.717908479999997
2.12,-0.28,-10.039278079999995
2.16,-0.28,-10.349358079999998
2.2,-0.28,-10.646397440000005
2.24,-0.28,-10.928583680000001
2.2800000000000002,-0.28,-11.194042879999996
2.3200000000000003,-0.28,-11.44083968
2.36,-0.28,-11.666977280000001
2.4,-0.28,-11.870397439999996
2.44,-0.28,-12.048980480000006
2.48,-0.28,-12.200545280000002
2.52,-0.28,-12.322849280000003
2.56,-0.28,-12.413588480000012
2.6,-0.28,-12.470397439999994
2.64,-0.28,-12.49084928
2.68,-0.28,-12.472455680000001
2.72,-0.28,-12.412666879999993
2.7600000000000002,-0.28,-12.30887168000001
2.8000000000000003,-0.28,-12.158397439999996
2.84,-0.28,-11.958510079999984
2.88,-0.28,-11.706414079999998
2.92,-0.28,-11.399252479999994
2.96,-0.28,-11.034106879999994
3.0,-0.28,-10.607997439999995
-1.0,-0.24,7.524789759999999
-0.96,-0.24,6.73708032
-0.92,-0.24,6.01033472
-0.88,-0.24,5.34157312
-0.84,-0.24,4.72787712
-0.8,-0.24,4.166389760000001
-0.76,-0.24,3.65431552
-0.72,-0.24,3.18892032
-0.6799999999999999,-0.24,2.7675315199999995
-0.64,-0.24,2.38753792
-0.6,-0.24,2.04638976
-0.56,-0.24,1.7415987200000003
-0.52,-0.24,1.4707379200000001
-0.48,-0.24,1.23144192
-0.43999999999999995,-0.24,1.0214067199999999
-0.4,-0.24,0.8383897600000001
-0.36,-0.24,0.6802099199999999
-0.31999999999999995,-0.24,0.5447475199999998
-0.28,-0.24,0.4299443200000001
-0.24,-0.24,0.33380352
-0.19999999999999996,-0.24,0.2543897599999999
-0.16000000000000003,-0.24,0.18982912000000002
-0.12,-0.24,0.13830912
-0.07999999999999996,-0.24,0.09807871999999995
-0.040000000000000036,-0.24,0.06744832000000002
0.0,-0.24,0.04478976
0.040000000000000036,-0.24,0.028536319999999983
0.08000000000000007,-0.24,0.017182719999999985
0.1200000000000001,-0.24,0.009285119999999987
0.15999999999999992,-0.24,0.003461119999999998
0.19999999999999996,-0.24,-0.001610239999999999
0.24,-0.24,-0.007188479999999997
0.28,-0.24,-0.014471680000000028
0.32000000000000006,-0.24,-0.024596479999999976
0.3600000000000001,-0.24,-0.03863808000000005
0.40000000000000013,-0.24,-0.05761024000000009
0.43999999999999995,-0.24,-0.08246527999999989
0.48,-0.24,-0.11409407999999993
0.52,-0.24,-0.15332607999999992
0.56,-0.24,-0.2009292800000002
0.6000000000000001,-0.24,-0.2576102400000002
0.6400000000000001,-0.24,-0.3240140800000002
0.6799999999999999,-0.24,-0.40072448
0.72,-0.24,-0.48826368000000003
0.76,-0.24,-0.5870924800000001
0.8,-0.24,-0.6976102400000003
0.8400000000000001,-0.24,-0.82015488
0.8800000000000001,-0.24,-0.9550028800000003
0.9199999999999999,-0.24,-1.1023692799999998
0.96,-0.24,-1.2624076799999995
1.0,-0.24,-1.43521024
1.04,-0.24,-1.6208076799999995
1.08,-0.24,-1.8191692799999999
1.12,-0.24,-2.030202880000001
1.1600000000000001,-0.24,-2.2537548800000002
1.2000000000000002,-0.24,-2.4896102400000015
1.2400000000000002,-0.24,-2.7374924800000024
1.2800000000000002,-0.24,-2.997063680000001
1.3199999999999998,-0.24,-3.26792448
1.3599999999999999,-0.24,-3.5496140800000004
1.4,-0.24,-3.8416102399999987
1.44,-0.24,-4.143329280000001
1.48,-0.24,-4.454126079999999
1.52,-0.24,-4.773294080000001
1.56,-0.24,-5.100065279999998
1.6,-0.24,-5.433610240000001
1.6400000000000001,-0.24,-5.773038079999999
1.6800000000000002,-0.24,-6.117396479999999
1.7200000000000002,-0.24,-6.46567168
1.7600000000000002,-0.24,-6.816788480000002
1.8000000000000003,-0.24,-7.169610240000002
1.8399999999999999,-0.24,-7.522938879999999
1.88,-0.24,-7.875514879999999
1.92,-0.24,-8.226017279999997
1.96,-0.24,-8.573063679999999
2.0,-0.24,-8.915210239999997
2.04,-0.24,-9.250951680000005
2.08,-0.24,-9.578721279999998
2.12,-0.24,-9.896890879999996
2.16,-0.24,-10.203770879999999
2.2,-0.24,-10.497610240000004
2.24,-0.24,-10.776596480000002
2.2800000000000002,-0.24,-11.038855679999998
2.3200000000000003,-0.24,-11.28245248
2.36,-0.24,-11.505390080000002
2.4,-0.24,-11.705610239999993
2.44,-0.24,-11.880993280000004
2.48,-0.24,-12.02935808
2.52,-0.24,-12.14846208
2.56,-0.24,-12.236001280000009
2.6,-0.24,-12.289610239999991
2.64,-0.24,-12.306862079999998
2.68,-0.24,-12.28526848
2.72,-0.24,-12.222279679999989
2.7600000000000002,-0.24,-12.115284480000007
2.8000000000000003,-0.24,-11.961610239999994
2.84,-0.24,-11.758522879999987
2.88,-0.24,-11.503226880000003
2.92,-0.24,-11.192865279999998
2.96,-0.24,-10.824519679999998
3.0,-0.24,-10.395210239999999
-1.0,-0.19999999999999996,7.425599999999999
-0.96,-0.19999999999999996,6.64109056
-0.92,-0.19999999999999996,5.917544960000001
-0.88,-0.19999999999999996,5.2519833600000005
-0.84,-0.19999999999999996,4.641487359999999
-0.8,-0.19999999999999996,4.083200000000001
-0.76,-0.19999999999999996,3.5743257600000002
-0.72,-0.19999999999999996,3.1121305599999993
-0.6799999999999999,-0.19999999999999996,2.693941759999999
-0.64,-0.19999999999999996,2.31714816
-0.6,-0.19999999999999996,1.9791999999999998
-0.56,-0.19999999999999996,1.6776089600000004
-0.52,-0.19999999999999996,1.4099481600000001
-0.48,-0.19999999999999996,1.1738521599999998
-0.43999999999999995,-0.19999999999999996,0.9670169599999997
-0.4,-0.19999999999999996,0.7872000000000001
-0.36,-0.19999999999999996,0.6322201599999999
-0.31999999999999995,-0.19999999999999996,0.4999577599999998
-0.28,-0.19999999999999996,0.38835456
-0.24,-0.19999999999999996,0.29541375999999997
-0.19999999999999996,-0.19999999999999996,0.2191999999999999
-0.16000000000000003,-0.19999999999999996,0.15783936
-0.12,-0.19999999999999996,0.10951935999999997
-0.07999999999999996,-0.19999999999999996,0.07248895999999995
-0.040000000000000036,-0.19999999999999996,0.04505856
0.0,-0.19999999999999996,0.025599999999999984
0.040000000000000036,-0.19999999999999996,0.012546559999999977
0.08000000000000007,-0.19999999999999996,0.0043929599999999805
0.1200000000000001,-0.19999999999999996,-0.0003046400000000088
0.15999999999999992,-0.19999999999999996,-0.002928640000000003
0.19999999999999996,-0.19999999999999996,-0.004799999999999999
0.24,-0.19999999999999996,-0.007178239999999975
0.28,-0.19999999999999996,-0.011261440000000011
0.32000000000000006,-0.19999999999999996,-0.018186239999999992
0.3600000000000001,-0.19999999999999996,-0.02902784
0.40000000000000013,-0.19999999999999996,-0.04480000000000006
0.43999999999999995,-0.19999999999999996,-0.06645503999999991
0.48,-0.19999999999999996,-0.09488383999999994
0.52,-0.19999999999999996,-0.13091583999999995
0.56,-0.19999999999999996,-0.17531903999999998
0.6000000000000001,-0.19999999999999996,-0.22880000000000011
0.6400000000000001,-0.19999999999999996,-0.2920038400000001
0.6799999999999999,-0.19999999999999996,-0.3655142399999999
0.72,-0.19999999999999996,-0.44985343999999994
0.76,-0.19999999999999996,-0.54548224
0.8,-0.19999999999999996,-0.6528000000000002
0.8400000000000001,-0.19999999999999996,-0.7721446399999999
0.8800000000000001,-0.19999999999999996,-0.9037926400000004
0.9199999999999999,-0.19999999999999996,-1.0479590399999998
0.96,-0.19999999999999996,-1.2047974399999992
1.0,-0.19999999999999996,-1.3744
1.04,-0.19999999999999996,-1.5567974399999995
1.08,-0.19999999999999996,-1.75195904
1.12,-0.19999999999999996,-1.9597926400000008
1.1600000000000001,-0.19999999999999996,-2.18014464
1.2000000000000002,-0.19999999999999996,-2.412800000000001
1.2400000000000002,-0.19999999999999996,-2.657482240000002
1.2800000000000002,-0.19999999999999996,-2.913853440000001
1.3199999999999998,-0.19999999999999996,-3.1815142399999994
1.3599999999999999,-0.19999999999999996,-3.4600038399999997
1.4,-0.19999999999999996,-3.7487999999999984
1.44,-0.19999999999999996,-4.04731904
1.48,-0.19999999999999996,-4.35491584
1.52,-0.19999999999999996,-4.670883840000002
1.56,-0.19999999999999996,-4.994455040000001
1.6,-0.19999999999999996,-5.324800000000002
1.6400000000000001,-0.19999999999999996,-5.66102784
1.6800000000000002,-0.19999999999999996,-6.00218624
1.7200000000000002,-0.19999999999999996,-6.3472614400000005
1.7600000000000002,-0.19999999999999996,-6.695178240000003
1.8000000000000003,-0.19999999999999996,-7.044800000000003
1.8399999999999999,-0.19999999999999996,-7.394928640000001
1.88,-0.19999999999999996,-7.74430464
1.92,-0.19999999999999996,-8.09160704
1.96,-0.19999999999999996,-8.43545344
2.0,-0.19999999999999996,-8.7744
2.04,-0.19999999999999996,-9.106941440000003
2.08,-0.19999999999999996,-9.431511039999997
2.12,-0.19999999999999996,-9.746480639999994
2.16,-0.19999999999999996,-10.050160639999998
2.2,-0.19999999999999996,-10.340800000000005
2.24,-0.19999999999999996,-10.61658624
2.2800000000000002,-0.19999999999999996,-10.875645439999996
2.3200000000000003,-0.19999999999999996,-11.116042239999999
2.36,-0.19999999999999996,-11.33577984
2.4,-0.19999999999999996,-11.53279999999999
2.44,-0.19999999999999996,-11.704983039999998
2.48,-0.19999999999999996,-11.850147839999995
2.52,-0.19999999999999996,-11.966051839999995
2.56,-0.19999999999999996,-12.050391040000004
2.6,-0.19999999999999996,-12.100799999999987
2.64,-0.19999999999999996,-12.114851839999993
2.68,-0.19999999999999996,-12.090058239999994
2.72,-0.19999999999999996,-12.023869439999984
2.7600000000000002,-0.19999999999999996,-11.913674240000002
2.8000000000000003,-0.19999999999999996,-11.75679999999999
2.84,-0.19999999999999996,-11.55051263999999
2.88,-0.19999999999999996,-11.292016640000005
2.92,-0.19999999999999996,-10.97845504
2.96,-0.19999999999999996,-10.60690944
3.0,-0.19999999999999996,-10.174400000000002
-1.0,-0.16000000000000003,7.33294336
-0.96,-0.16000000000000003,6.551633919999999
-0.92,-0.16000000000000003,5.8312883200000005
-0.88,-0.16000000000000003,5.16892672
-0.84,-0.16000000000000003,4.561630719999999
-0.8,-0.16000000000000003,4.006543360000001
-0.76,-0.16000000000000003,3.50086912
-0.72,-0.16000000000000003,3.04187392
-0.6799999999999999,-0.16000000000000003,2.62688512
-0.64,-0.16000000000000003,2.2532915200000003
-0.6,-0.16000000000000003,1.91854336
-0.56,-0.16000000000000003,1.6201523200000003
-0.52,-0.16000000000000003,1.3556915200000001
-0.48,-0.16000000000000003,1.12279552
-0.43999999999999995,-0.16000000000000003,0.9191603199999998
-0.4,-0.16000000000000003,0.7425433600000001
-0.36,-0.16000000000000003,0.59076352
-0.31999999999999995,-0.16000000000000003,0.46170111999999985
-0.28,-0.16000000000000003,0.35329792000000004
-0.24,-0.16000000000000003,0.26355712
-0.19999999999999996,-0.16000000000000003,0.19054335999999994
-0.16000000000000003,-0.16000000000000003,0.13238272000000006
-0.12,-0.16000000000000003,0.08726272000000002
-0.07999999999999996,-0.16000000000000003,0.053432319999999985
-0.040000000000000036,-0.16000000000000003,0.029201920000000027
0.0,-0.16000000000000003,0.012943360000000008
0.040000000000000036,-0.16000000000000003,0.0030899199999999977
0.08000000000000007,-0.16000000000000003,-0.001863680000000003
0.1200000000000001,-0.16000000000000003,-0.003361280000000001
0.15999999999999992,-0.16000000000000003,-0.002785280000000001
0.19999999999999996,-0.16000000000000003,-0.001456640000000009
0.24,-0.16000000000000003,-0.0006348799999999905
0.28,-0.16000000000000003,-0.0015180800000000189
0.32000000000000006,-0.16000000000000003,-0.005242880000000019
0.3600000000000001,-0.16000000000000003,-0.012884480000000004
0.40000000000000013,-0.16000000000000003,-0.025456640000000086
0.43999999999999995,-0.16000000000000003,-0.043911679999999925
0.48,-0.16000000000000003,-0.06914047999999995
0.52,-0.16000000000000003,-0.10197248000000003
0.56,-0.16000000000000003,-0.14317568000000017
0.6000000000000001,-0.16000000000000003,-0.1934566400000003
0.6400000000000001,-0.16000000000000003,-0.2534604800000002
0.6799999999999999,-0.16000000000000003,-0.32377087999999987
0.72,-0.16000000000000003,-0.40491007999999995
0.76,-0.16000000000000003,-0.49733888000000026
0.8,-0.16000000000000003,-0.6014566400000001
0.8400000000000001,-0.16000000000000003,-0.7176012800000002
0.8800000000000001,-0.16000000000000003,-0.8460492800000008
0.9199999999999999,-0.16000000000000003,-0.9870156799999998
0.96,-0.16000000000000003,-1.1406540799999996
1.0,-0.16000000000000003,-1.30705664
1.04,-0.16000000000000003,-1.4862540800000001
1.08,-0.16000000000000003,-1.6782156800000005
1.12,-0.16000000000000003,-1.8828492800000012
1.1600000000000001,-0.16000000000000003,-2.1000012800000003
1.2000000000000002,-0.16000000000000003,-2.329456640000002
1.2400000000000002,-0.16000000000000003,-2.5709388800000017
1.2800000000000002,-0.16000000000000003,-2.8241100800000014
1.3199999999999998,-0.16000000000000003,-3.0885708800000002
1.3599999999999999,-0.16000000000000003,-3.3638604799999996
1.4,-0.16000000000000003,-3.6494566399999986
1.44,-0.16000000000000003,-3.9447756800000002
1.48,-0.16000000000000003,-4.24917248
1.52,-0.16000000000000003,-4.561940480000001
1.56,-0.16000000000000003,-4.882311680000001
1.6,-0.16000000000000003,-5.209456640000003
1.6400000000000001,-0.16000000000000003,-5.54248448
1.6800000000000002,-0.16000000000000003,-5.88044288
1.7200000000000002,-0.16000000000000003,-6.222318080000001
1.7600000000000002,-0.16000000000000003,-6.567034880000003
1.8000000000000003,-0.16000000000000003,-6.913456640000003
1.8399999999999999,-0.16000000000000003,-7.26038528
1.88,-0.16000000000000003,-7.60656128
1.92,-0.16000000000000003,-7.950663679999998
1.96,-0.16000000000000003,-8.29131008
2.0,-0.16000000000000003,-8.627056640000001
2.04,-0.16000000000000003,-8.956398080000005
2.08,-0.16000000000000003,-9.277767679999997
2.12,-0.16000000000000003,-9.589537279999995
2.16,-0.16000000000000003,-9.890017279999999
2.2,-0.16000000000000003,-10.177456640000004
2.24,-0.16000000000000003,-10.450042880000002
2.2800000000000002,-0.16000000000000003,-10.705902079999996
2.3200000000000003,-0.16000000000000003,-10.943098879999999
2.36,-0.16000000000000003,-11.159636480000001
2.4,-0.16000000000000003,-11.35345663999999
2.44,-0.16000000000000003,-11.522439679999998
2.48,-0.16000000000000003,-11.664404479999995
2.52,-0.16000000000000003,-11.777108479999995
2.56,-0.16000000000000003,-11.858247680000005
2.6,-0.16000000000000003,-11.905456639999988
2.64,-0.16000000000000003,-11.916308479999994
2.68,-0.16000000000000003,-11.888314879999994
2.72,-0.16000000000000003,-11.818926079999985
2.7600000000000002,-0.16000000000000003,-11.705530880000003
2.8000000000000003,-0.16000000000000003,-11.54545663999999
2.84,-0.16000000000000003,-11.33596927999999
2.88,-0.16000000000000003,-11.074273280000005
2.92,-0.16000000000000003,-10.75751168
2.96,-0.16000000000000003,-10.382766080000001
3.0,-0.16000000000000003,-9.947056640000003
-1.0,-0.12,7.24539136
-0.96,-0.12,6.467281919999999
-0.92,-0.12,5.75013632
-0.88,-0.12,5.090974719999999
-0.84,-0.12,4.486878719999999
-0.8,-0.12,3.9349913600000006
-0.76,-0.12,3.4325171199999995
-0.72,-0.12,2.9767219199999997
-0.6799999999999999,-0.12,2.564933119999999
-0.64,-0.12,2.19453952
-0.6,-0.12,1.8629913599999999
-0.56,-0.12,1.5678003200000004
-0.52,-0.12,1.30653952
-0.48,-0.12,1.07684352
-0.43999999999999995,-0.12,0.8764083199999998
-0.4,-0.12,0.7029913600000001
-0.36,-0.12,0.5544115199999999
-0.31999999999999995,-0.12,0.42854911999999984
-0.28,-0.12,0.32334592000000006
-0.24,-0.12,0.23680511999999998
-0.19999999999999996,-0.12,0.16699135999999992
-0.16000000000000003,-0.12,0.11203072000000004
-0.12,-0.12,0.07011071999999999
-0.07999999999999996,-0.12,0.03948031999999997
-0.040000000000000036,-0.12,0.018449920000000015
0.0,-0.12,0.0053913599999999996
0.040000000000000036,-0.12,-0.0012620800000000022
0.08000000000000007,-0.12,-0.0030156799999999997
0.1200000000000001,-0.12,-0.0013132799999999896
0.15999999999999992,-0.12,0.0024627199999999877
0.19999999999999996,-0.12,0.006991359999999988
0.24,-0.12,0.011013120000000001
0.28,-0.12,0.013329919999999981
0.32000000000000006,-0.12,0.012805120000000017
0.3600000000000001,-0.12,0.00836352
0.40000000000000013,-0.12,-0.0010086400000000606
0.43999999999999995,-0.12,-0.016263679999999905
0.48,-0.12,-0.038292479999999934
0.52,-0.12,-0.06792447999999993
0.56,-0.12,-0.10592768000000014
0.6000000000000001,-0.12,-0.15300864000000025
0.6400000000000001,-0.12,-0.20981248000000013
0.6799999999999999,-0.12,-0.27692287999999987
0.72,-0.12,-0.35486207999999986
0.76,-0.12,-0.4440908800000002
0.8,-0.12,-0.54500864
0.8400000000000001,-0.12,-0.6579532800000001
0.8800000000000001,-0.12,-0.7832012800000008
0.9199999999999999,-0.12,-0.9209676800000003
0.96,-0.12,-1.0714060799999996
1.0,-0.12,-1.23460864
1.04,-0.12,-1.41060608
1.08,-0.12,-1.5993676799999998
1.12,-0.12,-1.8008012800000008
1.1600000000000001,-0.12,-2.0147532800000008
1.2000000000000002,-0.12,-2.241008640000002
1.2400000000000002,-0.12,-2.479290880000001
1.2800000000000002,-0.12,-2.7292620800000016
1.3199999999999998,-0.12,-2.9905228799999994
1.3599999999999999,-0.12,-3.26261248
1.4,-0.12,-3.545008639999999
1.44,-0.12,-3.83712768
1.48,-0.12,-4.138324479999999
1.52,-0.12,-4.44789248
1.56,-0.12,-4.765063679999999
1.6,-0.12,-5.089008640000003
1.6400000000000001,-0.12,-5.41883648
1.6800000000000002,-0.12,-5.753594879999999
1.7200000000000002,-0.12,-6.0922700800000005
1.7600000000000002,-0.12,-6.433786880000003
1.8000000000000003,-0.12,-6.777008640000004
1.8399999999999999,-0.12,-7.120737280000001
1.88,-0.12,-7.46371328
1.92,-0.12,-7.804615679999999
1.96,-0.12,-8.14206208
2.0,-0.12,-8.47460864
2.04,-0.12,-8.800750080000004
2.08,-0.12,-9.118919679999998
2.12,-0.12,-9.427489279999996
2.16,-0.12,-9.724769279999999
2.2,-0.12,-10.009008640000005
2.24,-0.12,-10.27839488
2.2800000000000002,-0.12,-10.531054079999997
2.3200000000000003,-0.12,-10.76505088
2.36,-0.12,-10.978388480000001
2.4,-0.12,-11.169008639999998
2.44,-0.12,-11.334791680000006
2.48,-0.12,-11.473556480000003
2.52,-0.12,-11.583060480000004
2.56,-0.12,-11.660999680000012
2.6,-0.12,-11.705008639999996
2.64,-0.12,-11.71266048
2.68,-0.12,-11.681466880000002
2.72,-0.12,-11.608878079999993
2.7600000000000002,-0.12,-11.49228288000001
2.8000000000000003,-0.12,-11.329008639999998
2.84,-0.12,-11.116321279999983
2.88,-0.12,-10.851425279999999
2.92,-0.12,-10.531463679999993
2.96,-0.12,-10.153518079999994
3.0,-0.12,-9.714608639999996
-1.0,-0.07999999999999996,7.16157696
-0.96,-0.07999999999999996,6.386667519999999
-0.92,-0.07999999999999996,5.672721920000001
-0.88,-0.07999999999999996,5.0167603199999995
-0.84,-0.07999999999999996,4.41586432
-0.8,-0.07999999999999996,3.867176960000001
-0.76,-0.07999999999999996,3.36790272
-0.72,-0.07999999999999996,2.91530752
-0.6799999999999999,-0.07999999999999996,2.5067187199999994
-0.64,-0.07999999999999996,2.13952512
-0.6,-0.07999999999999996,1.8111769599999998
-0.56,-0.07999999999999996,1.5191859200000002
-0.52,-0.07999999999999996,1.2611251200000002
-0.48,-0.07999999999999996,1.0346291199999997
-0.43999999999999995,-0.07999999999999996,0.8373939199999998
-0.4,-0.07999999999999996,0.66717696
-0.36,-0.07999999999999996,0.52179712
-0.31999999999999995,-0.07999999999999996,0.39913471999999983
-0.28,-0.07999999999999996,0.29713152
-0.24,-0.07999999999999996,0.21379072
-0.19999999999999996,-0.07999999999999996,0.1471769599999999
-0.16000000000000003,-0.07999999999999996,0.09541632000000003
-0.12,-0.07999999999999996,0.056696319999999994
-0.07999999999999996,-0.07999999999999996,0.029265919999999966
-0.040000000000000036,-0.07999999999999996,0.011435520000000008
0.0,-0.07999999999999996,0.0015769599999999975
0.040000000000000036,-0.07999999999999996,-0.0018764799999999998
0.08000000000000007,-0.07999999999999996,-0.0004300799999999907
0.1200000000000001,-0.07999999999999996,0.004472320000000023
0.15999999999999992,-0.07999999999999996,0.011448319999999994
0.19999999999999996,-0.07999999999999996,0.01917696
0.24,-0.07999999999999996,0.02639872000000002
0.28,-0.07999999999999996,0.03191552000000002
0.32000000000000006,-0.07999999999999996,0.03459072000000003
0.3600000000000001,-0.07999999999999996,0.03334912000000004
0.40000000000000013,-0.07999999999999996,0.027176960000000014
0.43999999999999995,-0.07999999999999996,0.015121920000000066
0.48,-0.07999999999999996,-0.003706879999999954
0.52,-0.07999999999999996,-0.030138879999999937
0.56,-0.07999999999999996,-0.06494208000000007
0.6000000000000001,-0.07999999999999996,-0.10882304000000019
0.6400000000000001,-0.07999999999999996,-0.16242688000000008
0.6799999999999999,-0.07999999999999996,-0.22633728000000003
0.72,-0.07999999999999996,-0.30107647999999987
0.76,-0.07999999999999996,-0.3871052800000001
0.8,-0.07999999999999996,-0.48482304000000026
0.8400000000000001,-0.07999999999999996,-0.59456768
0.8800000000000001,-0.07999999999999996,-0.7166156800000002
0.9199999999999999,-0.07999999999999996,-0.8511820799999997
0.96,-0.07999999999999996,-0.9984204799999992
1.0,-0.07999999999999996,-1.15842304
1.04,-0.07999999999999996,-1.3312204799999994
1.08,-0.07999999999999996,-1.5167820799999998
1.12,-0.07999999999999996,-1.715015680000001
1.1600000000000001,-0.07999999999999996,-1.9257676800000003
1.2000000000000002,-0.07999999999999996,-2.1488230400000012
1.2400000000000002,-0.07999999999999996,-2.3839052800000013
1.2800000000000002,-0.07999999999999996,-2.6306764800000013
1.3199999999999998,-0.07999999999999996,-2.88873728
1.3599999999999999,-0.07999999999999996,-3.1576268799999996
1.4,-0.07999999999999996,-3.4368230399999984
1.44,-0.07999999999999996,-3.7257420800000003
1.48,-0.07999999999999996,-4.02373888
1.52,-0.07999999999999996,-4.3301068800000015
1.56,-0.07999999999999996,-4.644078080000001
1.6,-0.07999999999999996,-4.964823040000002
1.6400000000000001,-0.07999999999999996,-5.291450879999999
1.6800000000000002,-0.07999999999999996,-5.62300928
1.7200000000000002,-0.07999999999999996,-5.95848448
1.7600000000000002,-0.07999999999999996,-6.296801280000003
1.8000000000000003,-0.07999999999999996,-6.636823040000003
1.8399999999999999,-0.07999999999999996,-6.97735168
1.88,-0.07999999999999996,-7.31712768
1.92,-0.07999999999999996,-7.654830079999998
1.96,-0.07999999999999996,-7.9890764800000005
2.0,-0.07999999999999996,-8.31842304
2.04,-0.07999999999999996,-8.641364480000004
2.08,-0.07999999999999996,-8.956334079999998
2.12,-0.07999999999999996,-9.261703679999995
2.16,-0.07999999999999996,-9.555783679999998
2.2,-0.07999999999999996,-9.836823040000004
2.24,-0.07999999999999996,-10.10300928
2.2800000000000002,-0.07999999999999996,-10.352468479999997
2.3200000000000003,-0.07999999999999996,-10.583265279999999
2.36,-0.07999999999999996,-10.79340288
2.4,-0.07999999999999996,-10.980823039999994
2.44,-0.07999999999999996,-11.143406080000002
2.48,-0.07999999999999996,-11.27897088
2.52,-0.07999999999999996,-11.385274879999999
2.56,-0.07999999999999996,-11.460014080000008
2.6,-0.07999999999999996,-11.500823039999991
2.64,-0.07999999999999996,-11.505274879999996
2.68,-0.07999999999999996,-11.470881279999997
2.72,-0.07999999999999996,-11.395092479999988
2.7600000000000002,-0.07999999999999996,-11.275297280000006
2.8000000000000003,-0.07999999999999996,-11.108823039999994
2.84,-0.07999999999999996,-10.89293567999998
2.88,-0.07999999999999996,-10.624839679999994
2.92,-0.07999999999999996,-10.30167807999999
2.96,-0.07999999999999996,-9.92053247999999
3.0,-0.07999999999999996,-9.478423039999992
-1.0,-0.040000000000000036,7.080194560000001
-0.96,-0.040000000000000036,6.30848512
-0.92,-0.040000000000000036,5.59773952
-0.88,-0.040000000000000036,4.94497792
-0.84,-0.040000000000000036,4.3472819199999995
-0.8,-0.040000000000000036,3.801794560000001
-0.76,-0.040000000000000036,3.3057203200000003
-0.72,-0.040000000000000036,2.8563251199999993
-0.6799999999999999,-0.040000000000000036,2.4509363199999994
-0.64,-0.040000000000000036,2.08694272
-0.6,-0.040000000000000036,1.7617945599999998
-0.56,-0.040000000000000036,1.4730035200000002
-0.52,-0.040000000000000036,1.2181427200000001
-0.48,-0.040000000000000036,0.99484672
-0.43999999999999995,-0.040000000000000036,0.8008115199999998
-0.4,-0.040000000000000036,0.6337945600000001
-0.36,-0.040000000000000036,0.49161472
-0.31999999999999995,-0.040000000000000036,0.37215231999999987
-0.28,-0.040000000000000036,0.27334912000000006
-0.24,-0.040000000000000036,0.19320832000000002
-0.19999999999999996,-0.040000000000000036,0.12979455999999995
-0.16000000000000003,-0.040000000000000036,0.08123392000000006
-0.12,-0.040000000000000036,0.045713920000000005
-0.07999999999999996,-0.040000000000000036,0.021483519999999985
-0.040000000000000036,-0.040000000000000036,0.006853120000000013
0.0,-0.040000000000000036,0.00019456000000000052
0.040000000000000036,-0.040000000000000036,-5.8880000000000304e-05
0.08000000000000007,-0.040000000000000036,0.004587520000000006
0.1200000000000001,-0.040000000000000036,0.012689920000000016
0.15999999999999992,-0.040000000000000036,0.02286591999999997
0.19999999999999996,-0.040000000000000036,0.033794559999999974
0.24,-0.040000000000000036,0.04421631999999998
0.28,-0.040000000000000036,0.052933119999999986
0.32000000000000006,-0.040000000000000036,0.05880832
0.3600000000000001,-0.040000000000000036,0.06076671999999998
0.40000000000000013,-0.040000000000000036,0.057794559999999925
0.43999999999999995,-0.040000000000000036,0.04893952000000005
0.48,-0.040000000000000036,0.03331072000000003
0.52,-0.040000000000000036,0.010078720000000027
0.56,-0.040000000000000036,-0.021524480000000158
0.6000000000000001,-0.040000000000000036,-0.062205440000000285
0.6400000000000001,-0.040000000000000036,-0.11260928000000017
0.6799999999999999,-0.040000000000000036,-0.17331968000000014
0.72,-0.040000000000000036,-0.24485888000000017
0.76,-0.040000000000000036,-0.32768768000000026
0.8,-0.040000000000000036,-0.42220544000000015
0.8400000000000001,-0.040000000000000036,-0.5287500800000001
0.8800000000000001,-0.040000000000000036,-0.6475980800000001
0.9199999999999999,-0.040000000000000036,-0.7789644799999997
0.96,-0.040000000000000036,-0.9230028799999995
1.0,-0.040000000000000036,-1.07980544
1.04,-0.040000000000000036,-1.2494028799999999
1.08,-0.040000000000000036,-1.4317644800000002
1.12,-0.040000000000000036,-1.6267980800000001
1.1600000000000001,-0.040000000000000036,-1.83435008
1.2000000000000002,-0.040000000000000036,-2.0542054400000014
1.2400000000000002,-0.040000000000000036,-2.2860876800000014
1.2800000000000002,-0.040000000000000036,-2.5296588800000013
1.3199999999999998,-0.040000000000000036,-2.784519679999999
1.3599999999999999,-0.040000000000000036,-3.0502092800000002
1.4,-0.040000000000000036,-3.3262054399999985
1.44,-0.040000000000000036,-3.6119244799999994
1.48,-0.040000000000000036,-3.9067212799999993
1.52,-0.040000000000000036,-4.2098892800000005
1.56,-0.040000000000000036,-4.520660479999998
1.6,-0.040000000000000036,-4.838205440000001
1.6400000000000001,-0.040000000000000036,-5.161633279999998
1.6800000000000002,-0.040000000000000036,-5.489991679999999
1.7200000000000002,-0.040000000000000036,-5.822266879999999
1.7600000000000002,-0.040000000000000036,-6.157383680000002
1.8000000000000003,-0.040000000000000036,-6.494205440000002
1.8399999999999999,-0.040000000000000036,-6.831534079999999
1.88,-0.040000000000000036,-7.168110079999999
1.92,-0.040000000000000036,-7.502612479999997
1.96,-0.040000000000000036,-7.83365888
2.0,-0.040000000000000036,-8.159805440000001
2.04,-0.040000000000000036,-8.479546880000008
2.08,-0.040000000000000036,-8.79131648
2.12,-0.040000000000000036,-9.09348608
2.16,-0.040000000000000036,-9.384366080000003
2.2,-0.040000000000000036,-9.662205440000008
2.24,-0.040000000000000036,-9.925191680000005
2.2800000000000002,-0.040000000000000036,-10.17145088
2.3200000000000003,-0.040000000000000036,-10.399047680000004
2.36,-0.040000000000000036,-10.605985280000006
2.4,-0.040000000000000036,-10.790205439999998
2.44,-0.040000000000000036,-10.949588480000006
2.48,-0.040000000000000036,-11.081953280000002
2.52,-0.040000000000000036,-11.185057280000004
2.56,-0.040000000000000036,-11.256596480000013
2.6,-0.040000000000000036,-11.294205439999995
2.64,-0.040000000000000036,-11.29545728
2.68,-0.040000000000000036,-11.257863680000002
2.72,-0.040000000000000036,-11.178874879999993
2.7600000000000002,-0.040000000000000036,-11.055879680000011
2.8000000000000003,-0.040000000000000036,-10.886205439999998
2.84,-0.040000000000000036,-10.667118079999991
2.88,-0.040000000000000036,-10.395822080000006
2.92,-0.040000000000000036,-10.069460480000002
2.96,-0.040000000000000036,-9.685114880000002
3.0,-0.040000000000000036,-9.239805440000003
-1.0,0.0,7.0
-0.96,0.0,6.231490559999999
-0.92,0.0,5.523944960000001
-0.88,0.0,4.8743833599999995
-0.84,0.0,4.279887359999999
-0.8,0.0,3.737600000000001
-0.76,0.0,3.2447257599999997
-0.72,0.0,2.7985305599999997
-0.6799999999999999,0.0,2.3963417599999994
-0.64,0.0,2.0355481600000003
-0.6,0.0,1.7135999999999998
-0.56,0.0,1.4280089600000003
-0.52,0.0,1.17634816
-0.48,0.0,0.9562521599999999
-0.43999999999999995,0.0,0.7654169599999998
-0.4,0.0,0.6016000000000001
-0.36,0.0,0.46262015999999995
-0.31999999999999995,0.0,0.34635775999999985
-0.28,0.0,0.25075456000000007
-0.24,0.0,0.17381375999999998
-0.19999999999999996,0.0,0.11359999999999994
-0.16000000000000003,0.0,0.06823936000000003
-0.12,0.0,0.03591936
-0.07999999999999996,0.0,0.014888959999999984
-0.040000000000000036,0.0,0.0034585600000000064
0.0,0.0,0.0
0.040000000000000036,0.0,0.002946560000000005
0.08000000000000007,0.0,0.010792960000000018
0.1200000000000001,0.0,0.022095360000000033
0.15999999999999992,0.0,0.035471359999999966
0.19999999999999996,0.0,0.04959999999999998
0.24,0.0,0.06322176
0.28,0.0,0.07513856
0.32000000000000006,0.0,0.08421376000000003
0.3600000000000001,0.0,0.08937216000000003
0.40000000000000013,0.0,0.08959999999999999
0.43999999999999995,0.0,0.08394496000000001
0.48,0.0,0.07151616000000005
0.52,0.0,0.05148416
0.56,0.0,0.023080959999999928
0.6000000000000001,0.0,-0.01440000000000019
0.6400000000000001,0.0,-0.061603840000000076
0.6799999999999999,0.0,-0.11911424000000004
0.72,0.0,-0.18745344000000008
0.76,0.0,-0.26708224000000014
0.8,0.0,-0.35840000000000005
0.8400000000000001,0.0,-0.46174464000000004
0.8800000000000001,0.0,-0.5773926400000007
0.9199999999999999,0.0,-0.7055590399999998
0.96,0.0,-0.8463974399999996
1.0,0.0,-1.0
1.04,0.0,-1.16639744
1.08,0.0,-1.34555904
1.12,0.0,-1.5373926400000006
1.1600000000000001,0.0,-1.7417446400000007
1.2000000000000002,0.0,-1.958400000000001
1.2400000000000002,0.0,-2.187082240000002
1.2800000000000002,0.0,-2.4274534400000007
1.3199999999999998,0.0,-2.6791142399999996
1.3599999999999999,0.0,-2.94160384
1.4,0.0,-3.214399999999998
1.44,0.0,-3.49691904
1.48,0.0,-3.7885158399999996
1.52,0.0,-4.088483840000001
1.56,0.0,-4.39605504
1.6,0.0,-4.710400000000002
1.6400000000000001,0.0,-5.030627839999999
1.6800000000000002,0.0,-5.35578624
1.7200000000000002,0.0,-5.68486144
1.7600000000000002,0.0,-6.0167782400000025
1.8000000000000003,0.0,-6.350400000000002
1.8399999999999999,0.0,-6.68452864
1.88,0.0,-7.017904639999999
1.92,0.0,-7.349207039999998
1.96,0.0,-7.67705344
2.0,0.0,-8.0
2.04,0.0,-8.316541440000005
2.08,0.0,-8.625111039999998
2.12,0.0,-8.924080639999996
2.16,0.0,-9.21176064
2.2,0.0,-9.486400000000005
2.24,0.0,-9.746186240000002
2.2800000000000002,0.0,-9.989245439999998
2.3200000000000003,0.0,-10.21364224
2.36,0.0,-10.417379840000002
2.4,0.0,-10.598399999999994
2.44,0.0,-10.754583040000004
2.48,0.0,-10.88374784
2.52,0.0,-10.98365184
2.56,0.0,-11.05199104000001
2.6,0.0,-11.086399999999992
2.64,0.0,-11.084451839999998
2.68,0.0,-11.04365824
2.72,0.0,-10.96146943999999
2.7600000000000002,0.0,-10.835274240000007
2.8000000000000003,0.0,-10.662399999999995
2.84,0.0,-10.440112639999988
2.88,0.0,-10.165616640000003
2.92,0.0,-9.836055039999998
2.96,0.0,-9.448509439999999
3.0,0.0,-9.0
-1.0,0.040000000000000036,6.91981056
-0.96,0.040000000000000036,6.154501119999999
-0.92,0.040000000000000036,5.45015552
-0.88,0.040000000000000036,4.8037939199999995
-0.84,0.040000000000000036,4.21249792
-0.8,0.040000000000000036,3.6734105600000007
-0.76,0.040000000000000036,3.18373632
-0.72,0.040000000000000036,2.74074112
-0.6799999999999999,0.040000000000000036,2.3417523199999994
-0.64,0.040000000000000036,1.98415872
-0.6,0.040000000000000036,1.6654105599999998
-0.56,0.040000000000000036,1.3830195200000004
-0.52,0.040000000000000036,1.13455872
-0.48,0.040000000000000036,0.9176627199999998
-0.43999999999999995,0.040000000000000036,0.7300275199999998
-0.4,0.040000000000000036,0.5694105600000001
-0.36,0.040000000000000036,0.4336307199999999
-0.31999999999999995,0.040000000000000036,0.32056831999999985
-0.28,0.040000000000000036,0.22816512000000005
-0.24,0.040000000000000036,0.15442431999999998
-0.19999999999999996,0.040000000000000036,0.09741055999999992
-0.16000000000000003,0.040000000000000036,0.055249920000000015
-0.12,0.040000000000000036,0.02612991999999999
-0.07999999999999996,0.040000000000000036,0.00829951999999998
-0.040000000000000036,0.040000000000000036,6.91200000000002e-05
0.0,0.040000000000000036,-0.00018944000000000052
0.040000000000000036,0.040000000000000036,0.00595712000000001
0.08000000000000007,0.040000000000000036,0.01700352000000003
0.1200000000000001,0.040000000000000036,0.03150592000000005
0.15999999999999992,0.040000000000000036,0.04808191999999997
0.19999999999999996,0.040000000000000036,0.06541055999999999
0.24,0.040000000000000036,0.08223232000000003
0.28,0.040000000000000036,0.09734912000000003
0.32000000000000006,0.040000000000000036,0.10962432000000005
0.3600000000000001,0.040000000000000036,0.11798272000000005
0.40000000000000013,0.040000000000000036,0.12141056000000001
0.43999999999999995,0.040000000000000036,0.11895552000000006
0.48,0.040000000000000036,0.10972672000000004
0.52,0.040000000000000036,0.09289472000000006
0.56,0.040000000000000036,0.06769151999999998
0.6000000000000001,0.040000000000000036,0.033410559999999874
0.6400000000000001,0.040000000000000036,-0.010593280000000004
0.6799999999999999,0.040000000000000036,-0.06490367999999998
0.72,0.040000000000000036,-0.13004288000000003
0.76,0.040000000000000036,-0.20647168000000007
0.8,0.040000000000000036,-0.29458944
0.8400000000000001,0.040000000000000036,-0.39473408
0.8800000000000001,0.040000000000000036,-0.5071820800000004
0.9199999999999999,0.040000000000000036,-0.6321484799999999
0.96,0.040000000000000036,-0.7697868799999997
1.0,0.040000000000000036,-0.9201894400000001
1.04,0.040000000000000036,-1.08338688
1.08,0.040000000000000036,-1.2593484800000005
1.12,0.040000000000000036,-1.4479820800000003
1.1600000000000001,0.040000000000000036,-1.6491340800000005
1.2000000000000002,0.040000000000000036,-1.8625894400000016
1.2400000000000002,0.040000000000000036,-2.0880716800000014
1.2800000000000002,0.040000000000000036,-2.325242880000001
1.3199999999999998,0.040000000000000036,-2.5737036799999995
1.3599999999999999,0.040000000000000036,-2.8329932800000006
1.4,0.040000000000000036,-3.1025894399999987
1.44,0.040000000000000036,-3.3819084799999994
1.48,0.040000000000000036,-3.670305279999999
1.52,0.040000000000000036,-3.967073280000001
1.56,0.040000000000000036,-4.271444479999998
1.6,0.040000000000000036,-4.582589440000001
1.6400000000000001,0.040000000000000036,-4.899617279999999
1.6800000000000002,0.040000000000000036,-5.221575679999999
1.7200000000000002,0.040000000000000036,-5.5474508799999995
1.7600000000000002,0.040000000000000036,-5.876167680000002
1.8000000000000003,0.040000000000000036,-6.206589440000002
1.8399999999999999,0.040000000000000036,-6.53751808
1.88,0.040000000000000036,-6.867694079999999
1.92,0.040000000000000036,-7.195796479999998
1.96,0.040000000000000036,-7.520442879999999
2.0,0.040000000000000036,-7.84018944
2.04,0.040000000000000036,-8.153530880000005
2.08,0.040000000000000036,-8.458900479999999
2.12,0.040000000000000036,-8.754670079999995
2.16,0.040000000000000036,-9.039150079999999
2.2,0.040000000000000036,-9.310589440000005
2.24,0.040000000000000036,-9.567175680000002
2.2800000000000002,0.040000000000000036,-9.807034879999998
2.3200000000000003,0.040000000000000036,-10.02823168
2.36,0.040000000000000036,-10.228769280000002
2.4,0.040000000000000036,-10.406589439999994
2.44,0.040000000000000036,-10.559572480000003
2.48,0.040000000000000036,-10.68553728
2.52,0.040000000000000036,-10.78224128
2.56,0.040000000000000036,-10.847380480000009
2.6,0.040000000000000036,-10.878589439999992
2.64,0.040000000000000036,-10.873441279999998
2.68,0.040000000000000036,-10.82944768
2.72,0.040000000000000036,-10.744058879999988
2.7600000000000002,0.040000000000000036,-10.614663680000007
2.8000000000000003,0.040000000000000036,-10.438589439999994
2.84,0.040000000000000036,-10.213102079999988
2.88,0.040000000000000036,-9.935406080000003
2.92,0.040000000000000036,-9.602644479999997
2.96,0.040000000000000036,-9.211898879999998
3.0,0.040000000000000036,-8.76018944
-1.0,0.08000000000000007,6.83850496
-0.96,0.08000000000000007,6.076395519999999
-0.92,0.08000000000000007,5.37524992
-0.88,0.08000000000000007,4.732088319999999
-0.84,0.08000000000000007,4.143992319999999
-0.8,0.08000000000000007,3.6081049600000004
-0.76,0.08000000000000007,3.1216307199999997
-0.72,0.08000000000000007,2.6818355199999995
-0.6799999999999999,0.08000000000000007,2.2860467199999994
-0.64,0.08000000000000007,1.9316531200000002
-0.6,0.08000000000000007,1.61610496
-0.56,0.08000000000000007,1.3369139200000002
-0.52,0.08000000000000007,1.0916531200000001
-0.48,0.08000000000000007,0.8779571199999998
-0.43999999999999995,0.08000000000000007,0.6935219199999998
-0.4,0.08000000000000007,0.5361049600000001
-0.36,0.08000000000000007,0.4035251199999999
-0.31999999999999995,0.08000000000000007,0.2936627199999998
-0.28,0.08000000000000007,0.20445952
-0.24,0.08000000000000007,0.13391871999999994
-0.19999999999999996,0.08000000000000007,0.08010495999999992
-0.16000000000000003,0.08000000000000007,0.04114432
-0.12,0.08000000000000007,0.015224319999999979
-0.07999999999999996,0.08000000000000007,0.0005939199999999735
-0.040000000000000036,0.08000000000000007,-0.004436480000000009
0.0,0.08000000000000007,-0.0014950400000000041
0.040000000000000036,0.08000000000000007,0.007851520000000013
0.08000000000000007,0.08000000000000007,0.022097920000000035
0.1200000000000001,0.08000000000000007,0.03980032000000006
0.15999999999999992,0.08000000000000007,0.05957631999999998
0.19999999999999996,0.08000000000000007,0.08010496
0.24,0.08000000000000007,0.10012672000000003
0.28,0.08000000000000007,0.11844352000000002
0.32000000000000006,0.08000000000000007,0.13391872000000007
0.3600000000000001,0.08000000000000007,0.14547712000000007
0.40000000000000013,0.08000000000000007,0.15210496000000007
0.43999999999999995,0.08000000000000007,0.15284992000000014
0.48,0.08000000000000007,0.1468211200000001
0.52,0.08000000000000007,0.13318912000000013
0.56,0.08000000000000007,0.11118592000000001
0.6000000000000001,0.08000000000000007,0.0801049599999999
0.6400000000000001,0.08000000000000007,0.03930112000000004
0.6799999999999999,0.08000000000000007,-0.01180927999999995
0.72,0.08000000000000007,-0.07374847999999977
0.76,0.08000000000000007,-0.14697728000000004
0.8,0.08000000000000007,-0.23189504000000016
0.8400000000000001,0.08000000000000007,-0.3288396799999999
0.8800000000000001,0.08000000000000007,-0.43808768000000053
0.9199999999999999,0.08000000000000007,-0.5598540800000001
0.96,0.08000000000000007,-0.6942924799999994
1.0,0.08000000000000007,-0.8414950400000003
1.04,0.08000000000000007,-1.0014924799999998
1.08,0.08000000000000007,-1.1742540800000003
1.12,0.08000000000000007,-1.3596876800000004
1.1600000000000001,0.08000000000000007,-1.5576396799999996
1.2000000000000002,0.08000000000000007,-1.7678950400000009
1.2400000000000002,0.08000000000000007,-1.9901772800000008
1.2800000000000002,0.08000000000000007,-2.2241484800000006
1.3199999999999998,0.08000000000000007,-2.4694092799999994
1.3599999999999999,0.08000000000000007,-2.725498879999999
1.4,0.08000000000000007,-2.991895039999998
1.44,0.08000000000000007,-3.2680140799999995
1.48,0.08000000000000007,-3.5532108799999995
1.52,0.08000000000000007,-3.846778880000001
1.56,0.08000000000000007,-4.14795008
1.6,0.08000000000000007,-4.4558950400000015
1.6400000000000001,0.08000000000000007,-4.769722879999999
1.6800000000000002,0.08000000000000007,-5.088481279999999
1.7200000000000002,0.08000000000000007,-5.41115648
1.7600000000000002,0.08000000000000007,-5.736673280000002
1.8000000000000003,0.08000000000000007,-6.063895040000002
1.8399999999999999,0.08000000000000007,-6.3916236799999995
1.88,0.08000000000000007,-6.718599679999999
1.92,0.08000000000000007,-7.043502079999998
1.96,0.08000000000000007,-7.36494848
2.0,0.08000000000000007,-7.6814950400000015
2.04,0.08000000000000007,-7.991636480000007
2.08,0.08000000000000007,-8.29380608
2.12,0.08000000000000007,-8.586375679999998
2.16,0.08000000000000007,-8.86765568
2.2,0.08000000000000007,-9.135895040000007
2.24,0.08000000000000007,-9.389281280000004
2.2800000000000002,0.08000000000000007,-9.625940479999999
2.3200000000000003,0.08000000000000007,-9.843937280000002
2.36,0.08000000000000007,-10.041274880000003
2.4,0.08000000000000007,-10.215895039999996
2.44,0.08000000000000007,-10.365678080000006
2.48,0.08000000000000007,-10.488442880000001
2.52,0.08000000000000007,-10.581946880000002
2.56,0.08000000000000007,-10.64388608000001
2.6,0.08000000000000007,-10.671895039999994
2.64,0.08000000000000007,-10.66354688
2.68,0.08000000000000007,-10.61635328
2.72,0.08000000000000007,-10.527764479999991
2.7600000000000002,0.08000000000000007,-10.395169280000008
2.8000000000000003,0.08000000000000007,-10.215895039999996
2.84,0.08000000000000007,-9.987207679999983
2.88,0.08000000000000007,-9.706311679999997
2.92,0.08000000000000007,-9.370350079999993
2.96,0.08000000000000007,-8.976404479999992
3.0,0.08000000000000007,-8.521495039999994
-1.0,0.1200000000000001,6.75502336
-0.96,0.1200000000000001,5.996113919999998
-0.92,0.1200000000000001,5.29816832
-0.88,0.1200000000000001,4.65820672
-0.84,0.1200000000000001,4.073310719999999
-0.8,0.1200000000000001,3.5406233600000006
-0.76,0.1200000000000001,3.0573491199999996
-0.72,0.1200000000000001,2.62075392
-0.6799999999999999,0.1200000000000001,2.2281651199999994
-0.64,0.1200000000000001,1.87697152
-0.6,0.1200000000000001,1.5646233599999997
-0.56,0.1200000000000001,1.2886323200000003
-0.52,0.1200000000000001,1.04657152
-0.48,0.1200000000000001,0.8360755199999997
-0.43999999999999995,0.1200000000000001,0.6548403199999997
-0.4,0.1200000000000001,0.5006233600000001
-0.36,0.1200000000000001,0.3712435199999999
-0.31999999999999995,0.1200000000000001,0.2645811199999998
-0.28,0.1200000000000001,0.17857791999999997
-0.24,0.1200000000000001,0.11123711999999994
-0.19999999999999996,0.1200000000000001,0.06062335999999989
-0.16000000000000003,0.1200000000000001,0.024862719999999984
-0.12,0.1200000000000001,0.0021427199999999626
-0.07999999999999996,0.1200000000000001,-0.009287680000000038
-0.040000000000000036,0.1200000000000001,-0.011118080000000023
0.0,0.1200000000000001,-0.004976640000000013
0.040000000000000036,0.1200000000000001,0.007569920000000009
0.08000000000000007,0.1200000000000001,0.025016320000000036
0.1200000000000001,0.1200000000000001,0.045918720000000066
0.15999999999999992,0.1200000000000001,0.06889471999999998
0.19999999999999996,0.1200000000000001,0.09262335999999999
0.24,0.1200000000000001,0.11584512000000004
0.28,0.1200000000000001,0.13736192000000005
0.32000000000000006,0.1200000000000001,0.15603712000000008
0.3600000000000001,0.1200000000000001,0.1707955200000001
0.40000000000000013,0.1200000000000001,0.18062336000000007
0.43999999999999995,0.1200000000000001,0.18456832000000012
0.48,0.1200000000000001,0.1817395200000001
0.52,0.1200000000000001,0.17130752000000016
0.56,0.1200000000000001,0.15250432000000008
0.6000000000000001,0.1200000000000001,0.12462335999999999
0.6400000000000001,0.1200000000000001,0.0870195200000001
0.6799999999999999,0.1200000000000001,0.03910912000000011
0.72,0.1200000000000001,-0.01963007999999991
0.76,0.1200000000000001,-0.08965888000000016
0.8,0.1200000000000001,-0.17137664000000008
0.8400000000000001,0.1200000000000001,-0.26512128
0.8800000000000001,0.1200000000000001,-0.3711692800000002
0.9199999999999999,0.1200000000000001,-0.4897356799999998
0.96,0.1200000000000001,-0.6209740799999992
1.0,0.1200000000000001,-0.7649766399999995
1.04,0.1200000000000001,-0.9217740799999994
1.08,0.1200000000000001,-1.0913356799999994
1.12,0.1200000000000001,-1.2735692800000002
1.1600000000000001,0.1200000000000001,-1.4683212800000003
1.2000000000000002,0.1200000000000001,-1.6753766400000014
1.2400000000000002,0.1200000000000001,-1.8944588800000004
1.2800000000000002,0.1200000000000001,-2.125230080000001
1.3199999999999998,0.1200000000000001,-2.367290879999999
1.3599999999999999,0.1200000000000001,-2.6201804799999993
1.4,0.1200000000000001,-2.8833766399999985
1.44,0.1200000000000001,-3.1562956799999995
1.48,0.1200000000000001,-3.438292479999998
1.52,0.1200000000000001,-3.72866048
1.56,0.1200000000000001,-4.026631679999999
1.6,0.1200000000000001,-4.331376640000002
1.6400000000000001,0.1200000000000001,-4.64200448
1.6800000000000002,0.1200000000000001,-4.9575628799999985
1.7200000000000002,0.1200000000000001,-5.27703808
1.7600000000000002,0.1200000000000001,-5.599354880000003
1.8000000000000003,0.1200000000000001,-5.9233766400000025
1.8399999999999999,0.1200000000000001,-6.24790528
1.88,0.1200000000000001,-6.57168128
1.92,0.1200000000000001,-6.893383679999998
1.96,0.1200000000000001,-7.21163008
2.0,0.1200000000000001,-7.524976639999998
2.04,0.1200000000000001,-7.831918080000004
2.08,0.1200000000000001,-8.130887679999997
2.12,0.1200000000000001,-8.420257279999994
2.16,0.1200000000000001,-8.698337279999999
2.2,0.1200000000000001,-8.963376640000003
2.24,0.1200000000000001,-9.21356288
2.2800000000000002,0.1200000000000001,-9.447022079999996
2.3200000000000003,0.1200000000000001,-9.661818879999998
2.36,0.1200000000000001,-9.855956480000001
2.4,0.1200000000000001,-10.027376639999996
2.44,0.1200000000000001,-10.173959680000005
2.48,0.1200000000000001,-10.293524480000002
2.52,0.1200000000000001,-10.383828480000002
2.56,0.1200000000000001,-10.442567680000012
2.6,0.1200000000000001,-10.467376639999994
2.64,0.1200000000000001,-10.45582848
2.68,0.1200000000000001,-10.405434880000001
2.72,0.1200000000000001,-10.313646079999991
2.7600000000000002,0.1200000000000001,-10.17785088000001
2.8000000000000003,0.1200000000000001,-9.995376639999996
2.84,0.1200000000000001,-9.763489279999982
2.88,0.1200000000000001,-9.479393279999998
2.92,0.1200000000000001,-9.140231679999992
2.96,0.1200000000000001,-8.743086079999994
3.0,0.1200000000000001,-8.284976639999995
-1.0,0.15999999999999992,6.6683673599999995
-0.96,0.15999999999999992,5.912657919999999
-0.92,0.15999999999999992,5.217912320000001
-0.88,0.15999999999999992,4.58115072
-0.84,0.15999999999999992,3.99945472
-0.8,0.15999999999999992,3.4699673600000014
-0.76,0.15999999999999992,2.9898931200000005
-0.72,0.15999999999999992,2.5564979199999995
-0.6799999999999999,0.15999999999999992,2.1671091199999992
-0.64,0.15999999999999992,1.8191155200000002
-0.6,0.15999999999999992,1.5099673599999999
-0.56,0.15999999999999992,1.2371763200000006
-0.52,0.15999999999999992,0.9983155200000002
-0.48,0.15999999999999992,0.79101952
-0.43999999999999995,0.15999999999999992,0.6129843199999999
-0.4,0.15999999999999992,0.4619673600000002
-0.36,0.15999999999999992,0.33578752
-0.31999999999999995,0.15999999999999992,0.23232511999999994
-0.28,0.15999999999999992,0.1495219200000001
-0.24,0.15999999999999992,0.08538112000000005
-0.19999999999999996,0.15999999999999992,0.03796735999999999
-0.16000000000000003,0.15999999999999992,0.005406720000000066
-0.12,0.15999999999999992,-0.014113279999999968
-0.07999999999999996,0.15999999999999992,-0.02234367999999997
-0.040000000000000036,0.15999999999999992,-0.020974079999999982
0.0,0.15999999999999992,-0.011632639999999982
0.040000000000000036,0.15999999999999992,0.004113920000000028
0.08000000000000007,0.15999999999999992,0.024760320000000047
0.1200000000000001,0.15999999999999992,0.04886272000000007
0.15999999999999992,0.15999999999999992,0.07503871999999993
0.19999999999999996,0.15999999999999992,0.10196735999999995
0.24,0.15999999999999992,0.12838911999999997
0.28,0.15999999999999992,0.15310591999999998
0.32000000000000006,0.15999999999999992,0.17498112
0.3600000000000001,0.15999999999999992,0.19293952
0.40000000000000013,0.15999999999999992,0.20596735999999996
0.43999999999999995,0.15999999999999992,0.21311232000000002
0.48,0.15999999999999992,0.21348352
0.52,0.15999999999999992,0.20625151999999994
0.56,0.15999999999999992,0.19064831999999987
0.6000000000000001,0.15999999999999992,0.16596735999999976
0.6400000000000001,0.15999999999999992,0.13156351999999988
0.6799999999999999,0.15999999999999992,0.08685311999999987
0.72,0.15999999999999992,0.03131391999999983
0.76,0.15999999999999992,-0.03551488000000044
0.8,0.15999999999999992,-0.11403264000000035
0.8400000000000001,0.15999999999999992,-0.20457728000000036
0.8800000000000001,0.15999999999999992,-0.3074252800000005
0.9199999999999999,0.15999999999999992,-0.4227916799999997
0.96,0.15999999999999992,-0.5508300799999994
1.0,0.15999999999999992,-0.6916326399999999
1.04,0.15999999999999992,-0.8452300799999999
1.08,0.15999999999999992,-1.0115916800000002
1.12,0.15999999999999992,-1.190625280000001
1.1600000000000001,0.15999999999999992,-1.38217728
1.2000000000000002,0.15999999999999992,-1.5860326400000013
1.2400000000000002,0.15999999999999992,-1.8019148800000013
1.2800000000000002,0.15999999999999992,-2.029486080000001
1.3199999999999998,0.15999999999999992,-2.26834688
1.3599999999999999,0.15999999999999992,-2.5180364799999997
1.4,0.15999999999999992,-2.7780326399999984
1.44,0.15999999999999992,-3.04775168
1.48,0.15999999999999992,-3.32654848
1.52,0.15999999999999992,-3.6137164800000017
1.56,0.15999999999999992,-3.908487680000001
1.6,0.15999999999999992,-4.210032640000002
1.6400000000000001,0.15999999999999992,-4.51746048
1.6800000000000002,0.15999999999999992,-4.82981888
1.7200000000000002,0.15999999999999992,-5.14609408
1.7600000000000002,0.15999999999999992,-5.4652108800000025
1.8000000000000003,0.15999999999999992,-5.786032640000003
1.8399999999999999,0.15999999999999992,-6.10736128
1.88,0.15999999999999992,-6.42793728
1.92,0.15999999999999992,-6.746439679999998
1.96,0.15999999999999992,-7.061486080000001
2.0,0.15999999999999992,-7.371632640000002
2.04,0.15999999999999992,-7.675374080000007
2.08,0.15999999999999992,-7.971143680000001
2.12,0.15999999999999992,-8.257313279999998
2.16,0.15999999999999992,-8.532193280000001
2.2,0.15999999999999992,-8.794032640000008
2.24,0.15999999999999992,-9.041018880000005
2.2800000000000002,0.15999999999999992,-9.27127808
2.3200000000000003,0.15999999999999992,-9.482874880000002
2.36,0.15999999999999992,-9.673812480000004
2.4,0.15999999999999992,-9.842032639999994
2.44,0.15999999999999992,-9.985415680000003
2.48,0.15999999999999992,-10.101780479999999
2.52,0.15999999999999992,-10.188884479999999
2.56,0.15999999999999992,-10.244423680000008
2.6,0.15999999999999992,-10.266032639999992
2.64,0.15999999999999992,-10.251284479999997
2.68,0.15999999999999992,-10.197690879999998
2.72,0.15999999999999992,-10.102702079999988
2.7600000000000002,0.15999999999999992,-9.963706880000005
2.8000000000000003,0.15999999999999992,-9.778032639999994
2.84,0.15999999999999992,-9.542945279999994
2.88,0.15999999999999992,-9.255649280000009
2.92,0.15999999999999992,-8.913287680000003
2.96,0.15999999999999992,-8.512942080000006
3.0,0.15999999999999992,-8.051632640000006
-1.0,0.19999999999999996,6.5776
-0.96,0.19999999999999996,5.82509056
-0.92,0.19999999999999996,5.13354496
-0.88,0.19999999999999996,4.49998336
-0.84,0.19999999999999996,3.921487359999999
-0.8,0.19999999999999996,3.395200000000001
-0.76,0.19999999999999996,2.9183257600000005
-0.72,0.19999999999999996,2.4881305599999997
-0.6799999999999999,0.19999999999999996,2.1019417599999994
-0.64,0.19999999999999996,1.75714816
-0.6,0.19999999999999996,1.4511999999999998
-0.56,0.19999999999999996,1.1816089600000004
-0.52,0.19999999999999996,0.9459481600000001
-0.48,0.19999999999999996,0.74185216
-0.43999999999999995,0.19999999999999996,0.5670169599999999
-0.4,0.19999999999999996,0.4192000000000002
-0.36,0.19999999999999996,0.29622016
-0.31999999999999995,0.19999999999999996,0.19595775999999993
-0.28,0.19999999999999996,0.11635456000000008
-0.24,0.19999999999999996,0.055413760000000034
-0.19999999999999996,0.19999999999999996,0.011199999999999988
-0.16000000000000003,0.19999999999999996,-0.018160639999999957
-0.12,0.19999999999999996,-0.03448063999999998
-0.07999999999999996,0.19999999999999996,-0.03951103999999998
-0.040000000000000036,0.19999999999999996,-0.03494143999999999
0.0,0.19999999999999996,-0.02239999999999999
0.040000000000000036,0.19999999999999996,-0.0034534399999999743
0.08000000000000007,0.19999999999999996,0.02039296000000005
0.1200000000000001,0.19999999999999996,0.047695360000000075
0.15999999999999992,0.19999999999999996,0.07707135999999995
0.19999999999999996,0.19999999999999996,0.10719999999999995
0.24,0.19999999999999996,0.13682176
0.28,0.19999999999999996,0.16473856
0.32000000000000006,0.19999999999999996,0.18981376000000003
0.3600000000000001,0.19999999999999996,0.21097216000000005
0.40000000000000013,0.19999999999999996,0.2272
0.43999999999999995,0.19999999999999996,0.23754496000000003
0.48,0.19999999999999996,0.24111616000000002
0.52,0.19999999999999996,0.23708416
0.56,0.19999999999999996,0.22468095999999993
0.6000000000000001,0.19999999999999996,0.20319999999999983
0.6400000000000001,0.19999999999999996,0.17199615999999984
0.6799999999999999,0.19999999999999996,0.1304857599999999
0.72,0.19999999999999996,0.07814655999999987
0.76,0.19999999999999996,0.014517759999999824
0.8,0.19999999999999996,-0.0608000000000003
0.8400000000000001,0.19999999999999996,-0.14814464000000005
0.8800000000000001,0.19999999999999996,-0.24779264000000045
0.9199999999999999,0.19999999999999996,-0.3599590400000001
0.96,0.19999999999999996,-0.48479743999999947
1.0,0.19999999999999996,-0.6224000000000003
1.04,0.19999999999999996,-0.7727974399999997
1.08,0.19999999999999996,-0.9359590400000002
1.12,0.19999999999999996,-1.1117926400000009
1.1600000000000001,0.19999999999999996,-1.30014464
1.2000000000000002,0.19999999999999996,-1.5008000000000012
1.2400000000000002,0.19999999999999996,-1.713482240000002
1.2800000000000002,0.19999999999999996,-1.937853440000001
1.3199999999999998,0.19999999999999996,-2.1735142400000003
1.3599999999999999,0.19999999999999996,-2.4200038400000006
1.4,0.19999999999999996,-2.6767999999999983
1.44,0.19999999999999996,-2.9433190400000004
1.48,0.19999999999999996,-3.2189158399999993
1.52,0.19999999999999996,-3.502883840000001
1.56,0.19999999999999996,-3.79445504
1.6,0.19999999999999996,-4.092800000000001
1.6400000000000001,0.19999999999999996,-4.397027839999999
1.6800000000000002,0.19999999999999996,-4.706186239999999
1.7200000000000002,0.19999999999999996,-5.019261439999999
1.7600000000000002,0.19999999999999996,-5.335178240000002
1.8000000000000003,0.19999999999999996,-5.652800000000002
1.8399999999999999,0.19999999999999996,-5.9709286399999995
1.88,0.19999999999999996,-6.288304639999999
1.92,0.19999999999999996,-6.603607039999997
1.96,0.19999999999999996,-6.915453439999999
2.0,0.19999999999999996,-7.222400000000001
2.04,0.19999999999999996,-7.5229414400000065
2.08,0.19999999999999996,-7.81551104
2.12,0.19999999999999996,-8.098480639999998
2.16,0.19999999999999996,-8.370160640000002
2.2,0.19999999999999996,-8.628800000000005
2.24,0.19999999999999996,-8.872586240000004
2.2800000000000002,0.19999999999999996,-9.09964544
2.3200000000000003,0.19999999999999996,-9.308042240000002
2.36,0.19999999999999996,-9.495779840000004
2.4,0.19999999999999996,-9.660799999999993
2.44,0.19999999999999996,-9.800983040000002
2.48,0.19999999999999996,-9.914147839999998
2.52,0.19999999999999996,-9.998051839999999
2.56,0.19999999999999996,-10.050391040000008
2.6,0.19999999999999996,-10.06879999999999
2.64,0.19999999999999996,-10.050851839999996
2.68,0.19999999999999996,-9.994058239999998
2.72,0.19999999999999996,-9.895869439999988
2.7600000000000002,0.19999999999999996,-9.753674240000006
2.8000000000000003,0.19999999999999996,-9.564799999999993
2.84,0.19999999999999996,-9.326512639999994
2.88,0.19999999999999996,-9.036016640000009
2.92,0.19999999999999996,-8.690455040000003
2.96,0.19999999999999996,-8.286909440000004
3.0,0.19999999999999996,-7.822400000000005
-1.0,0.24,6.481845760000001
-0.96,0.24,5.73253632
-0.92,0.24,5.0441907200000005
-0.88,0.24,4.41382912
-0.84,0.24,3.8385331199999992
-0.8,0.24,3.3154457600000007
-0.76,0.24,2.84177152
-0.72,0.24,2.4147763199999996
-0.6799999999999999,0.24,2.0317875199999995
-0.64,0.24,1.6901939200000005
-0.6,0.24,1.3874457599999999
-0.56,0.24,1.12105472
-0.52,0.24,0.8885939200000001
-0.48,0.24,0.68769792
-0.43999999999999995,0.24,0.5160627199999999
-0.4,0.24,0.3714457600000001
-0.36,0.24,0.25166592
-0.31999999999999995,0.24,0.15460351999999988
-0.28,0.24,0.07820032000000005
-0.24,0.24,0.02045951999999998
-0.19999999999999996,0.24,-0.02055424000000003
-0.16000000000000003,0.24,-0.04671487999999997
-0.12,0.24,-0.05983487999999999
-0.07999999999999996,0.24,-0.061665279999999996
-0.040000000000000036,0.24,-0.05389568
0.0,0.24,-0.03815423999999999
0.040000000000000036,0.24,-0.016007679999999976
0.08000000000000007,0.24,0.011038720000000054
0.1200000000000001,0.24,0.041541120000000084
0.15999999999999992,0.24,0.07411711999999994
0.19999999999999996,0.24,0.10744575999999996
0.24,0.24,0.14026752
0.28,0.24,0.17138432000000003
0.32000000000000006,0.24,0.19965952000000003
0.3600000000000001,0.24,0.22401792000000006
0.40000000000000013,0.24,0.24344576000000007
0.43999999999999995,0.24,0.25699072
0.48,0.24,0.26376192000000004
0.52,0.24,0.2629299200000001
0.56,0.24,0.25372671999999996
0.6000000000000001,0.24,0.23544575999999995
0.6400000000000001,0.24,0.20744191999999995
0.6799999999999999,0.24,0.16913152000000004
0.72,0.24,0.11999231999999999
0.76,0.24,0.05956351999999998
0.8,0.24,-0.01255424000000016
0.8400000000000001,0.24,-0.09669887999999993
0.8800000000000001,0.24,-0.19314688000000052
0.9199999999999999,0.24,-0.3021132800000002
0.96,0.24,-0.42375167999999996
1.0,0.24,-0.5581542400000004
1.04,0.24,-0.7053516799999998
1.08,0.24,-0.8653132800000003
1.12,0.24,-1.0379468800000005
1.1600000000000001,0.24,-1.2230988799999998
1.2000000000000002,0.24,-1.4205542400000009
1.2400000000000002,0.24,-1.6300364800000016
1.2800000000000002,0.24,-1.8512076800000006
1.3199999999999998,0.24,-2.0836684799999996
1.3599999999999999,0.24,-2.32695808
1.4,0.24,-2.580554239999998
1.44,0.24,-2.84387328
1.48,0.24,-3.1162700800000005
1.52,0.24,-3.397038080000002
1.56,0.24,-3.685409279999999
1.6,0.24,-3.9805542400000027
1.6400000000000001,0.24,-4.28158208
1.6800000000000002,0.24,-4.58754048
1.7200000000000002,0.24,-4.89741568
1.7600000000000002,0.24,-5.210132480000003
1.8000000000000003,0.24,-5.524554240000003
1.8399999999999999,0.24,-5.839482880000001
1.88,0.24,-6.15365888
1.92,0.24,-6.465761279999999
1.96,0.24,-6.77440768
2.0,0.24,-7.078154239999997
2.04,0.24,-7.375495680000003
2.08,0.24,-7.6648652799999955
2.12,0.24,-7.9446348799999935
2.16,0.24,-8.213114879999997
2.2,0.24,-8.468554240000003
2.24,0.24,-8.709140479999999
2.2800000000000002,0.24,-8.932999679999995
2.3200000000000003,0.24,-9.138196479999998
2.36,0.24,-9.32273408
2.4,0.24,-9.484554239999992
2.44,0.24,-9.62153728
2.48,0.24,-9.731502079999997
2.52,0.24,-9.812206079999997
2.56,0.24,-9.861345280000007
2.6,0.24,-9.87655423999999
2.64,0.24,-9.855406079999995
2.68,0.24,-9.795412479999996
2.72,0.24,-9.694023679999987
2.7600000000000002,0.24,-9.548628480000005
2.8000000000000003,0.24,-9.356554239999992
2.84,0.24,-9.115066879999986
2.88,0.24,-8.82137088
2.92,0.24,-8.472609279999995
2.96,0.24,-8.065863679999996
3.0,0.24,-7.598154239999998
-1.0,0.28,6.380290559999999
-0.96,0.28,5.634181119999998
-0.92,0.28,4.949035520000001
-0.88,0.28,4.32187392
-0.84,0.28,3.749777919999999
-0.8,0.28,3.2298905600000007
-0.76,0.28,2.7594163199999997
-0.72,0.28,2.33562112
-0.6799999999999999,0.28,1.9558323199999996
-0.64,0.28,1.61743872
-0.6,0.28,1.3178905599999997
-0.56,0.28,1.0546995200000002
-0.52,0.28,0.8254387200000001
-0.48,0.28,0.6277427199999999
-0.43999999999999995,0.28,0.45930751999999986
-0.4,0.28,0.3178905600000001
-0.36,0.28,0.20131071999999994
-0.31999999999999995,0.28,0.10744831999999985
-0.28,0.28,0.03424511999999999
-0.24,0.28,-0.020295680000000052
-0.19999999999999996,0.28,-0.058109440000000075
-0.16000000000000003,0.28,-0.08107008000000002
-0.12,0.28,-0.09099008000000003
-0.07999999999999996,0.28,-0.08962048000000003
-0.040000000000000036,0.28,-0.07865088000000003
0.0,0.28,-0.05970944000000002
0.040000000000000036,0.28,-0.03436288
0.08000000000000007,0.28,-0.004116479999999971
0.1200000000000001,0.28,0.02958592000000007
0.15999999999999992,0.28,0.0653619199999999
0.19999999999999996,0.28,0.10189055999999994
0.24,0.28,0.13791232
0.28,0.28,0.17222912
0.32000000000000006,0.28,0.20370432000000005
0.3600000000000001,0.28,0.2312627200000001
0.40000000000000013,0.28,0.25389056000000004
0.43999999999999995,0.28,0.27063552
0.48,0.28,0.2806067200000001
0.52,0.28,0.28297472
0.56,0.28,0.27697151999999997
0.6000000000000001,0.28,0.2618905599999999
0.6400000000000001,0.28,0.23708671999999992
0.6799999999999999,0.28,0.2019763200000002
0.72,0.28,0.15603712000000014
0.76,0.28,0.0988083199999999
0.8,0.28,0.02989055999999979
0.8400000000000001,0.28,-0.051054079999999946
0.8800000000000001,0.28,-0.14430208000000033
0.9199999999999999,0.28,-0.25006848000000004
0.96,0.28,-0.36850687999999976
1.0,0.28,-0.49970944000000017
1.04,0.28,-0.6437068800000001
1.08,0.28,-0.8004684800000005
1.12,0.28,-0.9699020800000012
1.1600000000000001,0.28,-1.1518540800000003
1.2000000000000002,0.28,-1.3461094400000015
1.2400000000000002,0.28,-1.5523916800000013
1.2800000000000002,0.28,-1.7703628800000013
1.3199999999999998,0.28,-1.9996236800000005
1.3599999999999999,0.28,-2.2397132799999997
1.4,0.28,-2.4901094399999986
1.44,0.28,-2.7502284799999996
1.48,0.28,-3.0194252799999983
1.52,0.28,-3.29699328
1.56,0.28,-3.582164479999999
1.6,0.28,-3.8741094400000025
1.6400000000000001,0.28,-4.17193728
1.6800000000000002,0.28,-4.474695679999998
1.7200000000000002,0.28,-4.78137088
1.7600000000000002,0.28,-5.090887680000003
1.8000000000000003,0.28,-5.402109440000003
1.8399999999999999,0.28,-5.71383808
1.88,0.28,-6.0248140800000005
1.92,0.28,-6.333716479999998
1.96,0.28,-6.639162880000001
2.0,0.28,-6.939709439999999
2.04,0.28,-7.233850880000004
2.08,0.28,-7.520020479999998
2.12,0.28,-7.796590079999994
2.16,0.28,-8.061870079999998
2.2,0.28,-8.314109440000003
2.24,0.28,-8.55149568
2.2800000000000002,0.28,-8.772154879999997
2.3200000000000003,0.28,-8.974151679999999
2.36,0.28,-9.155489280000001
2.4,0.28,-9.314109439999998
2.44,0.28,-9.447892480000005
2.48,0.28,-9.554657280000002
2.52,0.28,-9.632161280000002
2.56,0.28,-9.678100480000012
2.6,0.28,-9.690109439999995
2.64,0.28,-9.66576128
2.68,0.28,-9.602567680000002
2.72,0.28,-9.497978879999991
2.7600000000000002,0.28,-9.34938368000001
2.8000000000000003,0.28,-9.154109439999997
2.84,0.28,-8.909422079999983
2.88,0.28,-8.612526079999999
2.92,0.28,-8.260564479999992
2.96,0.28,-7.850618879999994
3.0,0.28,-7.379709439999996
-1.0,0.32000000000000006,6.2721817600000005
-0.96,0.32000000000000006,5.5292723200000005
-0.92,0.32000000000000006,4.847326720000001
-0.88,0.32000000000000006,4.2233651199999995
-0.84,0.32000000000000006,3.654469119999999
-0.8,0.32000000000000006,3.1377817600000006
-0.76,0.32000000000000006,2.6705075199999997
-0.72,0.32000000000000006,2.24991232
-0.6799999999999999,0.32000000000000006,1.8733235199999996
-0.64,0.32000000000000006,1.5381299199999998
-0.6,0.32000000000000006,1.2417817599999996
-0.56,0.32000000000000006,0.9817907200000002
-0.52,0.32000000000000006,0.7557299199999999
-0.48,0.32000000000000006,0.5612339199999998
-0.43999999999999995,0.32000000000000006,0.39599871999999975
-0.4,0.32000000000000006,0.25778176
-0.36,0.32000000000000006,0.14440191999999985
-0.31999999999999995,0.32000000000000006,0.05373951999999979
-0.28,0.32000000000000006,-0.016263680000000058
-0.24,0.32000000000000006,-0.06760448000000008
-0.19999999999999996,0.32000000000000006,-0.10221824000000011
-0.16000000000000003,0.32000000000000006,-0.12197888000000007
-0.12,0.32000000000000006,-0.12869888000000007
-0.07999999999999996,0.32000000000000006,-0.12412928000000004
-0.040000000000000036,0.32000000000000006,-0.10995968000000006
0.0,0.32000000000000006,-0.08781824000000005
0.040000000000000036,0.32000000000000006,-0.05927168000000002
0.08000000000000007,0.32000000000000006,-0.025825279999999985
0.1200000000000001,0.32000000000000006,0.011077120000000051
0.15999999999999992,0.32000000000000006,0.05005311999999989
0.19999999999999996,0.32000000000000006,0.08978175999999993
0.24,0.32000000000000006,0.12900351999999995
0.28,0.32000000000000006,0.16652032
0.32000000000000006,0.32000000000000006,0.20119552000000007
0.3600000000000001,0.32000000000000006,0.2319539200000001
0.40000000000000013,0.32000000000000006,0.25778176
0.43999999999999995,0.32000000000000006,0.27772672
0.48,0.32000000000000006,0.29089792000000003
0.52,0.32000000000000006,0.29646592000000005
0.56,0.32000000000000006,0.29366272
0.6000000000000001,0.32000000000000006,0.2817817599999999
0.6400000000000001,0.32000000000000006,0.26017792000000006
0.6799999999999999,0.32000000000000006,0.22826752000000017
0.72,0.32000000000000006,0.1855283200000002
0.76,0.32000000000000006,0.13149951999999993
0.8,0.32000000000000006,0.0657817599999998
0.8400000000000001,0.32000000000000006,-0.011962879999999898
0.8800000000000001,0.32000000000000006,-0.10201088000000036
0.9199999999999999,0.32000000000000006,-0.20457727999999997
0.96,0.32000000000000006,-0.3198156799999998
1.0,0.32000000000000006,-0.44781824000000015
1.04,0.32000000000000006,-0.58861568
1.08,0.32000000000000006,-0.74217728
1.12,0.32000000000000006,-0.9084108800000003
1.1600000000000001,0.32000000000000006,-1.0871628800000002
1.2000000000000002,0.32000000000000006,-1.2782182400000006
1.2400000000000002,0.32000000000000006,-1.4813004800000014
1.2800000000000002,0.32000000000000006,-1.6960716800000002
1.3199999999999998,0.32000000000000006,-1.9221324799999993
1.3599999999999999,0.32000000000000006,-2.1590220799999997
1.4,0.32000000000000006,-2.4062182399999976
1.44,0.32000000000000006,-2.6631372799999995
1.48,0.32000000000000006,-2.9291340800000003
1.52,0.32000000000000006,-3.2035020800000016
1.56,0.32000000000000006,-3.485473279999999
1.6,0.32000000000000006,-3.7742182400000024
1.6400000000000001,0.32000000000000006,-4.06884608
1.6800000000000002,0.32000000000000006,-4.36840448
1.7200000000000002,0.32000000000000006,-4.67187968
1.7600000000000002,0.32000000000000006,-4.978196480000003
1.8000000000000003,0.32000000000000006,-5.286218240000003
1.8399999999999999,0.32000000000000006,-5.594746880000001
1.88,0.32000000000000006,-5.902522879999999
1.92,0.32000000000000006,-6.208225279999999
1.96,0.32000000000000006,-6.51047168
2.0,0.32000000000000006,-6.807818239999997
2.04,0.32000000000000006,-7.098759680000002
2.08,0.32000000000000006,-7.381729279999995
2.12,0.32000000000000006,-7.6550988799999935
2.16,0.32000000000000006,-7.917178879999996
2.2,0.32000000000000006,-8.166218240000003
2.24,0.32000000000000006,-8.400404479999999
2.2800000000000002,0.32000000000000006,-8.617863679999994
2.3200000000000003,0.32000000000000006,-8.816660479999998
2.36,0.32000000000000006,-8.994798079999999
2.4,0.32000000000000006,-9.150218239999992
2.44,0.32000000000000006,-9.28080128
2.48,0.32000000000000006,-9.384366079999996
2.52,0.32000000000000006,-9.458670079999997
2.56,0.32000000000000006,-9.501409280000006
2.6,0.32000000000000006,-9.51021823999999
2.64,0.32000000000000006,-9.482670079999995
2.68,0.32000000000000006,-9.416276479999995
2.72,0.32000000000000006,-9.308487679999986
2.7600000000000002,0.32000000000000006,-9.156692480000004
2.8000000000000003,0.32000000000000006,-8.958218239999992
2.84,0.32000000000000006,-8.710330879999992
2.88,0.32000000000000006,-8.410234880000008
2.92,0.32000000000000006,-8.055073280000002
2.96,0.32000000000000006,-7.641927680000003
3.0,0.32000000000000006,-7.167818240000004
-1.0,0.3600000000000001,6.15682816
-0.96,0.3600000000000001,5.417118719999998
-0.92,0.3600000000000001,4.73837312
-0.88,0.3600000000000001,4.11761152
-0.84,0.3600000000000001,3.5519155199999988
-0.8,0.3600000000000001,3.0384281600000005
-0.76,0.3600000000000001,2.57435392
-0.72,0.3600000000000001,2.1569587199999996
-0.6799999999999999,0.3600000000000001,1.7835699199999995
-0.64,0.3600000000000001,1.4515763199999998
-0.6,0.3600000000000001,1.1584281599999997
-0.56,0.3600000000000001,0.90163712
-0.52,0.3600000000000001,0.6787763199999999
-0.48,0.3600000000000001,0.4874803199999998
-0.43999999999999995,0.3600000000000001,0.32544511999999964
-0.4,0.3600000000000001,0.1904281599999999
-0.36,0.3600000000000001,0.08024831999999982
-0.31999999999999995,0.3600000000000001,-0.007214080000000261
-0.28,0.3600000000000001,-0.07401728000000013
-0.24,0.3600000000000001,-0.12215808000000015
-0.19999999999999996,0.3600000000000001,-0.15357184000000018
-0.16000000000000003,0.3600000000000001,-0.1701324800000001
-0.12,0.3600000000000001,-0.1736524800000001
-0.07999999999999996,0.3600000000000001,-0.1658828800000001
-0.040000000000000036,0.3600000000000001,-0.14851328000000014
0.0,0.3600000000000001,-0.1231718400000001
0.040000000000000036,0.3600000000000001,-0.09142528000000007
0.08000000000000007,0.3600000000000001,-0.054778880000000016
0.1200000000000001,0.3600000000000001,-0.014676479999999978
0.15999999999999992,0.3600000000000001,0.027499519999999833
0.19999999999999996,0.3600000000000001,0.0704281599999999
0.24,0.3600000000000001,0.11284991999999994
0.28,0.3600000000000001,0.15356672
0.32000000000000006,0.3600000000000001,0.19144192000000004
0.3600000000000001,0.3600000000000001,0.2254003200000001
0.40000000000000013,0.3600000000000001,0.25442816000000007
0.43999999999999995,0.3600000000000001,0.27757312
0.48,0.3600000000000001,0.29394432
0.52,0.3600000000000001,0.3027123200000001
0.56,0.3600000000000001,0.30310912000000007
0.6000000000000001,0.3600000000000001,0.29442815999999994
0.6400000000000001,0.3600000000000001,0.27602432
0.6799999999999999,0.3600000000000001,0.24731392000000013
0.72,0.3600000000000001,0.20777472000000008
0.76,0.3600000000000001,0.15694591999999985
0.8,0.3600000000000001,0.09442815999999998
0.8400000000000001,0.3600000000000001,0.019883520000000043
0.8800000000000001,0.3600000000000001,-0.06696448000000033
0.9199999999999999,0.3600000000000001,-0.16633088000000007
0.96,0.3600000000000001,-0.2783692799999994
1.0,0.3600000000000001,-0.4031718399999997
1.04,0.3600000000000001,-0.54076928
1.08,0.3600000000000001,-0.69113088
1.12,0.3600000000000001,-0.8541644800000007
1.1600000000000001,0.3600000000000001,-1.0297164800000007
1.2000000000000002,0.3600000000000001,-1.217571840000001
1.2400000000000002,0.3600000000000001,-1.417454080000002
1.2800000000000002,0.3600000000000001,-1.6290252800000007
1.3199999999999998,0.3600000000000001,-1.8518860799999999
1.3599999999999999,0.3600000000000001,-2.0855756800000003
1.4,0.3600000000000001,-2.329571839999998
1.44,0.3600000000000001,-2.58329088
1.48,0.3600000000000001,-2.846087679999999
1.52,0.3600000000000001,-3.1172556800000004
1.56,0.3600000000000001,-3.3960268799999973
1.6,0.3600000000000001,-3.681571840000001
1.6400000000000001,0.3600000000000001,-3.9729996799999983
1.6800000000000002,0.3600000000000001,-4.269358079999998
1.7200000000000002,0.3600000000000001,-4.569633279999999
1.7600000000000002,0.3600000000000001,-4.872750080000001
1.8000000000000003,0.3600000000000001,-5.1775718400000015
1.8399999999999999,0.3600000000000001,-5.48290048
1.88,0.3600000000000001,-5.787476479999999
1.92,0.3600000000000001,-6.089978879999997
1.96,0.3600000000000001,-6.3890252799999985
2.0,0.3600000000000001,-6.683171840000001
2.04,0.3600000000000001,-6.970913280000007
2.08,0.3600000000000001,-7.250682879999999
2.12,0.3600000000000001,-7.520852479999997
2.16,0.3600000000000001,-7.77973248
2.2,0.3600000000000001,-8.025571840000005
2.24,0.3600000000000001,-8.256558080000003
2.2800000000000002,0.3600000000000001,-8.470817279999999
2.3200000000000003,0.3600000000000001,-8.666414080000001
2.36,0.3600000000000001,-8.841351680000002
2.4,0.3600000000000001,-8.993571839999996
2.44,0.3600000000000001,-9.120954880000005
2.48,0.3600000000000001,-9.22131968
2.52,0.3600000000000001,-9.29242368
2.56,0.3600000000000001,-9.33196288000001
2.6,0.3600000000000001,-9.337571839999994
2.64,0.3600000000000001,-9.306823679999999
2.68,0.3600000000000001,-9.23723008
2.72,0.3600000000000001,-9.12624127999999
2.7600000000000002,0.3600000000000001,-8.971246080000007
2.8000000000000003,0.3600000000000001,-8.769571839999994
2.84,0.3600000000000001,-8.518484479999989
2.88,0.3600000000000001,-8.215188480000004
2.92,0.3600000000000001,-7.856826879999998
2.96,0.3600000000000001,-7.440481279999999
3.0,0.3600000000000001,-6.963171840000001
-1.0,0.40000000000000013,6.0336
-0.96,0.40000000000000013,5.297090559999999
-0.92,0.40000000000000013,4.62154496
-0.88,0.40000000000000013,4.003983359999999
-0.84,0.40000000000000013,3.4414873599999987
-0.8,0.40000000000000013,2.9312000000000005
-0.76,0.40000000000000013,2.47032576
-0.72,0.40000000000000013,2.0561305599999993
-0.6799999999999999,0.40000000000000013,1.685941759999999
-0.64,0.40000000000000013,1.3571481599999997
-0.6,0.40000000000000013,1.0671999999999995
-0.56,0.40000000000000013,0.81360896
-0.52,0.40000000000000013,0.5939481599999998
-0.48,0.40000000000000013,0.4058521599999996
-0.43999999999999995,0.40000000000000013,0.2470169599999995
-0.4,0.40000000000000013,0.1151999999999998
-0.36,0.40000000000000013,0.008220159999999699
-0.31999999999999995,0.40000000000000013,-0.0760422400000004
-0.28,0.40000000000000013,-0.13964544000000023
-0.24,0.40000000000000013,-0.18458624000000026
-0.19999999999999996,0.40000000000000013,-0.2128000000000003
-0.16000000000000003,0.40000000000000013,-0.22616064000000022
-0.12,0.40000000000000013,-0.22648064000000023
-0.07999999999999996,0.40000000000000013,-0.2155110400000002
-0.040000000000000036,0.40000000000000013,-0.19494144000000024
0.0,0.40000000000000013,-0.1664000000000002
0.040000000000000036,0.40000000000000013,-0.13145344000000014
0.08000000000000007,0.40000000000000013,-0.09160704000000008
0.1200000000000001,0.40000000000000013,-0.04830464000000004
0.15999999999999992,0.40000000000000013,-0.00292864000000026
0.19999999999999996,0.40000000000000013,0.04319999999999982
0.24,0.40000000000000013,0.08882175999999986
0.28,0.40000000000000013,0.1327385599999999
0.32000000000000006,0.40000000000000013,0.17381375999999993
0.3600000000000001,0.40000000000000013,0.21097216000000002
0.40000000000000013,0.40000000000000013,0.24320000000000003
0.43999999999999995,0.40000000000000013,0.26954495999999994
0.48,0.40000000000000013,0.28911615999999996
0.52,0.40000000000000013,0.30108415999999993
0.56,0.40000000000000013,0.3046809599999999
0.6000000000000001,0.40000000000000013,0.2991999999999999
0.6400000000000001,0.40000000000000013,0.28399616000000005
0.6799999999999999,0.40000000000000013,0.25848576
0.72,0.40000000000000013,0.22214656
0.76,0.40000000000000013,0.17451775999999997
0.8,0.40000000000000013,0.11519999999999986
0.8400000000000001,0.40000000000000013,0.04385536000000012
0.8800000000000001,0.40000000000000013,-0.03979264000000027
0.9199999999999999,0.40000000000000013,-0.13595903999999992
0.96,0.40000000000000013,-0.24479743999999926
1.0,0.40000000000000013,-0.36640000000000006
1.04,0.40000000000000013,-0.5007974399999995
1.08,0.40000000000000013,-0.6479590399999999
1.12,0.40000000000000013,-0.8077926400000006
1.1600000000000001,0.40000000000000013,-0.9801446400000007
1.2000000000000002,0.40000000000000013,-1.1648000000000018
1.2400000000000002,0.40000000000000013,-1.3614822400000008
1.2800000000000002,0.40000000000000013,-1.5698534400000015
1.3199999999999998,0.40000000000000013,-1.7895142399999997
1.3599999999999999,0.40000000000000013,-2.02000384
1.4,0.40000000000000013,-2.260799999999999
1.44,0.40000000000000013,-2.51131904
1.48,0.40000000000000013,-2.770915839999999
1.52,0.40000000000000013,-3.0388838400000004
1.56,0.40000000000000013,-3.3144550399999995
1.6,0.40000000000000013,-3.5968000000000027
1.6400000000000001,0.40000000000000013,-3.8850278400000002
1.6800000000000002,0.40000000000000013,-4.178186239999999
1.7200000000000002,0.40000000000000013,-4.475261439999999
1.7600000000000002,0.40000000000000013,-4.775178240000002
1.8000000000000003,0.40000000000000013,-5.076800000000001
1.8399999999999999,0.40000000000000013,-5.378928639999999
1.88,0.40000000000000013,-5.680304639999998
1.92,0.40000000000000013,-5.979607039999997
1.96,0.40000000000000013,-6.275453439999999
2.0,0.40000000000000013,-6.566399999999999
2.04,0.40000000000000013,-6.850941440000004
2.08,0.40000000000000013,-7.127511039999997
2.12,0.40000000000000013,-7.394480639999995
2.16,0.40000000000000013,-7.650160639999998
2.2,0.40000000000000013,-7.892800000000004
2.24,0.40000000000000013,-8.120586240000002
2.2800000000000002,0.40000000000000013,-8.331645439999996
2.3200000000000003,0.40000000000000013,-8.52404224
2.36,0.40000000000000013,-8.695779840000002
2.4,0.40000000000000013,-8.844799999999998
2.44,0.40000000000000013,-8.968983040000007
2.48,0.40000000000000013,-9.066147840000003
2.52,0.40000000000000013,-9.134051840000001
2.56,0.40000000000000013,-9.170391040000013
2.6,0.40000000000000013,-9.172799999999995
2.64,0.40000000000000013,-9.138851840000001
2.68,0.40000000000000013,-9.06605824
2.72,0.40000000000000013,-8.951869439999992
2.7600000000000002,0.40000000000000013,-8.793674240000009
2.8000000000000003,0.40000000000000013,-8.588799999999996
2.84,0.40000000000000013,-8.334512639999991
2.88,0.40000000000000013,-8.028016640000006
2.92,0.40000000000000013,-7.666455040000001
2.96,0.40000000000000013,-7.246909440000001
3.0,0.40000000000000013,-6.766400000000003
-1.0,0.43999999999999995,5.90192896
-0.96,0.43999999999999995,5.168619519999999
-0.92,0.43999999999999995,4.496273920000001
-0.88,0.43999999999999995,3.8819123199999996
-0.84,0.43999999999999995,3.3226163199999994
-0.8,0.43999999999999995,2.815528960000001
-0.76,0.43999999999999995,2.3578547200000006
-0.72,0.43999999999999995,1.9468595199999998
-0.6799999999999999,0.43999999999999995,1.5798707199999997
-0.64,0.43999999999999995,1.2542771200000005
-0.6,0.43999999999999995,0.9675289600000002
-0.56,0.43999999999999995,0.7171379200000005
-0.52,0.43999999999999995,0.5006771200000002
-0.48,0.43999999999999995,0.3157811200000001
-0.43999999999999995,0.43999999999999995,0.16014592
-0.4,0.43999999999999995,0.03152896000000027
-0.36,0.43999999999999995,-0.0722508799999999
-0.31999999999999995,0.43999999999999995,-0.15331327999999994
-0.28,0.43999999999999995,-0.21371647999999985
-0.24,0.43999999999999995,-0.2554572799999999
-0.19999999999999996,0.43999999999999995,-0.2804710399999999
-0.16000000000000003,0.43999999999999995,-0.2906316799999999
-0.12,0.43999999999999995,-0.2877516799999999
-0.07999999999999996,0.43999999999999995,-0.2735820799999999
-0.040000000000000036,0.43999999999999995,-0.24981247999999995
0.0,0.43999999999999995,-0.2180710399999999
0.040000000000000036,0.43999999999999995,-0.17992447999999986
0.08000000000000007,0.43999999999999995,-0.13687807999999985
0.1200000000000001,0.43999999999999995,-0.09037567999999979
0.15999999999999992,0.43999999999999995,-0.041799680000000033
0.19999999999999996,0.43999999999999995,0.007528960000000001
0.24,0.43999999999999995,0.056350720000000076
0.28,0.43999999999999995,0.10346752000000009
0.32000000000000006,0.43999999999999995,0.14774272000000016
0.3600000000000001,0.43999999999999995,0.18810112000000012
0.40000000000000013,0.43999999999999995,0.22352896000000017
0.43999999999999995,0.43999999999999995,0.25307392000000006
0.48,0.43999999999999995,0.2758451200000001
0.52,0.43999999999999995,0.29101312000000007
0.56,0.43999999999999995,0.29780992
0.6000000000000001,0.43999999999999995,0.29552895999999995
0.6400000000000001,0.43999999999999995,0.2835251200000001
0.6799999999999999,0.43999999999999995,0.2612147199999999
0.72,0.43999999999999995,0.22807551999999998
0.76,0.43999999999999995,0.18364672000000015
0.8,0.43999999999999995,0.12752896000000002
0.8400000000000001,0.43999999999999995,0.05938432000000027
0.8800000000000001,0.43999999999999995,-0.02106368000000014
0.9199999999999999,0.43999999999999995,-0.11403007999999981
0.96,0.43999999999999995,-0.2196684799999996
1.0,0.43999999999999995,-0.33807104
1.04,0.43999999999999995,-0.4692684799999999
1.08,0.43999999999999995,-0.6132300799999999
1.12,0.43999999999999995,-0.7698636800000006
1.1600000000000001,0.43999999999999995,-0.9390156800000007
1.2000000000000002,0.43999999999999995,-1.1204710400000009
1.2400000000000002,0.43999999999999995,-1.3139532800000018
1.2800000000000002,0.43999999999999995,-1.5191244800000006
1.3199999999999998,0.43999999999999995,-1.7355852799999998
1.3599999999999999,0.43999999999999995,-1.9628748800000002
1.4,0.43999999999999995,-2.2004710399999983
1.44,0.43999999999999995,-2.44779008
1.48,0.43999999999999995,-2.70418688
1.52,0.43999999999999995,-2.968954880000001
1.56,0.43999999999999995,-3.2413260800000003
1.6,0.43999999999999995,-3.5204710400000017
1.6400000000000001,0.43999999999999995,-3.805498879999999
1.6800000000000002,0.43999999999999995,-4.09545728
1.7200000000000002,0.43999999999999995,-4.389332479999999
1.7600000000000002,0.43999999999999995,-4.686049280000002
1.8000000000000003,0.43999999999999995,-4.9844710400000025
1.8399999999999999,0.43999999999999995,-5.2833996800000005
1.88,0.43999999999999995,-5.581575679999999
1.92,0.43999999999999995,-5.877678079999998
1.96,0.43999999999999995,-6.17032448
2.0,0.43999999999999995,-6.458071040000002
2.04,0.43999999999999995,-6.7394124800000075
2.08,0.43999999999999995,-7.01278208
2.12,0.43999999999999995,-7.276551679999998
2.16,0.43999999999999995,-7.529031680000001
2.2,0.43999999999999995,-7.768471040000007
2.24,0.43999999999999995,-7.993057280000004
2.2800000000000002,0.43999999999999995,-8.20091648
2.3200000000000003,0.43999999999999995,-8.390113280000001
2.36,0.43999999999999995,-8.558650880000005
2.4,0.43999999999999995,-8.704471039999992
2.44,0.43999999999999995,-8.825454080000002
2.48,0.43999999999999995,-8.919418879999998
2.52,0.43999999999999995,-8.98412288
2.56,0.43999999999999995,-9.017262080000009
2.6,0.43999999999999995,-9.01647103999999
2.64,0.43999999999999995,-8.979322879999996
2.68,0.43999999999999995,-8.903329279999998
2.72,0.43999999999999995,-8.785940479999988
2.7600000000000002,0.43999999999999995,-8.624545280000007
2.8000000000000003,0.43999999999999995,-8.416471039999992
2.84,0.43999999999999995,-8.158983679999993
2.88,0.43999999999999995,-7.849287680000009
2.92,0.43999999999999995,-7.484526080000004
2.96,0.43999999999999995,-7.061780480000005
3.0,0.43999999999999995,-6.5780710400000055
-1.0,0.48,5.7613081600000005
-0.96,0.48,5.031198719999999
-0.92,0.48,4.362053120000001
-0.88,0.48,3.750891519999999
-0.84,0.48,3.1947955199999996
-0.8,0.48,2.690908160000001
-0.76,0.48,2.23643392
-0.72,0.48,1.8286387199999998
-0.6799999999999999,0.48,1.4648499199999994
-0.64,0.48,1.1424563200000004
-0.6,0.48,0.85890816
-0.56,0.48,0.6117171200000002
-0.52,0.48,0.3984563200000002
-0.48,0.48,0.21676032
-0.43999999999999995,0.48,0.0643251199999999
-0.4,0.48,-0.06109183999999984
-0.36,0.48,-0.16167167999999993
-0.31999999999999995,0.48,-0.23953408000000004
-0.28,0.48,-0.29673728
-0.24,0.48,-0.33527808
-0.19999999999999996,0.48,-0.35709184
-0.16000000000000003,0.48,-0.36405247999999996
-0.12,0.48,-0.3579724799999999
-0.07999999999999996,0.48,-0.34060288
-0.040000000000000036,0.48,-0.31363328
0.0,0.48,-0.27869183999999997
0.040000000000000036,0.48,-0.23734527999999994
0.08000000000000007,0.48,-0.1910988799999999
0.1200000000000001,0.48,-0.14139647999999982
0.15999999999999992,0.48,-0.08962048000000006
0.19999999999999996,0.48,-0.03709184000000004
0.24,0.48,0.014929920000000013
0.28,0.48,0.06524672000000006
0.32000000000000006,0.48,0.11272192000000009
0.3600000000000001,0.48,0.15628032000000014
0.40000000000000013,0.48,0.19490816000000016
0.43999999999999995,0.48,0.22765312000000004
0.48,0.48,0.2536243200000001
0.52,0.48,0.27199232000000007
0.56,0.48,0.28198912
0.6000000000000001,0.48,0.28290815999999985
0.6400000000000001,0.48,0.27410431999999996
0.6799999999999999,0.48,0.2549939199999999
0.72,0.48,0.22505471999999982
0.76,0.48,0.1838259200000001
0.8,0.48,0.13090815999999994
0.8400000000000001,0.48,0.06596352000000016
0.8800000000000001,0.48,-0.011284480000000596
0.9199999999999999,0.48,-0.1010508800000004
0.96,0.48,-0.20348927999999966
1.0,0.48,-0.31869184000000006
1.04,0.48,-0.44668927999999997
1.08,0.48,-0.58745088
1.12,0.48,-0.7408844800000001
1.1600000000000001,0.48,-0.9068364800000002
1.2000000000000002,0.48,-1.0850918400000014
1.2400000000000002,0.48,-1.2753740800000004
1.2800000000000002,0.48,-1.477345280000001
1.3199999999999998,0.48,-1.6906060799999993
1.3599999999999999,0.48,-1.9146956799999997
1.4,0.48,-2.1490918399999988
1.44,0.48,-2.39321088
1.48,0.48,-2.6464076799999985
1.52,0.48,-2.90797568
1.56,0.48,-3.1771468799999987
1.6,0.48,-3.453091840000002
1.6400000000000001,0.48,-3.73491968
1.6800000000000002,0.48,-4.02167808
1.7200000000000002,0.48,-4.31235328
1.7600000000000002,0.48,-4.6058700800000025
1.8000000000000003,0.48,-4.901091840000003
1.8399999999999999,0.48,-5.19682048
1.88,0.48,-5.49179648
1.92,0.48,-5.784698879999999
1.96,0.48,-6.074145280000001
2.0,0.48,-6.3586918400000005
2.04,0.48,-6.636833280000006
2.08,0.48,-6.9070028799999985
2.12,0.48,-7.167572479999997
2.16,0.48,-7.41685248
2.2,0.48,-7.653091840000005
2.24,0.48,-7.874478080000002
2.2800000000000002,0.48,-8.079137279999998
2.3200000000000003,0.48,-8.265134080000001
2.36,0.48,-8.430471680000004
2.4,0.48,-8.573091839999998
2.44,0.48,-8.690874880000008
2.48,0.48,-8.781639680000005
2.52,0.48,-8.843143680000004
2.56,0.48,-8.873082880000014
2.6,0.48,-8.869091839999996
2.64,0.48,-8.828743680000002
2.68,0.48,-8.749550080000002
2.72,0.48,-8.628961279999993
2.7600000000000002,0.48,-8.464366080000012
2.8000000000000003,0.48,-8.253091839999998
2.84,0.48,-7.992404479999992
2.88,0.48,-7.679508480000008
2.92,0.48,-7.311546880000002
2.96,0.48,-6.885601280000003
3.0,0.48,-6.398691840000004
-1.0,0.52,5.61129216
-0.96,0.52,4.88438272
-0.92,0.52,4.21843712
-0.88,0.52,3.61047552
-0.84,0.52,3.0575795199999996
-0.8,0.52,2.556892160000001
-0.76,0.52,2.1056179200000003
-0.72,0.52,1.7010227199999997
-0.6799999999999999,0.52,1.3404339199999997
-0.64,0.52,1.0212403200000004
-0.6,0.52,0.7408921599999999
-0.56,0.52,0.4969011200000002
-0.52,0.52,0.2868403199999999
-0.48,0.52,0.10834431999999994
-0.43999999999999995,0.52,-0.040890880000000185
-0.4,0.52,-0.16310783999999995
-0.36,0.52,-0.26048768000000005
-0.31999999999999995,0.52,-0.33515008000000013
-0.28,0.52,-0.38915327999999993
-0.24,0.52,-0.42449408
-0.19999999999999996,0.52,-0.44310784000000003
-0.16000000000000003,0.52,-0.44686848000000007
-0.12,0.52,-0.43758848000000006
-0.07999999999999996,0.52,-0.41701888
-0.040000000000000036,0.52,-0.3868492800000001
0.0,0.52,-0.34870784
0.040000000000000036,0.52,-0.30416128000000003
0.08000000000000007,0.52,-0.25471487999999987
0.1200000000000001,0.52,-0.20181247999999985
0.15999999999999992,0.52,-0.14683648000000013
0.19999999999999996,0.52,-0.09110784000000005
0.24,0.52,-0.03588607999999999
0.28,0.52,0.01763071999999999
0.32000000000000006,0.52,0.06830592000000013
0.3600000000000001,0.52,0.11506432000000011
0.40000000000000013,0.52,0.1568921600000001
0.43999999999999995,0.52,0.19283711999999997
0.48,0.52,0.22200832000000004
0.52,0.52,0.24357632000000007
0.56,0.52,0.25677311999999997
0.6000000000000001,0.52,0.26089216000000004
0.6400000000000001,0.52,0.25528832
0.6799999999999999,0.52,0.23937792000000002
0.72,0.52,0.21263872000000006
0.76,0.52,0.17460991999999975
0.8,0.52,0.12489215999999992
0.8400000000000001,0.52,0.06314752000000001
0.8800000000000001,0.52,-0.010900480000000434
0.9199999999999999,0.52,-0.0974668799999997
0.96,0.52,-0.19670527999999954
1.0,0.52,-0.30870783999999984
1.04,0.52,-0.43350527999999966
1.08,0.52,-0.57106688
1.12,0.52,-0.7213004800000009
1.1600000000000001,0.52,-0.88405248
1.2000000000000002,0.52,-1.0591078400000011
1.2400000000000002,0.52,-1.246190080000001
1.2800000000000002,0.52,-1.4449612800000007
1.3199999999999998,0.52,-1.6550220800000002
1.3599999999999999,0.52,-1.8759116799999995
1.4,0.52,-2.1071078399999985
1.44,0.52,-2.34802688
1.48,0.52,-2.5980236800000007
1.52,0.52,-2.8563916800000024
1.56,0.52,-3.12236288
1.6,0.52,-3.3951078400000028
1.6400000000000001,0.52,-3.67373568
1.6800000000000002,0.52,-3.9572940800000005
1.7200000000000002,0.52,-4.244769280000001
1.7600000000000002,0.52,-4.535086080000004
1.8000000000000003,0.52,-4.827107840000004
1.8399999999999999,0.52,-5.119636480000001
1.88,0.52,-5.411412480000001
1.92,0.52,-5.701114879999999
1.96,0.52,-5.987361280000001
2.0,0.52,-6.268707839999999
2.04,0.52,-6.543649280000005
2.08,0.52,-6.810618879999998
2.12,0.52,-7.067988479999995
2.16,0.52,-7.314068479999999
2.2,0.52,-7.547107840000004
2.24,0.52,-7.765294080000001
2.2800000000000002,0.52,-7.966753279999997
2.3200000000000003,0.52,-8.14955008
2.36,0.52,-8.311687680000002
2.4,0.52,-8.451107839999997
2.44,0.52,-8.565690880000007
2.48,0.52,-8.653255680000003
2.52,0.52,-8.711559680000004
2.56,0.52,-8.738298880000013
2.6,0.52,-8.731107839999995
2.64,0.52,-8.687559680000001
2.68,0.52,-8.605166080000002
2.72,0.52,-8.481377279999993
2.7600000000000002,0.52,-8.31358208000001
2.8000000000000003,0.52,-8.099107839999997
2.84,0.52,-7.835220479999991
2.88,0.52,-7.519124480000006
2.92,0.52,-7.1479628800000015
2.96,0.52,-6.7188172800000014
3.0,0.52,-6.228707840000003
-1.0,0.56,5.45149696
-0.96,0.56,4.727787519999998
-0.92,0.56,4.0650419200000005
-0.88,0.56,3.4602803199999994
-0.84,0.56,2.910584319999999
-0.8,0.56,2.4130969600000007
-0.76,0.56,1.96502272
-0.72,0.56,1.5636275199999998
-0.6799999999999999,0.56,1.2062387199999993
-0.64,0.56,0.8902451199999999
-0.6,0.56,0.6130969599999997
-0.56,0.56,0.37230592000000007
-0.52,0.56,0.1654451199999999
-0.48,0.56,-0.00985088000000034
-0.43999999999999995,0.56,-0.15588608000000037
-0.4,0.56,-0.2749030400000001
-0.36,0.56,-0.3690828800000002
-0.31999999999999995,0.56,-0.4405452800000003
-0.28,0.56,-0.4913484800000002
-0.24,0.56,-0.5234892800000003
-0.19999999999999996,0.56,-0.5389030400000002
-0.16000000000000003,0.56,-0.5394636800000002
-0.12,0.56,-0.5269836800000002
-0.07999999999999996,0.56,-0.5032140800000001
-0.040000000000000036,0.56,-0.46984448000000023
0.0,0.56,-0.42850304000000017
0.040000000000000036,0.56,-0.3807564800000001
0.08000000000000007,0.56,-0.3281100800000001
0.1200000000000001,0.56,-0.27200768000000003
0.15999999999999992,0.56,-0.21383168000000025
0.19999999999999996,0.56,-0.15490304000000021
0.24,0.56,-0.09648128000000011
0.28,0.56,-0.03976448000000016
0.32000000000000006,0.56,0.014110719999999966
0.3600000000000001,0.56,0.06406911999999998
0.40000000000000013,0.56,0.10909695999999997
0.43999999999999995,0.56,0.1482419199999998
0.48,0.56,0.18061311999999996
0.52,0.56,0.20538111999999986
0.56,0.56,0.22177791999999985
0.6000000000000001,0.56,0.22909695999999968
0.6400000000000001,0.56,0.22669311999999986
0.6799999999999999,0.56,0.21398271999999996
0.72,0.56,0.19044351999999987
0.76,0.56,0.15561471999999987
0.8,0.56,0.1090969599999998
0.8400000000000001,0.56,0.050552320000000095
0.8800000000000001,0.56,-0.02029568000000026
0.9199999999999999,0.56,-0.1036620800000001
0.96,0.56,-0.19970047999999974
1.0,0.56,-0.3085030400000002
1.04,0.56,-0.4301004800000001
1.08,0.56,-0.5644620800000004
1.12,0.56,-0.7114956800000012
1.1600000000000001,0.56,-0.8710476800000002
1.2000000000000002,0.56,-1.0429030400000014
1.2400000000000002,0.56,-1.2267852800000012
1.2800000000000002,0.56,-1.422356480000001
1.3199999999999998,0.56,-1.6292172799999995
1.3599999999999999,0.56,-1.8469068800000006
1.4,0.56,-2.074903039999999
1.44,0.56,-2.312622079999999
1.48,0.56,-2.559418879999998
1.52,0.56,-2.8145868800000002
1.56,0.56,-3.077358079999999
1.6,0.56,-3.346903040000002
1.6400000000000001,0.56,-3.62233088
1.6800000000000002,0.56,-3.902689279999998
1.7200000000000002,0.56,-4.1869644799999985
1.7600000000000002,0.56,-4.474081280000001
1.8000000000000003,0.56,-4.762903040000001
1.8399999999999999,0.56,-5.05223168
1.88,0.56,-5.34080768
1.92,0.56,-5.627310079999996
1.96,0.56,-5.910356480000001
2.0,0.56,-6.188503040000002
2.04,0.56,-6.460244480000007
2.08,0.56,-6.724014080000001
2.12,0.56,-6.978183679999998
2.16,0.56,-7.221063680000002
2.2,0.56,-7.450903040000007
2.24,0.56,-7.665889280000004
2.2800000000000002,0.56,-7.86414848
2.3200000000000003,0.56,-8.043745280000003
2.36,0.56,-8.202682880000005
2.4,0.56,-8.338903039999996
2.44,0.56,-8.450286080000005
2.48,0.56,-8.534650880000003
2.52,0.56,-8.589754880000003
2.56,0.56,-8.613294080000012
2.6,0.56,-8.602903039999994
2.64,0.56,-8.556154880000001
2.68,0.56,-8.470561280000002
2.72,0.56,-8.343572479999992
2.7600000000000002,0.56,-8.17257728000001
2.8000000000000003,0.56,-7.954903039999996
2.84,0.56,-7.687815679999984
2.88,0.56,-7.368519679999999
2.92,0.56,-6.994158079999993
2.96,0.56,-6.561812479999993
3.0,0.56,-6.068503039999995
-1.0,0.6000000000000001,5.281599999999999
-0.96,0.6000000000000001,4.561090559999999
-0.92,0.6000000000000001,3.90154496
-0.88,0.6000000000000001,3.2999833599999997
-0.84,0.6000000000000001,2.7534873599999994
-0.8,0.6000000000000001,2.2592000000000008
-0.76,0.6000000000000001,1.8143257599999998
-0.72,0.6000000000000001,1.4161305599999994
-0.6799999999999999,0.6000000000000001,1.0619417599999992
-0.64,0.6000000000000001,0.74914816
-0.6,0.6000000000000001,0.4751999999999995
-0.56,0.6000000000000001,0.23760895999999987
-0.52,0.6000000000000001,0.03394815999999967
-0.48,0.6000000000000001,-0.13814784000000047
-0.43999999999999995,0.6000000000000001,-0.28098304000000046
-0.4,0.6000000000000001,-0.39680000000000026
-0.36,0.6000000000000001,-0.48777984000000035
-0.31999999999999995,0.6000000000000001,-0.5560422400000005
-0.28,0.6000000000000001,-0.6036454400000003
-0.24,0.6000000000000001,-0.6325862400000003
-0.19999999999999996,0.6000000000000001,-0.6448000000000004
-0.16000000000000003,0.6000000000000001,-0.6421606400000003
-0.12,0.6000000000000001,-0.6264806400000003
-0.07999999999999996,0.6000000000000001,-0.5995110400000002
-0.040000000000000036,0.6000000000000001,-0.5629414400000003
0.0,0.6000000000000001,-0.5184000000000003
0.040000000000000036,0.6000000000000001,-0.4674534400000002
0.08000000000000007,0.6000000000000001,-0.41160704000000015
0.1200000000000001,0.6000000000000001,-0.35230464000000017
0.15999999999999992,0.6000000000000001,-0.2909286400000004
0.19999999999999996,0.6000000000000001,-0.22880000000000034
0.24,0.6000000000000001,-0.16717824000000026
0.28,0.6000000000000001,-0.10726144000000015
0.32000000000000006,0.6000000000000001,-0.05018624000000016
0.3600000000000001,0.6000000000000001,0.002972159999999946
0.40000000000000013,0.6000000000000001,0.05119999999999986
0.43999999999999995,0.6000000000000001,0.09354495999999973
0.48,0.6000000000000001,0.1291161599999998
0.52,0.6000000000000001,0.1570841599999998
0.56,0.6000000000000001,0.17668095999999978
0.6000000000000001,0.6000000000000001,0.1871999999999998
0.6400000000000001,0.6000000000000001,0.18799615999999997
0.6799999999999999,0.6000000000000001,0.17848575999999983
0.72,0.6000000000000001,0.15814655999999983
0.76,0.6000000000000001,0.1265177599999998
0.8,0.6000000000000001,0.08319999999999994
0.8400000000000001,0.6000000000000001,0.027855359999999774
0.8800000000000001,0.6000000000000001,-0.03979264000000016
0.9199999999999999,0.6000000000000001,-0.1199590399999999
0.96,0.6000000000000001,-0.21279743999999967
1.0,0.6000000000000001,-0.31840000000000046
1.04,0.6000000000000001,-0.43679743999999987
1.08,0.6000000000000001,-0.5679590400000003
1.12,0.6000000000000001,-0.711792640000001
1.1600000000000001,0.6000000000000001,-0.8681446400000001
1.2000000000000002,0.6000000000000001,-1.0368000000000013
1.2400000000000002,0.6000000000000001,-1.217482240000002
1.2800000000000002,0.6000000000000001,-1.409853440000001
1.3199999999999998,0.6000000000000001,-1.6135142400000002
1.3599999999999999,0.6000000000000001,-1.8280038400000005
1.4,0.6000000000000001,-2.0527999999999986
1.44,0.6000000000000001,-2.2873190399999994
1.48,0.6000000000000001,-2.530915839999999
1.52,0.6000000000000001,-2.7828838400000007
1.56,0.6000000000000001,-3.0424550399999997
1.6,0.6000000000000001,-3.308800000000001
1.6400000000000001,0.6000000000000001,-3.5810278399999986
1.6800000000000002,0.6000000000000001,-3.858186239999999
1.7200000000000002,0.6000000000000001,-4.1392614399999985
1.7600000000000002,0.6000000000000001,-4.423178240000002
1.8000000000000003,0.6000000000000001,-4.708800000000002
1.8399999999999999,0.6000000000000001,-4.9949286399999995
1.88,0.6000000000000001,-5.280304639999999
1.92,0.6000000000000001,-5.563607039999997
1.96,0.6000000000000001,-5.843453439999999
2.0,0.6000000000000001,-6.118399999999999
2.04,0.6000000000000001,-6.386941440000005
2.08,0.6000000000000001,-6.647511039999998
2.12,0.6000000000000001,-6.898480639999995
2.16,0.6000000000000001,-7.138160639999999
2.2,0.6000000000000001,-7.364800000000004
2.24,0.6000000000000001,-7.576586240000001
2.2800000000000002,0.6000000000000001,-7.771645439999997
2.3200000000000003,0.6000000000000001,-7.9480422399999995
2.36,0.6000000000000001,-8.103779840000001
2.4,0.6000000000000001,-8.23679999999999
2.44,0.6000000000000001,-8.344983039999999
2.48,0.6000000000000001,-8.426147839999995
2.52,0.6000000000000001,-8.478051839999996
2.56,0.6000000000000001,-8.498391040000005
2.6,0.6000000000000001,-8.484799999999987
2.64,0.6000000000000001,-8.434851839999993
2.68,0.6000000000000001,-8.346058239999994
2.72,0.6000000000000001,-8.215869439999985
2.7600000000000002,0.6000000000000001,-8.041674240000003
2.8000000000000003,0.6000000000000001,-7.8207999999999895
2.84,0.6000000000000001,-7.550512639999991
2.88,0.6000000000000001,-7.228016640000006
2.92,0.6000000000000001,-6.850455040000001
2.96,0.6000000000000001,-6.4149094400000015
3.0,0.6000000000000001,-5.918400000000003
-1.0,0.6400000000000001,5.1013401599999995
-0.96,0.6400000000000001,4.38403072
-0.92,0.6400000000000001,3.7276851200000003
-0.88,0.6400000000000001,3.12932352
-0.84,0.6400000000000001,2.5860275199999987
-0.8,0.6400000000000001,2.09494016
-0.76,0.6400000000000001,1.653265919999999
-0.72,0.6400000000000001,1.2582707199999992
-0.6799999999999999,0.6400000000000001,0.9072819199999991
-0.64,0.6400000000000001,0.5976883199999998
-0.6,0.6400000000000001,0.32694015999999937
-0.56,0.6400000000000001,0.09254911999999982
-0.52,0.6400000000000001,-0.1079116800000004
-0.48,0.6400000000000001,-0.27680768000000044
-0.43999999999999995,0.6400000000000001,-0.41644288000000057
-0.4,0.6400000000000001,-0.5290598400000003
-0.36,0.6400000000000001,-0.6168396800000004
-0.31999999999999995,0.6400000000000001,-0.6819020800000005
-0.28,0.6400000000000001,-0.7263052800000003
-0.24,0.6400000000000001,-0.7520460800000004
-0.19999999999999996,0.6400000000000001,-0.7610598400000004
-0.16000000000000003,0.6400000000000001,-0.7552204800000004
-0.12,0.6400000000000001,-0.7363404800000004
-0.07999999999999996,0.6400000000000001,-0.7061708800000002
-0.040000000000000036,0.6400000000000001,-0.6664012800000003
0.0,0.6400000000000001,-0.6186598400000003
0.040000000000000036,0.6400000000000001,-0.5645132800000003
0.08000000000000007,0.6400000000000001,-0.5054668800000002
0.1200000000000001,0.6400000000000001,-0.4429644800000001
0.15999999999999992,0.6400000000000001,-0.3783884800000005
0.19999999999999996,0.6400000000000001,-0.3130598400000003
0.24,0.6400000000000001,-0.24823808000000025
0.28,0.6400000000000001,-0.18512128000000022
0.32000000000000006,0.6400000000000001,-0.12484608000000008
0.3600000000000001,0.6400000000000001,-0.06848768000000016
0.40000000000000013,0.6400000000000001,-0.01705984000000016
0.43999999999999995,0.6400000000000001,0.028485119999999697
0.48,0.6400000000000001,0.0672563199999997
0.52,0.6400000000000001,0.09842431999999979
0.56,0.6400000000000001,0.12122111999999996
0.6000000000000001,0.6400000000000001,0.13494015999999975
0.6400000000000001,0.6400000000000001,0.13893632
0.6799999999999999,0.6400000000000001,0.13262591999999973
0.72,0.6400000000000001,0.11548671999999982
0.76,0.6400000000000001,0.08705791999999957
0.8,0.6400000000000001,0.0469401599999999
0.8400000000000001,0.6400000000000001,-0.005204479999999734
0.8800000000000001,0.6400000000000001,-0.06965248000000068
0.9199999999999999,0.6400000000000001,-0.1466188799999999
0.96,0.6400000000000001,-0.2362572799999998
1.0,0.6400000000000001,-0.33865984000000005
1.04,0.6400000000000001,-0.4538572799999998
1.08,0.6400000000000001,-0.5818188799999999
1.12,0.6400000000000001,-0.7224524800000005
1.1600000000000001,0.6400000000000001,-0.8756044800000005
1.2000000000000002,0.6400000000000001,-1.0410598400000008
1.2400000000000002,0.6400000000000001,-1.2185420800000015
1.2800000000000002,0.6400000000000001,-1.4077132800000003
1.3199999999999998,0.6400000000000001,-1.6081740799999997
1.3599999999999999,0.6400000000000001,-1.8194636800000001
1.4,0.6400000000000001,-2.041059839999999
1.44,0.6400000000000001,-2.272378879999999
1.48,0.6400000000000001,-2.512775679999999
1.52,0.6400000000000001,-2.76154368
1.56,0.6400000000000001,-3.0179148799999993
1.6,0.6400000000000001,-3.2810598400000024
1.6400000000000001,0.6400000000000001,-3.55008768
1.6800000000000002,0.6400000000000001,-3.8240460799999982
1.7200000000000002,0.6400000000000001,-4.101921279999998
1.7600000000000002,0.6400000000000001,-4.382638080000001
1.8000000000000003,0.6400000000000001,-4.665059840000001
1.8399999999999999,0.6400000000000001,-4.947988480000001
1.88,0.6400000000000001,-5.23016448
1.92,0.6400000000000001,-5.510266879999997
1.96,0.6400000000000001,-5.78691328
2.0,0.6400000000000001,-6.0586598400000025
2.04,0.6400000000000001,-6.324001280000008
2.08,0.6400000000000001,-6.581370880000001
2.12,0.6400000000000001,-6.829140479999999
2.16,0.6400000000000001,-7.0656204800000015
2.2,0.6400000000000001,-7.289059840000007
2.24,0.6400000000000001,-7.497646080000004
2.2800000000000002,0.6400000000000001,-7.68950528
2.3200000000000003,0.6400000000000001,-7.862702080000002
2.36,0.6400000000000001,-8.015239680000004
2.4,0.6400000000000001,-8.145059839999996
2.44,0.6400000000000001,-8.250042880000006
2.48,0.6400000000000001,-8.328007680000002
2.52,0.6400000000000001,-8.376711680000003
2.56,0.6400000000000001,-8.393850880000013
2.6,0.6400000000000001,-8.377059839999994
2.64,0.6400000000000001,-8.32391168
2.68,0.6400000000000001,-8.231918080000002
2.72,0.6400000000000001,-8.09852927999999
2.7600000000000002,0.6400000000000001,-7.92113408000001
2.8000000000000003,0.6400000000000001,-7.697059839999996
2.84,0.6400000000000001,-7.42357247999999
2.88,0.6400000000000001,-7.097876480000005
2.92,0.6400000000000001,-6.7171148800000005
2.96,0.6400000000000001,-6.2783692800000015
3.0,0.6400000000000001,-5.778659840000002
-1.0,0.6799999999999999,4.910517759999999
-0.96,0.6799999999999999,4.196408319999999
-0.92,0.6799999999999999,3.5432627200000004
-0.88,0.6799999999999999,2.9481011200000005
-0.84,0.6799999999999999,2.40800512
-0.8,0.6799999999999999,1.9201177600000012
-0.76,0.6799999999999999,1.4816435200000004
-0.72,0.6799999999999999,1.08984832
-0.6799999999999999,0.6799999999999999,0.7420595199999998
-0.64,0.6799999999999999,0.4356659200000005
-0.6,0.6799999999999999,0.1681177599999999
-0.56,0.6799999999999999,-0.06307327999999957
-0.52,0.6799999999999999,-0.2603340799999997
-0.48,0.6799999999999999,-0.42603008
-0.43999999999999995,0.6799999999999999,-0.5624652800000001
-0.4,0.6799999999999999,-0.6718822399999997
-0.36,0.6799999999999999,-0.7564620799999998
-0.31999999999999995,0.6799999999999999,-0.81832448
-0.28,0.6799999999999999,-0.8595276799999998
-0.24,0.6799999999999999,-0.8820684799999998
-0.19999999999999996,0.6799999999999999,-0.8878822399999999
-0.16000000000000003,0.6799999999999999,-0.8788428799999999
-0.12,0.6799999999999999,-0.8567628799999999
-0.07999999999999996,0.6799999999999999,-0.8233932799999998
-0.040000000000000036,0.6799999999999999,-0.7804236799999998
0.0,0.6799999999999999,-0.7294822399999998
0.040000000000000036,0.6799999999999999,-0.6721356799999999
0.08000000000000007,0.6799999999999999,-0.6098892799999998
0.1200000000000001,0.6799999999999999,-0.5441868799999998
0.15999999999999992,0.6799999999999999,-0.4764108800000001
0.19999999999999996,0.6799999999999999,-0.40788223999999995
0.24,0.6799999999999999,-0.33986047999999996
0.28,0.6799999999999999,-0.27354367999999984
0.32000000000000006,0.6799999999999999,-0.2100684799999999
0.3600000000000001,0.6799999999999999,-0.15051007999999982
0.40000000000000013,0.6799999999999999,-0.09588223999999979
0.43999999999999995,0.6799999999999999,-0.04713728000000006
0.48,0.6799999999999999,-0.005166079999999962
0.52,0.6799999999999999,0.029201919999999992
0.56,0.6799999999999999,0.055198720000000034
0.6000000000000001,0.6799999999999999,0.07211776000000003
0.6400000000000001,0.6799999999999999,0.07931392000000015
0.6799999999999999,0.6799999999999999,0.07620351999999997
0.72,0.6799999999999999,0.06226431999999993
0.76,0.6799999999999999,0.037035519999999655
0.8,0.6799999999999999,0.00011775999999996678
0.8400000000000001,0.6799999999999999,-0.04882688000000002
0.8800000000000001,0.6799999999999999,-0.11007488000000043
0.9199999999999999,0.6799999999999999,-0.18384127999999977
0.96,0.6799999999999999,-0.2702796799999996
1.0,0.6799999999999999,-0.36948223999999996
1.04,0.6799999999999999,-0.48147967999999985
1.08,0.6799999999999999,-0.6062412800000003
1.12,0.6799999999999999,-0.7436748800000008
1.1600000000000001,0.6799999999999999,-0.8936268800000009
1.2000000000000002,0.6799999999999999,-1.055882240000002
1.2400000000000002,0.6799999999999999,-1.2301644800000011
1.2800000000000002,0.6799999999999999,-1.4161356800000018
1.3199999999999998,0.6799999999999999,-1.6133964800000002
1.3599999999999999,0.6799999999999999,-1.8214860800000006
1.4,0.6799999999999999,-2.039882239999999
1.44,0.6799999999999999,-2.2680012799999996
1.48,0.6799999999999999,-2.505198079999999
1.52,0.6799999999999999,-2.750766080000001
1.56,0.6799999999999999,-3.0039372799999997
1.6,0.6799999999999999,-3.263882240000003
1.6400000000000001,0.6799999999999999,-3.5297100800000005
1.6800000000000002,0.6799999999999999,-3.800468479999999
1.7200000000000002,0.6799999999999999,-4.075143679999999
1.7600000000000002,0.6799999999999999,-4.352660480000002
1.8000000000000003,0.6799999999999999,-4.631882240000001
1.8399999999999999,0.6799999999999999,-4.91161088
1.88,0.6799999999999999,-5.19058688
1.92,0.6799999999999999,-5.467489279999997
1.96,0.6799999999999999,-5.740935679999998
2.0,0.6799999999999999,-6.00948224
2.04,0.6799999999999999,-6.271623680000005
2.08,0.6799999999999999,-6.5257932799999985
2.12,0.6799999999999999,-6.770362879999995
2.16,0.6799999999999999,-7.003642879999999
2.2,0.6799999999999999,-7.2238822400000045
2.24,0.6799999999999999,-7.429268480000001
2.2800000000000002,0.6799999999999999,-7.6179276799999975
2.3200000000000003,0.6799999999999999,-7.787924479999999
2.36,0.6799999999999999,-7.937262080000002
2.4,0.6799999999999999,-8.063882239999995
2.44,0.6799999999999999,-8.165665280000002
2.48,0.6799999999999999,-8.24043008
2.52,0.6799999999999999,-8.28593408
2.56,0.6799999999999999,-8.299873280000009
2.6,0.6799999999999999,-8.279882239999992
2.64,0.6799999999999999,-8.223534079999997
2.68,0.6799999999999999,-8.128340479999999
2.72,0.6799999999999999,-7.9917516799999895
2.7600000000000002,0.6799999999999999,-7.811156480000006
2.8000000000000003,0.6799999999999999,-7.583882239999994
2.84,0.6799999999999999,-7.3071948799999955
2.88,0.6799999999999999,-6.97829888000001
2.92,0.6799999999999999,-6.594337280000005
2.96,0.6799999999999999,-6.152391680000005
3.0,0.6799999999999999,-5.649482240000006
-1.0,0.72,4.708994560000001
-0.96,0.72,3.99808512
-0.92,0.72,3.348139520000001
-0.88,0.72,2.75617792
-0.84,0.72,2.2192819199999994
-0.8,0.72,1.7345945600000008
-0.76,0.72,1.2993203199999999
-0.72,0.72,0.9107251199999999
-0.6799999999999999,0.72,0.5661363199999998
-0.64,0.72,0.2629427200000005
-0.6,0.72,-0.00140543999999998
-0.56,0.72,-0.22939647999999957
-0.52,0.72,-0.4234572799999998
-0.48,0.72,-0.5859532799999999
-0.43999999999999995,0.72,-0.7191884799999999
-0.4,0.72,-0.8254054399999997
-0.36,0.72,-0.9067852799999999
-0.31999999999999995,0.72,-0.9654476799999998
-0.28,0.72,-1.00345088
-0.24,0.72,-1.0227916799999999
-0.19999999999999996,0.72,-1.02540544
-0.16000000000000003,0.72,-1.01316608
-0.12,0.72,-0.9878860799999998
-0.07999999999999996,0.72,-0.9513164799999999
-0.040000000000000036,0.72,-0.9051468800000001
0.0,0.72,-0.8510054399999999
0.040000000000000036,0.72,-0.7904588799999998
0.08000000000000007,0.72,-0.7250124799999997
0.1200000000000001,0.72,-0.6561100799999997
0.15999999999999992,0.72,-0.58513408
0.19999999999999996,0.72,-0.51340544
0.24,0.72,-0.4421836799999999
0.28,0.72,-0.3726668799999998
0.32000000000000006,0.72,-0.30599167999999977
0.3600000000000001,0.72,-0.24323327999999977
0.40000000000000013,0.72,-0.1854054399999997
0.43999999999999995,0.72,-0.13346047999999988
0.48,0.72,-0.08828927999999991
0.52,0.72,-0.05072127999999987
0.56,0.72,-0.021524479999999957
0.6000000000000001,0.72,-0.001405439999999869
0.6400000000000001,0.72,0.00899072000000034
0.6799999999999999,0.72,0.00908032000000003
0.72,0.72,-0.0016588799999999182
0.76,0.72,-0.0236876800000001
0.8,0.72,-0.05740544000000036
0.8400000000000001,0.72,-0.10315008000000003
0.8800000000000001,0.72,-0.16119808000000035
0.9199999999999999,0.72,-0.23176448000000027
0.96,0.72,-0.31500287999999954
1.0,0.72,-0.41100543999999983
1.04,0.72,-0.5198028800000001
1.08,0.72,-0.6413644799999996
1.12,0.72,-0.7755980800000004
1.1600000000000001,0.72,-0.9223500800000004
1.2000000000000002,0.72,-1.0814054400000015
1.2400000000000002,0.72,-1.2524876800000004
1.2800000000000002,0.72,-1.435258880000001
1.3199999999999998,0.72,-1.6293196799999998
1.3599999999999999,0.72,-1.83420928
1.4,0.72,-2.0494054399999992
1.44,0.72,-2.2743244799999998
1.48,0.72,-2.5083212799999997
1.52,0.72,-2.7506892800000027
1.56,0.72,-3.0006604799999983
1.6,0.72,-3.2574054400000017
1.6400000000000001,0.72,-3.520033279999999
1.6800000000000002,0.72,-3.787591680000001
1.7200000000000002,0.72,-4.059066880000001
1.7600000000000002,0.72,-4.333383680000004
1.8000000000000003,0.72,-4.609405440000003
1.8399999999999999,0.72,-4.88593408
1.88,0.72,-5.161710079999999
1.92,0.72,-5.43541248
1.96,0.72,-5.70565888
2.0,0.72,-5.971005440000002
2.04,0.72,-6.229946880000007
2.08,0.72,-6.480916479999999
2.12,0.72,-6.722286079999998
2.16,0.72,-6.952366080000001
2.2,0.72,-7.1694054400000065
2.24,0.72,-7.371591680000003
2.2800000000000002,0.72,-7.5570508799999985
2.3200000000000003,0.72,-7.723847680000002
2.36,0.72,-7.869985280000004
2.4,0.72,-7.993405439999993
2.44,0.72,-8.091988480000001
2.48,0.72,-8.163553279999999
2.52,0.72,-8.205857279999998
2.56,0.72,-8.216596480000007
2.6,0.72,-8.19340543999999
2.64,0.72,-8.133857279999996
2.68,0.72,-8.035463679999998
2.72,0.72,-7.895674879999987
2.7600000000000002,0.72,-7.711879680000005
2.8000000000000003,0.72,-7.4814054399999925
2.84,0.72,-7.201518079999986
2.88,0.72,-6.869422080000001
2.92,0.72,-6.482260479999996
2.96,0.72,-6.037114879999997
3.0,0.72,-5.531005439999998
-1.0,0.76,4.496693759999999
-0.96,0.76,3.78898432
-0.92,0.76,3.1422387200000004
-0.88,0.76,2.5534771199999993
-0.84,0.76,2.0197811199999993
-0.8,0.76,1.5382937600000002
-0.76,0.76,1.10621952
-0.72,0.76,0.7208243199999997
-0.6799999999999999,0.76,0.37943551999999947
-0.64,0.76,0.07944192000000017
-0.6,0.76,-0.18170624000000024
-0.56,0.76,-0.40649727999999996
-0.52,0.76,-0.59735808
-0.48,0.76,-0.7566540800000002
-0.43999999999999995,0.76,-0.8866892800000004
-0.4,0.76,-0.9897062400000001
-0.36,0.76,-1.06788608
-0.31999999999999995,0.76,-1.1233484800000002
-0.28,0.76,-1.15815168
-0.24,0.76,-1.17429248
-0.19999999999999996,0.76,-1.17370624
-0.16000000000000003,0.76,-1.15826688
-0.12,0.76,-1.1297868800000002
-0.07999999999999996,0.76,-1.09001728
-0.040000000000000036,0.76,-1.0406476800000002
0.0,0.76,-0.9833062400000001
0.040000000000000036,0.76,-0.9195596800000001
0.08000000000000007,0.76,-0.85091328
0.1200000000000001,0.76,-0.77881088
0.15999999999999992,0.76,-0.7046348800000003
0.19999999999999996,0.76,-0.6297062400000002
0.24,0.76,-0.5552844800000001
0.28,0.76,-0.48256768
0.32000000000000006,0.76,-0.4126924800000001
0.3600000000000001,0.76,-0.34673408000000006
0.40000000000000013,0.76,-0.28570624
0.43999999999999995,0.76,-0.23056127999999998
0.48,0.76,-0.18219008000000014
0.52,0.76,-0.14142208000000023
0.56,0.76,-0.10902528
0.6000000000000001,0.76,-0.08570624000000016
0.6400000000000001,0.76,-0.07211007999999997
0.6799999999999999,0.76,-0.0688204800000003
0.72,0.76,-0.07635968000000015
0.76,0.76,-0.09518848000000046
0.8,0.76,-0.1257062400000004
0.8400000000000001,0.76,-0.16825087999999977
0.8800000000000001,0.76,-0.22309888000000067
0.9199999999999999,0.76,-0.2904652800000005
0.96,0.76,-0.3705036799999992
1.0,0.76,-0.4633062400000001
1.04,0.76,-0.5689036799999996
1.08,0.76,-0.6872652799999999
1.12,0.76,-0.8182988800000006
1.1600000000000001,0.76,-0.9618508799999996
1.2000000000000002,0.76,-1.1177062400000009
1.2400000000000002,0.76,-1.2855884800000008
1.2800000000000002,0.76,-1.4651596800000004
1.3199999999999998,0.76,-1.65602048
1.3599999999999999,0.76,-1.8577100800000004
1.4,0.76,-2.069706239999999
1.44,0.76,-2.291425280000001
1.48,0.76,-2.5222220800000006
1.52,0.76,-2.761390080000002
1.56,0.76,-3.0081612800000013
1.6,0.76,-3.2617062400000023
1.6400000000000001,0.76,-3.52113408
1.6800000000000002,0.76,-3.7854924800000003
1.7200000000000002,0.76,-4.05376768
1.7600000000000002,0.76,-4.324884480000003
1.8000000000000003,0.76,-4.597706240000003
1.8399999999999999,0.76,-4.871034880000002
1.88,0.76,-5.143610880000001
1.92,0.76,-5.414113279999999
1.96,0.76,-5.681159679999999
2.0,0.76,-5.943306240000001
2.04,0.76,-6.199047680000007
2.08,0.76,-6.446817279999999
2.12,0.76,-6.684986879999997
2.16,0.76,-6.91186688
2.2,0.76,-7.125706240000006
2.24,0.76,-7.324692480000003
2.2800000000000002,0.76,-7.5069516799999985
2.3200000000000003,0.76,-7.670548480000001
2.36,0.76,-7.813486080000004
2.4,0.76,-7.933706239999996
2.44,0.76,-8.029089280000004
2.48,0.76,-8.09745408
2.52,0.76,-8.13655808
2.56,0.76,-8.144097280000011
2.6,0.76,-8.117706239999993
2.64,0.76,-8.054958079999999
2.68,0.76,-7.95336448
2.72,0.76,-7.81037567999999
2.7600000000000002,0.76,-7.623380480000008
2.8000000000000003,0.76,-7.389706239999995
2.84,0.76,-7.106618879999989
2.88,0.76,-6.771322880000004
2.92,0.76,-6.380961279999999
2.96,0.76,-5.93261568
3.0,0.76,-5.4233062400000005
-1.0,0.8,4.2736
-0.96,0.8,3.569090559999999
-0.92,0.8,2.92554496
-0.88,0.8,2.339983359999999
-0.84,0.8,1.8094873599999988
-0.8,0.8,1.3312
-0.76,0.8,0.9023257599999992
-0.72,0.8,0.5201305599999995
-0.6799999999999999,0.8,0.1819417599999993
-0.64,0.8,-0.11485184000000015
-0.6,0.8,-0.37280000000000046
-0.56,0.8,-0.5943910400000002
-0.52,0.8,-0.7820518400000004
-0.48,0.8,-0.9381478400000005
-0.43999999999999995,0.8,-1.0649830400000004
-0.4,0.8,-1.1648000000000005
-0.36,0.8,-1.2397798400000004
-0.31999999999999995,0.8,-1.2920422400000002
-0.28,0.8,-1.3236454400000004
-0.24,0.8,-1.3365862400000004
-0.19999999999999996,0.8,-1.3328000000000002
-0.16000000000000003,0.8,-1.3141606400000005
-0.12,0.8,-1.2824806400000004
-0.07999999999999996,0.8,-1.2395110400000005
-0.040000000000000036,0.8,-1.1869414400000005
0.0,0.8,-1.1264000000000003
0.040000000000000036,0.8,-1.0594534400000002
0.08000000000000007,0.8,-0.9876070400000003
0.1200000000000001,0.8,-0.9123046400000001
0.15999999999999992,0.8,-0.8349286400000006
0.19999999999999996,0.8,-0.7568000000000005
0.24,0.8,-0.6791782400000005
0.28,0.8,-0.6032614400000001
0.32000000000000006,0.8,-0.5301862400000003
0.3600000000000001,0.8,-0.4610278400000002
0.40000000000000013,0.8,-0.39680000000000015
0.43999999999999995,0.8,-0.3384550400000004
0.48,0.8,-0.28688384000000045
0.52,0.8,-0.24291584000000044
0.56,0.8,-0.20731904000000045
0.6000000000000001,0.8,-0.1808000000000003
0.6400000000000001,0.8,-0.16400384000000012
0.6799999999999999,0.8,-0.15751424000000047
0.72,0.8,-0.16185344000000046
0.76,0.8,-0.17748224000000046
0.8,0.8,-0.20480000000000054
0.8400000000000001,0.8,-0.24414464000000025
0.8800000000000001,0.8,-0.2957926400000006
0.9199999999999999,0.8,-0.35995904000000056
0.96,0.8,-0.43679743999999987
1.0,0.8,-0.5264000000000002
1.04,0.8,-0.6287974400000005
1.08,0.8,-0.74395904
1.12,0.8,-0.8717926400000007
1.1600000000000001,0.8,-1.0121446400000007
1.2000000000000002,0.8,-1.1648000000000018
1.2400000000000002,0.8,-1.3294822400000008
1.2800000000000002,0.8,-1.5058534400000014
1.3199999999999998,0.8,-1.6935142400000003
1.3599999999999999,0.8,-1.8920038400000005
1.4,0.8,-2.1008
1.44,0.8,-2.3193190400000003
1.48,0.8,-2.54691584
1.52,0.8,-2.782883840000001
1.56,0.8,-3.02645504
1.6,0.8,-3.2768000000000033
1.6400000000000001,0.8,-3.533027840000001
1.6800000000000002,0.8,-3.7941862399999993
1.7200000000000002,0.8,-4.059261439999999
1.7600000000000002,0.8,-4.327178240000002
1.8000000000000003,0.8,-4.596800000000002
1.8399999999999999,0.8,-4.866928640000002
1.88,0.8,-5.136304640000001
1.92,0.8,-5.403607039999998
1.96,0.8,-5.667453440000002
2.0,0.8,-5.9264
2.04,0.8,-6.178941440000005
2.08,0.8,-6.423511039999998
2.12,0.8,-6.658480639999996
2.16,0.8,-6.8821606399999995
2.2,0.8,-7.092800000000005
2.24,0.8,-7.288586240000002
2.2800000000000002,0.8,-7.467645439999997
2.3200000000000003,0.8,-7.62804224
2.36,0.8,-7.767779840000003
2.4,0.8,-7.8847999999999985
2.44,0.8,-7.9769830400000075
2.48,0.8,-8.042147840000004
2.52,0.8,-8.078051840000004
2.56,0.8,-8.082391040000013
2.6,0.8,-8.052799999999996
2.64,0.8,-7.986851840000002
2.68,0.8,-7.882058240000003
2.72,0.8,-7.735869439999993
2.7600000000000002,0.8,-7.545674240000011
2.8000000000000003,0.8,-7.308799999999998
2.84,0.8,-7.022512639999992
2.88,0.8,-6.684016640000007
2.92,0.8,-6.290455040000002
2.96,0.8,-5.838909440000003
3.0,0.8,-5.326400000000003
-1.0,0.8400000000000001,4.03975936
-0.96,0.8400000000000001,3.3384499199999986
-0.92,0.8400000000000001,2.6981043200000006
-0.88,0.8400000000000001,2.1157427199999996
-0.84,0.8400000000000001,1.588446719999999
-0.8,0.8400000000000001,1.1133593600000005
-0.76,0.8400000000000001,0.6876851199999998
-0.72,0.8400000000000001,0.30868991999999973
-0.6799999999999999,0.8400000000000001,-0.0262988800000008
-0.64,0.8400000000000001,-0.31989248000000015
-0.6,0.8400000000000001,-0.5746406400000004
-0.56,0.8400000000000001,-0.7930316800000001
-0.52,0.8400000000000001,-0.9774924800000001
-0.48,0.8400000000000001,-1.1303884800000001
-0.43999999999999995,0.8400000000000001,-1.2540236800000004
-0.4,0.8400000000000001,-1.3506406400000002
-0.36,0.8400000000000001,-1.4224204800000004
-0.31999999999999995,0.8400000000000001,-1.4714828800000004
-0.28,0.8400000000000001,-1.4998860800000002
-0.24,0.8400000000000001,-1.5096268800000001
-0.19999999999999996,0.8400000000000001,-1.50264064
-0.16000000000000003,0.8400000000000001,-1.48080128
-0.12,0.8400000000000001,-1.4459212800000003
-0.07999999999999996,0.8400000000000001,-1.39975168
-0.040000000000000036,0.8400000000000001,-1.3439820800000002
0.0,0.8400000000000001,-1.2802406400000002
0.040000000000000036,0.8400000000000001,-1.21009408
0.08000000000000007,0.8400000000000001,-1.1350476800000002
0.1200000000000001,0.8400000000000001,-1.05654528
0.15999999999999992,0.8400000000000001,-0.9759692800000002
0.19999999999999996,0.8400000000000001,-0.8946406400000003
0.24,0.8400000000000001,-0.8138188800000001
0.28,0.8400000000000001,-0.7347020799999999
0.32000000000000006,0.8400000000000001,-0.65842688
0.3600000000000001,0.8400000000000001,-0.5860684799999998
0.40000000000000013,0.8400000000000001,-0.5186406399999998
0.43999999999999995,0.8400000000000001,-0.45709568
0.48,0.8400000000000001,-0.4023244799999999
0.52,0.8400000000000001,-0.3551564800000002
0.56,0.8400000000000001,-0.3163596799999998
0.6000000000000001,0.8400000000000001,-0.2866406400000001
0.6400000000000001,0.8400000000000001,-0.26664447999999985
0.6799999999999999,0.8400000000000001,-0.2569548800000001
0.72,0.8400000000000001,-0.2580940800000002
0.76,0.8400000000000001,-0.2705228799999999
0.8,0.8400000000000001,-0.2946406399999999
0.8400000000000001,0.8400000000000001,-0.3307852800000002
0.8800000000000001,0.8400000000000001,-0.37923328
0.9199999999999999,0.8400000000000001,-0.44019967999999987
0.96,0.8400000000000001,-0.5138380799999998
1.0,0.8400000000000001,-0.6002406399999995
1.04,0.8400000000000001,-0.6994380799999997
1.08,0.8400000000000001,-0.8113996800000003
1.12,0.8400000000000001,-0.93603328
1.1600000000000001,0.8400000000000001,-1.07318528
1.2000000000000002,0.8400000000000001,-1.2226406400000012
1.2400000000000002,0.8400000000000001,-1.384122880000001
1.2800000000000002,0.8400000000000001,-1.5572940800000006
1.3199999999999998,0.8400000000000001,-1.7417548799999993
1.3599999999999999,0.8400000000000001,-1.9370444799999995
1.4,0.8400000000000001,-2.1426406399999984
1.44,0.8400000000000001,-2.3579596800000004
1.48,0.8400000000000001,-2.58235648
1.52,0.8400000000000001,-2.8151244799999997
1.56,0.8400000000000001,-3.0554956799999986
1.6,0.8400000000000001,-3.3026406400000017
1.6400000000000001,0.8400000000000001,-3.5556684799999996
1.6800000000000002,0.8400000000000001,-3.8136268799999997
1.7200000000000002,0.8400000000000001,-4.07550208
1.7600000000000002,0.8400000000000001,-4.340218880000002
1.8000000000000003,0.8400000000000001,-4.606640640000002
1.8399999999999999,0.8400000000000001,-4.87356928
1.88,0.8400000000000001,-5.13974528
1.92,0.8400000000000001,-5.40384768
1.96,0.8400000000000001,-5.664494080000001
2.0,0.8400000000000001,-5.9202406399999985
2.04,0.8400000000000001,-6.169582080000003
2.08,0.8400000000000001,-6.410951679999997
2.12,0.8400000000000001,-6.642721279999995
2.16,0.8400000000000001,-6.863201279999998
2.2,0.8400000000000001,-7.070640640000003
2.24,0.8400000000000001,-7.2632268799999995
2.2800000000000002,0.8400000000000001,-7.439086079999996
2.3200000000000003,0.8400000000000001,-7.596282879999999
2.36,0.8400000000000001,-7.732820480000001
2.4,0.8400000000000001,-7.846640639999997
2.44,0.8400000000000001,-7.935623680000005
2.48,0.8400000000000001,-7.997588480000002
2.52,0.8400000000000001,-8.030292480000004
2.56,0.8400000000000001,-8.031431680000011
2.6,0.8400000000000001,-7.998640639999994
2.64,0.8400000000000001,-7.9294924799999995
2.68,0.8400000000000001,-7.821498880000001
2.72,0.8400000000000001,-7.6721100799999915
2.7600000000000002,0.8400000000000001,-7.478714880000009
2.8000000000000003,0.8400000000000001,-7.238640639999996
2.84,0.8400000000000001,-6.949153279999983
2.88,0.8400000000000001,-6.607457279999998
2.92,0.8400000000000001,-6.210695679999993
2.96,0.8400000000000001,-5.755950079999994
3.0,0.8400000000000001,-5.240240639999994
-1.0,0.8800000000000001,3.795279359999999
-0.96,0.8800000000000001,3.097169919999999
-0.92,0.8800000000000001,2.4600243199999996
-0.88,0.8800000000000001,1.880862719999999
-0.84,0.8800000000000001,1.356766719999999
-0.8,0.8800000000000001,0.8848793599999998
-0.76,0.8800000000000001,0.46240511999999945
-0.72,0.8800000000000001,0.08660991999999923
-0.6799999999999999,0.8800000000000001,-0.245178880000001
-0.64,0.8800000000000001,-0.5355724800000005
-0.6,0.8800000000000001,-0.7871206400000008
-0.56,0.8800000000000001,-1.0023116800000005
-0.52,0.8800000000000001,-1.1835724800000005
-0.48,0.8800000000000001,-1.3332684800000008
-0.43999999999999995,0.8800000000000001,-1.4537036800000007
-0.4,0.8800000000000001,-1.5471206400000006
-0.36,0.8800000000000001,-1.6157004800000005
-0.31999999999999995,0.8800000000000001,-1.6615628800000009
-0.28,0.8800000000000001,-1.6867660800000006
-0.24,0.8800000000000001,-1.6933068800000008
-0.19999999999999996,0.8800000000000001,-1.6831206400000003
-0.16000000000000003,0.8800000000000001,-1.6580812800000007
-0.12,0.8800000000000001,-1.6200012800000005
-0.07999999999999996,0.8800000000000001,-1.5706316800000006
-0.040000000000000036,0.8800000000000001,-1.5116620800000005
0.0,0.8800000000000001,-1.4447206400000006
0.040000000000000036,0.8800000000000001,-1.3713740800000005
0.08000000000000007,0.8800000000000001,-1.2931276800000004
0.1200000000000001,0.8800000000000001,-1.21142528
0.15999999999999992,0.8800000000000001,-1.1276492800000009
0.19999999999999996,0.8800000000000001,-1.0431206400000006
0.24,0.8800000000000001,-0.9590988800000007
0.28,0.8800000000000001,-0.8767820800000004
0.32000000000000006,0.8800000000000001,-0.7973068800000003
0.3600000000000001,0.8800000000000001,-0.7217484800000004
0.40000000000000013,0.8800000000000001,-0.6511206400000001
0.43999999999999995,0.8800000000000001,-0.5863756800000004
0.48,0.8800000000000001,-0.5284044800000004
0.52,0.8800000000000001,-0.47803648000000043
0.56,0.8800000000000001,-0.4360396800000004
0.6000000000000001,0.8800000000000001,-0.40312064000000025
0.6400000000000001,0.8800000000000001,-0.37992448000000056
0.6799999999999999,0.8800000000000001,-0.3670348800000003
0.72,0.8800000000000001,-0.3649740800000003
0.76,0.8800000000000001,-0.37420288000000057
0.8,0.8800000000000001,-0.39512064000000047
0.8400000000000001,0.8800000000000001,-0.4280652800000002
0.8800000000000001,0.8800000000000001,-0.4733132800000006
0.9199999999999999,0.8800000000000001,-0.5310796800000004
0.96,0.8800000000000001,-0.6015180799999997
1.0,0.8800000000000001,-0.6847206400000005
1.04,0.8800000000000001,-0.78071808
1.08,0.8800000000000001,-0.8894796800000004
1.12,0.8800000000000001,-1.010913280000001
1.1600000000000001,0.8800000000000001,-1.1448652800000012
1.2000000000000002,0.8800000000000001,-1.2911206400000013
1.2400000000000002,0.8800000000000001,-1.449402880000001
1.2800000000000002,0.8800000000000001,-1.619374080000001
1.3199999999999998,0.8800000000000001,-1.8006348800000005
1.3599999999999999,0.8800000000000001,-1.9927244800000006
1.4,0.8800000000000001,-2.1951206399999994
1.44,0.8800000000000001,-2.4072396799999995
1.48,0.8800000000000001,-2.628436479999999
1.52,0.8800000000000001,-2.858004480000001
1.56,0.8800000000000001,-3.0951756799999997
1.6,0.8800000000000001,-3.3391206400000026
1.6400000000000001,0.8800000000000001,-3.5889484800000004
1.6800000000000002,0.8800000000000001,-3.8437068799999987
1.7200000000000002,0.8800000000000001,-4.102382079999999
1.7600000000000002,0.8800000000000001,-4.363898880000002
1.8000000000000003,0.8800000000000001,-4.627120640000001
1.8399999999999999,0.8800000000000001,-4.890849280000001
1.88,0.8800000000000001,-5.153825280000001
1.92,0.8800000000000001,-5.414727679999997
1.96,0.8800000000000001,-5.672174080000001
2.0,0.8800000000000001,-5.924720639999999
2.04,0.8800000000000001,-6.1708620800000045
2.08,0.8800000000000001,-6.409031679999998
2.12,0.8800000000000001,-6.637601279999995
2.16,0.8800000000000001,-6.854881279999999
2.2,0.8800000000000001,-7.059120640000004
2.24,0.8800000000000001,-7.248506880000001
2.2800000000000002,0.8800000000000001,-7.421166079999996
2.3200000000000003,0.8800000000000001,-7.57516288
2.36,0.8800000000000001,-7.708500480000002
2.4,0.8800000000000001,-7.819120639999998
2.44,0.8800000000000001,-7.9049036800000065
2.48,0.8800000000000001,-7.963668480000003
2.52,0.8800000000000001,-7.993172480000003
2.56,0.8800000000000001,-7.991111680000013
2.6,0.8800000000000001,-7.955120639999995
2.64,0.8800000000000001,-7.882772480000001
2.68,0.8800000000000001,-7.771578880000002
2.72,0.8800000000000001,-7.618990079999992
2.7600000000000002,0.8800000000000001,-7.4223948800000095
2.8000000000000003,0.8800000000000001,-7.179120639999997
2.84,0.8800000000000001,-6.886433279999991
2.88,0.8800000000000001,-6.541537280000006
2.92,0.8800000000000001,-6.141575680000001
2.96,0.8800000000000001,-5.683630080000001
3.0,0.8800000000000001,-5.164720640000002
-1.0,0.9199999999999999,3.540328960000001
-0.96,0.9199999999999999,2.845419519999999
-0.92,0.9199999999999999,2.2114739200000004
-0.88,0.9199999999999999,1.6355123200000004
-0.84,0.9199999999999999,1.11461632
-0.8,0.9199999999999999,0.6459289600000013
-0.76,0.9199999999999999,0.22665472000000042
-0.72,0.9199999999999999,-0.1459404799999997
-0.6799999999999999,0.9199999999999999,-0.47452928000000005
-0.64,0.9199999999999999,-0.7617228799999994
-0.6,0.9199999999999999,-1.0100710399999997
-0.56,0.9199999999999999,-1.2220620799999993
-0.52,0.9199999999999999,-1.4001228799999996
-0.48,0.9199999999999999,-1.5466188799999998
-0.43999999999999995,0.9199999999999999,-1.6638540799999997
-0.4,0.9199999999999999,-1.7540710399999997
-0.36,0.9199999999999999,-1.8194508799999998
-0.31999999999999995,0.9199999999999999,-1.8621132799999995
-0.28,0.9199999999999999,-1.8841164799999999
-0.24,0.9199999999999999,-1.8874572799999998
-0.19999999999999996,0.9199999999999999,-1.8740710399999996
-0.16000000000000003,0.9199999999999999,-1.8458316799999999
-0.12,0.9199999999999999,-1.8045516799999997
-0.07999999999999996,0.9199999999999999,-1.7519820799999997
-0.040000000000000036,0.9199999999999999,-1.6898124799999998
0.0,0.9199999999999999,-1.6196710399999996
0.040000000000000036,0.9199999999999999,-1.5431244799999997
0.08000000000000007,0.9199999999999999,-1.4616780799999995
0.1200000000000001,0.9199999999999999,-1.3767756799999995
0.15999999999999992,0.9199999999999999,-1.28979968
0.19999999999999996,0.9199999999999999,-1.2020710399999999
0.24,0.9199999999999999,-1.1148492799999998
0.28,0.9199999999999999,-1.0293324799999994
0.32000000000000006,0.9199999999999999,-0.9466572799999996
0.3600000000000001,0.9199999999999999,-0.8678988799999996
0.40000000000000013,0.9199999999999999,-0.7940710399999995
0.43999999999999995,0.9199999999999999,-0.7261260799999998
0.48,0.9199999999999999,-0.6649548799999999
0.52,0.9199999999999999,-0.6113868799999999
0.56,0.9199999999999999,-0.5661900799999995
0.6000000000000001,0.9199999999999999,-0.5300710399999997
0.6400000000000001,0.9199999999999999,-0.5036748799999995
0.6799999999999999,0.9199999999999999,-0.4875852799999998
0.72,0.9199999999999999,-0.48232447999999994
0.76,0.9199999999999999,-0.4883532800000001
0.8,0.9199999999999999,-0.5060710399999997
0.8400000000000001,0.9199999999999999,-0.53581568
0.8800000000000001,0.9199999999999999,-0.5778636800000001
0.9199999999999999,0.9199999999999999,-0.6324300799999998
0.96,0.9199999999999999,-0.6996684799999995
1.0,0.9199999999999999,-0.7796710400000002
1.04,0.9199999999999999,-0.8724684799999995
1.08,0.9199999999999999,-0.9780300799999999
1.12,0.9199999999999999,-1.0962636800000007
1.1600000000000001,0.9199999999999999,-1.2270156799999996
1.2000000000000002,0.9199999999999999,-1.370071040000001
1.2400000000000002,0.9199999999999999,-1.525153280000001
1.2800000000000002,0.9199999999999999,-1.6919244800000004
1.3199999999999998,0.9199999999999999,-1.8699852799999994
1.3599999999999999,0.9199999999999999,-2.058874880000001
1.4,0.9199999999999999,-2.258071039999998
1.44,0.9199999999999999,-2.4669900800000004
1.48,0.9199999999999999,-2.68498688
1.52,0.9199999999999999,-2.9113548800000015
1.56,0.9199999999999999,-3.1453260800000002
1.6,0.9199999999999999,-3.3860710400000036
1.6400000000000001,0.9199999999999999,-3.6326988800000013
1.6800000000000002,0.9199999999999999,-3.8842572799999995
1.7200000000000002,0.9199999999999999,-4.139732479999999
1.7600000000000002,0.9199999999999999,-4.398049280000002
1.8000000000000003,0.9199999999999999,-4.658071040000002
1.8399999999999999,0.9199999999999999,-4.918599679999999
1.88,0.9199999999999999,-5.1783756799999985
1.92,0.9199999999999999,-5.436078079999998
1.96,0.9199999999999999,-5.690324479999998
2.0,0.9199999999999999,-5.93967104
2.04,0.9199999999999999,-6.182612480000006
2.08,0.9199999999999999,-6.417582079999999
2.12,0.9199999999999999,-6.642951679999996
2.16,0.9199999999999999,-6.8570316799999995
2.2,0.9199999999999999,-7.058071040000005
2.24,0.9199999999999999,-7.244257280000002
2.2800000000000002,0.9199999999999999,-7.413716479999998
2.3200000000000003,0.9199999999999999,-7.56451328
2.36,0.9199999999999999,-7.694650880000003
2.4,0.9199999999999999,-7.802071039999995
2.44,0.9199999999999999,-7.884654080000004
2.48,0.9199999999999999,-7.940218880000001
2.52,0.9199999999999999,-7.96652288
2.56,0.9199999999999999,-7.96126208000001
2.6,0.9199999999999999,-7.9220710399999925
2.64,0.9199999999999999,-7.846522879999998
2.68,0.9199999999999999,-7.73212928
2.72,0.9199999999999999,-7.576340479999989
2.7600000000000002,0.9199999999999999,-7.376545280000007
2.8000000000000003,0.9199999999999999,-7.1300710399999945
2.84,0.9199999999999999,-6.834183679999996
2.88,0.9199999999999999,-6.486087680000011
2.92,0.9199999999999999,-6.082926080000005
2.96,0.9199999999999999,-5.621780480000006
3.0,0.9199999999999999,-5.099671040000008
-1.0,0.96,3.2751385600000003
-0.96,0.96,2.5834291199999995
-0.92,0.96,1.9526835200000008
-0.88,0.96,1.3799219200000006
-0.84,0.96,0.8622259199999995
-0.8,0.96,0.3967385600000011
-0.76,0.96,-0.019335679999999966
-0.72,0.96,-0.38873087999999956
-0.6799999999999999,0.96,-0.7141196800000003
-0.64,0.96,-0.9981132799999998
-0.6,0.96,-1.24326144
-0.56,0.96,-1.4520524799999994
-0.52,0.96,-1.6269132799999997
-0.48,0.96,-1.77020928
-0.43999999999999995,0.96,-1.88424448
-0.4,0.96,-1.9712614399999997
-0.36,0.96,-2.03344128
-0.31999999999999995,0.96,-2.0729036799999996
-0.28,0.96,-2.09170688
-0.24,0.96,-2.09184768
-0.19999999999999996,0.96,-2.07526144
-0.16000000000000003,0.96,-2.0438220799999995
-0.12,0.96,-1.99934208
-0.07999999999999996,0.96,-1.9435724799999998
-0.040000000000000036,0.96,-1.8782028799999997
0.0,0.96,-1.8048614399999998
0.040000000000000036,0.96,-1.7251148799999998
0.08000000000000007,0.96,-1.6404684799999998
0.1200000000000001,0.96,-1.5523660799999996
0.15999999999999992,0.96,-1.4621900799999998
0.19999999999999996,0.96,-1.37126144
0.24,0.96,-1.2808396799999997
0.28,0.96,-1.1921228799999997
0.32000000000000006,0.96,-1.1062476799999998
0.3600000000000001,0.96,-1.0242892799999996
0.40000000000000013,0.96,-0.9472614399999997
0.43999999999999995,0.96,-0.8761164799999998
0.48,0.96,-0.81174528
0.52,0.96,-0.7549772800000001
0.56,0.96,-0.7065804799999995
0.6000000000000001,0.96,-0.6672614399999999
0.6400000000000001,0.96,-0.6376652799999998
0.6799999999999999,0.96,-0.61837568
0.72,0.96,-0.60991488
0.76,0.96,-0.6127436800000003
0.8,0.96,-0.6272614399999998
0.8400000000000001,0.96,-0.6538060799999998
0.8800000000000001,0.96,-0.6926540800000003
0.9199999999999999,0.96,-0.7440204799999994
0.96,0.96,-0.8080588799999999
1.0,0.96,-0.8848614399999999
1.04,0.96,-0.9744588800000002
1.08,0.96,-1.0768204799999999
1.12,0.96,-1.1918540800000001
1.1600000000000001,0.96,-1.3194060800000003
1.2000000000000002,0.96,-1.4592614400000006
1.2400000000000002,0.96,-1.6111436800000005
1.2800000000000002,0.96,-1.7747148800000012
1.3199999999999998,0.96,-1.9495756799999997
1.3599999999999999,0.96,-2.135265280000001
1.4,0.96,-2.3312614399999996
1.44,0.96,-2.53698048
1.48,0.96,-2.7517772799999998
1.52,0.96,-2.974945280000001
1.56,0.96,-3.20571648
1.6,0.96,-3.4432614400000032
1.6400000000000001,0.96,-3.686689280000001
1.6800000000000002,0.96,-3.9350476799999994
1.7200000000000002,0.96,-4.187322879999999
1.7600000000000002,0.96,-4.4424396800000014
1.8000000000000003,0.96,-4.699261440000002
1.8399999999999999,0.96,-4.956590080000002
1.88,0.96,-5.2131660800000015
1.92,0.96,-5.467668479999998
1.96,0.96,-5.718714880000002
2.0,0.96,-5.96486144
2.04,0.96,-6.204602880000005
2.08,0.96,-6.436372479999998
2.12,0.96,-6.658542079999996
2.16,0.96,-6.86942208
2.2,0.96,-7.067261440000005
2.24,0.96,-7.250247680000001
2.2800000000000002,0.96,-7.416506879999997
2.3200000000000003,0.96,-7.56410368
2.36,0.96,-7.691041280000003
2.4,0.96,-7.795261439999995
2.44,0.96,-7.874644480000003
2.48,0.96,-7.92700928
2.52,0.96,-7.95011328
2.56,0.96,-7.94165248000001
2.6,0.96,-7.899261439999992
2.64,0.96,-7.8205132799999975
2.68,0.96,-7.702919679999999
2.72,0.96,-7.543930879999989
2.7600000000000002,0.96,-7.340935680000007
2.8000000000000003,0.96,-7.091261439999994
2.84,0.96,-6.792174079999988
2.88,0.96,-6.440878080000004
2.92,0.96,-6.034516479999998
2.96,0.96,-5.570170879999999
3.0,0.96,-5.04486144
-1.0,1.0,3.0
-0.96,1.0,2.3114905599999993
-0.92,1.0,1.6839449600000005
-0.88,1.0,1.1143833599999995
-0.84,1.0,0.5998873599999992
-0.8,1.0,0.13760000000000083
-0.76,1.0,-0.2752742400000001
-0.72,1.0,-0.6414694399999998
-0.6799999999999999,1.0,-0.9636582400000004
-0.64,1.0,-1.24445184
-0.6,1.0,-1.4864000000000002
-0.56,1.0,-1.69199104
-0.52,1.0,-1.8636518399999997
-0.48,1.0,-2.00374784
-0.43999999999999995,1.0,-2.1145830400000003
-0.4,1.0,-2.1984
-0.36,1.0,-2.2573798400000005
-0.31999999999999995,1.0,-2.2936422400000005
-0.28,1.0,-2.3092454399999998
-0.24,1.0,-2.3061862399999997
-0.19999999999999996,1.0,-2.2864
-0.16000000000000003,1.0,-2.2517606399999996
-0.12,1.0,-2.20408064
-0.07999999999999996,1.0,-2.1451110399999997
-0.040000000000000036,1.0,-2.0765414399999997
0.0,1.0,-2.0
0.040000000000000036,1.0,-1.9170534399999997
0.08000000000000007,1.0,-1.82920704
0.1200000000000001,1.0,-1.7379046399999993
0.15999999999999992,1.0,-1.64452864
0.19999999999999996,1.0,-1.5504000000000002
0.24,1.0,-1.45677824
0.28,1.0,-1.3648614399999999
0.32000000000000006,1.0,-1.27578624
0.3600000000000001,1.0,-1.1906278399999997
0.40000000000000013,1.0,-1.1103999999999998
0.43999999999999995,1.0,-1.03605504
0.48,1.0,-0.9684838400000002
0.52,1.0,-0.9085158399999997
0.56,1.0,-0.8569190400000002
0.6000000000000001,1.0,-0.8144
0.6400000000000001,1.0,-0.7816038399999998
0.6799999999999999,1.0,-0.7591142400000002
0.72,1.0,-0.7474534400000001
0.76,1.0,-0.7470822400000006
0.8,1.0,-0.7584
0.8400000000000001,1.0,-0.7817446399999999
0.8800000000000001,1.0,-0.8173926400000004
0.9199999999999999,1.0,-0.8655590399999995
0.96,1.0,-0.9263974400000001
1.0,1.0,-1.0
1.04,1.0,-1.0863974400000003
1.08,1.0,-1.1855590399999998
1.12,1.0,-1.2973926400000004
1.1600000000000001,1.0,-1.4217446400000004
1.2000000000000002,1.0,-1.5584000000000007
1.2400000000000002,1.0,-1.7070822400000019
1.2800000000000002,1.0,-1.8674534400000002
1.3199999999999998,1.0,-2.03911424
1.3599999999999999,1.0,-2.221603840000001
1.4,1.0,-2.414399999999998
1.44,1.0,-2.61691904
1.48,1.0,-2.8285158399999997
1.52,1.0,-3.048483840000001
1.56,1.0,-3.27605504
1.6,1.0,-3.5104000000000015
1.6400000000000001,1.0,-3.750627839999999
1.6800000000000002,1.0,-3.9957862399999993
1.7200000000000002,1.0,-4.244861439999999
1.7600000000000002,1.0,-4.496778240000002
1.8000000000000003,1.0,-4.750400000000002
1.8399999999999999,1.0,-5.00452864
1.88,1.0,-5.257904640000001
1.92,1.0,-5.509207039999998
1.96,1.0,-5.757053440000002
2.0,1.0,-6.0
2.04,1.0,-6.236541440000005
2.08,1.0,-6.465111039999998
2.12,1.0,-6.684080639999996
2.16,1.0,-6.891760639999999
2.2,1.0,-7.086400000000005
2.24,1.0,-7.2661862400000015
2.2800000000000002,1.0,-7.429245439999997
2.3200000000000003,1.0,-7.57364224
2.36,1.0,-7.697379839999999
2.4,1.0,-7.798399999999995
2.44,1.0,-7.874583040000004
2.48,1.0,-7.92374784
2.52,1.0,-7.94365184
2.56,1.0,-7.9319910400000095
2.6,1.0,-7.886399999999992
2.64,1.0,-7.804451839999998
2.68,1.0,-7.683658239999999
2.72,1.0,-7.521469439999989
2.7600000000000002,1.0,-7.315274240000007
2.8000000000000003,1.0,-7.062399999999994
2.84,1.0,-6.7601126399999885
2.88,1.0,-6.405616640000003
2.92,1.0,-5.996055039999998
2.96,1.0,-5.528509439999999
3.0,1.0,-5.0
-1.0,1.04,2.71526656
-0.96,1.04,2.0299571199999993
-0.92,1.04,1.40561152
-0.88,1.04,0.8392499199999999
-0.84,1.04,0.327953919999999
-0.8,1.04,-0.13113343999999927
-0.76,1.04,-0.5408076799999997
-0.72,1.04,-0.9038028800000004
-0.6799999999999999,1.04,-1.2227916800000005
-0.64,1.04,-1.5003852799999997
-0.6,1.04,-1.7391334400000003
-0.56,1.04,-1.94152448
-0.52,1.04,-2.10998528
-0.48,1.04,-2.24688128
-0.43999999999999995,1.04,-2.35451648
-0.4,1.04,-2.43513344
-0.36,1.04,-2.4909132800000005
-0.31999999999999995,1.04,-2.5239756800000004
-0.28,1.04,-2.53637888
-0.24,1.04,-2.53011968
-0.19999999999999996,1.04,-2.50713344
-0.16000000000000003,1.04,-2.46929408
-0.12,1.04,-2.4184140800000002
-0.07999999999999996,1.04,-2.35624448
-0.040000000000000036,1.04,-2.2844748800000003
0.0,1.04,-2.20473344
0.040000000000000036,1.04,-2.1185868799999996
0.08000000000000007,1.04,-2.02754048
0.1200000000000001,1.04,-1.9330380799999995
0.15999999999999992,1.04,-1.83646208
0.19999999999999996,1.04,-1.7391334400000003
0.24,1.04,-1.6423116799999997
0.28,1.04,-1.5471948800000004
0.32000000000000006,1.04,-1.45491968
0.3600000000000001,1.04,-1.3665612799999995
0.40000000000000013,1.04,-1.2831334399999998
0.43999999999999995,1.04,-1.2055884799999999
0.48,1.04,-1.1348172800000003
0.52,1.04,-1.0716492799999997
0.56,1.04,-1.0168524800000003
0.6000000000000001,1.04,-0.97113344
0.6400000000000001,1.04,-0.9351372799999997
0.6799999999999999,1.04,-0.9094476800000002
0.72,1.04,-0.8945868800000001
0.76,1.04,-0.8910156800000006
0.8,1.04,-0.89913344
0.8400000000000001,1.04,-0.9192780799999998
0.8800000000000001,1.04,-0.9517260800000005
0.9199999999999999,1.04,-0.9966924799999994
0.96,1.04,-1.0543308800000002
1.0,1.04,-1.12473344
1.04,1.04,-1.2079308800000002
1.08,1.04,-1.3038924799999996
1.12,1.04,-1.4125260800000006
1.1600000000000001,1.04,-1.5336780799999996
1.2000000000000002,1.04,-1.6671334400000006
1.2400000000000002,1.04,-1.8126156800000017
1.2800000000000002,1.04,-1.96978688
1.3199999999999998,1.04,-2.13824768
1.3599999999999999,1.04,-2.3175372799999994
1.4,1.04,-2.507133439999998
1.44,1.04,-2.70645248
1.48,1.04,-2.9148492799999994
1.52,1.04,-3.1316172800000013
1.56,1.04,-3.3559884799999984
1.6,1.04,-3.5871334400000014
1.6400000000000001,1.04,-3.824161279999999
1.6800000000000002,1.04,-4.066119679999999
1.7200000000000002,1.04,-4.311994879999999
1.7600000000000002,1.04,-4.5607116800000025
1.8000000000000003,1.04,-4.811133440000002
1.8399999999999999,1.04,-5.0620620800000005
1.88,1.04,-5.312238079999999
1.92,1.04,-5.56034048
1.96,1.04,-5.8049868799999995
2.0,1.04,-6.044733439999998
2.04,1.04,-6.278074880000004
2.08,1.04,-6.503444479999996
2.12,1.04,-6.719214079999994
2.16,1.04,-6.923694079999997
2.2,1.04,-7.115133440000003
2.24,1.04,-7.29171968
2.2800000000000002,1.04,-7.451578879999995
2.3200000000000003,1.04,-7.592775679999998
2.36,1.04,-7.713313280000004
2.4,1.04,-7.811133439999993
2.44,1.04,-7.884116480000002
2.48,1.04,-7.930081279999998
2.52,1.04,-7.9467852799999985
2.56,1.04,-7.931924480000007
2.6,1.04,-7.88313343999999
2.64,1.04,-7.797985279999996
2.68,1.04,-7.673991679999997
2.72,1.04,-7.508602879999987
2.7600000000000002,1.04,-7.299207680000005
2.8000000000000003,1.04,-7.043133439999992
2.84,1.04,-6.737646079999994
2.88,1.04,-6.379950080000008
2.92,1.04,-5.9671884800000035
2.96,1.04,-5.496442880000004
3.0,1.04,-4.964733440000005
-1.0,1.08,2.42135296
-0.96,1.08,1.7392435199999992
-0.92,1.08,1.1180979200000005
-0.88,1.08,0.5549363199999997
-0.84,1.08,0.04684031999999916
-0.8,1.08,-0.4090470399999995
-0.76,1.08,-0.81552128
-0.72,1.08,-1.1753164800000007
-0.6799999999999999,1.08,-1.4911052800000006
-0.64,1.08,-1.76549888
-0.6,1.08,-2.00104704
-0.56,1.08,-2.2002380799999997
-0.52,1.08,-2.36549888
-0.48,1.08,-2.49919488
-0.43999999999999995,1.08,-2.6036300800000003
-0.4,1.08,-2.6810470399999997
-0.36,1.08,-2.7336268800000005
-0.31999999999999995,1.08,-2.76348928
-0.28,1.08,-2.77269248
-0.24,1.08,-2.7632332799999997
-0.19999999999999996,1.08,-2.7370470399999998
-0.16000000000000003,1.08,-2.6960076799999997
-0.12,1.08,-2.64192768
-0.07999999999999996,1.08,-2.57655808
-0.040000000000000036,1.08,-2.50158848
0.0,1.08,-2.4186470399999997
0.040000000000000036,1.08,-2.3293004799999997
0.08000000000000007,1.08,-2.2350540800000003
0.1200000000000001,1.08,-2.1373516799999996
0.15999999999999992,1.08,-2.03757568
0.19999999999999996,1.08,-1.93704704
0.24,1.08,-1.83702528
0.28,1.08,-1.7387084800000001
0.32000000000000006,1.08,-1.64323328
0.3600000000000001,1.08,-1.5516748799999995
0.40000000000000013,1.08,-1.4650470399999995
0.43999999999999995,1.08,-1.38430208
0.48,1.08,-1.31033088
0.52,1.08,-1.2439628799999998
0.56,1.08,-1.1859660799999998
0.6000000000000001,1.08,-1.1370470399999997
0.6400000000000001,1.08,-1.0978508799999995
0.6799999999999999,1.08,-1.0689612800000003
0.72,1.08,-1.0509004799999997
0.76,1.08,-1.0441292800000002
0.8,1.08,-1.04904704
0.8400000000000001,1.08,-1.0659916799999996
0.8800000000000001,1.08,-1.0952396800000002
0.9199999999999999,1.08,-1.13700608
0.96,1.08,-1.19144448
1.0,1.08,-1.2586470399999996
1.04,1.08,-1.3386444799999997
1.08,1.08,-1.4314060799999995
1.12,1.08,-1.53683968
1.1600000000000001,1.08,-1.6547916799999998
1.2000000000000002,1.08,-1.7850470400000011
1.2400000000000002,1.08,-1.9273292800000013
1.2800000000000002,1.08,-2.08130048
1.3199999999999998,1.08,-2.2465612799999994
1.3599999999999999,1.08,-2.422650880000001
1.4,1.08,-2.609047039999999
1.44,1.08,-2.8051660799999993
1.48,1.08,-3.0103628799999993
1.52,1.08,-3.2239308800000006
1.56,1.08,-3.44510208
1.6,1.08,-3.673047040000003
1.6400000000000001,1.08,-3.90687488
1.6800000000000002,1.08,-4.145633279999998
1.7200000000000002,1.08,-4.388308479999997
1.7600000000000002,1.08,-4.633825280000002
1.8000000000000003,1.08,-4.881047040000001
1.8399999999999999,1.08,-5.128775680000001
1.88,1.08,-5.3757516800000005
1.92,1.08,-5.620654079999998
1.96,1.08,-5.862100480000001
2.0,1.08,-6.0986470399999995
2.04,1.08,-6.3287884800000045
2.08,1.08,-6.550958079999997
2.12,1.08,-6.763527679999996
2.16,1.08,-6.964807679999999
2.2,1.08,-7.153047040000004
2.24,1.08,-7.326433280000001
2.2800000000000002,1.08,-7.483092479999996
2.3200000000000003,1.08,-7.62108928
2.36,1.08,-7.738426880000002
2.4,1.08,-7.833047039999998
2.44,1.08,-7.902830080000006
2.48,1.08,-7.9455948800000025
2.52,1.08,-7.9590988800000035
2.56,1.08,-7.941038080000013
2.6,1.08,-7.889047039999995
2.64,1.08,-7.800698880000001
2.68,1.08,-7.673505280000001
2.72,1.08,-7.504916479999992
2.7600000000000002,1.08,-7.29232128000001
2.8000000000000003,1.08,-7.033047039999997
2.84,1.08,-6.724359679999991
2.88,1.08,-6.363463680000006
2.92,1.08,-5.947502080000001
2.96,1.08,-5.473556480000002
3.0,1.08,-4.938647040000003
-1.0,1.12,2.1187353599999987
-0.96,1.12,1.4398259199999983
-0.92,1.12,0.8218803199999991
-0.88,1.12,0.26191871999999816
-0.84,1.12,-0.2429772800000023
-0.8,1.12,-0.69566464
-0.76,1.12,-1.0989388800000013
-0.72,1.12,-1.455534080000001
-0.6799999999999999,1.12,-1.7681228800000017
-0.64,1.12,-2.0393164800000014
-0.6,1.12,-2.2716646400000013
-0.56,1.12,-2.467655680000001
-0.52,1.12,-2.6297164800000012
-0.48,1.12,-2.760212480000001
-0.43999999999999995,1.12,-2.8614476800000013
-0.4,1.12,-2.9356646400000006
-0.36,1.12,-2.9850444800000013
-0.31999999999999995,1.12,-3.0117068800000015
-0.28,1.12,-3.017710080000001
-0.24,1.12,-3.0050508800000006
-0.19999999999999996,1.12,-2.975664640000001
-0.16000000000000003,1.12,-2.931425280000001
-0.12,1.12,-2.8741452800000014
-0.07999999999999996,1.12,-2.805575680000001
-0.040000000000000036,1.12,-2.727406080000001
0.0,1.12,-2.641264640000001
0.040000000000000036,1.12,-2.548718080000001
0.08000000000000007,1.12,-2.451271680000001
0.1200000000000001,1.12,-2.3503692800000007
0.15999999999999992,1.12,-2.2473932800000007
0.19999999999999996,1.12,-2.1436646400000012
0.24,1.12,-2.0404428800000005
0.28,1.12,-1.9389260800000012
0.32000000000000006,1.12,-1.840250880000001
0.3600000000000001,1.12,-1.7454924800000002
0.40000000000000013,1.12,-1.6556646400000008
0.43999999999999995,1.12,-1.571719680000001
0.48,1.12,-1.494548480000001
0.52,1.12,-1.4249804800000008
0.56,1.12,-1.3637836800000012
0.6000000000000001,1.12,-1.311664640000001
0.6400000000000001,1.12,-1.2692684800000007
0.6799999999999999,1.12,-1.237178880000001
0.72,1.12,-1.2159180800000011
0.76,1.12,-1.2059468800000015
0.8,1.12,-1.2076646400000013
0.8400000000000001,1.12,-1.2214092800000007
0.8800000000000001,1.12,-1.2474572800000012
0.9199999999999999,1.12,-1.2860236800000004
0.96,1.12,-1.3372620800000008
1.0,1.12,-1.4012646400000008
1.04,1.12,-1.4780620800000013
1.08,1.12,-1.5676236800000005
1.12,1.12,-1.6698572800000009
1.1600000000000001,1.12,-1.7846092800000006
1.2000000000000002,1.12,-1.9116646400000015
1.2400000000000002,1.12,-2.0507468800000024
1.2800000000000002,1.12,-2.201518080000001
1.3199999999999998,1.12,-2.363578880000001
1.3599999999999999,1.12,-2.53646848
1.4,1.12,-2.7196646399999986
1.44,1.12,-2.912583680000001
1.48,1.12,-3.1145804800000003
1.52,1.12,-3.324948480000002
1.56,1.12,-3.542919679999999
1.6,1.12,-3.7676646400000022
1.6400000000000001,1.12,-3.99829248
1.6800000000000002,1.12,-4.23385088
1.7200000000000002,1.12,-4.473326080000001
1.7600000000000002,1.12,-4.7156428800000025
1.8000000000000003,1.12,-4.959664640000002
1.8399999999999999,1.12,-5.204193280000001
1.88,1.12,-5.447969280000001
1.92,1.12,-5.6896716799999965
1.96,1.12,-5.92791808
2.0,1.12,-6.161264640000002
2.04,1.12,-6.388206080000004
2.08,1.12,-6.607175680000001
2.12,1.12,-6.816545279999998
2.16,1.12,-7.014625279999998
2.2,1.12,-7.1996646400000035
2.24,1.12,-7.369850880000004
2.2800000000000002,1.12,-7.523310079999996
2.3200000000000003,1.12,-7.658106879999998
2.36,1.12,-7.772244480000001
2.4,1.12,-7.863664639999997
2.44,1.12,-7.930247680000006
2.48,1.12,-7.9698124800000025
2.52,1.12,-7.980116480000002
2.56,1.12,-7.958855680000012
2.6,1.12,-7.903664639999994
2.64,1.12,-7.81211648
2.68,1.12,-7.6817228800000015
2.72,1.12,-7.509934079999991
2.7600000000000002,1.12,-7.294138880000009
2.8000000000000003,1.12,-7.031664639999996
2.84,1.12,-6.719777279999984
2.88,1.12,-6.355681279999999
2.92,1.12,-5.936519679999993
2.96,1.12,-5.459374079999994
3.0,1.12,-4.921264639999995
-1.0,1.1600000000000001,1.8079513599999988
-0.96,1.1600000000000001,1.1322419199999976
-0.92,1.1600000000000001,0.5174963199999993
-0.88,1.1600000000000001,-0.039265280000000846
-0.84,1.1600000000000001,-0.5409612800000012
-0.8,1.1600000000000001,-0.9904486400000008
-0.76,1.1600000000000001,-1.390522880000001
-0.72,1.1600000000000001,-1.743918080000001
-0.6799999999999999,1.1600000000000001,-2.053306880000001
-0.64,1.1600000000000001,-2.3213004800000006
-0.6,1.1600000000000001,-2.5504486400000013
-0.56,1.1600000000000001,-2.7432396800000007
-0.52,1.1600000000000001,-2.9021004800000005
-0.48,1.1600000000000001,-3.029396480000001
-0.43999999999999995,1.1600000000000001,-3.127431680000001
-0.4,1.1600000000000001,-3.1984486400000005
-0.36,1.1600000000000001,-3.2446284800000007
-0.31999999999999995,1.1600000000000001,-3.268090880000001
-0.28,1.1600000000000001,-3.2708940800000006
-0.24,1.1600000000000001,-3.2550348800000006
-0.19999999999999996,1.1600000000000001,-3.2224486400000005
-0.16000000000000003,1.1600000000000001,-3.1750092800000007
-0.12,1.1600000000000001,-3.1145292800000006
-0.07999999999999996,1.1600000000000001,-3.042759680000001
-0.040000000000000036,1.1600000000000001,-2.9613900800000006
0.0,1.1600000000000001,-2.872048640000001
0.040000000000000036,1.1600000000000001,-2.7763020800000007
0.08000000000000007,1.1600000000000001,-2.6756556800000006
0.1200000000000001,1.1600000000000001,-2.5715532800000003
0.15999999999999992,1.1600000000000001,-2.4653772800000007
0.19999999999999996,1.1600000000000001,-2.3584486400000007
0.24,1.1600000000000001,-2.2520268800000003
0.28,1.1600000000000001,-2.1473100800000005
0.32000000000000006,1.1600000000000001,-2.04543488
0.3600000000000001,1.1600000000000001,-1.9474764800000002
0.40000000000000013,1.1600000000000001,-1.8544486400000002
0.43999999999999995,1.1600000000000001,-1.7673036800000008
0.48,1.1600000000000001,-1.6869324800000005
0.52,1.1600000000000001,-1.6141644800000006
0.56,1.1600000000000001,-1.54976768
0.6000000000000001,1.1600000000000001,-1.4944486400000003
0.6400000000000001,1.1600000000000001,-1.4488524800000004
0.6799999999999999,1.1600000000000001,-1.4135628800000004
0.72,1.1600000000000001,-1.389102080000001
0.76,1.1600000000000001,-1.3759308800000003
0.8,1.1600000000000001,-1.374448640000001
0.8400000000000001,1.1600000000000001,-1.3849932800000004
0.8800000000000001,1.1600000000000001,-1.4078412800000013
0.9199999999999999,1.1600000000000001,-1.44320768
0.96,1.1600000000000001,-1.4912460800000007
1.0,1.1600000000000001,-1.5520486400000006
1.04,1.1600000000000001,-1.6256460799999997
1.08,1.1600000000000001,-1.7120076800000001
1.12,1.1600000000000001,-1.8110412800000004
1.1600000000000001,1.1600000000000001,-1.9225932800000005
1.2000000000000002,1.1600000000000001,-2.0464486400000013
1.2400000000000002,1.1600000000000001,-2.1823308800000025
1.2800000000000002,1.1600000000000001,-2.3299020800000005
1.3199999999999998,1.1600000000000001,-2.488762880000001
1.3599999999999999,1.1600000000000001,-2.65845248
1.4,1.1600000000000001,-2.8384486399999984
1.44,1.1600000000000001,-3.0281676800000006
1.48,1.1600000000000001,-3.2269644800000004
1.52,1.1600000000000001,-3.4341324800000015
1.56,1.1600000000000001,-3.6489036799999988
1.6,1.1600000000000001,-3.870448640000002
1.6400000000000001,1.1600000000000001,-4.09787648
1.6800000000000002,1.1600000000000001,-4.330234879999999
1.7200000000000002,1.1600000000000001,-4.566510079999997
1.7600000000000002,1.1600000000000001,-4.805626880000001
1.8000000000000003,1.1600000000000001,-5.04644864
1.8399999999999999,1.1600000000000001,-5.28777728
1.88,1.1600000000000001,-5.52835328
1.92,1.1600000000000001,-5.766855679999996
1.96,1.1600000000000001,-6.001902080000001
2.0,1.1600000000000001,-6.232048640000002
2.04,1.1600000000000001,-6.455790080000007
2.08,1.1600000000000001,-6.6715596800000005
2.12,1.1600000000000001,-6.877729279999998
2.16,1.1600000000000001,-7.072609280000002
2.2,1.1600000000000001,-7.254448640000007
2.24,1.1600000000000001,-7.421434880000003
2.2800000000000002,1.1600000000000001,-7.571694079999999
2.3200000000000003,1.1600000000000001,-7.703290880000002
2.36,1.1600000000000001,-7.814228480000005
2.4,1.1600000000000001,-7.902448639999993
2.44,1.1600000000000001,-7.965831680000002
2.48,1.1600000000000001,-8.002196479999999
2.52,1.1600000000000001,-8.009300479999999
2.56,1.1600000000000001,-7.984839680000008
2.6,1.1600000000000001,-7.9264486399999905
2.64,1.1600000000000001,-7.831700479999996
2.68,1.1600000000000001,-7.698106879999997
2.72,1.1600000000000001,-7.523118079999987
2.7600000000000002,1.1600000000000001,-7.304122880000006
2.8000000000000003,1.1600000000000001,-7.038448639999992
2.84,1.1600000000000001,-6.723361279999994
2.88,1.1600000000000001,-6.356065280000009
2.92,1.1600000000000001,-5.933703680000003
2.96,1.1600000000000001,-5.4533580800000045
3.0,1.1600000000000001,-4.912048640000005
-1.0,1.2000000000000002,1.4895999999999976
-0.96,1.2000000000000002,0.8170905599999974
-0.92,1.2000000000000002,0.2055449599999979
-0.88,1.2000000000000002,-0.3480166400000022
-0.84,1.2000000000000002,-0.8465126400000023
-0.8,1.2000000000000002,-1.292800000000001
-0.76,1.2000000000000002,-1.6896742400000015
-0.72,1.2000000000000002,-2.039869440000002
-0.6799999999999999,1.2000000000000002,-2.3460582400000023
-0.64,1.2000000000000002,-2.6108518400000014
-0.6,1.2000000000000002,-2.836800000000002
-0.56,1.2000000000000002,-3.026391040000002
-0.52,1.2000000000000002,-3.1820518400000015
-0.48,1.2000000000000002,-3.3061478400000017
-0.43999999999999995,1.2000000000000002,-3.400983040000002
-0.4,1.2000000000000002,-3.4688000000000017
-0.36,1.2000000000000002,-3.5117798400000018
-0.31999999999999995,1.2000000000000002,-3.5320422400000018
-0.28,1.2000000000000002,-3.531645440000002
-0.24,1.2000000000000002,-3.512586240000002
-0.19999999999999996,1.2000000000000002,-3.4768000000000017
-0.16000000000000003,1.2000000000000002,-3.4261606400000018
-0.12,1.2000000000000002,-3.362480640000002
-0.07999999999999996,1.2000000000000002,-3.2875110400000014
-0.040000000000000036,1.2000000000000002,-3.202941440000002
0.0,1.2000000000000002,-3.1104000000000016
0.040000000000000036,1.2000000000000002,-3.0114534400000013
0.08000000000000007,1.2000000000000002,-2.907607040000001
0.1200000000000001,1.2000000000000002,-2.800304640000001
0.15999999999999992,1.2000000000000002,-2.6909286400000014
0.19999999999999996,1.2000000000000002,-2.5808000000000018
0.24,1.2000000000000002,-2.4711782400000013
0.28,1.2000000000000002,-2.3632614400000014
0.32000000000000006,1.2000000000000002,-2.2581862400000015
0.3600000000000001,1.2000000000000002,-2.157027840000001
0.40000000000000013,1.2000000000000002,-2.0608000000000013
0.43999999999999995,1.2000000000000002,-1.9704550400000018
0.48,1.2000000000000002,-1.8868838400000012
0.52,1.2000000000000002,-1.8109158400000016
0.56,1.2000000000000002,-1.7433190400000012
0.6000000000000001,1.2000000000000002,-1.6848000000000014
0.6400000000000001,1.2000000000000002,-1.6360038400000012
0.6799999999999999,1.2000000000000002,-1.5975142400000015
0.72,1.2000000000000002,-1.569853440000001
0.76,1.2000000000000002,-1.5534822400000015
0.8,1.2000000000000002,-1.5488000000000013
0.8400000000000001,1.2000000000000002,-1.5561446400000016
0.8800000000000001,1.2000000000000002,-1.5757926400000013
0.9199999999999999,1.2000000000000002,-1.6079590400000012
0.96,1.2000000000000002,-1.652797440000001
1.0,1.2000000000000002,-1.7104000000000017
1.04,1.2000000000000002,-1.7807974400000006
1.08,1.2000000000000002,-1.863959040000001
1.12,1.2000000000000002,-1.9597926400000016
1.1600000000000001,1.2000000000000002,-2.0681446400000016
1.2000000000000002,1.2000000000000002,-2.1888000000000023
1.2400000000000002,1.2000000000000002,-2.3214822400000017
1.2800000000000002,1.2000000000000002,-2.465853440000002
1.3199999999999998,1.2000000000000002,-2.6215142400000015
1.3599999999999999,1.2000000000000002,-2.788003840000001
1.4,1.2000000000000002,-2.9647999999999994
1.44,1.2000000000000002,-3.1513190400000015
1.48,1.2000000000000002,-3.346915840000001
1.52,1.2000000000000002,-3.5508838400000027
1.56,1.2000000000000002,-3.76245504
1.6,1.2000000000000002,-3.980800000000003
1.6400000000000001,1.2000000000000002,-4.2050278400000005
1.6800000000000002,1.2000000000000002,-4.434186240000002
1.7200000000000002,1.2000000000000002,-4.66726144
1.7600000000000002,1.2000000000000002,-4.9031782400000035
1.8000000000000003,1.2000000000000002,-5.140800000000003
1.8399999999999999,1.2000000000000002,-5.378928640000003
1.88,1.2000000000000002,-5.616304639999999
1.92,1.2000000000000002,-5.851607039999999
1.96,1.2000000000000002,-6.0834534399999995
2.0,1.2000000000000002,-6.310399999999998
2.04,1.2000000000000002,-6.5309414400000065
2.08,1.2000000000000002,-6.743511039999996
2.12,1.2000000000000002,-6.946480639999994
2.16,1.2000000000000002,-7.138160640000001
2.2,1.2000000000000002,-7.316800000000006
2.24,1.2000000000000002,-7.480586239999999
2.2800000000000002,1.2000000000000002,-7.6276454399999984
2.3200000000000003,1.2000000000000002,-7.756042240000001
2.36,1.2000000000000002,-7.863779840000004
2.4,1.2000000000000002,-7.948799999999999
2.44,1.2000000000000002,-8.008983040000007
2.48,1.2000000000000002,-8.042147840000005
2.52,1.2000000000000002,-8.046051840000004
2.56,1.2000000000000002,-8.018391040000015
2.6,1.2000000000000002,-7.956799999999997
2.64,1.2000000000000002,-7.8588518400000025
2.68,1.2000000000000002,-7.7220582400000035
2.72,1.2000000000000002,-7.543869439999994
2.7600000000000002,1.2000000000000002,-7.321674240000012
2.8000000000000003,1.2000000000000002,-7.052799999999999
2.84,1.2000000000000002,-6.734512639999993
2.88,1.2000000000000002,-6.364016640000008
2.92,1.2000000000000002,-5.938455040000003
2.96,1.2000000000000002,-5.454909440000003
3.0,1.2000000000000002,-4.9104000000000045
-1.0,1.2400000000000002,1.1643417599999983
-0.96,1.2400000000000002,0.4950323199999973
-0.92,1.2400000000000002,-0.11331328000000207
-0.88,1.2400000000000002,-0.6636748800000021
-0.84,1.2400000000000002,-1.1589708800000025
-0.8,1.2400000000000002,-1.6020582400000012
-0.76,1.2400000000000002,-1.9957324800000016
-0.72,1.2400000000000002,-2.342727680000002
-0.6799999999999999,1.2400000000000002,-2.6457164800000026
-0.64,1.2400000000000002,-2.907310080000002
-0.6,1.2400000000000002,-3.130058240000002
-0.56,1.2400000000000002,-3.3164492800000023
-0.52,1.2400000000000002,-3.4689100800000015
-0.48,1.2400000000000002,-3.5898060800000016
-0.43999999999999995,1.2400000000000002,-3.6814412800000023
-0.4,1.2400000000000002,-3.7460582400000018
-0.36,1.2400000000000002,-3.7858380800000018
-0.31999999999999995,1.2400000000000002,-3.8029004800000017
-0.28,1.2400000000000002,-3.799303680000002
-0.24,1.2400000000000002,-3.777044480000002
-0.19999999999999996,1.2400000000000002,-3.7380582400000018
-0.16000000000000003,1.2400000000000002,-3.6842188800000018
-0.12,1.2400000000000002,-3.617338880000002
-0.07999999999999996,1.2400000000000002,-3.5391692800000016
-0.040000000000000036,1.2400000000000002,-3.451399680000002
0.0,1.2400000000000002,-3.3556582400000017
0.040000000000000036,1.2400000000000002,-3.2535116800000012
0.08000000000000007,1.2400000000000002,-3.146465280000001
0.1200000000000001,1.2400000000000002,-3.0359628800000014
0.15999999999999992,1.2400000000000002,-2.9233868800000016
0.19999999999999996,1.2400000000000002,-2.810058240000002
0.24,1.2400000000000002,-2.6972364800000013
0.28,1.2400000000000002,-2.5861196800000013
0.32000000000000006,1.2400000000000002,-2.4778444800000017
0.3600000000000001,1.2400000000000002,-2.373486080000001
0.40000000000000013,1.2400000000000002,-2.2740582400000013
0.43999999999999995,1.2400000000000002,-2.1805132800000013
0.48,1.2400000000000002,-2.093742080000001
0.52,1.2400000000000002,-2.014574080000002
0.56,1.2400000000000002,-1.943777280000001
0.6000000000000001,1.2400000000000002,-1.8820582400000014
0.6400000000000001,1.2400000000000002,-1.8300620800000016
0.6799999999999999,1.2400000000000002,-1.7883724800000016
0.72,1.2400000000000002,-1.757511680000001
0.76,1.2400000000000002,-1.7379404800000016
0.8,1.2400000000000002,-1.7300582400000013
0.8400000000000001,1.2400000000000002,-1.7342028800000016
0.8800000000000001,1.2400000000000002,-1.7506508800000011
0.9199999999999999,1.2400000000000002,-1.779617280000001
0.96,1.2400000000000002,-1.8212556800000006
1.0,1.2400000000000002,-1.8756582400000017
1.04,1.2400000000000002,-1.9428556800000005
1.08,1.2400000000000002,-2.022817280000001
1.12,1.2400000000000002,-2.1154508800000014
1.1600000000000001,1.2400000000000002,-2.2206028800000017
1.2000000000000002,1.2400000000000002,-2.3380582400000023
1.2400000000000002,1.2400000000000002,-2.4675404800000034
1.2800000000000002,1.2400000000000002,-2.6087116800000016
1.3199999999999998,1.2400000000000002,-2.7611724800000017
1.3599999999999999,1.2400000000000002,-2.924462080000001
1.4,1.2400000000000002,-3.0980582399999994
1.44,1.2400000000000002,-3.2813772799999996
1.48,1.2400000000000002,-3.473774079999999
1.52,1.2400000000000002,-3.674542080000001
1.56,1.2400000000000002,-3.88291328
1.6,1.2400000000000002,-4.098058240000003
1.6400000000000001,1.2400000000000002,-4.319086080000001
1.6800000000000002,1.2400000000000002,-4.54504448
1.7200000000000002,1.2400000000000002,-4.774919679999998
1.7600000000000002,1.2400000000000002,-5.007636480000001
1.8000000000000003,1.2400000000000002,-5.242058240000001
1.8399999999999999,1.2400000000000002,-5.476986880000002
1.88,1.2400000000000002,-5.711162880000001
1.92,1.2400000000000002,-5.943265279999998
1.96,1.2400000000000002,-6.171911680000001
2.0,1.2400000000000002,-6.3956582399999995
2.04,1.2400000000000002,-6.612999680000005
2.08,1.2400000000000002,-6.8223692799999975
2.12,1.2400000000000002,-7.0221388799999955
2.16,1.2400000000000002,-7.210618879999998
2.2,1.2400000000000002,-7.386058240000004
2.24,1.2400000000000002,-7.54664448
2.2800000000000002,1.2400000000000002,-7.690503679999996
2.3200000000000003,1.2400000000000002,-7.815700479999999
2.36,1.2400000000000002,-7.920238080000002
2.4,1.2400000000000002,-8.002058239999997
2.44,1.2400000000000002,-8.059041280000006
2.48,1.2400000000000002,-8.089006080000003
2.52,1.2400000000000002,-8.089710080000003
2.56,1.2400000000000002,-8.058849280000011
2.6,1.2400000000000002,-7.994058239999995
2.64,1.2400000000000002,-7.892910080000001
2.68,1.2400000000000002,-7.752916480000001
2.72,1.2400000000000002,-7.571527679999992
2.7600000000000002,1.2400000000000002,-7.346132480000009
2.8000000000000003,1.2400000000000002,-7.074058239999997
2.84,1.2400000000000002,-6.7525708799999915
2.88,1.2400000000000002,-6.378874880000006
2.92,1.2400000000000002,-5.950113280000001
2.96,1.2400000000000002,-5.463367680000001
3.0,1.2400000000000002,-4.915658240000003
-1.0,1.2800000000000002,0.8328985599999985
-0.96,1.2800000000000002,0.16678911999999757
-0.92,1.2800000000000002,-0.4383564800000017
-0.88,1.2800000000000002,-0.9855180800000021
-0.84,1.2800000000000002,-1.4776140800000024
-0.8,1.2800000000000002,-1.917501440000001
-0.76,1.2800000000000002,-2.3079756800000015
-0.72,1.2800000000000002,-2.651770880000002
-0.6799999999999999,1.2800000000000002,-2.951559680000002
-0.64,1.2800000000000002,-3.2099532800000015
-0.6,1.2800000000000002,-3.429501440000002
-0.56,1.2800000000000002,-3.6126924800000015
-0.52,1.2800000000000002,-3.7619532800000015
-0.48,1.2800000000000002,-3.8796492800000015
-0.43999999999999995,1.2800000000000002,-3.9680844800000017
-0.4,1.2800000000000002,-4.0295014400000015
-0.36,1.2800000000000002,-4.0660812800000015
-0.31999999999999995,1.2800000000000002,-4.079943680000001
-0.28,1.2800000000000002,-4.073146880000002
-0.24,1.2800000000000002,-4.047687680000002
-0.19999999999999996,1.2800000000000002,-4.0055014400000015
-0.16000000000000003,1.2800000000000002,-3.9484620800000014
-0.12,1.2800000000000002,-3.8783820800000015
-0.07999999999999996,1.2800000000000002,-3.7970124800000016
-0.040000000000000036,1.2800000000000002,-3.706042880000002
0.0,1.2800000000000002,-3.6071014400000014
0.040000000000000036,1.2800000000000002,-3.501754880000001
0.08000000000000007,1.2800000000000002,-3.391508480000001
0.1200000000000001,1.2800000000000002,-3.277806080000001
0.15999999999999992,1.2800000000000002,-3.1620300800000014
0.19999999999999996,1.2800000000000002,-3.0455014400000016
0.24,1.2800000000000002,-2.929479680000001
0.28,1.2800000000000002,-2.8151628800000013
0.32000000000000006,1.2800000000000002,-2.703687680000001
0.3600000000000001,1.2800000000000002,-2.5961292800000004
0.40000000000000013,1.2800000000000002,-2.493501440000001
0.43999999999999995,1.2800000000000002,-2.3967564800000014
0.48,1.2800000000000002,-2.3067852800000015
0.52,1.2800000000000002,-2.2244172800000013
0.56,1.2800000000000002,-2.150420480000001
0.6000000000000001,1.2800000000000002,-2.085501440000001
0.6400000000000001,1.2800000000000002,-2.0303052800000003
0.6799999999999999,1.2800000000000002,-1.9854156800000013
0.72,1.2800000000000002,-1.9513548800000007
0.76,1.2800000000000002,-1.9285836800000011
0.8,1.2800000000000002,-1.917501440000001
0.8400000000000001,1.2800000000000002,-1.9184460800000012
0.8800000000000001,1.2800000000000002,-1.9316940800000015
0.9199999999999999,1.2800000000000002,-1.9574604800000013
0.96,1.2800000000000002,-1.9958988800000013
1.0,1.2800000000000002,-2.0471014400000005
1.04,1.2800000000000002,-2.111098880000001
1.08,1.2800000000000002,-2.1878604800000017
1.12,1.2800000000000002,-2.2772940800000003
1.1600000000000001,1.2800000000000002,-2.379246080000002
1.2000000000000002,1.2800000000000002,-2.493501440000003
1.2400000000000002,1.2800000000000002,-2.619783680000002
1.2800000000000002,1.2800000000000002,-2.7577548800000002
1.3199999999999998,1.2800000000000002,-2.90701568
1.3599999999999999,1.2800000000000002,-3.0671052800000016
1.4,1.2800000000000002,-3.23750144
1.44,1.2800000000000002,-3.41762048
1.48,1.2800000000000002,-3.60681728
1.52,1.2800000000000002,-3.8043852800000013
1.56,1.2800000000000002,-4.0095564800000005
1.6,1.2800000000000002,-4.221501440000002
1.6400000000000001,1.2800000000000002,-4.439329279999999
1.6800000000000002,1.2800000000000002,-4.66208768
1.7200000000000002,1.2800000000000002,-4.888762879999998
1.7600000000000002,1.2800000000000002,-5.118279680000002
1.8000000000000003,1.2800000000000002,-5.349501440000002
1.8399999999999999,1.2800000000000002,-5.581230079999998
1.88,1.2800000000000002,-5.812206080000001
1.92,1.2800000000000002,-6.041108479999998
1.96,1.2800000000000002,-6.266554880000002
2.0,1.2800000000000002,-6.48710144
2.04,1.2800000000000002,-6.701242880000005
2.08,1.2800000000000002,-6.907412479999998
2.12,1.2800000000000002,-7.103982079999996
2.16,1.2800000000000002,-7.289262079999999
2.2,1.2800000000000002,-7.461501440000005
2.24,1.2800000000000002,-7.618887680000001
2.2800000000000002,1.2800000000000002,-7.759546879999997
2.3200000000000003,1.2800000000000002,-7.881543679999999
2.36,1.2800000000000002,-7.982881280000006
2.4,1.2800000000000002,-8.061501439999994
2.44,1.2800000000000002,-8.115284480000003
2.48,1.2800000000000002,-8.142049279999998
2.52,1.2800000000000002,-8.139553280000001
2.56,1.2800000000000002,-8.10549248000001
2.6,1.2800000000000002,-8.037501439999993
2.64,1.2800000000000002,-7.933153279999997
2.68,1.2800000000000002,-7.789959679999998
2.72,1.2800000000000002,-7.605370879999988
2.7600000000000002,1.2800000000000002,-7.376775680000007
2.8000000000000003,1.2800000000000002,-7.101501439999994
2.84,1.2800000000000002,-6.776814079999988
2.88,1.2800000000000002,-6.399918080000003
2.92,1.2800000000000002,-5.967956479999998
2.96,1.2800000000000002,-5.4780108799999985
3.0,1.2800000000000002,-4.9271014399999995
-1.0,1.3199999999999998,0.49605376000000145
-0.96,1.3199999999999998,-0.16685567999999895
-0.92,1.3199999999999998,-0.7688012799999981
-0.88,1.3199999999999998,-1.3127628799999993
-0.84,1.3199999999999998,-1.8016588799999995
-0.8,1.3199999999999998,-2.238346239999997
-0.76,1.3199999999999998,-2.6256204799999985
-0.72,1.3199999999999998,-2.9662156799999986
-0.6799999999999999,1.3199999999999998,-3.26280448
-0.64,1.3199999999999998,-3.517998079999998
-0.6,1.3199999999999998,-3.734346239999999
-0.56,1.3199999999999998,-3.914337279999998
-0.52,1.3199999999999998,-4.060398079999999
-0.48,1.3199999999999998,-4.174894079999999
-0.43999999999999995,1.3199999999999998,-4.260129279999999
-0.4,1.3199999999999998,-4.318346239999999
-0.36,1.3199999999999998,-4.351726079999999
-0.31999999999999995,1.3199999999999998,-4.362388479999998
-0.28,1.3199999999999998,-4.352391679999999
-0.24,1.3199999999999998,-4.3237324799999985
-0.19999999999999996,1.3199999999999998,-4.2783462399999985
-0.16000000000000003,1.3199999999999998,-4.218106879999999
-0.12,1.3199999999999998,-4.144826879999999
-0.07999999999999996,1.3199999999999998,-4.060257279999999
-0.040000000000000036,1.3199999999999998,-3.966087679999999
0.0,1.3199999999999998,-3.863946239999999
0.040000000000000036,1.3199999999999998,-3.7553996799999987
0.08000000000000007,1.3199999999999998,-3.6419532799999983
0.1200000000000001,1.3199999999999998,-3.5250508799999984
0.15999999999999992,1.3199999999999998,-3.406074879999999
0.19999999999999996,1.3199999999999998,-3.2863462399999994
0.24,1.3199999999999998,-3.1671244799999987
0.28,1.3199999999999998,-3.049607679999999
0.32000000000000006,1.3199999999999998,-2.9349324799999987
0.3600000000000001,1.3199999999999998,-2.8241740799999984
0.40000000000000013,1.3199999999999998,-2.718346239999999
0.43999999999999995,1.3199999999999998,-2.6184012799999987
0.48,1.3199999999999998,-2.525230079999999
0.52,1.3199999999999998,-2.439662079999999
0.56,1.3199999999999998,-2.3624652799999994
0.6000000000000001,1.3199999999999998,-2.2943462399999994
0.6400000000000001,1.3199999999999998,-2.2359500799999985
0.6799999999999999,1.3199999999999998,-2.1878604799999986
0.72,1.3199999999999998,-2.15059968
0.76,1.3199999999999998,-2.1246284799999997
0.8,1.3199999999999998,-2.1103462399999997
0.8400000000000001,1.3199999999999998,-2.108090879999999
0.8800000000000001,1.3199999999999998,-2.11813888
0.9199999999999999,1.3199999999999998,-2.1407052799999984
0.96,1.3199999999999998,-2.1759436799999996
1.0,1.3199999999999998,-2.223946239999999
1.04,1.3199999999999998,-2.28474368
1.08,1.3199999999999998,-2.3583052799999984
1.12,1.3199999999999998,-2.444538879999999
1.1600000000000001,1.3199999999999998,-2.5432908799999994
1.2000000000000002,1.3199999999999998,-2.6543462399999997
1.2400000000000002,1.3199999999999998,-2.777428480000001
1.2800000000000002,1.3199999999999998,-2.912199679999999
1.3199999999999998,1.3199999999999998,-3.0582604799999995
1.3599999999999999,1.3199999999999998,-3.2151500799999986
1.4,1.3199999999999998,-3.3823462399999973
1.44,1.3199999999999998,-3.5592652799999995
1.48,1.3199999999999998,-3.745262079999999
1.52,1.3199999999999998,-3.9396300800000006
1.56,1.3199999999999998,-4.141601279999998
1.6,1.3199999999999998,-4.350346240000001
1.6400000000000001,1.3199999999999998,-4.564974079999998
1.6800000000000002,1.3199999999999998,-4.7845324799999975
1.7200000000000002,1.3199999999999998,-5.0080076799999995
1.7600000000000002,1.3199999999999998,-5.234324480000003
1.8000000000000003,1.3199999999999998,-5.46234624
1.8399999999999999,1.3199999999999998,-5.69087488
1.88,1.3199999999999998,-5.9186508799999995
1.92,1.3199999999999998,-6.144353279999999
1.96,1.3199999999999998,-6.366599679999999
2.0,1.3199999999999998,-6.583946239999998
2.04,1.3199999999999998,-6.794887680000007
2.08,1.3199999999999998,-6.997857279999996
2.12,1.3199999999999998,-7.191226879999993
2.16,1.3199999999999998,-7.37330688
2.2,1.3199999999999998,-7.542346240000006
2.24,1.3199999999999998,-7.696532479999999
2.2800000000000002,1.3199999999999998,-7.833991679999999
2.3200000000000003,1.3199999999999998,-7.9527884800000015
2.36,1.3199999999999998,-8.050926080000004
2.4,1.3199999999999998,-8.126346239999993
2.44,1.3199999999999998,-8.176929280000001
2.48,1.3199999999999998,-8.200494080000006
2.52,1.3199999999999998,-8.194798080000005
2.56,1.3199999999999998,-8.157537280000007
2.6,1.3199999999999998,-8.08634623999999
2.64,1.3199999999999998,-7.978798079999995
2.68,1.3199999999999998,-7.832404479999997
2.72,1.3199999999999998,-7.644615679999987
2.7600000000000002,1.3199999999999998,-7.412820480000005
2.8000000000000003,1.3199999999999998,-7.134346239999992
2.84,1.3199999999999998,-6.806458879999987
2.88,1.3199999999999998,-6.426362880000002
2.92,1.3199999999999998,-5.991201279999996
2.96,1.3199999999999998,-5.498055679999997
3.0,1.3199999999999998,-4.943946239999998
-1.0,1.3599999999999999,0.15465215999999948
-0.96,1.3599999999999999,-0.5050572800000008
-0.92,1.3599999999999999,-1.103802879999999
-0.88,1.3599999999999999,-1.6445644799999992
-0.84,1.3599999999999999,-2.1302604799999996
-0.8,1.3599999999999999,-2.563747839999999
-0.76,1.3599999999999999,-2.94782208
-0.72,1.3599999999999999,-3.2852172799999995
-0.6799999999999999,1.3599999999999999,-3.5786060799999997
-0.64,1.3599999999999999,-3.8305996799999997
-0.6,1.3599999999999999,-4.04374784
-0.56,1.3599999999999999,-4.220538879999999
-0.52,1.3599999999999999,-4.36339968
-0.48,1.3599999999999999,-4.47469568
-0.43999999999999995,1.3599999999999999,-4.55673088
-0.4,1.3599999999999999,-4.61174784
-0.36,1.3599999999999999,-4.641927679999999
-0.31999999999999995,1.3599999999999999,-4.64939008
-0.28,1.3599999999999999,-4.63619328
-0.24,1.3599999999999999,-4.604334079999999
-0.19999999999999996,1.3599999999999999,-4.5557478399999995
-0.16000000000000003,1.3599999999999999,-4.49230848
-0.12,1.3599999999999999,-4.415828479999999
-0.07999999999999996,1.3599999999999999,-4.3280588799999995
-0.040000000000000036,1.3599999999999999,-4.230689280000001
0.0,1.3599999999999999,-4.12534784
0.040000000000000036,1.3599999999999999,-4.01360128
0.08000000000000007,1.3599999999999999,-3.896954879999999
0.1200000000000001,1.3599999999999999,-3.7768524799999987
0.15999999999999992,1.3599999999999999,-3.6546764800000004
0.19999999999999996,1.3599999999999999,-3.5317478400000004
0.24,1.3599999999999999,-3.4093260800000005
0.28,1.3599999999999999,-3.2886092799999997
0.32000000000000006,1.3599999999999999,-3.170734079999999
0.3600000000000001,1.3599999999999999,-3.05677568
0.40000000000000013,1.3599999999999999,-2.94774784
0.43999999999999995,1.3599999999999999,-2.84460288
0.48,1.3599999999999999,-2.74823168
0.52,1.3599999999999999,-2.65946368
0.56,1.3599999999999999,-2.57906688
0.6000000000000001,1.3599999999999999,-2.50774784
0.6400000000000001,1.3599999999999999,-2.44615168
0.6799999999999999,1.3599999999999999,-2.3948620800000002
0.72,1.3599999999999999,-2.3544012800000007
0.76,1.3599999999999999,-2.3252300800000008
0.8,1.3599999999999999,-2.3077478400000007
0.8400000000000001,1.3599999999999999,-2.3022924799999998
0.8800000000000001,1.3599999999999999,-2.309140480000001
0.9199999999999999,1.3599999999999999,-2.328506880000001
0.96,1.3599999999999999,-2.3605452800000006
1.0,1.3599999999999999,-2.40534784
1.04,1.3599999999999999,-2.462945279999999
1.08,1.3599999999999999,-2.5333068799999996
1.12,1.3599999999999999,-2.61634048
1.1600000000000001,1.3599999999999999,-2.7118924800000017
1.2000000000000002,1.3599999999999999,-2.8197478400000007
1.2400000000000002,1.3599999999999999,-2.939630080000002
1.2800000000000002,1.3599999999999999,-3.0712012800000004
1.3199999999999998,1.3599999999999999,-3.21406208
1.3599999999999999,1.3599999999999999,-3.3677516800000014
1.4,1.3599999999999999,-3.53174784
1.44,1.3599999999999999,-3.7054668800000004
1.48,1.3599999999999999,-3.8882636799999997
1.52,1.3599999999999999,-4.079431680000003
1.56,1.3599999999999999,-4.27820288
1.6,1.3599999999999999,-4.48374784
1.6400000000000001,1.3599999999999999,-4.6951756799999975
1.6800000000000002,1.3599999999999999,-4.91153408
1.7200000000000002,1.3599999999999999,-5.131809279999999
1.7600000000000002,1.3599999999999999,-5.354926080000002
1.8000000000000003,1.3599999999999999,-5.579747840000002
1.8399999999999999,1.3599999999999999,-5.8050764799999985
1.88,1.3599999999999999,-6.029652479999998
1.92,1.3599999999999999,-6.252154879999998
1.96,1.3599999999999999,-6.471201279999999
2.0,1.3599999999999999,-6.68534784
2.04,1.3599999999999999,-6.893089280000005
2.08,1.3599999999999999,-7.092858879999999
2.12,1.3599999999999999,-7.283028479999996
2.16,1.3599999999999999,-7.46190848
2.2,1.3599999999999999,-7.627747840000005
2.24,1.3599999999999999,-7.778734080000001
2.2800000000000002,1.3599999999999999,-7.912993279999998
2.3200000000000003,1.3599999999999999,-8.028590079999997
2.36,1.3599999999999999,-8.123527679999999
2.4,1.3599999999999999,-8.195747839999996
2.44,1.3599999999999999,-8.243130880000004
2.48,1.3599999999999999,-8.26349568
2.52,1.3599999999999999,-8.254599680000002
2.56,1.3599999999999999,-8.21413888000001
2.6,1.3599999999999999,-8.139747839999993
2.64,1.3599999999999999,-8.028999679999998
2.68,1.3599999999999999,-7.879406079999999
2.72,1.3599999999999999,-7.68841727999999
2.7600000000000002,1.3599999999999999,-7.453422080000007
2.8000000000000003,1.3599999999999999,-7.171747839999995
2.84,1.3599999999999999,-6.840660479999989
2.88,1.3599999999999999,-6.457364480000004
2.92,1.3599999999999999,-6.019002879999999
2.96,1.3599999999999999,-5.522657279999999
3.0,1.3599999999999999,-4.96534784
-1.0,1.4,-0.19039999999999768
-0.96,1.4,-0.8469094399999997
-0.92,1.4,-1.4424550399999982
-0.88,1.4,-1.9800166399999983
-0.84,1.4,-2.462512639999999
-0.8,1.4,-2.892799999999998
-0.76,1.4,-3.2736742399999974
-0.72,1.4,-3.6078694399999987
-0.6799999999999999,1.4,-3.8980582399999983
-0.64,1.4,-4.146851839999998
-0.6,1.4,-4.356799999999999
-0.56,1.4,-4.530391039999998
-0.52,1.4,-4.6700518399999975
-0.48,1.4,-4.778147839999999
-0.43999999999999995,1.4,-4.856983039999998
-0.4,1.4,-4.9087999999999985
-0.36,1.4,-4.935779839999999
-0.31999999999999995,1.4,-4.940042239999999
-0.28,1.4,-4.923645439999999
-0.24,1.4,-4.888586239999999
-0.19999999999999996,1.4,-4.8367999999999975
-0.16000000000000003,1.4,-4.7701606399999985
-0.12,1.4,-4.690480639999999
-0.07999999999999996,1.4,-4.599511039999998
-0.040000000000000036,1.4,-4.498941439999999
0.0,1.4,-4.390399999999998
0.040000000000000036,1.4,-4.275453439999998
0.08000000000000007,1.4,-4.155607039999998
0.1200000000000001,1.4,-4.032304639999998
0.15999999999999992,1.4,-3.9069286399999994
0.19999999999999996,1.4,-3.7807999999999984
0.24,1.4,-3.655178239999999
0.28,1.4,-3.531261439999999
0.32000000000000006,1.4,-3.410186239999999
0.3600000000000001,1.4,-3.293027839999998
0.40000000000000013,1.4,-3.1807999999999987
0.43999999999999995,1.4,-3.074455039999998
0.48,1.4,-2.974883839999999
0.52,1.4,-2.8829158399999986
0.56,1.4,-2.799319039999998
0.6000000000000001,1.4,-2.724799999999998
0.6400000000000001,1.4,-2.6600038399999986
0.6799999999999999,1.4,-2.605514239999998
0.72,1.4,-2.5618534399999984
0.76,1.4,-2.5294822399999988
0.8,1.4,-2.5087999999999986
0.8400000000000001,1.4,-2.500144639999999
0.8800000000000001,1.4,-2.503792639999999
0.9199999999999999,1.4,-2.519959039999999
0.96,1.4,-2.5487974399999986
1.0,1.4,-2.590399999999998
1.04,1.4,-2.6447974399999987
1.08,1.4,-2.711959039999999
1.12,1.4,-2.791792639999998
1.1600000000000001,1.4,-2.884144639999998
1.2000000000000002,1.4,-2.9887999999999986
1.2400000000000002,1.4,-3.1054822399999997
1.2800000000000002,1.4,-3.23385344
1.3199999999999998,1.4,-3.373514239999998
1.3599999999999999,1.4,-3.5240038399999993
1.4,1.4,-3.684799999999996
1.44,1.4,-3.8553190399999977
1.48,1.4,-4.034915839999998
1.52,1.4,-4.222883839999999
1.56,1.4,-4.418455039999999
1.6,1.4,-4.6208
1.6400000000000001,1.4,-4.8290278399999975
1.6800000000000002,1.4,-5.042186239999997
1.7200000000000002,1.4,-5.259261439999999
1.7600000000000002,1.4,-5.479178239999999
1.8000000000000003,1.4,-5.700800000000002
1.8399999999999999,1.4,-5.9229286399999985
1.88,1.4,-6.144304640000001
1.92,1.4,-6.363607039999994
1.96,1.4,-6.579453440000002
2.0,1.4,-6.7904
2.04,1.4,-6.994941440000002
2.08,1.4,-7.191511039999998
2.12,1.4,-7.378480639999996
2.16,1.4,-7.554160639999996
2.2,1.4,-7.716800000000001
2.24,1.4,-7.864586240000001
2.2800000000000002,1.4,-7.995645439999993
2.3200000000000003,1.4,-8.108042240000003
2.36,1.4,-8.199779840000005
2.4,1.4,-8.268799999999995
2.44,1.4,-8.312983040000002
2.48,1.4,-8.330147839999999
2.52,1.4,-8.31805184
2.56,1.4,-8.27439104000001
2.6,1.4,-8.196799999999993
2.64,1.4,-8.082851839999998
2.68,1.4,-7.930058239999999
2.72,1.4,-7.735869439999989
2.7600000000000002,1.4,-7.497674240000007
2.8000000000000003,1.4,-7.212799999999994
2.84,1.4,-6.878512639999989
2.88,1.4,-6.492016640000003
2.92,1.4,-6.0504550399999975
2.96,1.4,-5.550909439999998
3.0,1.4,-4.990400000000001
-1.0,1.44,-0.5381350399999993
-0.96,1.44,-1.1914444799999995
-0.92,1.44,-1.783790079999998
-0.88,1.44,-2.3181516799999997
-0.84,1.44,-2.7974476800000003
-0.8,1.44,-3.224535039999998
-0.76,1.44,-3.6022092799999994
-0.72,1.44,-3.9332044799999992
-0.6799999999999999,1.44,-4.22019328
-0.64,1.44,-4.465786879999999
-0.6,1.44,-4.67253504
-0.56,1.44,-4.842926079999999
-0.52,1.44,-4.97938688
-0.48,1.44,-5.084282879999999
-0.43999999999999995,1.44,-5.15991808
-0.4,1.44,-5.208535039999999
-0.36,1.44,-5.232314879999999
-0.31999999999999995,1.44,-5.23337728
-0.28,1.44,-5.21378048
-0.24,1.44,-5.17552128
-0.19999999999999996,1.44,-5.120535039999999
-0.16000000000000003,1.44,-5.05069568
-0.12,1.44,-4.967815679999999
-0.07999999999999996,1.44,-4.8736460799999985
-0.040000000000000036,1.44,-4.769876479999999
0.0,1.44,-4.6581350399999994
0.040000000000000036,1.44,-4.53998848
0.08000000000000007,1.44,-4.416942079999999
0.1200000000000001,1.44,-4.290439679999999
0.15999999999999992,1.44,-4.161863680000001
0.19999999999999996,1.44,-4.03253504
0.24,1.44,-3.9037132800000003
0.28,1.44,-3.7765964799999994
0.32000000000000006,1.44,-3.6523212799999984
0.3600000000000001,1.44,-3.531962879999999
0.40000000000000013,1.44,-3.4165350399999994
0.43999999999999995,1.44,-3.3069900799999994
0.48,1.44,-3.20421888
0.52,1.44,-3.10905088
0.56,1.44,-3.022254079999999
0.6000000000000001,1.44,-2.9445350399999994
0.6400000000000001,1.44,-2.876538879999999
0.6799999999999999,1.44,-2.81884928
0.72,1.44,-2.77198848
0.76,1.44,-2.73641728
0.8,1.44,-2.71253504
0.8400000000000001,1.44,-2.7006796799999995
0.8800000000000001,1.44,-2.7011276800000004
0.9199999999999999,1.44,-2.7140940800000006
0.96,1.44,-2.7397324800000002
1.0,1.44,-2.7781350399999996
1.04,1.44,-2.82933248
1.08,1.44,-2.8932940799999987
1.12,1.44,-2.9699276799999996
1.1600000000000001,1.44,-3.0590796799999995
1.2000000000000002,1.44,-3.16053504
1.2400000000000002,1.44,-3.274017280000001
1.2800000000000002,1.44,-3.3991884799999994
1.3199999999999998,1.44,-3.53564928
1.3599999999999999,1.44,-3.682938879999999
1.4,1.44,-3.840535039999997
1.44,1.44,-4.0078540799999995
1.48,1.44,-4.1842508800000004
1.52,1.44,-4.36901888
1.56,1.44,-4.56139008
1.6,1.44,-4.7605350400000015
1.6400000000000001,1.44,-4.9655628799999985
1.6800000000000002,1.44,-5.175521279999998
1.7200000000000002,1.44,-5.389396479999996
1.7600000000000002,1.44,-5.606113280000003
1.8000000000000003,1.44,-5.82453504
1.8399999999999999,1.44,-6.04346368
1.88,1.44,-6.261639679999999
1.92,1.44,-6.477742079999996
1.96,1.44,-6.690388479999999
2.0,1.44,-6.898135039999998
2.04,1.44,-7.099476480000007
2.08,1.44,-7.292846079999996
2.12,1.44,-7.476615679999994
2.16,1.44,-7.64909568
2.2,1.44,-7.808535040000006
2.24,1.44,-7.9531212799999995
2.2800000000000002,1.44,-8.080980479999997
2.3200000000000003,1.44,-8.19017728
2.36,1.44,-8.278714880000004
2.4,1.44,-8.344535039999993
2.44,1.44,-8.38551808
2.48,1.44,-8.399482879999997
2.52,1.44,-8.384186879999998
2.56,1.44,-8.337326080000008
2.6,1.44,-8.25653503999999
2.64,1.44,-8.139386879999996
2.68,1.44,-7.983393279999997
2.72,1.44,-7.786004479999987
2.7600000000000002,1.44,-7.544609280000005
2.8000000000000003,1.44,-7.256535039999992
2.84,1.44,-6.919047679999986
2.88,1.44,-6.529351680000001
2.92,1.44,-6.084590079999996
2.96,1.44,-5.581844479999997
3.0,1.44,-5.018135039999997
-1.0,1.48,-0.8875238399999992
-0.96,1.48,-1.5376332799999992
-0.92,1.48,-2.126778879999998
-0.88,1.48,-2.6579404799999997
-0.84,1.48,-3.13403648
-0.8,1.48,-3.5579238399999977
-0.76,1.48,-3.9323980799999996
-0.72,1.48,-4.260193279999999
-0.6799999999999999,1.48,-4.54398208
-0.64,1.48,-4.786375679999999
-0.6,1.48,-4.9899238399999994
-0.56,1.48,-5.157114879999999
-0.52,1.48,-5.2903756799999995
-0.48,1.48,-5.392071679999999
-0.43999999999999995,1.48,-5.464506879999999
-0.4,1.48,-5.509923839999999
-0.36,1.48,-5.530503679999999
-0.31999999999999995,1.48,-5.52836608
-0.28,1.48,-5.50556928
-0.24,1.48,-5.464110079999999
-0.19999999999999996,1.48,-5.405923839999999
-0.16000000000000003,1.48,-5.33288448
-0.12,1.48,-5.246804479999999
-0.07999999999999996,1.48,-5.1494348799999985
-0.040000000000000036,1.48,-5.042465279999999
0.0,1.48,-4.927523839999999
0.040000000000000036,1.48,-4.806177279999999
0.08000000000000007,1.48,-4.679930879999999
0.1200000000000001,1.48,-4.550228479999999
0.15999999999999992,1.48,-4.418452480000001
0.19999999999999996,1.48,-4.28592384
0.24,1.48,-4.15390208
0.28,1.48,-4.023585279999999
0.32000000000000006,1.48,-3.8961100799999984
0.3600000000000001,1.48,-3.772551679999999
0.40000000000000013,1.48,-3.653923839999999
0.43999999999999995,1.48,-3.5411788799999995
0.48,1.48,-3.4352076799999995
0.52,1.48,-3.3368396799999998
0.56,1.48,-3.246842879999998
0.6000000000000001,1.48,-3.165923839999999
0.6400000000000001,1.48,-3.094727679999999
0.6799999999999999,1.48,-3.0338380799999993
0.72,1.48,-2.98377728
0.76,1.48,-2.9450060799999997
0.8,1.48,-2.91792384
0.8400000000000001,1.48,-2.902868479999999
0.8800000000000001,1.48,-2.90011648
0.9199999999999999,1.48,-2.90988288
0.96,1.48,-2.93232128
1.0,1.48,-2.9675238399999992
1.04,1.48,-3.0155212799999997
1.08,1.48,-3.0762828799999986
1.12,1.48,-3.149716479999999
1.1600000000000001,1.48,-3.235668480000001
1.2000000000000002,1.48,-3.3339238400000015
1.2400000000000002,1.48,-3.444206079999999
1.2800000000000002,1.48,-3.5661772799999993
1.3199999999999998,1.48,-3.6994380799999993
1.3599999999999999,1.48,-3.8435276799999984
1.4,1.48,-3.997923839999997
1.44,1.48,-4.16204288
1.48,1.48,-4.335239679999998
1.52,1.48,-4.516807680000001
1.56,1.48,-4.705978879999999
1.6,1.48,-4.901923840000001
1.6400000000000001,1.48,-5.1037516799999985
1.6800000000000002,1.48,-5.310510079999999
1.7200000000000002,1.48,-5.521185279999997
1.7600000000000002,1.48,-5.734702080000001
1.8000000000000003,1.48,-5.949923840000001
1.8399999999999999,1.48,-6.165652479999998
1.88,1.48,-6.38062848
1.92,1.48,-6.593530880000001
1.96,1.48,-6.802977280000001
2.0,1.48,-7.007523839999999
2.04,1.48,-7.205665280000001
2.08,1.48,-7.395834879999997
2.12,1.48,-7.5764044799999954
2.16,1.48,-7.745684479999995
2.2,1.48,-7.90192384
2.24,1.48,-8.043310080000001
2.2800000000000002,1.48,-8.167969279999992
2.3200000000000003,1.48,-8.273966079999996
2.36,1.48,-8.359303679999998
2.4,1.48,-8.421923839999994
2.44,1.48,-8.459706880000002
2.48,1.48,-8.47047168
2.52,1.48,-8.45197568
2.56,1.48,-8.401914880000009
2.6,1.48,-8.31792383999999
2.64,1.48,-8.19757568
2.68,1.48,-8.038382079999998
2.72,1.48,-7.837793279999989
2.7600000000000002,1.48,-7.593198080000006
2.8000000000000003,1.48,-7.301923839999986
2.84,1.48,-6.961236479999981
2.88,1.48,-6.568340479999996
2.92,1.48,-6.12037887999999
2.96,1.48,-5.614433279999991
3.0,1.48,-5.047523839999993
-1.0,1.52,-1.237475840000001
-0.96,1.52,-1.8843852800000014
-0.92,1.52,-2.4703308800000015
-0.88,1.52,-2.9982924800000017
-0.84,1.52,-3.471188480000002
-0.8,1.52,-3.89187584
-0.76,1.52,-4.263150080000001
-0.72,1.52,-4.587745280000001
-0.6799999999999999,1.52,-4.868334080000002
-0.64,1.52,-5.1075276800000005
-0.6,1.52,-5.307875840000001
-0.56,1.52,-5.47186688
-0.52,1.52,-5.601927680000001
-0.48,1.52,-5.700423680000001
-0.43999999999999995,1.52,-5.7696588800000015
-0.4,1.52,-5.811875840000001
-0.36,1.52,-5.829255680000001
-0.31999999999999995,1.52,-5.823918080000002
-0.28,1.52,-5.7979212800000015
-0.24,1.52,-5.753262080000001
-0.19999999999999996,1.52,-5.691875840000001
-0.16000000000000003,1.52,-5.615636480000001
-0.12,1.52,-5.5263564800000005
-0.07999999999999996,1.52,-5.42578688
-0.040000000000000036,1.52,-5.3156172800000006
0.0,1.52,-5.197475840000001
0.040000000000000036,1.52,-5.072929280000001
0.08000000000000007,1.52,-4.943482880000001
0.1200000000000001,1.52,-4.81058048
0.15999999999999992,1.52,-4.675604480000002
0.19999999999999996,1.52,-4.539875840000001
0.24,1.52,-4.404654080000002
0.28,1.52,-4.2711372800000005
0.32000000000000006,1.52,-4.14046208
0.3600000000000001,1.52,-4.013703680000001
0.40000000000000013,1.52,-3.891875840000001
0.43999999999999995,1.52,-3.7759308800000007
0.48,1.52,-3.666759680000001
0.52,1.52,-3.5651916800000016
0.56,1.52,-3.4719948800000004
0.6000000000000001,1.52,-3.387875840000001
0.6400000000000001,1.52,-3.3134796800000004
0.6799999999999999,1.52,-3.2493900800000013
0.72,1.52,-3.1961292800000014
0.76,1.52,-3.1541580800000015
0.8,1.52,-3.123875840000001
0.8400000000000001,1.52,-3.1056204800000007
0.8800000000000001,1.52,-3.099668480000002
0.9199999999999999,1.52,-3.106234880000002
0.96,1.52,-3.1254732800000014
1.0,1.52,-3.157475840000001
1.04,1.52,-3.2022732800000018
1.08,1.52,-3.25983488
1.12,1.52,-3.330068480000001
1.1600000000000001,1.52,-3.4128204800000006
1.2000000000000002,1.52,-3.5078758400000014
1.2400000000000002,1.52,-3.6149580800000027
1.2800000000000002,1.52,-3.733729280000001
1.3199999999999998,1.52,-3.863790080000001
1.3599999999999999,1.52,-4.004679680000002
1.4,1.52,-4.155875839999999
1.44,1.52,-4.316794880000001
1.48,1.52,-4.486791680000001
1.52,1.52,-4.665159680000001
1.56,1.52,-4.8511308799999995
1.6,1.52,-5.043875840000002
1.6400000000000001,1.52,-5.2425036799999996
1.6800000000000002,1.52,-5.446062079999999
1.7200000000000002,1.52,-5.653537280000001
1.7600000000000002,1.52,-5.863854080000001
1.8000000000000003,1.52,-6.075875840000004
1.8399999999999999,1.52,-6.288404480000001
1.88,1.52,-6.5001804800000045
1.92,1.52,-6.709882879999997
1.96,1.52,-6.916129280000004
2.0,1.52,-7.117475840000003
2.04,1.52,-7.3124172800000045
2.08,1.52,-7.499386880000001
2.12,1.52,-7.676756479999998
2.16,1.52,-7.842836479999998
2.2,1.52,-7.995875840000004
2.24,1.52,-8.134062080000003
2.2800000000000002,1.52,-8.255521279999996
2.3200000000000003,1.52,-8.358318079999998
2.36,1.52,-8.440455680000003
2.4,1.52,-8.499875839999998
2.44,1.52,-8.534458880000006
2.48,1.52,-8.542023679999993
2.52,1.52,-8.520327679999996
2.56,1.52,-8.467066880000015
2.6,1.52,-8.379875839999993
2.64,1.52,-8.256327680000002
2.68,1.52,-8.093934080000002
2.72,1.52,-7.89014527999999
2.7600000000000002,1.52,-7.642350080000009
2.8000000000000003,1.52,-7.347875839999997
2.84,1.52,-7.003988479999991
2.88,1.52,-6.607892480000006
2.92,1.52,-6.156730880000001
2.96,1.52,-5.647585280000001
3.0,1.52,-5.077475840000002
-1.0,1.56,-1.5868390399999983
-0.96,1.56,-2.2305484800000004
-0.92,1.56,-2.8132940799999986
-0.88,1.56,-3.3380556799999987
-0.84,1.56,-3.807751679999999
-0.8,1.56,-4.225239039999999
-0.76,1.56,-4.593313279999999
-0.72,1.56,-4.914708479999999
-0.6799999999999999,1.56,-5.192097279999999
-0.64,1.56,-5.428090879999999
-0.6,1.56,-5.625239039999999
-0.56,1.56,-5.786030079999999
-0.52,1.56,-5.912890879999999
-0.48,1.56,-6.008186879999999
-0.43999999999999995,1.56,-6.074222079999999
-0.4,1.56,-6.113239039999999
-0.36,1.56,-6.127418879999999
-0.31999999999999995,1.56,-6.11888128
-0.28,1.56,-6.089684479999999
-0.24,1.56,-6.041825279999999
-0.19999999999999996,1.56,-5.977239039999999
-0.16000000000000003,1.56,-5.897799679999999
-0.12,1.56,-5.805319679999998
-0.07999999999999996,1.56,-5.701550079999999
-0.040000000000000036,1.56,-5.588180479999999
0.0,1.56,-5.466839039999999
0.040000000000000036,1.56,-5.339092479999999
0.08000000000000007,1.56,-5.206446079999999
0.1200000000000001,1.56,-5.070343679999998
0.15999999999999992,1.56,-4.93216768
0.19999999999999996,1.56,-4.79323904
0.24,1.56,-4.65481728
0.28,1.56,-4.518100479999999
0.32000000000000006,1.56,-4.384225279999999
0.3600000000000001,1.56,-4.2542668799999985
0.40000000000000013,1.56,-4.129239039999999
0.43999999999999995,1.56,-4.010094079999999
0.48,1.56,-3.897722879999999
0.52,1.56,-3.79295488
0.56,1.56,-3.696558079999998
0.6000000000000001,1.56,-3.60923904
0.6400000000000001,1.56,-3.531642879999999
0.6799999999999999,1.56,-3.46435328
0.72,1.56,-3.407892479999999
0.76,1.56,-3.3627212799999997
0.8,1.56,-3.3292390399999983
0.8400000000000001,1.56,-3.3077836799999987
0.8800000000000001,1.56,-3.298631679999999
0.9199999999999999,1.56,-3.301998079999999
0.96,1.56,-3.3180364799999986
1.0,1.56,-3.34683904
1.04,1.56,-3.388436479999999
1.08,1.56,-3.4427980799999993
1.12,1.56,-3.5098316799999996
1.1600000000000001,1.56,-3.5893836799999996
1.2000000000000002,1.56,-3.6812390399999986
1.2400000000000002,1.56,-3.78512128
1.2800000000000002,1.56,-3.90069248
1.3199999999999998,1.56,-4.027553279999998
1.3599999999999999,1.56,-4.165242879999999
1.4,1.56,-4.313239039999998
1.44,1.56,-4.47095808
1.48,1.56,-4.637754879999998
1.52,1.56,-4.812922879999999
1.56,1.56,-4.995694079999998
1.6,1.56,-5.185239040000001
1.6400000000000001,1.56,-5.380666879999999
1.6800000000000002,1.56,-5.5810252799999995
1.7200000000000002,1.56,-5.785300479999995
1.7600000000000002,1.56,-5.9924172800000015
1.8000000000000003,1.56,-6.201239039999997
1.8399999999999999,1.56,-6.4105676800000015
1.88,1.56,-6.619143679999998
1.92,1.56,-6.825646079999998
1.96,1.56,-7.028692479999998
2.0,1.56,-7.226839039999996
2.04,1.56,-7.418580480000005
2.08,1.56,-7.602350079999995
2.12,1.56,-7.776519679999992
2.16,1.56,-7.939399679999999
2.2,1.56,-8.089239040000004
2.24,1.56,-8.224225279999997
2.2800000000000002,1.56,-8.342484479999996
2.3200000000000003,1.56,-8.44208128
2.36,1.56,-8.521018880000003
2.4,1.56,-8.577239039999998
2.44,1.56,-8.608622080000007
2.48,1.56,-8.612986880000001
2.52,1.56,-8.588090880000003
2.56,1.56,-8.531630080000014
2.6,1.56,-8.441239039999994
2.64,1.56,-8.314490880000003
2.68,1.56,-8.148897280000002
2.72,1.56,-7.94190847999999
2.7600000000000002,1.56,-7.690913280000011
2.8000000000000003,1.56,-7.393239039999997
2.84,1.56,-7.046151679999992
2.88,1.56,-6.646855680000007
2.92,1.56,-6.192494080000001
2.96,1.56,-5.6801484800000015
3.0,1.56,-5.106839040000004
-1.0,1.6,-1.9344000000000028
-0.96,1.6,-2.574909440000003
-0.92,1.6,-3.1544550400000015
-0.88,1.6,-3.6760166400000034
-0.84,1.6,-4.142512640000004
-0.8,1.6,-4.556800000000002
-0.76,1.6,-4.921674240000004
-0.72,1.6,-5.239869440000002
-0.6799999999999999,1.6,-5.514058240000003
-0.64,1.6,-5.7468518400000015
-0.6,1.6,-5.940800000000003
-0.56,1.6,-6.098391040000003
-0.52,1.6,-6.222051840000002
-0.48,1.6,-6.314147840000002
-0.43999999999999995,1.6,-6.3769830400000025
-0.4,1.6,-6.4128000000000025
-0.36,1.6,-6.423779840000003
-0.31999999999999995,1.6,-6.4120422400000034
-0.28,1.6,-6.379645440000003
-0.24,1.6,-6.328586240000003
-0.19999999999999996,1.6,-6.260800000000002
-0.16000000000000003,1.6,-6.178160640000003
-0.12,1.6,-6.082480640000003
-0.07999999999999996,1.6,-5.975511040000002
-0.040000000000000036,1.6,-5.858941440000002
0.0,1.6,-5.734400000000003
0.040000000000000036,1.6,-5.603453440000003
0.08000000000000007,1.6,-5.4676070400000025
0.1200000000000001,1.6,-5.328304640000002
0.15999999999999992,1.6,-5.186928640000004
0.19999999999999996,1.6,-5.044800000000003
0.24,1.6,-4.9031782400000035
0.28,1.6,-4.763261440000003
0.32000000000000006,1.6,-4.626186240000002
0.3600000000000001,1.6,-4.4930278400000025
0.40000000000000013,1.6,-4.3648000000000025
0.43999999999999995,1.6,-4.242455040000003
0.48,1.6,-4.126883840000003
0.52,1.6,-4.018915840000004
0.56,1.6,-3.9193190400000018
0.6000000000000001,1.6,-3.8288000000000024
0.6400000000000001,1.6,-3.748003840000002
0.6799999999999999,1.6,-3.677514240000003
0.72,1.6,-3.6178534400000033
0.76,1.6,-3.569482240000003
0.8,1.6,-3.5328000000000026
0.8400000000000001,1.6,-3.508144640000002
0.8800000000000001,1.6,-3.495792640000003
0.9199999999999999,1.6,-3.4959590400000033
0.96,1.6,-3.508797440000003
1.0,1.6,-3.5344000000000024
1.04,1.6,-3.572797440000003
1.08,1.6,-3.6239590400000017
1.12,1.6,-3.6877926400000023
1.1600000000000001,1.6,-3.7641446400000023
1.2000000000000002,1.6,-3.852800000000003
1.2400000000000002,1.6,-3.953482240000004
1.2800000000000002,1.6,-4.065853440000002
1.3199999999999998,1.6,-4.189514240000002
1.3599999999999999,1.6,-4.324003840000002
1.4,1.6,-4.468800000000001
1.44,1.6,-4.623319040000003
1.48,1.6,-4.786915840000003
1.52,1.6,-4.958883840000002
1.56,1.6,-5.138455040000002
1.6,1.6,-5.324800000000003
1.6400000000000001,1.6,-5.517027840000001
1.6800000000000002,1.6,-5.714186240000004
1.7200000000000002,1.6,-5.915261439999998
1.7600000000000002,1.6,-6.119178240000005
1.8000000000000003,1.6,-6.3248000000000015
1.8399999999999999,1.6,-6.530928640000003
1.88,1.6,-6.736304640000002
1.92,1.6,-6.9396070399999985
1.96,1.6,-7.139453440000002
2.0,1.6,-7.3344000000000005
2.04,1.6,-7.522941440000009
2.08,1.6,-7.703511039999999
2.12,1.6,-7.874480639999996
2.16,1.6,-8.034160640000003
2.2,1.6,-8.180800000000009
2.24,1.6,-8.312586240000002
2.2800000000000002,1.6,-8.427645440000001
2.3200000000000003,1.6,-8.524042240000004
2.36,1.6,-8.599779840000007
2.4,1.6,-8.652799999999996
2.44,1.6,-8.680983040000005
2.48,1.6,-8.682147839999999
2.52,1.6,-8.654051840000001
2.56,1.6,-8.594391040000012
2.6,1.6,-8.500799999999991
2.64,1.6,-8.37085184
2.68,1.6,-8.20205824
2.72,1.6,-7.991869439999988
2.7600000000000002,1.6,-7.737674240000008
2.8000000000000003,1.6,-7.4367999999999945
2.84,1.6,-7.08651263999999
2.88,1.6,-6.684016640000005
2.92,1.6,-6.226455039999999
2.96,1.6,-5.71090944
3.0,1.6,-5.134399999999999
-1.0,1.6400000000000001,-2.2788838399999998
-0.96,1.6400000000000001,-2.9161932800000017
-0.92,1.6400000000000001,-3.4925388799999983
-0.88,1.6400000000000001,-4.01090048
-0.84,1.6400000000000001,-4.474196480000001
-0.8,1.6400000000000001,-4.885283839999999
-0.76,1.6400000000000001,-5.246958080000001
-0.72,1.6400000000000001,-5.561953279999999
-0.6799999999999999,1.6400000000000001,-5.8329420800000005
-0.64,1.6400000000000001,-6.062535679999999
-0.6,1.6400000000000001,-6.253283840000001
-0.56,1.6400000000000001,-6.407674879999998
-0.52,1.6400000000000001,-6.52813568
-0.48,1.6400000000000001,-6.617031679999999
-0.43999999999999995,1.6400000000000001,-6.67666688
-0.4,1.6400000000000001,-6.709283839999999
-0.36,1.6400000000000001,-6.717063679999999
-0.31999999999999995,1.6400000000000001,-6.70212608
-0.28,1.6400000000000001,-6.66652928
-0.24,1.6400000000000001,-6.61227008
-0.19999999999999996,1.6400000000000001,-6.541283839999999
-0.16000000000000003,1.6400000000000001,-6.45544448
-0.12,1.6400000000000001,-6.356564479999999
-0.07999999999999996,1.6400000000000001,-6.246394879999999
-0.040000000000000036,1.6400000000000001,-6.126625279999999
0.0,1.6400000000000001,-5.9988838399999995
0.040000000000000036,1.6400000000000001,-5.86473728
0.08000000000000007,1.6400000000000001,-5.725690879999999
0.1200000000000001,1.6400000000000001,-5.583188479999999
0.15999999999999992,1.6400000000000001,-5.438612480000001
0.19999999999999996,1.6400000000000001,-5.29328384
0.24,1.6400000000000001,-5.14846208
0.28,1.6400000000000001,-5.005345279999999
0.32000000000000006,1.6400000000000001,-4.865070079999999
0.3600000000000001,1.6400000000000001,-4.728711679999999
0.40000000000000013,1.6400000000000001,-4.597283839999999
0.43999999999999995,1.6400000000000001,-4.471738879999999
0.48,1.6400000000000001,-4.35296768
0.52,1.6400000000000001,-4.24179968
0.56,1.6400000000000001,-4.139002879999999
0.6000000000000001,1.6400000000000001,-4.04528384
0.6400000000000001,1.6400000000000001,-3.961287679999999
0.6799999999999999,1.6400000000000001,-3.8875980799999996
0.72,1.6400000000000001,-3.82473728
0.76,1.6400000000000001,-3.7731660799999998
0.8,1.6400000000000001,-3.7332838399999995
0.8400000000000001,1.6400000000000001,-3.7054284799999992
0.8800000000000001,1.6400000000000001,-3.68987648
0.9199999999999999,1.6400000000000001,-3.6868428800000004
0.96,1.6400000000000001,-3.69648128
1.0,1.6400000000000001,-3.7188838399999993
1.04,1.6400000000000001,-3.75408128
1.08,1.6400000000000001,-3.80204288
1.12,1.6400000000000001,-3.8626764799999993
1.1600000000000001,1.6400000000000001,-3.935828479999999
1.2000000000000002,1.6400000000000001,-4.02128384
1.2400000000000002,1.6400000000000001,-4.118766080000001
1.2800000000000002,1.6400000000000001,-4.227937279999999
1.3199999999999998,1.6400000000000001,-4.348398079999998
1.3599999999999999,1.6400000000000001,-4.479687679999999
1.4,1.6400000000000001,-4.621283839999998
1.44,1.6400000000000001,-4.772602879999999
1.48,1.6400000000000001,-4.93299968
1.52,1.6400000000000001,-5.101767679999999
1.56,1.6400000000000001,-5.278138879999999
1.6,1.6400000000000001,-5.46128384
1.6400000000000001,1.6400000000000001,-5.650311679999998
1.6800000000000002,1.6400000000000001,-5.844270080000001
1.7200000000000002,1.6400000000000001,-6.042145279999995
1.7600000000000002,1.6400000000000001,-6.242862080000003
1.8000000000000003,1.6400000000000001,-6.445283839999998
1.8399999999999999,1.6400000000000001,-6.64821248
1.88,1.6400000000000001,-6.850388479999999
1.92,1.6400000000000001,-7.0504908799999955
1.96,1.6400000000000001,-7.247137279999999
2.0,1.6400000000000001,-7.438883839999997
2.04,1.6400000000000001,-7.624225280000006
2.08,1.6400000000000001,-7.801594879999995
2.12,1.6400000000000001,-7.969364479999993
2.16,1.6400000000000001,-8.12584448
2.2,1.6400000000000001,-8.269283840000005
2.24,1.6400000000000001,-8.397870079999999
2.2800000000000002,1.6400000000000001,-8.509729279999998
2.3200000000000003,1.6400000000000001,-8.602926080000003
2.36,1.6400000000000001,-8.675463680000004
2.4,1.6400000000000001,-8.725283839999992
2.44,1.6400000000000001,-8.750266880000002
2.48,1.6400000000000001,-8.748231679999995
2.52,1.6400000000000001,-8.716935679999997
2.56,1.6400000000000001,-8.654074880000008
2.6,1.6400000000000001,-8.557283839999988
2.64,1.6400000000000001,-8.424135679999997
2.68,1.6400000000000001,-8.252142079999995
2.72,1.6400000000000001,-8.038753279999984
2.7600000000000002,1.6400000000000001,-7.781358080000011
2.8000000000000003,1.6400000000000001,-7.477283839999998
2.84,1.6400000000000001,-7.123796479999992
2.88,1.6400000000000001,-6.7181004800000075
2.92,1.6400000000000001,-6.2573388800000025
2.96,1.6400000000000001,-5.7385932800000035
3.0,1.6400000000000001,-5.158883840000005
-1.0,1.6800000000000002,-2.61895424
-0.96,1.6800000000000002,-3.25306368
-0.92,1.6800000000000002,-3.8262092800000005
-0.88,1.6800000000000002,-4.34137088
-0.84,1.6800000000000002,-4.80146688
-0.8,1.6800000000000002,-5.209354240000001
-0.76,1.6800000000000002,-5.567828479999999
-0.72,1.6800000000000002,-5.879623680000002
-0.6799999999999999,1.6800000000000002,-6.147412479999999
-0.64,1.6800000000000002,-6.373806079999999
-0.6,1.6800000000000002,-6.561354239999999
-0.56,1.6800000000000002,-6.712545279999999
-0.52,1.6800000000000002,-6.829806080000001
-0.48,1.6800000000000002,-6.91550208
-0.43999999999999995,1.6800000000000002,-6.97193728
-0.4,1.6800000000000002,-7.00135424
-0.36,1.6800000000000002,-7.005934079999999
-0.31999999999999995,1.6800000000000002,-6.98779648
-0.28,1.6800000000000002,-6.94899968
-0.24,1.6800000000000002,-6.89154048
-0.19999999999999996,1.6800000000000002,-6.817354239999999
-0.16000000000000003,1.6800000000000002,-6.72831488
-0.12,1.6800000000000002,-6.626234879999999
-0.07999999999999996,1.6800000000000002,-6.512865279999999
-0.040000000000000036,1.6800000000000002,-6.3898956799999995
0.0,1.6800000000000002,-6.25895424
0.040000000000000036,1.6800000000000002,-6.121607679999999
0.08000000000000007,1.6800000000000002,-5.979361279999999
0.1200000000000001,1.6800000000000002,-5.833658879999999
0.15999999999999992,1.6800000000000002,-5.685882880000001
0.19999999999999996,1.6800000000000002,-5.53735424
0.24,1.6800000000000002,-5.38933248
0.28,1.6800000000000002,-5.243015679999999
0.32000000000000006,1.6800000000000002,-5.099540479999998
0.3600000000000001,1.6800000000000002,-4.95998208
0.40000000000000013,1.6800000000000002,-4.825354239999999
0.43999999999999995,1.6800000000000002,-4.69660928
0.48,1.6800000000000002,-4.574638080000001
0.52,1.6800000000000002,-4.46027008
0.56,1.6800000000000002,-4.354273279999998
0.6000000000000001,1.6800000000000002,-4.25735424
0.6400000000000001,1.6800000000000002,-4.170158079999998
0.6799999999999999,1.6800000000000002,-4.093268479999999
0.72,1.6800000000000002,-4.02720768
0.76,1.6800000000000002,-3.97243648
0.8,1.6800000000000002,-3.9293542399999994
0.8400000000000001,1.6800000000000002,-3.898298880000001
0.8800000000000001,1.6800000000000002,-3.87954688
0.9199999999999999,1.6800000000000002,-3.8733132799999983
0.96,1.6800000000000002,-3.8797516799999983
1.0,1.6800000000000002,-3.8989542399999992
1.04,1.6800000000000002,-3.9309516799999997
1.08,1.6800000000000002,-3.9757132800000003
1.12,1.6800000000000002,-4.0331468799999985
1.1600000000000001,1.6800000000000002,-4.103098879999999
1.2000000000000002,1.6800000000000002,-4.18535424
1.2400000000000002,1.6800000000000002,-4.279636480000001
1.2800000000000002,1.6800000000000002,-4.385607679999999
1.3199999999999998,1.6800000000000002,-4.502868479999998
1.3599999999999999,1.6800000000000002,-4.63095808
1.4,1.6800000000000002,-4.7693542399999975
1.44,1.6800000000000002,-4.917473279999999
1.48,1.6800000000000002,-5.07467008
1.52,1.6800000000000002,-5.240238079999999
1.56,1.6800000000000002,-5.413409279999997
1.6,1.6800000000000002,-5.59335424
1.6400000000000001,1.6800000000000002,-5.779182079999998
1.6800000000000002,1.6800000000000002,-5.969940479999997
1.7200000000000002,1.6800000000000002,-6.164615679999999
1.7600000000000002,1.6800000000000002,-6.362132479999999
1.8000000000000003,1.6800000000000002,-6.561354240000002
1.8399999999999999,1.6800000000000002,-6.761082879999999
1.88,1.6800000000000002,-6.960058880000002
1.92,1.6800000000000002,-7.1569612799999955
1.96,1.6800000000000002,-7.350407680000003
2.0,1.6800000000000002,-7.538954240000001
2.04,1.6800000000000002,-7.721095680000002
2.08,1.6800000000000002,-7.8952652799999985
2.12,1.6800000000000002,-8.059834879999997
2.16,1.6800000000000002,-8.213114879999996
2.2,1.6800000000000002,-8.353354240000002
2.24,1.6800000000000002,-8.478740479999992
2.2800000000000002,1.6800000000000002,-8.587399679999994
2.3200000000000003,1.6800000000000002,-8.677396479999999
2.36,1.6800000000000002,-8.74673408
2.4,1.6800000000000002,-8.793354239999989
2.44,1.6800000000000002,-8.815137279999997
2.48,1.6800000000000002,-8.809902079999999
2.52,1.6800000000000002,-8.775406080000002
2.56,1.6800000000000002,-8.709345280000004
2.6,1.6800000000000002,-8.609354239999984
2.64,1.6800000000000002,-8.473006079999992
2.68,1.6800000000000002,-8.297812479999992
2.72,1.6800000000000002,-8.081223679999981
2.7600000000000002,1.6800000000000002,-7.82062848
2.8000000000000003,1.6800000000000002,-7.5133542399999875
2.84,1.6800000000000002,-7.156666879999982
2.88,1.6800000000000002,-6.747770879999997
2.92,1.6800000000000002,-6.283809279999991
2.96,1.6800000000000002,-5.761863679999992
3.0,1.6800000000000002,-5.178954239999992
-1.0,1.7200000000000002,-2.95321344
-0.96,1.7200000000000002,-3.5841228800000002
-0.92,1.7200000000000002,-4.15406848
-0.88,1.7200000000000002,-4.6660300800000005
-0.84,1.7200000000000002,-5.122926080000001
-0.8,1.7200000000000002,-5.5276134400000005
-0.76,1.7200000000000002,-5.88288768
-0.72,1.7200000000000002,-6.1914828800000015
-0.6799999999999999,1.7200000000000002,-6.456071679999999
-0.64,1.7200000000000002,-6.679265279999999
-0.6,1.7200000000000002,-6.863613439999999
-0.56,1.7200000000000002,-7.011604479999998
-0.52,1.7200000000000002,-7.125665280000001
-0.48,1.7200000000000002,-7.208161280000001
-0.43999999999999995,1.7200000000000002,-7.26139648
-0.4,1.7200000000000002,-7.2876134399999986
-0.36,1.7200000000000002,-7.28899328
-0.31999999999999995,1.7200000000000002,-7.267655680000001
-0.28,1.7200000000000002,-7.22565888
-0.24,1.7200000000000002,-7.164999679999999
-0.19999999999999996,1.7200000000000002,-7.087613439999999
-0.16000000000000003,1.7200000000000002,-6.9953740799999995
-0.12,1.7200000000000002,-6.89009408
-0.07999999999999996,1.7200000000000002,-6.773524479999999
-0.040000000000000036,1.7200000000000002,-6.647354879999999
0.0,1.7200000000000002,-6.5132134399999995
0.040000000000000036,1.7200000000000002,-6.37266688
0.08000000000000007,1.7200000000000002,-6.22722048
0.1200000000000001,1.7200000000000002,-6.078318079999999
0.15999999999999992,1.7200000000000002,-5.927342080000001
0.19999999999999996,1.7200000000000002,-5.77561344
0.24,1.7200000000000002,-5.6243916800000004
0.28,1.7200000000000002,-5.474874880000001
0.32000000000000006,1.7200000000000002,-5.328199679999998
0.3600000000000001,1.7200000000000002,-5.185441279999999
0.40000000000000013,1.7200000000000002,-5.047613439999998
0.43999999999999995,1.7200000000000002,-4.915668479999999
0.48,1.7200000000000002,-4.79049728
0.52,1.7200000000000002,-4.672929279999999
0.56,1.7200000000000002,-4.56373248
0.6000000000000001,1.7200000000000002,-4.46361344
0.6400000000000001,1.7200000000000002,-4.373217279999999
0.6799999999999999,1.7200000000000002,-4.29312768
0.72,1.7200000000000002,-4.223866879999999
0.76,1.7200000000000002,-4.16589568
0.8,1.7200000000000002,-4.119613439999999
0.8400000000000001,1.7200000000000002,-4.085358080000001
0.8800000000000001,1.7200000000000002,-4.06340608
0.9199999999999999,1.7200000000000002,-4.053972479999999
0.96,1.7200000000000002,-4.057210879999998
1.0,1.7200000000000002,-4.073213439999999
1.04,1.7200000000000002,-4.10201088
1.08,1.7200000000000002,-4.14357248
1.12,1.7200000000000002,-4.197806079999999
1.1600000000000001,1.7200000000000002,-4.264558079999999
1.2000000000000002,1.7200000000000002,-4.3436134399999995
1.2400000000000002,1.7200000000000002,-4.434695680000001
1.2800000000000002,1.7200000000000002,-4.537466879999998
1.3199999999999998,1.7200000000000002,-4.651527679999998
1.3599999999999999,1.7200000000000002,-4.77641728
1.4,1.7200000000000002,-4.911613439999997
1.44,1.7200000000000002,-5.056532479999999
1.48,1.7200000000000002,-5.210529279999999
1.52,1.7200000000000002,-5.372897279999999
1.56,1.7200000000000002,-5.542868479999997
1.6,1.7200000000000002,-5.71961344
1.6400000000000001,1.7200000000000002,-5.9022412799999975
1.6800000000000002,1.7200000000000002,-6.089799679999997
1.7200000000000002,1.7200000000000002,-6.281274879999999
1.7600000000000002,1.7200000000000002,-6.475591679999999
1.8000000000000003,1.7200000000000002,-6.671613440000002
1.8399999999999999,1.7200000000000002,-6.868142079999999
1.88,1.7200000000000002,-7.063918079999995
1.92,1.7200000000000002,-7.257620479999995
1.96,1.7200000000000002,-7.447866879999995
2.0,1.7200000000000002,-7.6332134400000005
2.04,1.7200000000000002,-7.812154880000002
2.08,1.7200000000000002,-7.983124479999999
2.12,1.7200000000000002,-8.144494079999996
2.16,1.7200000000000002,-8.294574079999997
2.2,1.7200000000000002,-8.431613440000001
2.24,1.7200000000000002,-8.553799680000001
2.2800000000000002,1.7200000000000002,-8.659258879999992
2.3200000000000003,1.7200000000000002,-8.746055679999998
2.36,1.7200000000000002,-8.812193280000006
2.4,1.7200000000000002,-8.855613439999996
2.44,1.7200000000000002,-8.874196480000004
2.48,1.7200000000000002,-8.86576128
2.52,1.7200000000000002,-8.82806528
2.56,1.7200000000000002,-8.75880448000001
2.6,1.7200000000000002,-8.65561343999999
2.64,1.7200000000000002,-8.51606528
2.68,1.7200000000000002,-8.33767168
2.72,1.7200000000000002,-8.117882879999987
2.7600000000000002,1.7200000000000002,-7.8540876800000134
2.8000000000000003,1.7200000000000002,-7.543613439999987
2.84,1.7200000000000002,-7.183726079999982
2.88,1.7200000000000002,-6.771630079999996
2.92,1.7200000000000002,-6.304468480000006
2.96,1.7200000000000002,-5.779322879999992
3.0,1.7200000000000002,-5.193213439999994
-1.0,1.7600000000000002,-3.280202240000002
-0.96,1.7600000000000002,-3.9079116800000024
-0.92,1.7600000000000002,-4.474657280000002
-0.88,1.7600000000000002,-4.983418880000002
-0.84,1.7600000000000002,-5.437114880000003
-0.8,1.7600000000000002,-5.838602240000003
-0.76,1.7600000000000002,-6.190676480000001
-0.72,1.7600000000000002,-6.496071680000004
-0.6799999999999999,1.7600000000000002,-6.7574604800000015
-0.64,1.7600000000000002,-6.977454080000001
-0.6,1.7600000000000002,-7.158602240000001
-0.56,1.7600000000000002,-7.303393280000001
-0.52,1.7600000000000002,-7.414254080000003
-0.48,1.7600000000000002,-7.493550080000003
-0.43999999999999995,1.7600000000000002,-7.543585280000002
-0.4,1.7600000000000002,-7.566602240000001
-0.36,1.7600000000000002,-7.564782080000001
-0.31999999999999995,1.7600000000000002,-7.540244480000003
-0.28,1.7600000000000002,-7.4950476800000025
-0.24,1.7600000000000002,-7.431188480000002
-0.19999999999999996,1.7600000000000002,-7.3506022400000015
-0.16000000000000003,1.7600000000000002,-7.255162880000002
-0.12,1.7600000000000002,-7.146682880000002
-0.07999999999999996,1.7600000000000002,-7.026913280000001
-0.040000000000000036,1.7600000000000002,-6.897543680000002
0.0,1.7600000000000002,-6.760202240000002
0.040000000000000036,1.7600000000000002,-6.616455680000001
0.08000000000000007,1.7600000000000002,-6.467809280000002
0.1200000000000001,1.7600000000000002,-6.315706880000001
0.15999999999999992,1.7600000000000002,-6.161530880000003
0.19999999999999996,1.7600000000000002,-6.006602240000002
0.24,1.7600000000000002,-5.852180480000002
0.28,1.7600000000000002,-5.699463680000003
0.32000000000000006,1.7600000000000002,-5.549588480000001
0.3600000000000001,1.7600000000000002,-5.403630080000001
0.40000000000000013,1.7600000000000002,-5.2626022400000005
0.43999999999999995,1.7600000000000002,-5.127457280000002
0.48,1.7600000000000002,-4.999086080000002
0.52,1.7600000000000002,-4.8783180800000014
0.56,1.7600000000000002,-4.7659212800000015
0.6000000000000001,1.7600000000000002,-4.662602240000002
0.6400000000000001,1.7600000000000002,-4.569006080000001
0.6799999999999999,1.7600000000000002,-4.485716480000002
0.72,1.7600000000000002,-4.4132556800000025
0.76,1.7600000000000002,-4.352084480000003
0.8,1.7600000000000002,-4.3026022400000015
0.8400000000000001,1.7600000000000002,-4.265146880000001
0.8800000000000001,1.7600000000000002,-4.239994880000002
0.9199999999999999,1.7600000000000002,-4.22736128
0.96,1.7600000000000002,-4.2273996799999995
1.0,1.7600000000000002,-4.240202240000001
1.04,1.7600000000000002,-4.265799680000002
1.08,1.7600000000000002,-4.304161280000001
1.12,1.7600000000000002,-4.355194880000001
1.1600000000000001,1.7600000000000002,-4.418746880000001
1.2000000000000002,1.7600000000000002,-4.494602240000003
1.2400000000000002,1.7600000000000002,-4.582484480000001
1.2800000000000002,1.7600000000000002,-4.682055680000001
1.3199999999999998,1.7600000000000002,-4.792916480000002
1.3599999999999999,1.7600000000000002,-4.914606080000002
1.4,1.7600000000000002,-5.0466022399999995
1.44,1.7600000000000002,-5.188321280000001
1.48,1.7600000000000002,-5.3391180799999995
1.52,1.7600000000000002,-5.498286080000003
1.56,1.7600000000000002,-5.665057280000001
1.6,1.7600000000000002,-5.838602240000004
1.6400000000000001,1.7600000000000002,-6.018030080000002
1.6800000000000002,1.7600000000000002,-6.202388480000001
1.7200000000000002,1.7600000000000002,-6.390663679999999
1.7600000000000002,1.7600000000000002,-6.581780480000003
1.8000000000000003,1.7600000000000002,-6.774602240000002
1.8399999999999999,1.7600000000000002,-6.967930880000003
1.88,1.7600000000000002,-7.1605068800000025
1.92,1.7600000000000002,-7.351009279999999
1.96,1.7600000000000002,-7.538055680000003
2.0,1.7600000000000002,-7.720202240000001
2.04,1.7600000000000002,-7.895943680000006
2.08,1.7600000000000002,-8.063713279999998
2.12,1.7600000000000002,-8.221882879999995
2.16,1.7600000000000002,-8.36876288
2.2,1.7600000000000002,-8.502602240000007
2.24,1.7600000000000002,-8.621588480000003
2.2800000000000002,1.7600000000000002,-8.723847679999997
2.3200000000000003,1.7600000000000002,-8.807444480000003
2.36,1.7600000000000002,-8.870382080000004
2.4,1.7600000000000002,-8.91060224
2.44,1.7600000000000002,-8.925985280000008
2.48,1.7600000000000002,-8.914350079999995
2.52,1.7600000000000002,-8.873454079999997
2.56,1.7600000000000002,-8.800993280000016
2.6,1.7600000000000002,-8.694602239999995
2.64,1.7600000000000002,-8.551854080000004
2.68,1.7600000000000002,-8.370260480000002
2.72,1.7600000000000002,-8.14727167999999
2.7600000000000002,1.7600000000000002,-7.88027648000001
2.8000000000000003,1.7600000000000002,-7.566602239999998
2.84,1.7600000000000002,-7.203514879999993
2.88,1.7600000000000002,-6.788218880000008
2.92,1.7600000000000002,-6.317857280000002
2.96,1.7600000000000002,-5.789511680000002
3.0,1.7600000000000002,-5.200202240000003
-1.0,1.8000000000000003,-3.5984000000000043
-0.96,1.8000000000000003,-4.222909440000004
-0.92,1.8000000000000003,-4.786455040000005
-0.88,1.8000000000000003,-5.292016640000005
-0.84,1.8000000000000003,-5.742512640000005
-0.8,1.8000000000000003,-6.140800000000005
-0.76,1.8000000000000003,-6.489674240000004
-0.72,1.8000000000000003,-6.791869440000006
-0.6799999999999999,1.8000000000000003,-7.050058240000004
-0.64,1.8000000000000003,-7.266851840000003
-0.6,1.8000000000000003,-7.444800000000003
-0.56,1.8000000000000003,-7.586391040000002
-0.52,1.8000000000000003,-7.6940518400000055
-0.48,1.8000000000000003,-7.770147840000005
-0.43999999999999995,1.8000000000000003,-7.816983040000004
-0.4,1.8000000000000003,-7.836800000000003
-0.36,1.8000000000000003,-7.831779840000004
-0.31999999999999995,1.8000000000000003,-7.804042240000005
-0.28,1.8000000000000003,-7.755645440000004
-0.24,1.8000000000000003,-7.688586240000004
-0.19999999999999996,1.8000000000000003,-7.604800000000004
-0.16000000000000003,1.8000000000000003,-7.5061606400000045
-0.12,1.8000000000000003,-7.394480640000005
-0.07999999999999996,1.8000000000000003,-7.271511040000004
-0.040000000000000036,1.8000000000000003,-7.1389414400000035
0.0,1.8000000000000003,-6.998400000000004
0.040000000000000036,1.8000000000000003,-6.851453440000004
0.08000000000000007,1.8000000000000003,-6.699607040000004
0.1200000000000001,1.8000000000000003,-6.544304640000004
0.15999999999999992,1.8000000000000003,-6.386928640000005
0.19999999999999996,1.8000000000000003,-6.228800000000004
0.24,1.8000000000000003,-6.0711782400000045
0.28,1.8000000000000003,-5.915261440000005
0.32000000000000006,1.8000000000000003,-5.762186240000003
0.3600000000000001,1.8000000000000003,-5.6130278400000035
0.40000000000000013,1.8000000000000003,-5.4688000000000025
0.43999999999999995,1.8000000000000003,-5.330455040000004
0.48,1.8000000000000003,-5.198883840000004
0.52,1.8000000000000003,-5.074915840000003
0.56,1.8000000000000003,-4.959319040000004
0.6000000000000001,1.8000000000000003,-4.852800000000004
0.6400000000000001,1.8000000000000003,-4.7560038400000035
0.6799999999999999,1.8000000000000003,-4.669514240000003
0.72,1.8000000000000003,-4.593853440000004
0.76,1.8000000000000003,-4.5294822400000045
0.8,1.8000000000000003,-4.476800000000003
0.8400000000000001,1.8000000000000003,-4.436144640000003
0.8800000000000001,1.8000000000000003,-4.407792640000004
0.9199999999999999,1.8000000000000003,-4.391959040000002
0.96,1.8000000000000003,-4.388797440000002
1.0,1.8000000000000003,-4.398400000000003
1.04,1.8000000000000003,-4.420797440000004
1.08,1.8000000000000003,-4.455959040000002
1.12,1.8000000000000003,-4.503792640000003
1.1600000000000001,1.8000000000000003,-4.564144640000003
1.2000000000000002,1.8000000000000003,-4.636800000000005
1.2400000000000002,1.8000000000000003,-4.721482240000003
1.2800000000000002,1.8000000000000003,-4.817853440000003
1.3199999999999998,1.8000000000000003,-4.9255142400000045
1.3599999999999999,1.8000000000000003,-5.044003840000005
1.4,1.8000000000000003,-5.172800000000001
1.44,1.8000000000000003,-5.311319040000003
1.48,1.8000000000000003,-5.458915840000002
1.52,1.8000000000000003,-5.6148838400000045
1.56,1.8000000000000003,-5.778455039999999
1.6,1.8000000000000003,-5.948800000000002
1.6400000000000001,1.8000000000000003,-6.12502784
1.6800000000000002,1.8000000000000003,-6.306186240000002
1.7200000000000002,1.8000000000000003,-6.491261440000001
1.7600000000000002,1.8000000000000003,-6.679178240000004
1.8000000000000003,1.8000000000000003,-6.868800000000004
1.8399999999999999,1.8000000000000003,-7.058928640000001
1.88,1.8000000000000003,-7.248304640000001
1.92,1.8000000000000003,-7.435607040000001
1.96,1.8000000000000003,-7.619453440000001
2.0,1.8000000000000003,-7.798400000000003
2.04,1.8000000000000003,-7.970941440000008
2.08,1.8000000000000003,-8.13551104
2.12,1.8000000000000003,-8.290480639999998
2.16,1.8000000000000003,-8.434160639999996
2.2,1.8000000000000003,-8.564800000000012
2.24,1.8000000000000003,-8.680586240000002
2.2800000000000002,1.8000000000000003,-8.779645440000003
2.3200000000000003,1.8000000000000003,-8.860042240000007
2.36,1.8000000000000003,-8.919779840000002
2.4,1.8000000000000003,-8.956799999999998
2.44,1.8000000000000003,-8.968983040000007
2.48,1.8000000000000003,-8.954147840000001
2.52,1.8000000000000003,-8.910051840000003
2.56,1.8000000000000003,-8.834391040000014
2.6,1.8000000000000003,-8.724799999999993
2.64,1.8000000000000003,-8.578851840000002
2.68,1.8000000000000003,-8.394058240000001
2.72,1.8000000000000003,-8.16786943999999
2.7600000000000002,1.8000000000000003,-7.8976742400000095
2.8000000000000003,1.8000000000000003,-7.580799999999996
2.84,1.8000000000000003,-7.214512639999992
2.88,1.8000000000000003,-6.796016640000007
2.92,1.8000000000000003,-6.322455040000001
2.96,1.8000000000000003,-5.790909440000002
3.0,1.8000000000000003,-5.198400000000003
-1.0,1.8399999999999999,-3.906224639999998
-0.96,1.8399999999999999,-4.5275340800000015
-0.92,1.8399999999999999,-5.087879679999999
-0.88,1.8399999999999999,-5.590241280000001
-0.84,1.8399999999999999,-6.0375372800000005
-0.8,1.8399999999999999,-6.43262464
-0.76,1.8399999999999999,-6.778298880000001
-0.72,1.8399999999999999,-7.0772940800000015
-0.6799999999999999,1.8399999999999999,-7.332282879999999
-0.64,1.8399999999999999,-7.545876479999999
-0.6,1.8399999999999999,-7.7206246400000005
-0.56,1.8399999999999999,-7.859015679999999
-0.52,1.8399999999999999,-7.963476480000001
-0.48,1.8399999999999999,-8.03637248
-0.43999999999999995,1.8399999999999999,-8.08000768
-0.4,1.8399999999999999,-8.096624639999998
-0.36,1.8399999999999999,-8.08840448
-0.31999999999999995,1.8399999999999999,-8.05746688
-0.28,1.8399999999999999,-8.00587008
-0.24,1.8399999999999999,-7.93561088
-0.19999999999999996,1.8399999999999999,-7.84862464
-0.16000000000000003,1.8399999999999999,-7.74678528
-0.12,1.8399999999999999,-7.631905280000001
-0.07999999999999996,1.8399999999999999,-7.505735679999999
-0.040000000000000036,1.8399999999999999,-7.369966079999999
0.0,1.8399999999999999,-7.22622464
0.040000000000000036,1.8399999999999999,-7.07607808
0.08000000000000007,1.8399999999999999,-6.92103168
0.1200000000000001,1.8399999999999999,-6.76252928
0.15999999999999992,1.8399999999999999,-6.601953280000001
0.19999999999999996,1.8399999999999999,-6.44062464
0.24,1.8399999999999999,-6.279802880000001
0.28,1.8399999999999999,-6.120686080000001
0.32000000000000006,1.8399999999999999,-5.964410879999999
0.3600000000000001,1.8399999999999999,-5.81205248
0.40000000000000013,1.8399999999999999,-5.664624639999999
0.43999999999999995,1.8399999999999999,-5.52307968
0.48,1.8399999999999999,-5.388308480000001
0.52,1.8399999999999999,-5.26114048
0.56,1.8399999999999999,-5.14234368
0.6000000000000001,1.8399999999999999,-5.03262464
0.6400000000000001,1.8399999999999999,-4.93262848
0.6799999999999999,1.8399999999999999,-4.84293888
0.72,1.8399999999999999,-4.764078080000001
0.76,1.8399999999999999,-4.696506879999999
0.8,1.8399999999999999,-4.64062464
0.8400000000000001,1.8399999999999999,-4.596769280000002
0.8800000000000001,1.8399999999999999,-4.565217280000001
0.9199999999999999,1.8399999999999999,-4.5461836799999995
0.96,1.8399999999999999,-4.53982208
1.0,1.8399999999999999,-4.54622464
1.04,1.8399999999999999,-4.565422080000001
1.08,1.8399999999999999,-4.597383680000001
1.12,1.8399999999999999,-4.64201728
1.1600000000000001,1.8399999999999999,-4.69916928
1.2000000000000002,1.8399999999999999,-4.7686246400000005
1.2400000000000002,1.8399999999999999,-4.850106880000002
1.2800000000000002,1.8399999999999999,-4.94327808
1.3199999999999998,1.8399999999999999,-5.04773888
1.3599999999999999,1.8399999999999999,-5.1630284799999995
1.4,1.8399999999999999,-5.288624639999998
1.44,1.8399999999999999,-5.423943680000001
1.48,1.8399999999999999,-5.568340480000001
1.52,1.8399999999999999,-5.721108480000004
1.56,1.8399999999999999,-5.881479680000002
1.6,1.8399999999999999,-6.048624640000002
1.6400000000000001,1.8399999999999999,-6.2216524799999995
1.6800000000000002,1.8399999999999999,-6.399610880000002
1.7200000000000002,1.8399999999999999,-6.581486079999997
1.7600000000000002,1.8399999999999999,-6.766202880000003
1.8000000000000003,1.8399999999999999,-6.95262464
1.8399999999999999,1.8399999999999999,-7.139553280000001
1.88,1.8399999999999999,-7.32572928
1.92,1.8399999999999999,-7.509831679999997
1.96,1.8399999999999999,-7.69047808
2.0,1.8399999999999999,-7.866224639999999
2.04,1.8399999999999999,-8.035566080000008
2.08,1.8399999999999999,-8.196935679999996
2.12,1.8399999999999999,-8.348705279999994
2.16,1.8399999999999999,-8.48918528
2.2,1.8399999999999999,-8.616624640000008
2.24,1.8399999999999999,-8.729210879999998
2.2800000000000002,1.8399999999999999,-8.82507008
2.3200000000000003,1.8399999999999999,-8.902266880000003
2.36,1.8399999999999999,-8.958804480000005
2.4,1.8399999999999999,-8.992624639999994
2.44,1.8399999999999999,-9.001607680000003
2.48,1.8399999999999999,-8.983572479999998
2.52,1.8399999999999999,-8.936276479999998
2.56,1.8399999999999999,-8.85741568000001
2.6,1.8399999999999999,-8.744624639999989
2.64,1.8399999999999999,-8.595476479999999
2.68,1.8399999999999999,-8.407482879999998
2.72,1.8399999999999999,-8.178094079999992
2.7600000000000002,1.8399999999999999,-7.904698880000012
2.8000000000000003,1.8399999999999999,-7.5846246399999995
2.84,1.8399999999999999,-7.215137279999995
2.88,1.8399999999999999,-6.79344128000001
2.92,1.8399999999999999,-6.316679680000004
2.96,1.8399999999999999,-5.7819340800000045
3.0,1.8399999999999999,-5.186224640000006
-1.0,1.88,-4.202032639999997
-0.96,1.88,-4.820142079999998
-0.92,1.88,-5.377287679999998
-0.88,1.88,-5.876449279999999
-0.84,1.88,-6.320545279999999
-0.8,1.88,-6.712432639999999
-0.76,1.88,-7.05490688
-0.72,1.88,-7.350702080000001
-0.6799999999999999,1.88,-7.602490879999998
-0.64,1.88,-7.8128844799999975
-0.6,1.88,-7.98443264
-0.56,1.88,-8.119623679999997
-0.52,1.88,-8.22088448
-0.48,1.88,-8.29058048
-0.43999999999999995,1.88,-8.331015679999998
-0.4,1.88,-8.344432639999997
-0.36,1.88,-8.333012479999999
-0.31999999999999995,1.88,-8.29887488
-0.28,1.88,-8.24407808
-0.24,1.88,-8.17061888
-0.19999999999999996,1.88,-8.080432639999998
-0.16000000000000003,1.88,-7.97539328
-0.12,1.88,-7.85731328
-0.07999999999999996,1.88,-7.727943679999998
-0.040000000000000036,1.88,-7.588974079999999
0.0,1.88,-7.442032639999999
0.040000000000000036,1.88,-7.288686079999999
0.08000000000000007,1.88,-7.1304396799999985
0.1200000000000001,1.88,-6.968737279999999
0.15999999999999992,1.88,-6.804961280000001
0.19999999999999996,1.88,-6.640432639999999
0.24,1.88,-6.4764108799999995
0.28,1.88,-6.31409408
0.32000000000000006,1.88,-6.1546188799999975
0.3600000000000001,1.88,-5.999060479999999
0.40000000000000013,1.88,-5.848432639999998
0.43999999999999995,1.88,-5.703687679999999
0.48,1.88,-5.565716480000001
0.52,1.88,-5.435348479999998
0.56,1.88,-5.313351679999999
0.6000000000000001,1.88,-5.200432639999999
0.6400000000000001,1.88,-5.0972364799999985
0.6799999999999999,1.88,-5.00434688
0.72,1.88,-4.922286079999999
0.76,1.88,-4.851514879999999
0.8,1.88,-4.7924326399999995
0.8400000000000001,1.88,-4.7453772800000005
0.8800000000000001,1.88,-4.71062528
0.9199999999999999,1.88,-4.688391679999999
0.96,1.88,-4.67883008
1.0,1.88,-4.682032639999999
1.04,1.88,-4.69803008
1.08,1.88,-4.72679168
1.12,1.88,-4.768225279999999
1.1600000000000001,1.88,-4.822177279999999
1.2000000000000002,1.88,-4.8884326399999996
1.2400000000000002,1.88,-4.9667148800000005
1.2800000000000002,1.88,-5.056686079999999
1.3199999999999998,1.88,-5.157946879999999
1.3599999999999999,1.88,-5.270036479999999
1.4,1.88,-5.392432639999999
1.44,1.88,-5.524551679999999
1.48,1.88,-5.6657484799999995
1.52,1.88,-5.8153164800000035
1.56,1.88,-5.972487679999998
1.6,1.88,-6.136432640000001
1.6400000000000001,1.88,-6.306260479999998
1.6800000000000002,1.88,-6.481018880000001
1.7200000000000002,1.88,-6.659694079999996
1.7600000000000002,1.88,-6.841210880000003
1.8000000000000003,1.88,-7.024432639999999
1.8399999999999999,1.88,-7.20816128
1.88,1.88,-7.391137279999999
1.92,1.88,-7.572039679999996
1.96,1.88,-7.74948608
2.0,1.88,-7.922032639999998
2.04,1.88,-8.088174080000005
2.08,1.88,-8.246343679999994
2.12,1.88,-8.394913279999994
2.16,1.88,-8.532193280000001
2.2,1.88,-8.656432640000004
2.24,1.88,-8.765818880000001
2.2800000000000002,1.88,-8.858478079999998
2.3200000000000003,1.88,-8.93247488
2.36,1.88,-8.985812480000003
2.4,1.88,-9.016432639999993
2.44,1.88,-9.022215680000002
2.48,1.88,-9.000980479999999
2.52,1.88,-8.950484479999998
2.56,1.88,-8.868423680000005
2.6,1.88,-8.752432639999984
2.64,1.88,-8.600084479999994
2.68,1.88,-8.408890880000007
2.72,1.88,-8.176302079999996
2.7600000000000002,1.88,-7.899706880000014
2.8000000000000003,1.88,-7.576432640000002
2.84,1.88,-7.203745279999998
2.88,1.88,-6.778849280000012
2.92,1.88,-6.298887680000007
2.96,1.88,-5.760942080000007
3.0,1.88,-5.1620326400000085
-1.0,1.92,-4.4841190399999995
-0.96,1.92,-5.099028479999998
-0.92,1.92,-5.65297408
-0.88,1.92,-6.14893568
-0.84,1.92,-6.58983168
-0.8,1.92,-6.97851904
-0.76,1.92,-7.317793279999999
-0.72,1.92,-7.610388480000001
-0.6799999999999999,1.92,-7.8589772799999995
-0.64,1.92,-8.066170879999998
-0.6,1.92,-8.234519039999999
-0.56,1.92,-8.366510079999998
-0.52,1.92,-8.46457088
-0.48,1.92,-8.531066880000001
-0.43999999999999995,1.92,-8.56830208
-0.4,1.92,-8.578519039999998
-0.36,1.92,-8.56389888
-0.31999999999999995,1.92,-8.52656128
-0.28,1.92,-8.46856448
-0.24,1.92,-8.39190528
-0.19999999999999996,1.92,-8.298519039999999
-0.16000000000000003,1.92,-8.19027968
-0.12,1.92,-8.068999680000001
-0.07999999999999996,1.92,-7.936430079999999
-0.040000000000000036,1.92,-7.794260479999999
0.0,1.92,-7.64411904
0.040000000000000036,1.92,-7.48757248
0.08000000000000007,1.92,-7.32612608
0.1200000000000001,1.92,-7.161223679999999
0.15999999999999992,1.92,-6.994247680000001
0.19999999999999996,1.92,-6.82651904
0.24,1.92,-6.6592972800000005
0.28,1.92,-6.493780480000002
0.32000000000000006,1.92,-6.331105279999999
0.3600000000000001,1.92,-6.172346879999999
0.40000000000000013,1.92,-6.018519039999998
0.43999999999999995,1.92,-5.87057408
0.48,1.92,-5.72940288
0.52,1.92,-5.59583488
0.56,1.92,-5.47063808
0.6000000000000001,1.92,-5.35451904
0.6400000000000001,1.92,-5.2481228799999995
0.6799999999999999,1.92,-5.1520332799999995
0.72,1.92,-5.066772480000001
0.76,1.92,-4.992801280000001
0.8,1.92,-4.930519039999999
0.8400000000000001,1.92,-4.880263679999999
0.8800000000000001,1.92,-4.84231168
0.9199999999999999,1.92,-4.816878079999999
0.96,1.92,-4.8041164799999985
1.0,1.92,-4.80411904
1.04,1.92,-4.816916480000001
1.08,1.92,-4.842478079999999
1.12,1.92,-4.880711679999999
1.1600000000000001,1.92,-4.931463679999999
1.2000000000000002,1.92,-4.994519040000002
1.2400000000000002,1.92,-5.06960128
1.2800000000000002,1.92,-5.15637248
1.3199999999999998,1.92,-5.254433280000001
1.3599999999999999,1.92,-5.363322880000001
1.4,1.92,-5.482519039999998
1.44,1.92,-5.611438079999998
1.48,1.92,-5.749434880000003
1.52,1.92,-5.8958028800000015
1.56,1.92,-6.049774079999996
1.6,1.92,-6.210519039999999
1.6400000000000001,1.92,-6.377146879999997
1.6800000000000002,1.92,-6.54870528
1.7200000000000002,1.92,-6.724180479999998
1.7600000000000002,1.92,-6.902497280000001
1.8000000000000003,1.92,-7.082519040000001
1.8399999999999999,1.92,-7.263047679999999
1.88,1.92,-7.442823679999998
1.92,1.92,-7.620526079999998
1.96,1.92,-7.794772479999998
2.0,1.92,-7.96411904
2.04,1.92,-8.127060480000004
2.08,1.92,-8.28203008
2.12,1.92,-8.427399679999995
2.16,1.92,-8.561479679999994
2.2,1.92,-8.68251904000001
2.24,1.92,-8.788705279999999
2.2800000000000002,1.92,-8.87816448
2.3200000000000003,1.92,-8.948961280000004
2.36,1.92,-8.99909888
2.4,1.92,-9.026519039999995
2.44,1.92,-9.029102080000003
2.48,1.92,-9.004666879999998
2.52,1.92,-8.95097088
2.56,1.92,-8.865710080000012
2.6,1.92,-8.74651903999999
2.64,1.92,-8.590970879999999
2.68,1.92,-8.396577279999999
2.72,1.92,-8.160788479999987
2.7600000000000002,1.92,-7.880993280000007
2.8000000000000003,1.92,-7.5545190399999935
2.84,1.92,-7.178631679999988
2.88,1.92,-6.750535680000004
2.92,1.92,-6.267374079999998
2.96,1.92,-5.72622848
3.0,1.92,-5.12411904
-1.0,1.96,-4.750717439999997
-0.96,1.96,-5.362426879999999
-0.92,1.96,-5.913172479999998
-0.88,1.96,-6.405934079999998
-0.84,1.96,-6.843630080000001
-0.8,1.96,-7.229117439999998
-0.76,1.96,-7.56519168
-0.72,1.96,-7.854586880000001
-0.6799999999999999,1.96,-8.09997568
-0.64,1.96,-8.303969279999997
-0.6,1.96,-8.46911744
-0.56,1.96,-8.597908479999997
-0.52,1.96,-8.69276928
-0.48,1.96,-8.75606528
-0.43999999999999995,1.96,-8.79010048
-0.4,1.96,-8.797117439999997
-0.36,1.96,-8.779297279999998
-0.31999999999999995,1.96,-8.73875968
-0.28,1.96,-8.67756288
-0.24,1.96,-8.597703679999999
-0.19999999999999996,1.96,-8.501117439999998
-0.16000000000000003,1.96,-8.38967808
-0.12,1.96,-8.26519808
-0.07999999999999996,1.96,-8.129428479999998
-0.040000000000000036,1.96,-7.984058879999999
0.0,1.96,-7.830717439999999
0.040000000000000036,1.96,-7.670970879999999
0.08000000000000007,1.96,-7.506324479999999
0.1200000000000001,1.96,-7.338222079999999
0.15999999999999992,1.96,-7.168046080000001
0.19999999999999996,1.96,-6.997117439999999
0.24,1.96,-6.826695679999999
0.28,1.96,-6.657978880000001
0.32000000000000006,1.96,-6.492103679999998
0.3600000000000001,1.96,-6.330145279999998
0.40000000000000013,1.96,-6.173117439999998
0.43999999999999995,1.96,-6.021972479999999
0.48,1.96,-5.87760128
0.52,1.96,-5.740833279999999
0.56,1.96,-5.6124364799999995
0.6000000000000001,1.96,-5.493117439999999
0.6400000000000001,1.96,-5.383521279999998
0.6799999999999999,1.96,-5.2842316799999995
0.72,1.96,-5.1957708799999995
0.76,1.96,-5.118599679999997
0.8,1.96,-5.05311744
0.8400000000000001,1.96,-4.99966208
0.8800000000000001,1.96,-4.95851008
0.9199999999999999,1.96,-4.929876479999998
0.96,1.96,-4.91391488
1.0,1.96,-4.910717439999999
1.04,1.96,-4.920314879999999
1.08,1.96,-4.94267648
1.12,1.96,-4.977710079999999
1.1600000000000001,1.96,-5.025262079999999
1.2000000000000002,1.96,-5.085117439999999
1.2400000000000002,1.96,-5.15699968
1.2800000000000002,1.96,-5.240570880000001
1.3199999999999998,1.96,-5.335431680000002
1.3599999999999999,1.96,-5.441121279999999
1.4,1.96,-5.557117439999999
1.44,1.96,-5.682836479999999
1.48,1.96,-5.817633279999996
1.52,1.96,-5.960801280000003
1.56,1.96,-6.111572479999998
1.6,1.96,-6.2691174400000005
1.6400000000000001,1.96,-6.432545279999998
1.6800000000000002,1.96,-6.600903680000001
1.7200000000000002,1.96,-6.773178879999995
1.7600000000000002,1.96,-6.948295680000003
1.8000000000000003,1.96,-7.125117439999999
1.8399999999999999,1.96,-7.302446079999999
1.88,1.96,-7.479022079999999
1.92,1.96,-7.653524479999995
1.96,1.96,-7.82457088
2.0,1.96,-7.990717439999997
2.04,1.96,-8.150458880000006
2.08,1.96,-8.302228479999993
2.12,1.96,-8.444398079999994
2.16,1.96,-8.575278080000002
2.2,1.96,-8.693117440000004
2.24,1.96,-8.79610368
2.2800000000000002,1.96,-8.882362879999997
2.3200000000000003,1.96,-8.94995968
2.36,1.96,-8.996897280000004
2.4,1.96,-9.021117439999992
2.44,1.96,-9.02050048
2.48,1.96,-8.992865279999998
2.52,1.96,-8.935969279999998
2.56,1.96,-8.847508480000005
2.6,1.96,-8.725117439999991
2.64,1.96,-8.56636928
2.68,1.96,-8.368775679999999
2.72,1.96,-8.129786879999989
2.7600000000000002,1.96,-7.846791680000008
2.8000000000000003,1.96,-7.5171174399999945
2.84,1.96,-7.138030079999989
2.88,1.96,-6.706734080000004
2.92,1.96,-6.22037248
2.96,1.96,-5.67602688
3.0,1.96,-5.070717440000001
-1.0,2.0,-5.0
-0.96,2.0,-5.608509439999999
-0.92,2.0,-6.15605504
-0.88,2.0,-6.64561664
-0.84,2.0,-7.080112639999998
-0.8,2.0,-7.462399999999997
-0.76,2.0,-7.7952742399999995
-0.72,2.0,-8.08146944
-0.6799999999999999,2.0,-8.32365824
-0.64,2.0,-8.524451840000001
-0.6,2.0,-8.686399999999999
-0.56,2.0,-8.811991040000002
-0.52,2.0,-8.903651839999998
-0.48,2.0,-8.96374784
-0.43999999999999995,2.0,-8.99458304
-0.4,2.0,-8.998399999999998
-0.36,2.0,-8.977379840000003
-0.31999999999999995,2.0,-8.93364224
-0.28,2.0,-8.86924544
-0.24,2.0,-8.78618624
-0.19999999999999996,2.0,-8.686399999999999
-0.16000000000000003,2.0,-8.571760640000003
-0.12,2.0,-8.44408064
-0.07999999999999996,2.0,-8.305111040000002
-0.040000000000000036,2.0,-8.156541440000002
0.0,2.0,-8.0
0.040000000000000036,2.0,-7.837053440000002
0.08000000000000007,2.0,-7.66920704
0.1200000000000001,2.0,-7.497904639999998
0.15999999999999992,2.0,-7.324528640000001
0.19999999999999996,2.0,-7.1504
0.24,2.0,-6.976778239999999
0.28,2.0,-6.80486144
0.32000000000000006,2.0,-6.635786239999997
0.3600000000000001,2.0,-6.4706278400000015
0.40000000000000013,2.0,-6.310399999999999
0.43999999999999995,2.0,-6.15605504
0.48,2.0,-6.008483839999999
0.52,2.0,-5.868515839999998
0.56,2.0,-5.736919040000002
0.6000000000000001,2.0,-5.6144
0.6400000000000001,2.0,-5.501603840000001
0.6799999999999999,2.0,-5.39911424
0.72,2.0,-5.307453440000001
0.76,2.0,-5.2270822400000005
0.8,2.0,-5.158399999999999
0.8400000000000001,2.0,-5.101744639999999
0.8800000000000001,2.0,-5.057392639999999
0.9199999999999999,2.0,-5.025559039999999
0.96,2.0,-5.006397439999999
1.0,2.0,-5.0
1.04,2.0,-5.006397439999999
1.08,2.0,-5.025559039999999
1.12,2.0,-5.0573926400000015
1.1600000000000001,2.0,-5.1017446400000015
1.2000000000000002,2.0,-5.1583999999999985
1.2400000000000002,2.0,-5.22708224
1.2800000000000002,2.0,-5.30745344
1.3199999999999998,2.0,-5.399114240000001
1.3599999999999999,2.0,-5.501603840000001
1.4,2.0,-5.614399999999998
1.44,2.0,-5.736919039999998
1.48,2.0,-5.868515840000002
1.52,2.0,-6.008483840000002
1.56,2.0,-6.1560550399999965
1.6,2.0,-6.3104
1.6400000000000001,2.0,-6.470627839999997
1.6800000000000002,2.0,-6.63578624
1.7200000000000002,2.0,-6.804861439999998
1.7600000000000002,2.0,-6.976778240000002
1.8000000000000003,2.0,-7.150400000000001
1.8399999999999999,2.0,-7.324528639999999
1.88,2.0,-7.497904639999998
1.92,2.0,-7.669207039999998
1.96,2.0,-7.837053439999998
2.0,2.0,-8.0
2.04,2.0,-8.156541440000009
2.08,2.0,-8.30511104
2.12,2.0,-8.444080639999996
2.16,2.0,-8.571760639999994
2.2,2.0,-8.68640000000001
2.24,2.0,-8.78618624
2.2800000000000002,2.0,-8.86924544
2.3200000000000003,2.0,-8.933642240000005
2.36,2.0,-8.97737984
2.4,2.0,-8.998399999999995
2.44,2.0,-8.994583040000004
2.48,2.0,-8.963747839999998
2.52,2.0,-8.90365184
2.56,2.0,-8.811991040000011
2.6,2.0,-8.68639999999999
2.64,2.0,-8.52445184
2.68,2.0,-8.323658239999999
2.72,2.0,-8.081469439999987
2.7600000000000002,2.0,-7.795274240000007
2.8000000000000003,2.0,-7.4623999999999935
2.84,2.0,-7.080112639999989
2.88,2.0,-6.645616640000004
2.92,2.0,-6.156055039999998
2.96,2.0,-5.608509439999999
3.0,2.0,-5.0
-1.0,2.04,-5.230077440000004
-0.96,2.04,-5.835386880000002
-0.92,2.04,-6.379732480000005
-0.88,2.04,-6.866094080000005
-0.84,2.04,-7.297390080000005
-0.8,2.04,-7.676477440000001
-0.76,2.04,-8.006151680000004
-0.72,2.04,-8.289146880000004
-0.6799999999999999,2.04,-8.528135680000004
-0.64,2.04,-8.725729280000005
-0.6,2.04,-8.884477440000003
-0.56,2.04,-9.006868480000007
-0.52,2.04,-9.095329280000001
-0.48,2.04,-9.152225280000005
-0.43999999999999995,2.04,-9.179860480000004
-0.4,2.04,-9.180477440000002
-0.36,2.04,-9.156257280000007
-0.31999999999999995,2.04,-9.109319680000002
-0.28,2.04,-9.041722880000004
-0.24,2.04,-8.955463680000005
-0.19999999999999996,2.04,-8.852477440000005
-0.16000000000000003,2.04,-8.734638080000007
-0.12,2.04,-8.603758080000002
-0.07999999999999996,2.04,-8.461588480000005
-0.040000000000000036,2.04,-8.309818880000005
0.0,2.04,-8.150077440000004
0.040000000000000036,2.04,-7.983930880000006
0.08000000000000007,2.04,-7.812884480000002
0.1200000000000001,2.04,-7.638382080000002
0.15999999999999992,2.04,-7.461806080000003
0.19999999999999996,2.04,-7.284477440000004
0.24,2.04,-7.1076556800000015
0.28,2.04,-6.932538880000001
0.32000000000000006,2.04,-6.760263680000001
0.3600000000000001,2.04,-6.591905280000008
0.40000000000000013,2.04,-6.428477440000003
0.43999999999999995,2.04,-6.270932480000004
0.48,2.04,-6.1201612800000005
0.52,2.04,-5.976993280000003
0.56,2.04,-5.842196480000004
0.6000000000000001,2.04,-5.716477440000004
0.6400000000000001,2.04,-5.600481280000006
0.6799999999999999,2.04,-5.494791680000004
0.72,2.04,-5.3999308800000065
0.76,2.04,-5.316359680000005
0.8,2.04,-5.244477440000003
0.8400000000000001,2.04,-5.184622080000002
0.8800000000000001,2.04,-5.137070080000003
0.9199999999999999,2.04,-5.102036480000003
0.96,2.04,-5.0796748800000024
1.0,2.04,-5.070077440000004
1.04,2.04,-5.073274880000003
1.08,2.04,-5.089236480000003
1.12,2.04,-5.117870080000002
1.1600000000000001,2.04,-5.159022080000005
1.2000000000000002,2.04,-5.2124774400000025
1.2400000000000002,2.04,-5.277959680000004
1.2800000000000002,2.04,-5.3551308800000035
1.3199999999999998,2.04,-5.443591680000005
1.3599999999999999,2.04,-5.542881280000005
1.4,2.04,-5.652477440000002
1.44,2.04,-5.771796480000006
1.48,2.04,-5.900193279999999
1.52,2.04,-6.036961280000006
1.56,2.04,-6.18133248
1.6,2.04,-6.332477440000007
1.6400000000000001,2.04,-6.489505280000005
1.6800000000000002,2.04,-6.6514636800000035
1.7200000000000002,2.04,-6.817338880000002
1.7600000000000002,2.04,-6.986055680000005
1.8000000000000003,2.04,-7.156477440000005
1.8399999999999999,2.04,-7.3274060800000065
1.88,2.04,-7.497582080000005
1.92,2.04,-7.665684480000002
1.96,2.04,-7.830330880000005
2.0,2.04,-7.990077440000007
2.04,2.04,-8.14341888000001
2.08,2.04,-8.288788479999997
2.12,2.04,-8.424558079999995
2.16,2.04,-8.549038080000004
2.2,2.04,-8.660477440000006
2.24,2.04,-8.75706368000001
2.2800000000000002,2.04,-8.836922880000001
2.3200000000000003,2.04,-8.89811968
2.36,2.04,-8.938657280000006
2.4,2.04,-8.956477440000002
2.44,2.04,-8.949460480000011
2.48,2.04,-8.915425280000003
2.52,2.04,-8.85212928
2.56,2.04,-8.757268480000015
2.6,2.04,-8.628477439999994
2.64,2.04,-8.463329280000004
2.68,2.04,-8.259335680000003
2.72,2.04,-8.01394687999999
2.7600000000000002,2.04,-7.72455168000001
2.8000000000000003,2.04,-7.388477439999997
2.84,2.04,-7.002990079999993
2.88,2.04,-6.565294080000008
2.92,2.04,-6.072532480000001
2.96,2.04,-5.521786880000002
3.0,2.04,-4.910077440000004
-1.0,2.08,-5.438999039999999
-0.96,2.08,-6.041108479999997
-0.92,2.08,-6.582254079999999
-0.88,2.08,-7.065415679999999
-0.84,2.08,-7.493511679999996
-0.8,2.08,-7.869399039999996
-0.76,2.08,-8.195873279999997
-0.72,2.08,-8.47566848
-0.6799999999999999,2.08,-8.711457279999998
-0.64,2.08,-8.90585088
-0.6,2.08,-9.061399039999998
-0.56,2.08,-9.180590080000002
-0.52,2.08,-9.265850879999997
-0.48,2.08,-9.319546879999999
-0.43999999999999995,2.08,-9.343982079999998
-0.4,2.08,-9.341399039999997
-0.36,2.08,-9.313978880000002
-0.31999999999999995,2.08,-9.263841279999998
-0.28,2.08,-9.193044479999998
-0.24,2.08,-9.103585279999999
-0.19999999999999996,2.08,-8.997399039999998
-0.16000000000000003,2.08,-8.87635968
-0.12,2.08,-8.742279679999998
-0.07999999999999996,2.08,-8.59691008
-0.040000000000000036,2.08,-8.44194048
0.0,2.08,-8.278999039999999
0.040000000000000036,2.08,-8.109652480000001
0.08000000000000007,2.08,-7.935406079999996
0.1200000000000001,2.08,-7.757703679999997
0.15999999999999992,2.08,-7.577927679999998
0.19999999999999996,2.08,-7.397399039999999
0.24,2.08,-7.217377279999996
0.28,2.08,-7.039060479999996
0.32000000000000006,2.08,-6.863585279999995
0.3600000000000001,2.08,-6.692026880000002
0.40000000000000013,2.08,-6.525399039999997
0.43999999999999995,2.08,-6.364654079999998
0.48,2.08,-6.210682879999995
0.52,2.08,-6.064314879999998
0.56,2.08,-5.926318079999999
0.6000000000000001,2.08,-5.797399039999998
0.6400000000000001,2.08,-5.67820288
0.6799999999999999,2.08,-5.569313279999999
0.72,2.08,-5.47125248
0.76,2.08,-5.384481279999999
0.8,2.08,-5.309399039999998
0.8400000000000001,2.08,-5.246343679999997
0.8800000000000001,2.08,-5.195591679999998
0.9199999999999999,2.08,-5.157358079999998
0.96,2.08,-5.131796479999999
1.0,2.08,-5.1189990399999985
1.04,2.08,-5.118996479999997
1.08,2.08,-5.131758079999997
1.12,2.08,-5.15719168
1.1600000000000001,2.08,-5.19514368
1.2000000000000002,2.08,-5.245399039999997
1.2400000000000002,2.08,-5.307681279999998
1.2800000000000002,2.08,-5.381652479999998
1.3199999999999998,2.08,-5.46691328
1.3599999999999999,2.08,-5.56300288
1.4,2.08,-5.6693990399999965
1.44,2.08,-5.785518079999997
1.48,2.08,-5.910714879999997
1.52,2.08,-6.044282880000001
1.56,2.08,-6.185454079999999
1.6,2.08,-6.333399039999998
1.6400000000000001,2.08,-6.487226879999995
1.6800000000000002,2.08,-6.645985279999998
1.7200000000000002,2.08,-6.808660479999997
1.7600000000000002,2.08,-6.97417728
1.8000000000000003,2.08,-7.14139904
1.8399999999999999,2.08,-7.309127679999997
1.88,2.08,-7.476103679999996
1.92,2.08,-7.641006079999997
1.96,2.08,-7.802452479999996
2.0,2.08,-7.958999039999998
2.04,2.08,-8.10914048
2.08,2.08,-8.251310079999994
2.12,2.08,-8.383879679999994
2.16,2.08,-8.505159680000002
2.2,2.08,-8.613399039999997
2.24,2.08,-8.706785280000002
2.2800000000000002,2.08,-8.783444479999991
2.3200000000000003,2.08,-8.841441279999993
2.36,2.08,-8.878778880000004
2.4,2.08,-8.893399039999993
2.44,2.08,-8.883182080000003
2.48,2.08,-8.84594688
2.52,2.08,-8.779450879999999
2.56,2.08,-8.681390080000012
2.6,2.08,-8.549399039999978
2.64,2.08,-8.381050880000002
2.68,2.08,-8.17385728
2.72,2.08,-7.925268479999989
2.7600000000000002,2.08,-7.6326732799999935
2.8000000000000003,2.08,-7.293399039999995
2.84,2.08,-6.904711679999991
2.88,2.08,-6.463815680000005
2.92,2.08,-5.967854079999986
2.96,2.08,-5.41390848
3.0,2.08,-4.798999040000002
-1.0,2.12,-5.624752639999995
-0.96,2.12,-6.223662079999993
-0.92,2.12,-6.761607679999996
-0.88,2.12,-7.241569279999996
-0.84,2.12,-7.666465279999992
-0.8,2.12,-8.039152639999992
-0.76,2.12,-8.362426879999994
-0.72,2.12,-8.639022079999995
-0.6799999999999999,2.12,-8.871610879999995
-0.64,2.12,-9.062804479999995
-0.6,2.12,-9.215152639999994
-0.56,2.12,-9.331143679999997
-0.52,2.12,-9.413204479999992
-0.48,2.12,-9.463700479999996
-0.43999999999999995,2.12,-9.484935679999996
-0.4,2.12,-9.479152639999993
-0.36,2.12,-9.448532479999999
-0.31999999999999995,2.12,-9.395194879999993
-0.28,2.12,-9.321198079999995
-0.24,2.12,-9.228538879999995
-0.19999999999999996,2.12,-9.119152639999996
-0.16000000000000003,2.12,-8.994913279999997
-0.12,2.12,-8.857633279999995
-0.07999999999999996,2.12,-8.709063679999996
-0.040000000000000036,2.12,-8.550894079999997
0.0,2.12,-8.384752639999995
0.040000000000000036,2.12,-8.212206079999996
0.08000000000000007,2.12,-8.034759679999993
0.1200000000000001,2.12,-7.853857279999993
0.15999999999999992,2.12,-7.670881279999994
0.19999999999999996,2.12,-7.487152639999995
0.24,2.12,-7.303930879999992
0.28,2.12,-7.1224140799999915
0.32000000000000006,2.12,-6.943738879999993
0.3600000000000001,2.12,-6.768980479999998
0.40000000000000013,2.12,-6.599152639999994
0.43999999999999995,2.12,-6.435207679999995
0.48,2.12,-6.278036479999992
0.52,2.12,-6.128468479999993
0.56,2.12,-5.987271679999995
0.6000000000000001,2.12,-5.855152639999995
0.6400000000000001,2.12,-5.732756479999996
0.6799999999999999,2.12,-5.620666879999995
0.72,2.12,-5.519406079999998
0.76,2.12,-5.429434879999995
0.8,2.12,-5.351152639999994
0.8400000000000001,2.12,-5.284897279999994
0.8800000000000001,2.12,-5.230945279999993
0.9199999999999999,2.12,-5.189511679999994
0.96,2.12,-5.160750079999995
1.0,2.12,-5.144752639999995
1.04,2.12,-5.141550079999996
1.08,2.12,-5.151111679999994
1.12,2.12,-5.173345279999994
1.1600000000000001,2.12,-5.208097279999996
1.2000000000000002,2.12,-5.255152639999993
1.2400000000000002,2.12,-5.3142348799999946
1.2800000000000002,2.12,-5.385006079999995
1.3199999999999998,2.12,-5.4670668799999955
1.3599999999999999,2.12,-5.559956479999996
1.4,2.12,-5.663152639999993
1.44,2.12,-5.776071679999995
1.48,2.12,-5.898068479999997
1.52,2.12,-6.028436479999996
1.56,2.12,-6.166407679999991
1.6,2.12,-6.311152639999994
1.6400000000000001,2.12,-6.461780479999992
1.6800000000000002,2.12,-6.617338879999995
1.7200000000000002,2.12,-6.776814079999992
1.7600000000000002,2.12,-6.939130879999996
1.8000000000000003,2.12,-7.103152639999996
1.8399999999999999,2.12,-7.2676812799999935
1.88,2.12,-7.431457279999993
1.92,2.12,-7.593159679999992
1.96,2.12,-7.7514060799999935
2.0,2.12,-7.904752639999995
2.04,2.12,-8.051694079999995
2.08,2.12,-8.190663679999995
2.12,2.12,-8.32003327999999
2.16,2.12,-8.438113279999996
2.2,2.12,-8.543152639999997
2.24,2.12,-8.633338879999993
2.2800000000000002,2.12,-8.706798079999988
2.3200000000000003,2.12,-8.761594879999992
2.36,2.12,-8.795732480000002
2.4,2.12,-8.80715263999999
2.44,2.12,-8.793735679999998
2.48,2.12,-8.753300479999993
2.52,2.12,-8.683604479999994
2.56,2.12,-8.582343680000006
2.6,2.12,-8.447152639999992
2.64,2.12,-8.275604479999986
2.68,2.12,-8.065210879999986
2.72,2.12,-7.813422079999974
2.7600000000000002,2.12,-7.517626880000009
2.8000000000000003,2.12,-7.175152639999981
2.84,2.12,-6.783265279999975
2.88,2.12,-6.339169279999991
2.92,2.12,-5.840007679999999
2.96,2.12,-5.282862079999987
3.0,2.12,-4.664752639999987
-1.0,2.16,-5.785264639999998
-0.96,2.16,-6.380974079999996
-0.92,2.16,-6.915719679999999
-0.88,2.16,-7.392481279999998
-0.84,2.16,-7.814177279999998
-0.8,2.16,-8.183664639999995
-0.76,2.16,-8.503738879999997
-0.72,2.16,-8.777134079999998
-0.6799999999999999,2.16,-9.006522879999997
-0.64,2.16,-9.194516479999997
-0.6,2.16,-9.343664639999997
-0.56,2.16,-9.45645568
-0.52,2.16,-9.535316479999995
-0.48,2.16,-9.582612479999998
-0.43999999999999995,2.16,-9.600647679999998
-0.4,2.16,-9.591664639999996
-0.36,2.16,-9.55784448
-0.31999999999999995,2.16,-9.501306879999996
-0.28,2.16,-9.424110079999997
-0.24,2.16,-9.328250879999997
-0.19999999999999996,2.16,-9.215664639999996
-0.16000000000000003,2.16,-9.08822528
-0.12,2.16,-8.947745279999996
-0.07999999999999996,2.16,-8.795975679999998
-0.040000000000000036,2.16,-8.63460608
0.0,2.16,-8.465264639999997
0.040000000000000036,2.16,-8.289518079999999
0.08000000000000007,2.16,-8.108871679999995
0.1200000000000001,2.16,-7.924769279999995
0.15999999999999992,2.16,-7.738593279999997
0.19999999999999996,2.16,-7.551664639999998
0.24,2.16,-7.365242879999995
0.28,2.16,-7.180526079999995
0.32000000000000006,2.16,-6.998650879999994
0.3600000000000001,2.16,-6.82069248
0.40000000000000013,2.16,-6.647664639999996
0.43999999999999995,2.16,-6.480519679999997
0.48,2.16,-6.320148479999994
0.52,2.16,-6.167380479999996
0.56,2.16,-6.022983679999998
0.6000000000000001,2.16,-5.887664639999997
0.6400000000000001,2.16,-5.762068479999998
0.6799999999999999,2.16,-5.646778879999998
0.72,2.16,-5.542318079999999
0.76,2.16,-5.449146879999997
0.8,2.16,-5.3676646399999965
0.8400000000000001,2.16,-5.2982092799999965
0.8800000000000001,2.16,-5.241057279999996
0.9199999999999999,2.16,-5.196423679999996
0.96,2.16,-5.164462079999998
1.0,2.16,-5.145264639999997
1.04,2.16,-5.138862079999994
1.08,2.16,-5.145223679999996
1.12,2.16,-5.164257279999993
1.1600000000000001,2.16,-5.195809279999999
1.2000000000000002,2.16,-5.2396646399999955
1.2400000000000002,2.16,-5.295546879999996
1.2800000000000002,2.16,-5.363118079999997
1.3199999999999998,2.16,-5.441978879999998
1.3599999999999999,2.16,-5.531668479999999
1.4,2.16,-5.631664639999995
1.44,2.16,-5.74138368
1.48,2.16,-5.860180479999996
1.52,2.16,-5.987348479999999
1.56,2.16,-6.122119679999997
1.6,2.16,-6.26366464
1.6400000000000001,2.16,-6.411092479999997
1.6800000000000002,2.16,-6.563450879999997
1.7200000000000002,2.16,-6.719726079999995
1.7600000000000002,2.16,-6.878842879999999
1.8000000000000003,2.16,-7.0396646399999945
1.8399999999999999,2.16,-7.200993279999999
1.88,2.16,-7.361569279999998
1.92,2.16,-7.520071679999992
1.96,2.16,-7.675118079999999
2.0,2.16,-7.825264639999993
2.04,2.16,-7.9690060800000015
2.08,2.16,-8.10477568
2.12,2.16,-8.230945279999997
2.16,2.16,-8.345825279999994
2.2,2.16,-8.447664640000003
2.24,2.16,-8.534650879999992
2.2800000000000002,2.16,-8.604910079999993
2.3200000000000003,2.16,-8.656506879999998
2.36,2.16,-8.68744448
2.4,2.16,-8.695664639999988
2.44,2.16,-8.679047679999996
2.48,2.16,-8.635412479999998
2.52,2.16,-8.562516480000001
2.56,2.16,-8.458055680000005
2.6,2.16,-8.319664639999983
2.64,2.16,-8.144916479999992
2.68,2.16,-7.931322879999991
2.72,2.16,-7.676334079999981
2.7600000000000002,2.16,-7.37733888
2.8000000000000003,2.16,-7.0316646399999865
2.84,2.16,-6.636577279999981
2.88,2.16,-6.189281279999996
2.92,2.16,-5.686919679999992
2.96,2.16,-5.126574079999992
3.0,2.16,-4.505264639999993
-1.0,2.2,-5.918400000000004
-0.96,2.2,-6.5109094400000025
-0.92,2.2,-7.0424550400000046
-0.88,2.2,-7.516016640000004
-0.84,2.2,-7.934512640000005
-0.8,2.2,-8.3008
-0.76,2.2,-8.617674240000003
-0.72,2.2,-8.887869440000003
-0.6799999999999999,2.2,-9.114058240000002
-0.64,2.2,-9.298851840000005
-0.6,2.2,-9.444800000000003
-0.56,2.2,-9.554391040000006
-0.52,2.2,-9.63005184
-0.48,2.2,-9.674147840000003
-0.43999999999999995,2.2,-9.688983040000004
-0.4,2.2,-9.676800000000002
-0.36,2.2,-9.639779840000006
-0.31999999999999995,2.2,-9.580042240000001
-0.28,2.2,-9.499645440000002
-0.24,2.2,-9.400586240000003
-0.19999999999999996,2.2,-9.284800000000004
-0.16000000000000003,2.2,-9.154160640000006
-0.12,2.2,-9.010480640000003
-0.07999999999999996,2.2,-8.855511040000005
-0.040000000000000036,2.2,-8.690941440000005
0.0,2.2,-8.518400000000003
0.040000000000000036,2.2,-8.339453440000005
0.08000000000000007,2.2,-8.155607040000001
0.1200000000000001,2.2,-7.968304640000001
0.15999999999999992,2.2,-7.778928640000003
0.19999999999999996,2.2,-7.5888000000000035
0.24,2.2,-7.39917824
0.28,2.2,-7.21126144
0.32000000000000006,2.2,-7.02618624
0.3600000000000001,2.2,-6.845027840000006
0.40000000000000013,2.2,-6.668800000000002
0.43999999999999995,2.2,-6.498455040000003
0.48,2.2,-6.33488384
0.52,2.2,-6.178915840000002
0.56,2.2,-6.031319040000003
0.6000000000000001,2.2,-5.892800000000003
0.6400000000000001,2.2,-5.764003840000004
0.6799999999999999,2.2,-5.645514240000003
0.72,2.2,-5.5378534400000055
0.76,2.2,-5.441482240000004
0.8,2.2,-5.3568000000000024
0.8400000000000001,2.2,-5.284144640000002
0.8800000000000001,2.2,-5.223792640000002
0.9199999999999999,2.2,-5.175959040000002
0.96,2.2,-5.140797440000004
1.0,2.2,-5.118400000000003
1.04,2.2,-5.10879744
1.08,2.2,-5.111959040000002
1.12,2.2,-5.127792639999999
1.1600000000000001,2.2,-5.156144640000004
1.2000000000000002,2.2,-5.196800000000001
1.2400000000000002,2.2,-5.2494822400000025
1.2800000000000002,2.2,-5.313853440000003
1.3199999999999998,2.2,-5.389514240000004
1.3599999999999999,2.2,-5.476003840000004
1.4,2.2,-5.572799999999999
1.44,2.2,-5.679319040000006
1.48,2.2,-5.794915840000002
1.52,2.2,-5.918883840000005
1.56,2.2,-6.050455040000003
1.6,2.2,-6.188800000000006
1.6400000000000001,2.2,-6.333027840000003
1.6800000000000002,2.2,-6.4821862400000025
1.7200000000000002,2.2,-6.635261439999997
1.7600000000000002,2.2,-6.791178240000004
1.8000000000000003,2.2,-6.948800000000007
1.8399999999999999,2.2,-7.106928640000005
1.88,2.2,-7.264304640000004
1.92,2.2,-7.419607040000004
1.96,2.2,-7.571453440000004
2.0,2.2,-7.718400000000006
2.04,2.2,-7.858941440000008
2.08,2.2,-7.991511039999999
2.12,2.2,-8.114480639999995
2.16,2.2,-8.22616064
2.2,2.2,-8.324800000000009
2.24,2.2,-8.408586240000005
2.2800000000000002,2.2,-8.47564544
2.3200000000000003,2.2,-8.524042240000004
2.36,2.2,-8.551779840000005
2.4,2.2,-8.5568
2.44,2.2,-8.53698304000001
2.48,2.2,-8.490147839999997
2.52,2.2,-8.414051839999999
2.56,2.2,-8.306391040000017
2.6,2.2,-8.164799999999996
2.64,2.2,-7.986851840000005
2.68,2.2,-7.7700582400000044
2.72,2.2,-7.511869439999993
2.7600000000000002,2.2,-7.2096742400000124
2.8000000000000003,2.2,-6.860799999999999
2.84,2.2,-6.462512639999995
2.88,2.2,-6.0120166400000095
2.92,2.2,-5.506455040000004
2.96,2.2,-4.942909440000005
3.0,2.2,-4.318400000000006
-1.0,2.24,-6.021962240000004
-0.96,2.24,-6.611271680000003
-0.92,2.24,-7.139617280000005
-0.88,2.24,-7.609978880000005
-0.84,2.24,-8.025274880000001
-0.8,2.24,-8.388362240000001
-0.76,2.24,-8.702036480000004
-0.72,2.24,-8.969031680000004
-0.6799999999999999,2.24,-9.192020480000004
-0.64,2.24,-9.373614080000005
-0.6,2.24,-9.516362240000003
-0.56,2.24,-9.622753280000007
-0.52,2.24,-9.695214080000001
-0.48,2.24,-9.736110080000005
-0.43999999999999995,2.24,-9.747745280000004
-0.4,2.24,-9.732362240000002
-0.36,2.24,-9.692142080000007
-0.31999999999999995,2.24,-9.629204480000002
-0.28,2.24,-9.545607680000003
-0.24,2.24,-9.443348480000004
-0.19999999999999996,2.24,-9.324362240000003
-0.16000000000000003,2.24,-9.190522880000007
-0.12,2.24,-9.043642880000002
-0.07999999999999996,2.24,-8.885473280000005
-0.040000000000000036,2.24,-8.717703680000005
0.0,2.24,-8.541962240000004
0.040000000000000036,2.24,-8.359815680000006
0.08000000000000007,2.24,-8.172769280000002
0.1200000000000001,2.24,-7.982266880000002
0.15999999999999992,2.24,-7.789690880000004
0.19999999999999996,2.24,-7.596362240000004
0.24,2.24,-7.40354048
0.28,2.24,-7.212423680000001
0.32000000000000006,2.24,-7.024148480000001
0.3600000000000001,2.24,-6.839790080000006
0.40000000000000013,2.24,-6.660362240000002
0.43999999999999995,2.24,-6.486817280000004
0.48,2.24,-6.32004608
0.52,2.24,-6.1608780800000025
0.56,2.24,-6.010081280000003
0.6000000000000001,2.24,-5.868362240000003
0.6400000000000001,2.24,-5.736366080000005
0.6799999999999999,2.24,-5.6146764800000035
0.72,2.24,-5.503815680000006
0.76,2.24,-5.4042444800000045
0.8,2.24,-5.316362240000003
0.8400000000000001,2.24,-5.240506880000002
0.8800000000000001,2.24,-5.176954880000002
0.9199999999999999,2.24,-5.125921280000003
0.96,2.24,-5.087559680000004
1.0,2.24,-5.061962240000003
1.04,2.24,-5.049159680000004
1.08,2.24,-5.049121280000002
1.12,2.24,-5.061754880000003
1.1600000000000001,2.24,-5.086906880000004
1.2000000000000002,2.24,-5.124362240000002
1.2400000000000002,2.24,-5.173844480000002
1.2800000000000002,2.24,-5.235015680000003
1.3199999999999998,2.24,-5.307476480000001
1.3599999999999999,2.24,-5.390766080000004
1.4,2.24,-5.484362240000003
1.44,2.24,-5.5876812800000035
1.48,2.24,-5.700078080000005
1.52,2.24,-5.820846080000005
1.56,2.24,-5.949217279999999
1.6,2.24,-6.084362240000003
1.6400000000000001,2.24,-6.22539008
1.6800000000000002,2.24,-6.371348479999999
1.7200000000000002,2.24,-6.521223680000001
1.7600000000000002,2.24,-6.673940480000008
1.8000000000000003,2.24,-6.828362240000004
1.8399999999999999,2.24,-6.983290880000002
1.88,2.24,-7.137466880000002
1.92,2.24,-7.28956928
1.96,2.24,-7.438215680000001
2.0,2.24,-7.581962240000003
2.04,2.24,-7.719303680000012
2.08,2.24,-7.848673280000003
2.12,2.24,-7.968442879999998
2.16,2.24,-8.076922879999996
2.2,2.24,-8.172362240000012
2.24,2.24,-8.252948480000002
2.2800000000000002,2.24,-8.316807680000004
2.3200000000000003,2.24,-8.362004480000007
2.36,2.24,-8.386542080000002
2.4,2.24,-8.388362239999998
2.44,2.24,-8.365345280000007
2.48,2.24,-8.315310080000001
2.52,2.24,-8.23601408000001
2.56,2.24,-8.125153280000013
2.6,2.24,-7.980362239999993
2.64,2.24,-7.799214080000002
2.68,2.24,-7.579220480000002
2.72,2.24,-7.317831679999989
2.7600000000000002,2.24,-7.012436480000009
2.8000000000000003,2.24,-6.660362239999996
2.84,2.24,-6.258874879999992
2.88,2.24,-5.805178880000007
2.92,2.24,-5.29641728
2.96,2.24,-4.729671680000001
3.0,2.24,-4.101962240000002
-1.0,2.2800000000000002,-6.093693440000001
-0.96,2.2800000000000002,-6.679802879999995
-0.92,2.2800000000000002,-7.204948479999998
-0.88,2.2800000000000002,-7.672110079999998
-0.84,2.2800000000000002,-8.084206079999998
-0.8,2.2800000000000002,-8.444093439999994
-0.76,2.2800000000000002,-8.754567679999997
-0.72,2.2800000000000002,-9.018362879999998
-0.6799999999999999,2.2800000000000002,-9.238151679999996
-0.64,2.2800000000000002,-9.416545279999998
-0.6,2.2800000000000002,-9.556093439999996
-0.56,2.2800000000000002,-9.65928448
-0.52,2.2800000000000002,-9.728545279999995
-0.48,2.2800000000000002,-9.766241279999997
-0.43999999999999995,2.2800000000000002,-9.774676479999997
-0.4,2.2800000000000002,-9.756093439999995
-0.36,2.2800000000000002,-9.71267328
-0.31999999999999995,2.2800000000000002,-9.646535679999994
-0.28,2.2800000000000002,-9.559738879999996
-0.24,2.2800000000000002,-9.454279679999997
-0.19999999999999996,2.2800000000000002,-9.332093439999998
-0.16000000000000003,2.2800000000000002,-9.195054079999998
-0.12,2.2800000000000002,-9.044974079999996
-0.07999999999999996,2.2800000000000002,-8.883604479999999
-0.040000000000000036,2.2800000000000002,-8.712634879999998
0.0,2.2800000000000002,-8.533693439999997
0.040000000000000036,2.2800000000000002,-8.34834688
0.08000000000000007,2.2800000000000002,-8.158100479999995
0.1200000000000001,2.2800000000000002,-7.964398079999995
0.15999999999999992,2.2800000000000002,-7.7686220799999965
0.19999999999999996,2.2800000000000002,-7.572093439999997
0.24,2.2800000000000002,-7.376071679999994
0.28,2.2800000000000002,-7.181754879999994
0.32000000000000006,2.2800000000000002,-6.990279679999993
0.3600000000000001,2.2800000000000002,-6.80272128
0.40000000000000013,2.2800000000000002,-6.620093439999995
0.43999999999999995,2.2800000000000002,-6.4433484799999965
0.48,2.2800000000000002,-6.273377279999993
0.52,2.2800000000000002,-6.111009279999996
0.56,2.2800000000000002,-5.957012479999997
0.6000000000000001,2.2800000000000002,-5.812093439999996
0.6400000000000001,2.2800000000000002,-5.676897279999998
0.6799999999999999,2.2800000000000002,-5.552007679999997
0.72,2.2800000000000002,-5.437946879999998
0.76,2.2800000000000002,-5.335175679999997
0.8,2.2800000000000002,-5.244093439999996
0.8400000000000001,2.2800000000000002,-5.165038079999995
0.8800000000000001,2.2800000000000002,-5.098286079999995
0.9199999999999999,2.2800000000000002,-5.044052479999996
0.96,2.2800000000000002,-5.002490879999997
1.0,2.2800000000000002,-4.973693439999996
1.04,2.2800000000000002,-4.957690879999993
1.08,2.2800000000000002,-4.954452479999995
1.12,2.2800000000000002,-4.963886079999993
1.1600000000000001,2.2800000000000002,-4.985838079999998
1.2000000000000002,2.2800000000000002,-5.020093439999995
1.2400000000000002,2.2800000000000002,-5.066375679999996
1.2800000000000002,2.2800000000000002,-5.124346879999996
1.3199999999999998,2.2800000000000002,-5.193607679999998
1.3599999999999999,2.2800000000000002,-5.273697279999998
1.4,2.2800000000000002,-5.364093439999992
1.44,2.2800000000000002,-5.46421248
1.48,2.2800000000000002,-5.573409279999995
1.52,2.2800000000000002,-5.6909772799999985
1.56,2.2800000000000002,-5.816148479999996
1.6,2.2800000000000002,-5.948093439999999
1.6400000000000001,2.2800000000000002,-6.085921279999996
1.6800000000000002,2.2800000000000002,-6.2286796799999955
1.7200000000000002,2.2800000000000002,-6.37535487999999
1.7600000000000002,2.2800000000000002,-6.524871679999997
1.8000000000000003,2.2800000000000002,-6.676093440000001
1.8399999999999999,2.2800000000000002,-6.827822079999999
1.88,2.2800000000000002,-6.978798079999997
1.92,2.2800000000000002,-7.127700479999998
1.96,2.2800000000000002,-7.273146879999997
2.0,2.2800000000000002,-7.413693439999999
2.04,2.2800000000000002,-7.547834880000002
2.08,2.2800000000000002,-7.674004479999992
2.12,2.2800000000000002,-7.790574079999988
2.16,2.2800000000000002,-7.895854079999992
2.2,2.2800000000000002,-7.988093440000002
2.24,2.2800000000000002,-8.06547968
2.2800000000000002,2.2800000000000002,-8.126138879999992
2.3200000000000003,2.2800000000000002,-8.168135679999997
2.36,2.2800000000000002,-8.189473279999998
2.4,2.2800000000000002,-8.188093439999994
2.44,2.2800000000000002,-8.161876480000004
2.48,2.2800000000000002,-8.10864127999999
2.52,2.2800000000000002,-8.026145279999993
2.56,2.2800000000000002,-7.91208448000001
2.6,2.2800000000000002,-7.764093439999989
2.64,2.2800000000000002,-7.579745279999999
2.68,2.2800000000000002,-7.356551679999997
2.72,2.2800000000000002,-7.091962879999986
2.7600000000000002,2.2800000000000002,-6.783367680000005
2.8000000000000003,2.2800000000000002,-6.4280934399999925
2.84,2.2800000000000002,-6.0234060799999884
2.88,2.2800000000000002,-5.566510080000002
2.92,2.2800000000000002,-5.054548479999998
2.96,2.2800000000000002,-4.484602879999997
3.0,2.2800000000000002,-3.853693439999999
-1.0,2.3200000000000003,-6.131274240000003
-0.96,2.3200000000000003,-6.714183680000001
-0.92,2.3200000000000003,-7.23612928
-0.88,2.3200000000000003,-7.70009088
-0.84,2.3200000000000003,-8.10898688
-0.8,2.3200000000000003,-8.465674239999997
-0.76,2.3200000000000003,-8.77294848
-0.72,2.3200000000000003,-9.03354368
-0.6799999999999999,2.3200000000000003,-9.25013248
-0.64,2.3200000000000003,-9.42532608
-0.6,2.3200000000000003,-9.561674239999999
-0.56,2.3200000000000003,-9.661665280000001
-0.52,2.3200000000000003,-9.727726079999997
-0.48,2.3200000000000003,-9.76222208
-0.43999999999999995,2.3200000000000003,-9.767457279999999
-0.4,2.3200000000000003,-9.745674239999998
-0.36,2.3200000000000003,-9.699054080000003
-0.31999999999999995,2.3200000000000003,-9.629716479999997
-0.28,2.3200000000000003,-9.53971968
-0.24,2.3200000000000003,-9.43106048
-0.19999999999999996,2.3200000000000003,-9.305674239999998
-0.16000000000000003,2.3200000000000003,-9.165434880000001
-0.12,2.3200000000000003,-9.012154879999999
-0.07999999999999996,2.3200000000000003,-8.84758528
-0.040000000000000036,2.3200000000000003,-8.673415680000002
0.0,2.3200000000000003,-8.49127424
0.040000000000000036,2.3200000000000003,-8.30272768
0.08000000000000007,2.3200000000000003,-8.109281279999998
0.1200000000000001,2.3200000000000003,-7.912378879999997
0.15999999999999992,2.3200000000000003,-7.7134028799999985
0.19999999999999996,2.3200000000000003,-7.513674239999999
0.24,2.3200000000000003,-7.314452479999996
0.28,2.3200000000000003,-7.116935679999996
0.32000000000000006,2.3200000000000003,-6.922260479999996
0.3600000000000001,2.3200000000000003,-6.731502080000002
0.40000000000000013,2.3200000000000003,-6.545674239999998
0.43999999999999995,2.3200000000000003,-6.365729279999999
0.48,2.3200000000000003,-6.192558079999996
0.52,2.3200000000000003,-6.026990079999997
0.56,2.3200000000000003,-5.869793279999999
0.6000000000000001,2.3200000000000003,-5.721674239999999
0.6400000000000001,2.3200000000000003,-5.5832780799999995
0.6799999999999999,2.3200000000000003,-5.455188479999999
0.72,2.3200000000000003,-5.337927680000002
0.76,2.3200000000000003,-5.231956479999999
0.8,2.3200000000000003,-5.137674239999998
0.8400000000000001,2.3200000000000003,-5.055418879999998
0.8800000000000001,2.3200000000000003,-4.985466879999998
0.9199999999999999,2.3200000000000003,-4.9280332799999975
0.96,2.3200000000000003,-4.883271679999999
1.0,2.3200000000000003,-4.851274239999999
1.04,2.3200000000000003,-4.832071679999996
1.08,2.3200000000000003,-4.825633279999998
1.12,2.3200000000000003,-4.831866879999994
1.1600000000000001,2.3200000000000003,-4.85061888
1.2000000000000002,2.3200000000000003,-4.881674239999997
1.2400000000000002,2.3200000000000003,-4.924756479999998
1.2800000000000002,2.3200000000000003,-4.979527679999998
1.3199999999999998,2.3200000000000003,-5.04558848
1.3599999999999999,2.3200000000000003,-5.122478079999996
1.4,2.3200000000000003,-5.209674240000002
1.44,2.3200000000000003,-5.306593280000002
1.48,2.3200000000000003,-5.4125900799999975
1.52,2.3200000000000003,-5.52695808
1.56,2.3200000000000003,-5.648929279999998
1.6,2.3200000000000003,-5.777674240000001
1.6400000000000001,2.3200000000000003,-5.912302079999999
1.6800000000000002,2.3200000000000003,-6.0518604799999975
1.7200000000000002,2.3200000000000003,-6.195335679999992
1.7600000000000002,2.3200000000000003,-6.3416524800000005
1.8000000000000003,2.3200000000000003,-6.489674240000003
1.8399999999999999,2.3200000000000003,-6.63820288
1.88,2.3200000000000003,-6.78597888
1.92,2.3200000000000003,-6.931681279999999
1.96,2.3200000000000003,-7.073927680000001
2.0,2.3200000000000003,-7.211274240000002
2.04,2.3200000000000003,-7.3422156800000025
2.08,2.3200000000000003,-7.465185279999995
2.12,2.3200000000000003,-7.57855487999999
2.16,2.3200000000000003,-7.680634879999996
2.2,2.3200000000000003,-7.769674240000004
2.24,2.3200000000000003,-7.84386048
2.2800000000000002,2.3200000000000003,-7.901319679999995
2.3200000000000003,2.3200000000000003,-7.940116479999999
2.36,2.3200000000000003,-7.9582540800000015
2.4,2.3200000000000003,-7.953674239999996
2.44,2.3200000000000003,-7.924257280000004
2.48,2.3200000000000003,-7.867822079999993
2.52,2.3200000000000003,-7.782126079999994
2.56,2.3200000000000003,-7.664865280000013
2.6,2.3200000000000003,-7.513674239999991
2.64,2.3200000000000003,-7.32612608
2.68,2.3200000000000003,-7.09973248
2.72,2.3200000000000003,-6.831943679999988
2.7600000000000002,2.3200000000000003,-6.5201484800000085
2.8000000000000003,2.3200000000000003,-6.161674239999995
2.84,2.3200000000000003,-5.753786879999989
2.88,2.3200000000000003,-5.293690880000005
2.92,2.3200000000000003,-4.778529279999999
2.96,2.3200000000000003,-4.205383680000001
3.0,2.3200000000000003,-3.571274240000001
-1.0,2.36,-6.132323839999999
-0.96,2.36,-6.7120332800000035
-0.92,2.36,-7.230778880000003
-0.88,2.36,-7.691540480000003
-0.84,2.36,-8.097236480000003
-0.8,2.36,-8.450723839999998
-0.76,2.36,-8.754798080000006
-0.72,2.36,-9.012193280000002
-0.6799999999999999,2.36,-9.225582080000006
-0.64,2.36,-9.397575680000003
-0.6,2.36,-9.530723840000006
-0.56,2.36,-9.627514880000005
-0.52,2.36,-9.69037568
-0.48,2.36,-9.721671680000004
-0.43999999999999995,2.36,-9.723706880000002
-0.4,2.36,-9.698723840000001
-0.36,2.36,-9.648903680000005
-0.31999999999999995,2.36,-9.57636608
-0.28,2.36,-9.483169280000002
-0.24,2.36,-9.371310080000002
-0.19999999999999996,2.36,-9.242723840000002
-0.16000000000000003,2.36,-9.099284480000005
-0.12,2.36,-8.942804480000001
-0.07999999999999996,2.36,-8.775034880000003
-0.040000000000000036,2.36,-8.597665280000005
0.0,2.36,-8.412323840000003
0.040000000000000036,2.36,-8.220577280000004
0.08000000000000007,2.36,-8.02393088
0.1200000000000001,2.36,-7.82382848
0.15999999999999992,2.36,-7.6216524800000025
0.19999999999999996,2.36,-7.418723840000003
0.24,2.36,-7.21630208
0.28,2.36,-7.01558528
0.32000000000000006,2.36,-6.8177100799999995
0.3600000000000001,2.36,-6.623751680000006
0.40000000000000013,2.36,-6.434723840000001
0.43999999999999995,2.36,-6.251578880000003
0.48,2.36,-6.07520768
0.52,2.36,-5.906439680000002
0.56,2.36,-5.746042880000003
0.6000000000000001,2.36,-5.594723840000002
0.6400000000000001,2.36,-5.453127680000004
0.6799999999999999,2.36,-5.321838080000003
0.72,2.36,-5.201377280000005
0.76,2.36,-5.092206080000004
0.8,2.36,-4.9947238400000025
0.8400000000000001,2.36,-4.9092684800000015
0.8800000000000001,2.36,-4.836116480000002
0.9199999999999999,2.36,-4.775482880000002
0.96,2.36,-4.727521280000004
1.0,2.36,-4.692323839999999
1.04,2.36,-4.669921280000007
1.08,2.36,-4.660282880000002
1.12,2.36,-4.663316479999999
1.1600000000000001,2.36,-4.678868480000005
1.2000000000000002,2.36,-4.706723840000001
1.2400000000000002,2.36,-4.746606080000002
1.2800000000000002,2.36,-4.798177280000006
1.3199999999999998,2.36,-4.861038080000005
1.3599999999999999,2.36,-4.934727680000001
1.4,2.36,-5.018723840000006
1.44,2.36,-5.112442880000007
1.48,2.36,-5.215239680000002
1.52,2.36,-5.326407680000005
1.56,2.36,-5.445178880000003
1.6,2.36,-5.5707238400000065
1.6400000000000001,2.36,-5.702151680000004
1.6800000000000002,2.36,-5.8385100800000025
1.7200000000000002,2.36,-5.978785280000004
1.7600000000000002,2.36,-6.121902080000005
1.8000000000000003,2.36,-6.266723840000001
1.8399999999999999,2.36,-6.412052480000005
1.88,2.36,-6.556628480000004
1.92,2.36,-6.6991308799999985
1.96,2.36,-6.838177280000005
2.0,2.36,-6.97232384
2.04,2.36,-7.100065280000008
2.08,2.36,-7.219834880000006
2.12,2.36,-7.330004480000003
2.16,2.36,-7.428884480000001
2.2,2.36,-7.514723840000009
2.24,2.36,-7.585710079999998
2.2800000000000002,2.36,-7.639969279999999
2.3200000000000003,2.36,-7.675566080000005
2.36,2.36,-7.690503680000006
2.4,2.36,-7.682723839999994
2.44,2.36,-7.650106880000003
2.48,2.36,-7.590471680000006
2.52,2.36,-7.501575680000007
2.56,2.36,-7.381114880000011
2.6,2.36,-7.226723839999989
2.64,2.36,-7.035975679999998
2.68,2.36,-6.806382079999999
2.72,2.36,-6.535393279999987
2.7600000000000002,2.36,-6.220398080000006
2.8000000000000003,2.36,-5.858723839999993
2.84,2.36,-5.447636479999989
2.88,2.36,-4.984340480000004
2.92,2.36,-4.465978879999998
2.96,2.36,-3.889633279999998
3.0,2.36,-3.252323839999999
-1.0,2.4,-6.094399999999996
-0.96,2.4,-6.670909439999994
-0.92,2.4,-7.186455039999993
-0.88,2.4,-7.64401664
-0.84,2.4,-8.04651264
-0.8,2.4,-8.396799999999995
-0.76,2.4,-8.697674239999994
-0.72,2.4,-8.951869439999992
-0.6799999999999999,2.4,-9.162058239999995
-0.64,2.4,-9.330851840000001
-0.6,2.4,-9.460799999999995
-0.56,2.4,-9.554391039999999
-0.52,2.4,-9.614051839999997
-0.48,2.4,-9.642147839999996
-0.43999999999999995,2.4,-9.640983039999993
-0.4,2.4,-9.612799999999998
-0.36,2.4,-9.559779839999996
-0.31999999999999995,2.4,-9.484042239999992
-0.28,2.4,-9.387645439999995
-0.24,2.4,-9.272586239999995
-0.19999999999999996,2.4,-9.140799999999995
-0.16000000000000003,2.4,-8.994160639999992
-0.12,2.4,-8.834480639999999
-0.07999999999999996,2.4,-8.663511039999994
-0.040000000000000036,2.4,-8.482941439999998
0.0,2.4,-8.294399999999996
0.040000000000000036,2.4,-8.099453439999998
0.08000000000000007,2.4,-7.899607039999998
0.1200000000000001,2.4,-7.6963046399999975
0.15999999999999992,2.4,-7.4909286399999955
0.19999999999999996,2.4,-7.284799999999989
0.24,2.4,-7.079178239999993
0.28,2.4,-6.87526144
0.32000000000000006,2.4,-6.6741862399999965
0.3600000000000001,2.4,-6.477027839999999
0.40000000000000013,2.4,-6.284799999999998
0.43999999999999995,2.4,-6.098455039999992
0.48,2.4,-5.9188838399999995
0.52,2.4,-5.746915839999998
0.56,2.4,-5.583319039999996
0.6000000000000001,2.4,-5.428799999999988
0.6400000000000001,2.4,-5.284003839999993
0.6799999999999999,2.4,-5.149514239999997
0.72,2.4,-5.025853439999995
0.76,2.4,-4.913482239999997
0.8,2.4,-4.812799999999999
0.8400000000000001,2.4,-4.724144639999999
0.8800000000000001,2.4,-4.647792639999999
0.9199999999999999,2.4,-4.583959039999995
0.96,2.4,-4.532797439999997
1.0,2.4,-4.494399999999996
1.04,2.4,-4.468797439999997
1.08,2.4,-4.455959039999999
1.12,2.4,-4.455792639999996
1.1600000000000001,2.4,-4.468144639999994
1.2000000000000002,2.4,-4.492799999999998
1.2400000000000002,2.4,-4.529482239999999
1.2800000000000002,2.4,-4.577853439999996
1.3199999999999998,2.4,-4.637514239999994
1.3599999999999999,2.4,-4.708003839999997
1.4,2.4,-4.788799999999996
1.44,2.4,-4.879319039999996
1.48,2.4,-4.978915839999998
1.52,2.4,-5.086883840000002
1.56,2.4,-5.20245504
1.6,2.4,-5.324799999999996
1.6400000000000001,2.4,-5.453027839999994
1.6800000000000002,2.4,-5.586186239999993
1.7200000000000002,2.4,-5.723261439999995
1.7600000000000002,2.4,-5.863178240000002
1.8000000000000003,2.4,-6.004799999999998
1.8399999999999999,2.4,-6.146928639999995
1.88,2.4,-6.2883046399999944
1.92,2.4,-6.4276070399999945
1.96,2.4,-6.563453439999995
2.0,2.4,-6.694399999999996
2.04,2.4,-6.818941440000005
2.08,2.4,-6.935511039999996
2.12,2.4,-7.042480639999992
2.16,2.4,-7.13816063999999
2.2,2.4,-7.220800000000006
2.24,2.4,-7.288586239999995
2.2800000000000002,2.4,-7.339645439999996
2.3200000000000003,2.4,-7.372042240000001
2.36,2.4,-7.383779839999995
2.4,2.4,-7.372799999999991
2.44,2.4,-7.33698304
2.48,2.4,-7.274147840000001
2.52,2.4,-7.182051839999989
2.56,2.4,-7.058391040000007
2.6,2.4,-6.900799999999986
2.64,2.4,-6.706851839999995
2.68,2.4,-6.474058239999994
2.72,2.4,-6.199869439999983
2.7600000000000002,2.4,-5.881674240000002
2.8000000000000003,2.4,-5.516799999999989
2.84,2.4,-5.1025126399999845
2.88,2.4,-4.636016639999999
2.92,2.4,-4.114455039999994
2.96,2.4,-3.5349094399999945
3.0,2.4,-2.8943999999999974
-1.0,2.44,-6.014999040000004
-0.96,2.44,-6.588308480000002
-0.92,2.44,-7.100654080000001
-0.88,2.44,-7.5550156800000074
-0.84,2.44,-7.954311680000008
-0.8,2.44,-8.301399040000003
-0.76,2.44,-8.599073280000002
-0.72,2.44,-8.850068480000001
-0.6799999999999999,2.44,-9.057057280000002
-0.64,2.44,-9.222650880000009
-0.6,2.44,-9.349399040000003
-0.56,2.44,-9.439790080000005
-0.52,2.44,-9.496250880000005
-0.48,2.44,-9.521146880000005
-0.43999999999999995,2.44,-9.51678208
-0.4,2.44,-9.485399040000006
-0.36,2.44,-9.429178880000004
-0.31999999999999995,2.44,-9.350241279999999
-0.28,2.44,-9.250644480000004
-0.24,2.44,-9.132385280000005
-0.19999999999999996,2.44,-8.997399040000003
-0.16000000000000003,2.44,-8.84755968
-0.12,2.44,-8.684679680000006
-0.07999999999999996,2.44,-8.510510080000001
-0.040000000000000036,2.44,-8.326740480000005
0.0,2.44,-8.134999040000004
0.040000000000000036,2.44,-7.936852480000006
0.08000000000000007,2.44,-7.733806080000005
0.1200000000000001,2.44,-7.5273036800000055
0.15999999999999992,2.44,-7.318727680000004
0.19999999999999996,2.44,-7.109399039999997
0.24,2.44,-6.900577280000001
0.28,2.44,-6.693460480000008
0.32000000000000006,2.44,-6.4891852800000045
0.3600000000000001,2.44,-6.288826880000007
0.40000000000000013,2.44,-6.093399040000006
0.43999999999999995,2.44,-5.90385408
0.48,2.44,-5.721082880000008
0.52,2.44,-5.545914880000007
0.56,2.44,-5.379118080000004
0.6000000000000001,2.44,-5.221399039999996
0.6400000000000001,2.44,-5.0734028800000015
0.6799999999999999,2.44,-4.935713280000004
0.72,2.44,-4.808852480000002
0.76,2.44,-4.693281280000004
0.8,2.44,-4.589399040000007
0.8400000000000001,2.44,-4.497543680000002
0.8800000000000001,2.44,-4.417991680000003
0.9199999999999999,2.44,-4.350958080000007
0.96,2.44,-4.296596480000004
1.0,2.44,-4.254999040000004
1.04,2.44,-4.226196480000005
1.08,2.44,-4.2101580800000065
1.12,2.44,-4.206791680000004
1.1600000000000001,2.44,-4.215943680000001
1.2000000000000002,2.44,-4.237399040000006
1.2400000000000002,2.44,-4.270881280000007
1.2800000000000002,2.44,-4.316052480000003
1.3199999999999998,2.44,-4.3725132800000015
1.3599999999999999,2.44,-4.439802880000006
1.4,2.44,-4.5173990400000035
1.44,2.44,-4.604718080000004
1.48,2.44,-4.701114880000007
1.52,2.44,-4.805882880000009
1.56,2.44,-4.918254080000008
1.6,2.44,-5.037399040000004
1.6400000000000001,2.44,-5.162426880000002
1.6800000000000002,2.44,-5.2923852799999995
1.7200000000000002,2.44,-5.426260480000002
1.7600000000000002,2.44,-5.562977280000009
1.8000000000000003,2.44,-5.701399040000005
1.8399999999999999,2.44,-5.840327680000003
1.88,2.44,-5.978503680000003
1.92,2.44,-6.1146060800000015
1.96,2.44,-6.247252480000002
2.0,2.44,-6.374999040000004
2.04,2.44,-6.496340480000013
2.08,2.44,-6.609710080000005
2.12,2.44,-6.713479679999999
2.16,2.44,-6.805959679999997
2.2,2.44,-6.885399040000014
2.24,2.44,-6.9499852800000035
2.2800000000000002,2.44,-6.997844480000005
2.3200000000000003,2.44,-7.027041280000008
2.36,2.44,-7.035578880000003
2.4,2.44,-7.021399039999999
2.44,2.44,-6.982382080000008
2.48,2.44,-6.91634688000001
2.52,2.44,-6.821050879999998
2.56,2.44,-6.6941900800000145
2.6,2.44,-6.533399039999994
2.64,2.44,-6.336250880000003
2.68,2.44,-6.100257280000003
2.72,2.44,-5.8228684799999915
2.7600000000000002,2.44,-5.50147328000001
2.8000000000000003,2.44,-5.133399039999997
2.84,2.44,-4.7159116799999925
2.88,2.44,-4.246215680000008
2.92,2.44,-3.7214540800000027
2.96,2.44,-3.1387084800000036
3.0,2.44,-2.4949990400000033
-1.0,2.48,-5.891555840000001
-0.96,2.48,-6.46166528
-0.92,2.48,-6.970810879999998
-0.88,2.48,-7.421972480000005
-0.84,2.48,-7.818068480000005
-0.8,2.48,-8.161955840000001
-0.76,2.48,-8.45643008
-0.72,2.48,-8.704225279999998
-0.6799999999999999,2.48,-8.908014080000001
-0.64,2.48,-9.070407680000006
-0.6,2.48,-9.193955840000001
-0.56,2.48,-9.281146880000003
-0.52,2.48,-9.334407680000002
-0.48,2.48,-9.356103680000002
-0.43999999999999995,2.48,-9.348538879999998
-0.4,2.48,-9.313955840000004
-0.36,2.48,-9.254535680000002
-0.31999999999999995,2.48,-9.172398079999997
-0.28,2.48,-9.069601280000002
-0.24,2.48,-8.948142080000002
-0.19999999999999996,2.48,-8.80995584
-0.16000000000000003,2.48,-8.656916479999996
-0.12,2.48,-8.490836480000004
-0.07999999999999996,2.48,-8.31346688
-0.040000000000000036,2.48,-8.126497280000002
0.0,2.48,-7.9315558400000015
0.040000000000000036,2.48,-7.730209280000003
0.08000000000000007,2.48,-7.523962880000003
0.1200000000000001,2.48,-7.314260480000003
0.15999999999999992,2.48,-7.102484480000001
0.19999999999999996,2.48,-6.8899558399999945
0.24,2.48,-6.677934079999998
0.28,2.48,-6.467617280000007
0.32000000000000006,2.48,-6.260142080000002
0.3600000000000001,2.48,-6.056583680000005
0.40000000000000013,2.48,-5.857955840000003
0.43999999999999995,2.48,-5.665210879999998
0.48,2.48,-5.479239680000006
0.52,2.48,-5.300871680000005
0.56,2.48,-5.130874880000002
0.6000000000000001,2.48,-4.969955839999994
0.6400000000000001,2.48,-4.8187596800000065
0.6799999999999999,2.48,-4.677870080000002
0.72,2.48,-4.547809280000001
0.76,2.48,-4.4290380800000015
0.8,2.48,-4.321955840000005
0.8400000000000001,2.48,-4.22690048
0.8800000000000001,2.48,-4.144148480000007
0.9199999999999999,2.48,-4.073914879999998
0.96,2.48,-4.016353280000002
1.0,2.48,-3.9715558400000015
1.04,2.48,-3.939553280000002
1.08,2.48,-3.920314880000004
1.12,2.48,-3.9137484800000015
1.1600000000000001,2.48,-3.919700479999996
1.2000000000000002,2.48,-3.937955840000007
1.2400000000000002,2.48,-3.9682380800000043
1.2800000000000002,2.48,-4.010209280000001
1.3199999999999998,2.48,-4.063470080000006
1.3599999999999999,2.48,-4.127559680000003
1.4,2.48,-4.201955840000001
1.44,2.48,-4.286074880000002
1.48,2.48,-4.379271680000004
1.52,2.48,-4.48083968
1.56,2.48,-4.590010880000005
1.6,2.48,-4.7059558400000014
1.6400000000000001,2.48,-4.827783679999998
1.6800000000000002,2.48,-4.954542080000005
1.7200000000000002,2.48,-5.08521728
1.7600000000000002,2.48,-5.218734079999999
1.8000000000000003,2.48,-5.353955840000003
1.8399999999999999,2.48,-5.489684480000001
1.88,2.48,-5.624660479999999
1.92,2.48,-5.75756288
1.96,2.48,-5.887009279999999
2.0,2.48,-6.0115558400000015
2.04,2.48,-6.129697280000004
2.08,2.48,-6.239866880000001
2.12,2.48,-6.3404364799999975
2.16,2.48,-6.4297164800000015
2.2,2.48,-6.505955840000004
2.24,2.48,-6.567342080000001
2.2800000000000002,2.48,-6.612001279999994
2.3200000000000003,2.48,-6.637998079999999
2.36,2.48,-6.643335680000009
2.4,2.48,-6.625955840000003
2.44,2.48,-6.583738880000013
2.48,2.48,-6.514503679999999
2.52,2.48,-6.416007680000002
2.56,2.48,-6.28594688000002
2.6,2.48,-6.121955839999998
2.64,2.48,-5.921607679999994
2.68,2.48,-5.682414079999992
2.72,2.48,-5.401825279999981
2.7600000000000002,2.48,-5.077230080000016
2.8000000000000003,2.48,-4.705955839999987
2.84,2.48,-4.285268479999983
2.88,2.48,-3.8123724799999987
2.92,2.48,-3.2844108800000065
2.96,2.48,-2.6984652799999935
3.0,2.48,-2.0515558399999954
-1.0,2.52,-5.72144384
-0.96,2.52,-6.288353279999999
-0.92,2.52,-6.794298879999997
-0.88,2.52,-7.242260480000004
-0.84,2.52,-7.6351564800000045
-0.8,2.52,-7.9758438400000005
-0.76,2.52,-8.26711808
-0.72,2.52,-8.511713279999997
-0.6799999999999999,2.52,-8.712302079999999
-0.64,2.52,-8.871495680000004
-0.6,2.52,-8.99184384
-0.56,2.52,-9.075834880000002
-0.52,2.52,-9.125895680000001
-0.48,2.52,-9.144391680000002
-0.43999999999999995,2.52,-9.133626879999996
-0.4,2.52,-9.095843840000002
-0.36,2.52,-9.033223679999999
-0.31999999999999995,2.52,-8.947886079999995
-0.28,2.52,-8.84188928
-0.24,2.52,-8.71723008
-0.19999999999999996,2.52,-8.57584384
-0.16000000000000003,2.52,-8.419604479999995
-0.12,2.52,-8.250324480000003
-0.07999999999999996,2.52,-8.069754879999998
-0.040000000000000036,2.52,-7.8795852800000015
0.0,2.52,-7.68144384
0.040000000000000036,2.52,-7.476897280000002
0.08000000000000007,2.52,-7.267450880000002
0.1200000000000001,2.52,-7.054548480000001
0.15999999999999992,2.52,-6.839572479999999
0.19999999999999996,2.52,-6.623843839999993
0.24,2.52,-6.408622079999997
0.28,2.52,-6.195105280000005
0.32000000000000006,2.52,-5.984430080000001
0.3600000000000001,2.52,-5.777671680000003
0.40000000000000013,2.52,-5.575843840000002
0.43999999999999995,2.52,-5.379898879999997
0.48,2.52,-5.190727680000005
0.52,2.52,-5.009159680000003
0.56,2.52,-4.83596288
0.6000000000000001,2.52,-4.671843839999992
0.6400000000000001,2.52,-4.517447680000005
0.6799999999999999,2.52,-4.373358080000001
0.72,2.52,-4.240097279999999
0.76,2.52,-4.1181260800000015
0.8,2.52,-4.007843840000003
0.8400000000000001,2.52,-3.909588479999999
0.8800000000000001,2.52,-3.8236364800000056
0.9199999999999999,2.52,-3.7502028799999954
0.96,2.52,-3.6894412800000005
1.0,2.52,-3.64144384
1.04,2.52,-3.6062412800000008
1.08,2.52,-3.583802880000003
1.12,2.52,-3.5740364799999993
1.1600000000000001,2.52,-3.576788479999994
1.2000000000000002,2.52,-3.5918438400000055
1.2400000000000002,2.52,-3.618926080000003
1.2800000000000002,2.52,-3.65769728
1.3199999999999998,2.52,-3.707758080000005
1.3599999999999999,2.52,-3.768647679999998
1.4,2.52,-3.8398438400000003
1.44,2.52,-3.92076288
1.48,2.52,-4.010759680000002
1.52,2.52,-4.1091276799999985
1.56,2.52,-4.215098880000004
1.6,2.52,-4.32784384
1.6400000000000001,2.52,-4.446471679999997
1.6800000000000002,2.52,-4.570030080000004
1.7200000000000002,2.52,-4.697505279999998
1.7600000000000002,2.52,-4.827822079999997
1.8000000000000003,2.52,-4.959843840000001
1.8399999999999999,2.52,-5.092372479999998
1.88,2.52,-5.224148479999998
1.92,2.52,-5.353850879999998
1.96,2.52,-5.480097279999999
2.0,2.52,-5.60144384
2.04,2.52,-5.716385280000001
2.08,2.52,-5.82335488
2.12,2.52,-5.920724479999995
2.16,2.52,-6.006804480000001
2.2,2.52,-6.079843840000002
2.24,2.52,-6.138030080000005
2.2800000000000002,2.52,-6.179489279999993
2.3200000000000003,2.52,-6.202286079999997
2.36,2.52,-6.204423680000007
2.4,2.52,-6.183843839999987
2.44,2.52,-6.138426879999997
2.48,2.52,-6.065991679999998
2.52,2.52,-5.964295679999999
2.56,2.52,-5.831034880000004
2.6,2.52,-5.663843839999982
2.64,2.52,-5.460295680000007
2.68,2.52,-5.217902080000005
2.72,2.52,-4.934113279999993
2.7600000000000002,2.52,-4.606318079999999
2.8000000000000003,2.52,-4.23184384
2.84,2.52,-3.807956479999996
2.88,2.52,-3.3318604800000102
2.92,2.52,-2.8006988799999917
2.96,2.52,-2.2115532800000057
3.0,2.52,-1.5614438400000061
-1.0,2.56,-5.501975040000008
-0.96,2.56,-6.065684480000005
-0.92,2.56,-6.568430080000004
-0.88,2.56,-7.013191680000012
-0.84,2.56,-7.402887680000012
-0.8,2.56,-7.740375040000008
-0.76,2.56,-8.028449280000007
-0.72,2.56,-8.269844480000003
-0.6799999999999999,2.56,-8.467233280000007
-0.64,2.56,-8.623226880000011
-0.6,2.56,-8.740375040000007
-0.56,2.56,-8.82116608000001
-0.52,2.56,-8.86802688000001
-0.48,2.56,-8.883322880000009
-0.43999999999999995,2.56,-8.869358080000005
-0.4,2.56,-8.82837504000001
-0.36,2.56,-8.762554880000007
-0.31999999999999995,2.56,-8.674017280000003
-0.28,2.56,-8.564820480000009
-0.24,2.56,-8.436961280000007
-0.19999999999999996,2.56,-8.292375040000007
-0.16000000000000003,2.56,-8.132935680000003
-0.12,2.56,-7.96045568000001
-0.07999999999999996,2.56,-7.7766860800000055
-0.040000000000000036,2.56,-7.5833164800000095
0.0,2.56,-7.3819750400000075
0.040000000000000036,2.56,-7.174228480000009
0.08000000000000007,2.56,-6.961582080000009
0.1200000000000001,2.56,-6.745479680000009
0.15999999999999992,2.56,-6.527303680000007
0.19999999999999996,2.56,-6.3083750400000005
0.24,2.56,-6.089953280000005
0.28,2.56,-5.8732364800000125
0.32000000000000006,2.56,-5.659361280000008
0.3600000000000001,2.56,-5.449402880000011
0.40000000000000013,2.56,-5.244375040000009
0.43999999999999995,2.56,-5.045230080000004
0.48,2.56,-4.852858880000012
0.52,2.56,-4.66809088000001
0.56,2.56,-4.491694080000007
0.6000000000000001,2.56,-4.32437504
0.6400000000000001,2.56,-4.166778880000005
0.6799999999999999,2.56,-4.019489280000007
0.72,2.56,-3.8830284800000063
0.76,2.56,-3.757857280000009
0.8,2.56,-3.6443750400000114
0.8400000000000001,2.56,-3.542919680000007
0.8800000000000001,2.56,-3.4537676800000066
0.9199999999999999,2.56,-3.37713408000001
0.96,2.56,-3.3131724800000084
1.0,2.56,-3.2619750400000074
1.04,2.56,-3.2235724800000076
1.08,2.56,-3.1979340800000102
1.12,2.56,-3.184967680000007
1.1600000000000001,2.56,-3.184519680000009
1.2000000000000002,2.56,-3.196375040000013
1.2400000000000002,2.56,-3.22025728000001
1.2800000000000002,2.56,-3.255828480000007
1.3199999999999998,2.56,-3.3026892800000054
1.3599999999999999,2.56,-3.3603788800000123
1.4,2.56,-3.4283750400000077
1.44,2.56,-3.5060940800000076
1.48,2.56,-3.5928908800000094
1.52,2.56,-3.688058880000013
1.56,2.56,-3.7908300800000108
1.6,2.56,-3.9003750400000037
1.6400000000000001,2.56,-4.015802880000004
1.6800000000000002,2.56,-4.136161280000003
1.7200000000000002,2.56,-4.2604364800000045
1.7600000000000002,2.56,-4.387553280000013
1.8000000000000003,2.56,-4.516375040000009
1.8399999999999999,2.56,-4.645703680000006
1.88,2.56,-4.774279680000005
1.92,2.56,-4.900782080000006
1.96,2.56,-5.023828480000006
2.0,2.56,-5.141975040000007
2.04,2.56,-5.253716480000016
2.08,2.56,-5.357486080000006
2.12,2.56,-5.451655680000004
2.16,2.56,-5.534535680000001
2.2,2.56,-5.604375040000017
2.24,2.56,-5.659361280000006
2.2800000000000002,2.56,-5.6976204800000065
2.3200000000000003,2.56,-5.717217280000012
2.36,2.56,-5.716154880000007
2.4,2.56,-5.692375040000002
2.44,2.56,-5.64375808000001
2.48,2.56,-5.568122880000013
2.52,2.56,-5.463226880000001
2.56,2.56,-5.326766080000018
2.6,2.56,-5.156375039999997
2.64,2.56,-4.949626880000006
2.68,2.56,-4.704033280000006
2.72,2.56,-4.417044479999994
2.7600000000000002,2.56,-4.086049280000013
2.8000000000000003,2.56,-3.70837504
2.84,2.56,-3.2812876799999966
2.88,2.56,-2.801991680000011
2.92,2.56,-2.2676300800000053
2.96,2.56,-1.6752844800000055
3.0,2.56,-1.021975040000008
-1.0,2.6,-5.230399999999993
-0.96,2.6,-5.790909439999991
-0.92,2.6,-6.290455039999991
-0.88,2.6,-6.732016639999998
-0.84,2.6,-7.118512639999998
-0.8,2.6,-7.452799999999994
-0.76,2.6,-7.737674239999993
-0.72,2.6,-7.97586943999999
-0.6799999999999999,2.6,-8.170058239999992
-0.64,2.6,-8.322851839999998
-0.6,2.6,-8.436799999999993
-0.56,2.6,-8.514391039999996
-0.52,2.6,-8.558051839999994
-0.48,2.6,-8.570147839999994
-0.43999999999999995,2.6,-8.55298303999999
-0.4,2.6,-8.508799999999995
-0.36,2.6,-8.439779839999993
-0.31999999999999995,2.6,-8.348042239999987
-0.28,2.6,-8.235645439999994
-0.24,2.6,-8.104586239999993
-0.19999999999999996,2.6,-7.956799999999993
-0.16000000000000003,2.6,-7.794160639999988
-0.12,2.6,-7.618480639999995
-0.07999999999999996,2.6,-7.43151103999999
-0.040000000000000036,2.6,-7.234941439999995
0.0,2.6,-7.030399999999993
0.040000000000000036,2.6,-6.819453439999995
0.08000000000000007,2.6,-6.603607039999995
0.1200000000000001,2.6,-6.3843046399999945
0.15999999999999992,2.6,-6.1629286399999925
0.19999999999999996,2.6,-5.940799999999986
0.24,2.6,-5.71917823999999
0.28,2.6,-5.499261439999998
0.32000000000000006,2.6,-5.2821862399999935
0.3600000000000001,2.6,-5.069027839999996
0.40000000000000013,2.6,-4.860799999999995
0.43999999999999995,2.6,-4.658455039999989
0.48,2.6,-4.462883839999998
0.52,2.6,-4.274915839999997
0.56,2.6,-4.095319039999993
0.6000000000000001,2.6,-3.9247999999999856
0.6400000000000001,2.6,-3.7640038399999907
0.6799999999999999,2.6,-3.6135142399999935
0.72,2.6,-3.473853439999992
0.76,2.6,-3.345482239999994
0.8,2.6,-3.228799999999997
0.8400000000000001,2.6,-3.124144639999993
0.8800000000000001,2.6,-3.031792639999992
0.9199999999999999,2.6,-2.9519590399999958
0.96,2.6,-2.8847974399999936
1.0,2.6,-2.830399999999993
1.04,2.6,-2.7887974399999935
1.08,2.6,-2.7599590399999956
1.12,2.6,-2.7437926399999926
1.1600000000000001,2.6,-2.7401446399999942
1.2000000000000002,2.6,-2.7487999999999984
1.2400000000000002,2.6,-2.769482239999996
1.2800000000000002,2.6,-2.8018534399999924
1.3199999999999998,2.6,-2.845514239999991
1.3599999999999999,2.6,-2.9000038399999983
1.4,2.6,-2.964799999999993
1.44,2.6,-3.0393190399999934
1.48,2.6,-3.1229158399999957
1.52,2.6,-3.214883839999998
1.56,2.6,-3.314455039999997
1.6,2.6,-3.420799999999989
1.6400000000000001,2.6,-3.53302783999999
1.6800000000000002,2.6,-3.6501862399999894
1.7200000000000002,2.6,-3.771261439999991
1.7600000000000002,2.6,-3.895178239999998
1.8000000000000003,2.6,-4.020799999999994
1.8399999999999999,2.6,-4.146928639999992
1.88,2.6,-4.272304639999991
1.92,2.6,-4.395607039999991
1.96,2.6,-4.515453439999991
2.0,2.6,-4.630399999999993
2.04,2.6,-4.738941440000001
2.08,2.6,-4.839511039999984
2.12,2.6,-4.930480639999995
2.16,2.6,-5.010160639999986
2.2,2.6,-5.076800000000002
2.24,2.6,-5.128586239999992
2.2800000000000002,2.6,-5.163645439999993
2.3200000000000003,2.6,-5.180042239999997
2.36,2.6,-5.175779839999992
2.4,2.6,-5.148799999999987
2.44,2.6,-5.096983039999996
2.48,2.6,-5.0181478399999975
2.52,2.6,-4.910051839999985
2.56,2.6,-4.770391040000003
2.6,2.6,-4.596799999999982
2.64,2.6,-4.386851839999991
2.68,2.6,-4.138058239999991
2.72,2.6,-3.847869439999979
2.7600000000000002,2.6,-3.5136742399999985
2.8000000000000003,2.6,-3.1327999999999854
2.84,2.6,-2.7025126399999824
2.88,2.6,-2.220016639999997
2.92,2.6,-1.6824550399999918
2.96,2.6,-1.0869094399999923
3.0,2.6,-0.4303999999999917
-1.0,2.64,-4.903907840000001
-0.96,2.64,-5.46121728
-0.92,2.64,-5.9575628799999985
-0.88,2.64,-6.395924480000005
-0.84,2.64,-6.7792204800000055
-0.8,2.64,-7.110307840000002
-0.76,2.64,-7.391982080000001
-0.72,2.64,-7.6269772799999975
-0.6799999999999999,2.64,-7.817966080000001
-0.64,2.64,-7.967559680000006
-0.6,2.64,-8.07830784
-0.56,2.64,-8.152698880000003
-0.52,2.64,-8.193159680000003
-0.48,2.64,-8.202055680000003
-0.43999999999999995,2.64,-8.181690879999998
-0.4,2.64,-8.134307840000004
-0.36,2.64,-8.062087680000001
-0.31999999999999995,2.64,-7.967150079999996
-0.28,2.64,-7.851553280000001
-0.24,2.64,-7.717294080000001
-0.19999999999999996,2.64,-7.566307840000001
-0.16000000000000003,2.64,-7.400468479999996
-0.12,2.64,-7.221588480000004
-0.07999999999999996,2.64,-7.031418879999999
-0.040000000000000036,2.64,-6.831649280000002
0.0,2.64,-6.623907840000001
0.040000000000000036,2.64,-6.409761280000003
0.08000000000000007,2.64,-6.1907148800000025
0.1200000000000001,2.64,-5.968212480000003
0.15999999999999992,2.64,-5.743636480000001
0.19999999999999996,2.64,-5.518307839999994
0.24,2.64,-5.293486079999998
0.28,2.64,-5.070369280000007
0.32000000000000006,2.64,-4.850094080000002
0.3600000000000001,2.64,-4.6337356800000045
0.40000000000000013,2.64,-4.422307840000003
0.43999999999999995,2.64,-4.216762879999997
0.48,2.64,-4.017991680000005
0.52,2.64,-3.8268236800000044
0.56,2.64,-3.644026880000001
0.6000000000000001,2.64,-3.4703078399999936
0.6400000000000001,2.64,-3.3063116799999985
0.6799999999999999,2.64,-3.1526220800000013
0.72,2.64,-3.0097612799999998
0.76,2.64,-2.878190080000002
0.8,2.64,-2.758307840000005
0.8400000000000001,2.64,-2.65045248
0.8800000000000001,2.64,-2.5549004799999997
0.9199999999999999,2.64,-2.471866880000004
0.96,2.64,-2.401505280000001
1.0,2.64,-2.343907840000001
1.04,2.64,-2.299105280000002
1.08,2.64,-2.2670668800000033
1.12,2.64,-2.2477004800000007
1.1600000000000001,2.64,-2.240852480000002
1.2000000000000002,2.64,-2.2463078400000063
1.2400000000000002,2.64,-2.263790080000004
1.2800000000000002,2.64,-2.29296128
1.3199999999999998,2.64,-2.3334220799999983
1.3599999999999999,2.64,-2.384711680000006
1.4,2.64,-2.446307840000001
1.44,2.64,-2.517626880000001
1.48,2.64,-2.5980236800000034
1.52,2.64,-2.686791680000006
1.56,2.64,-2.7831628800000043
1.6,2.64,-2.886307839999997
1.6400000000000001,2.64,-2.9953356799999984
1.6800000000000002,2.64,-3.109294079999996
1.7200000000000002,2.64,-3.2271692799999983
1.7600000000000002,2.64,-3.3478860800000056
1.8000000000000003,2.64,-3.470307840000002
1.8399999999999999,2.64,-3.59323648
1.88,2.64,-3.715412479999996
1.92,2.64,-3.8355148799999945
1.96,2.64,-3.952161279999995
2.0,2.64,-4.063907840000001
2.04,2.64,-4.16924928000001
2.08,2.64,-4.266618880000006
2.12,2.64,-4.354388479999988
2.16,2.64,-4.430868479999996
2.2,2.64,-4.49430784000001
2.24,2.64,-4.54289408
2.2800000000000002,2.64,-4.574753280000001
2.3200000000000003,2.64,-4.587950080000004
2.36,2.64,-4.580487679999999
2.4,2.64,-4.550307839999995
2.44,2.64,-4.495290880000004
2.48,2.64,-4.413255679999992
2.52,2.64,-4.301959680000008
2.56,2.64,-4.159098880000011
2.6,2.64,-3.98230783999999
2.64,2.64,-3.7691596799999996
2.68,2.64,-3.517166079999999
2.72,2.64,-3.2237772799999878
2.7600000000000002,2.64,-2.886382080000006
2.8000000000000003,2.64,-2.502307839999993
2.84,2.64,-2.0688204799999887
2.88,2.64,-1.583124480000004
2.92,2.64,-1.0423628799999989
2.96,2.64,-0.4436172799999998
3.0,2.64,0.21609215999999876
-1.0,2.68,-4.519626239999995
-0.96,2.68,-5.073735679999993
-0.92,2.68,-5.566881279999992
-0.88,2.68,-6.0020428799999985
-0.84,2.68,-6.3821388799999985
-0.8,2.68,-6.710026239999995
-0.76,2.68,-6.988500479999994
-0.72,2.68,-7.220295679999991
-0.6799999999999999,2.68,-7.408084479999994
-0.64,2.68,-7.554478079999999
-0.6,2.68,-7.662026239999994
-0.56,2.68,-7.733217279999996
-0.52,2.68,-7.770478079999996
-0.48,2.68,-7.776174079999995
-0.43999999999999995,2.68,-7.752609279999991
-0.4,2.68,-7.702026239999997
-0.36,2.68,-7.626606079999994
-0.31999999999999995,2.68,-7.52846847999999
-0.28,2.68,-7.409671679999994
-0.24,2.68,-7.272212479999995
-0.19999999999999996,2.68,-7.1180262399999945
-0.16000000000000003,2.68,-6.94898687999999
-0.12,2.68,-6.766906879999997
-0.07999999999999996,2.68,-6.573537279999992
-0.040000000000000036,2.68,-6.370567679999996
0.0,2.68,-6.159626239999994
0.040000000000000036,2.68,-5.942279679999996
0.08000000000000007,2.68,-5.720033279999996
0.1200000000000001,2.68,-5.494330879999996
0.15999999999999992,2.68,-5.266554879999994
0.19999999999999996,2.68,-5.038026239999987
0.24,2.68,-4.810004479999991
0.28,2.68,-4.58368768
0.32000000000000006,2.68,-4.360212479999995
0.3600000000000001,2.68,-4.140654079999997
0.40000000000000013,2.68,-3.926026239999996
0.43999999999999995,2.68,-3.7172812799999906
0.48,2.68,-3.515310079999999
0.52,2.68,-3.3209420799999974
0.56,2.68,-3.1349452799999944
0.6000000000000001,2.68,-2.958026239999987
0.6400000000000001,2.68,-2.7908300799999917
0.6799999999999999,2.68,-2.6339404799999944
0.72,2.68,-2.487879679999993
0.76,2.68,-2.353108479999996
0.8,2.68,-2.230026239999998
0.8400000000000001,2.68,-2.118970879999994
0.8800000000000001,2.68,-2.0202188799999927
0.9199999999999999,2.68,-1.9339852799999973
0.96,2.68,-1.860423679999995
1.0,2.68,-1.799626239999994
1.04,2.68,-1.7516236799999945
1.08,2.68,-1.7163852799999963
1.12,2.68,-1.693818879999994
1.1600000000000001,2.68,-1.6837708799999955
1.2000000000000002,2.68,-1.6860262399999995
1.2400000000000002,2.68,-1.7003084799999968
1.2800000000000002,2.68,-1.726279679999993
1.3199999999999998,2.68,-1.7635404799999916
1.3599999999999999,2.68,-1.8116300799999987
1.4,2.68,-1.8700262399999943
1.44,2.68,-1.9381452799999943
1.48,2.68,-2.0153420799999964
1.52,2.68,-2.1009100800000002
1.56,2.68,-2.194081279999997
1.6,2.68,-2.2940262399999902
1.6400000000000001,2.68,-2.39985407999999
1.6800000000000002,2.68,-2.51061247999999
1.7200000000000002,2.68,-2.6252876799999925
1.7600000000000002,2.68,-2.7428044799999984
1.8000000000000003,2.68,-2.862026239999995
1.8399999999999999,2.68,-2.9817548799999933
1.88,2.68,-3.100730880000002
1.92,2.68,-3.2176332799999887
1.96,2.68,-3.331079680000002
2.0,2.68,-3.4396262399999937
2.04,2.68,-3.541767680000003
2.08,2.68,-3.6359372799999985
2.12,2.68,-3.7205068799999825
2.16,2.68,-3.7937868799999883
2.2,2.68,-3.8540262400000014
2.24,2.68,-3.899412479999995
2.2800000000000002,2.68,-3.9280716799999933
2.3200000000000003,2.68,-3.9380684799999983
2.36,2.68,-3.9274060799999937
2.4,2.68,-3.894026239999988
2.44,2.68,-3.8358092799999977
2.48,2.68,-3.750574079999984
2.52,2.68,-3.6360780800000008
2.56,2.68,-3.4900172800000053
2.6,2.68,-3.310026239999983
2.64,2.68,-3.093678079999993
2.68,2.68,-2.838484479999991
2.72,2.68,-2.54189567999998
2.7600000000000002,2.68,-2.2013004800000004
2.8000000000000003,2.68,-1.8140262399999862
2.84,2.68,-1.3773388799999822
2.88,2.68,-0.8884428799999977
2.92,2.68,-0.34448127999999123
2.96,2.68,0.2574643200000075
3.0,2.68,0.9203737600000075
-1.0,2.72,-4.07462143999999
-0.96,2.72,-4.625530879999989
-0.92,2.72,-5.115476479999987
-0.88,2.72,-5.547438079999994
-0.84,2.72,-5.924334079999994
-0.8,2.72,-6.24902143999999
-0.76,2.72,-6.524295679999989
-0.72,2.72,-6.7528908799999865
-0.6799999999999999,2.72,-6.9374796799999885
-0.64,2.72,-7.080673279999994
-0.6,2.72,-7.185021439999989
-0.56,2.72,-7.253012479999992
-0.52,2.72,-7.287073279999991
-0.48,2.72,-7.2895692799999905
-0.43999999999999995,2.72,-7.262804479999986
-0.4,2.72,-7.209021439999992
-0.36,2.72,-7.130401279999989
-0.31999999999999995,2.72,-7.029063679999985
-0.28,2.72,-6.90706687999999
-0.24,2.72,-6.76640767999999
-0.19999999999999996,2.72,-6.60902143999999
-0.16000000000000003,2.72,-6.436782079999984
-0.12,2.72,-6.251502079999992
-0.07999999999999996,2.72,-6.054932479999987
-0.040000000000000036,2.72,-5.848762879999991
0.0,2.72,-5.634621439999989
0.040000000000000036,2.72,-5.414074879999991
0.08000000000000007,2.72,-5.188628479999991
0.1200000000000001,2.72,-4.9597260799999905
0.15999999999999992,2.72,-4.728750079999989
0.19999999999999996,2.72,-4.497021439999982
0.24,2.72,-4.265799679999986
0.28,2.72,-4.036282879999995
0.32000000000000006,2.72,-3.80960767999999
0.3600000000000001,2.72,-3.5868492799999925
0.40000000000000013,2.72,-3.369021439999991
0.43999999999999995,2.72,-3.157076479999986
0.48,2.72,-2.951905279999994
0.52,2.72,-2.7543372799999926
0.56,2.72,-2.565140479999989
0.6000000000000001,2.72,-2.385021439999982
0.6400000000000001,2.72,-2.2146252799999866
0.6799999999999999,2.72,-2.0545356799999897
0.72,2.72,-1.905274879999988
0.76,2.72,-1.7673036799999906
0.8,2.72,-1.6410214399999932
0.8400000000000001,2.72,-1.5267660799999891
0.8800000000000001,2.72,-1.4248140799999875
0.9199999999999999,2.72,-1.3353804799999915
0.96,2.72,-1.2586188799999896
1.0,2.72,-1.194621439999989
1.04,2.72,-1.1434188799999898
1.08,2.72,-1.104980479999992
1.12,2.72,-1.0792140799999883
1.1600000000000001,2.72,-1.0659660799999902
1.2000000000000002,2.72,-1.0650214399999944
1.2400000000000002,2.72,-1.0761036799999921
1.2800000000000002,2.72,-1.098874879999988
1.3199999999999998,2.72,-1.1329356799999868
1.3599999999999999,2.72,-1.1778252799999942
1.4,2.72,-1.2330214399999893
1.44,2.72,-1.2979404799999887
1.48,2.72,-1.371937279999992
1.52,2.72,-1.4543052799999945
1.56,2.72,-1.5442764799999917
1.6,2.72,-1.6410214399999852
1.6400000000000001,2.72,-1.7436492799999854
1.6800000000000002,2.72,-1.8512076799999857
1.7200000000000002,2.72,-1.9626828799999867
1.7600000000000002,2.72,-2.076999679999993
1.8000000000000003,2.72,-2.19302143999999
1.8399999999999999,2.72,-2.309550079999994
1.88,2.72,-2.425326079999998
1.92,2.72,-2.539028479999983
1.96,2.72,-2.6492748799999983
2.0,2.72,-2.7546214399999887
2.04,2.72,-2.8535628799999966
2.08,2.72,-2.944532479999994
2.12,2.72,-3.0259020799999767
2.16,2.72,-3.0959820799999846
2.2,2.72,-3.1530214399999963
2.24,2.72,-3.1952076799999887
2.2800000000000002,2.72,-3.220666879999989
2.3200000000000003,2.72,-3.2274636799999907
2.36,2.72,-3.2136012799999882
2.4,2.72,-3.177021439999983
2.44,2.72,-3.115604479999993
2.48,2.72,-3.0271692799999794
2.52,2.72,-2.909473279999995
2.56,2.72,-2.76021248
2.6,2.72,-2.577021439999978
2.64,2.72,-2.3574732799999882
2.68,2.72,-2.0990796799999867
2.72,2.72,-1.7992908799999743
2.7600000000000002,2.72,-1.455495679999995
2.8000000000000003,2.72,-1.0650214399999811
2.84,2.72,-0.6251340799999774
2.88,2.72,-0.1330380799999915
2.92,2.72,0.41412352000001285
2.96,2.72,1.0192691200000112
3.0,2.72,1.6853785600000109
-1.0,2.7600000000000002,-3.56589824
-0.96,2.7600000000000002,-4.113607679999998
-0.92,2.7600000000000002,-4.600353279999997
-0.88,2.7600000000000002,-5.029114880000004
-0.84,2.7600000000000002,-5.402810880000004
-0.8,2.7600000000000002,-5.72429824
-0.76,2.7600000000000002,-5.99637248
-0.72,2.7600000000000002,-6.221767679999996
-0.6799999999999999,2.7600000000000002,-6.403156479999999
-0.64,2.7600000000000002,-6.543150080000005
-0.6,2.7600000000000002,-6.6442982399999995
-0.56,2.7600000000000002,-6.709089280000002
-0.52,2.7600000000000002,-6.739950080000002
-0.48,2.7600000000000002,-6.739246080000001
-0.43999999999999995,2.7600000000000002,-6.709281279999996
-0.4,2.7600000000000002,-6.652298240000002
-0.36,2.7600000000000002,-6.570478079999999
-0.31999999999999995,2.7600000000000002,-6.465940479999995
-0.28,2.7600000000000002,-6.34074368
-0.24,2.7600000000000002,-6.19688448
-0.19999999999999996,2.7600000000000002,-6.03629824
-0.16000000000000003,2.7600000000000002,-5.860858879999995
-0.12,2.7600000000000002,-5.672378880000002
-0.07999999999999996,2.7600000000000002,-5.472609279999998
-0.040000000000000036,2.7600000000000002,-5.263239680000002
0.0,2.7600000000000002,-5.04589824
0.040000000000000036,2.7600000000000002,-4.822151680000001
0.08000000000000007,2.7600000000000002,-4.593505280000001
0.1200000000000001,2.7600000000000002,-4.361402880000001
0.15999999999999992,2.7600000000000002,-4.127226879999999
0.19999999999999996,2.7600000000000002,-3.8922982399999926
0.24,2.7600000000000002,-3.657876479999997
0.28,2.7600000000000002,-3.4251596800000046
0.32000000000000006,2.7600000000000002,-3.19528448
0.3600000000000001,2.7600000000000002,-2.9693260800000028
0.40000000000000013,2.7600000000000002,-2.7482982400000013
0.43999999999999995,2.7600000000000002,-2.533153279999996
0.48,2.7600000000000002,-2.3247820800000043
0.52,2.7600000000000002,-2.1240140800000025
0.56,2.7600000000000002,-1.9316172799999993
0.6000000000000001,2.7600000000000002,-1.748298239999992
0.6400000000000001,2.7600000000000002,-1.5747020799999971
0.6799999999999999,2.7600000000000002,-1.4114124799999996
0.72,2.7600000000000002,-1.2589516799999982
0.76,2.7600000000000002,-1.1177804800000004
0.8,2.7600000000000002,-0.9882982400000033
0.8400000000000001,2.7600000000000002,-0.8708428799999988
0.8800000000000001,2.7600000000000002,-0.7656908799999975
0.9199999999999999,2.7600000000000002,-0.6730572800000019
0.96,2.7600000000000002,-0.5930956800000002
1.0,2.7600000000000002,-0.5258982399999992
1.04,2.7600000000000002,-0.4714956799999994
1.08,2.7600000000000002,-0.429857280000002
1.12,2.7600000000000002,-0.4008908799999986
1.1600000000000001,2.7600000000000002,-0.3844428800000008
1.2000000000000002,2.7600000000000002,-0.38029824000000456
1.2400000000000002,2.7600000000000002,-0.3881804800000017
1.2800000000000002,2.7600000000000002,-0.40775167999999873
1.3199999999999998,2.7600000000000002,-0.438612479999998
1.3599999999999999,2.7600000000000002,-0.48030208000000396
1.4,2.7600000000000002,-0.5322982399999994
1.44,2.7600000000000002,-0.5940172799999992
1.48,2.7600000000000002,-0.6648140800000011
1.52,2.7600000000000002,-0.7439820800000039
1.56,2.7600000000000002,-0.8307532800000033
1.6,2.7600000000000002,-0.9242982399999953
1.6400000000000001,2.7600000000000002,-1.023726080000003
1.6800000000000002,2.7600000000000002,-1.1280844799999947
1.7200000000000002,2.7600000000000002,-1.2363596800000032
1.7600000000000002,2.7600000000000002,-1.3474764800000028
1.8000000000000003,2.7600000000000002,-1.4602982400000002
1.8399999999999999,2.7600000000000002,-1.5736268800000044
1.88,2.7600000000000002,-1.6862028800000068
1.92,2.7600000000000002,-1.796705279999994
1.96,2.7600000000000002,-1.903751680000008
2.0,2.7600000000000002,-2.0058982399999987
2.04,2.7600000000000002,-2.101639680000007
2.08,2.7600000000000002,-2.189409279999989
2.12,2.7600000000000002,-2.267578880000002
2.16,2.7600000000000002,-2.3344588799999944
2.2,2.7600000000000002,-2.3882982400000063
2.24,2.7600000000000002,-2.427284479999999
2.2800000000000002,2.7600000000000002,-2.449543679999998
2.3200000000000003,2.7600000000000002,-2.453140480000002
2.36,2.7600000000000002,-2.436078079999998
2.4,2.7600000000000002,-2.396298239999993
2.44,2.7600000000000002,-2.3316812800000015
2.48,2.7600000000000002,-2.240046080000006
2.52,2.7600000000000002,-2.119150079999992
2.56,2.7600000000000002,-1.9666892800000095
2.6,2.7600000000000002,-1.780298239999988
2.64,2.7600000000000002,-1.5575500799999968
2.68,2.7600000000000002,-1.2959564799999974
2.72,2.7600000000000002,-0.9929676799999854
2.7600000000000002,2.7600000000000002,-0.6459724800000046
2.8000000000000003,2.7600000000000002,-0.2522982399999911
2.84,2.7600000000000002,0.19078912000001225
2.88,2.7600000000000002,0.6860851199999978
2.92,2.7600000000000002,1.2364467200000036
2.96,2.7600000000000002,1.8447923199999892
3.0,2.7600000000000002,2.514101760000017
-1.0,2.8000000000000003,-2.9904
-0.96,2.8000000000000003,-3.5349094399999985
-0.92,2.8000000000000003,-4.018455039999997
-0.88,2.8000000000000003,-4.4440166400000045
-0.84,2.8000000000000003,-4.814512640000005
-0.8,2.8000000000000003,-5.1328000000000005
-0.76,2.8000000000000003,-5.401674239999999
-0.72,2.8000000000000003,-5.6238694399999964
-0.6799999999999999,2.8000000000000003,-5.802058239999999
-0.64,2.8000000000000003,-5.938851840000005
-0.6,2.8000000000000003,-6.0367999999999995
-0.56,2.8000000000000003,-6.098391040000003
-0.52,2.8000000000000003,-6.126051840000001
-0.48,2.8000000000000003,-6.12214784
-0.43999999999999995,2.8000000000000003,-6.088983039999997
-0.4,2.8000000000000003,-6.028800000000002
-0.36,2.8000000000000003,-5.9437798399999995
-0.31999999999999995,2.8000000000000003,-5.836042239999995
-0.28,2.8000000000000003,-5.70764544
-0.24,2.8000000000000003,-5.56058624
-0.19999999999999996,2.8000000000000003,-5.3968
-0.16000000000000003,2.8000000000000003,-5.2181606399999945
-0.12,2.8000000000000003,-5.026480640000002
-0.07999999999999996,2.8000000000000003,-4.823511039999997
-0.040000000000000036,2.8000000000000003,-4.610941440000001
0.0,2.8000000000000003,-4.3904
0.040000000000000036,2.8000000000000003,-4.163453440000001
0.08000000000000007,2.8000000000000003,-3.931607040000001
0.1200000000000001,2.8000000000000003,-3.696304640000001
0.15999999999999992,2.8000000000000003,-3.458928639999999
0.19999999999999996,2.8000000000000003,-3.2207999999999926
0.24,2.8000000000000003,-2.9831782399999964
0.28,2.8000000000000003,-2.7472614400000044
0.32000000000000006,2.8000000000000003,-2.51418624
0.3600000000000001,2.8000000000000003,-2.2850278400000024
0.40000000000000013,2.8000000000000003,-2.0608000000000013
0.43999999999999995,2.8000000000000003,-1.842455039999996
0.48,2.8000000000000003,-1.630883840000004
0.52,2.8000000000000003,-1.4269158400000026
0.56,2.8000000000000003,-1.2313190399999994
0.6000000000000001,2.8000000000000003,-1.044799999999992
0.6400000000000001,2.8000000000000003,-0.868003839999997
0.6799999999999999,2.8000000000000003,-0.7015142399999998
0.72,2.8000000000000003,-0.5458534399999984
0.76,2.8000000000000003,-0.4014822400000009
0.8,2.8000000000000003,-0.26880000000000326
0.8400000000000001,2.8000000000000003,-0.14814463999999905
0.8800000000000001,2.8000000000000003,-0.03979263999999816
0.9199999999999999,2.8000000000000003,0.05604095999999803
0.96,2.8000000000000003,0.1392025600000002
1.0,2.8000000000000003,0.2096000000000009
1.04,2.8000000000000003,0.2672025600000003
1.08,2.8000000000000003,0.31204095999999826
1.12,2.8000000000000003,0.3442073600000013
1.1600000000000001,2.8000000000000003,0.36385535999999963
1.2000000000000002,2.8000000000000003,0.37119999999999553
1.2400000000000002,2.8000000000000003,0.366517759999998
1.2800000000000002,2.8000000000000003,0.35014656000000155
1.3199999999999998,2.8000000000000003,0.32248576000000195
1.3599999999999999,2.8000000000000003,0.2839961599999956
1.4,2.8000000000000003,0.23520000000000074
1.44,2.8000000000000003,0.17668096000000055
1.48,2.8000000000000003,0.10908416000000543
1.52,2.8000000000000003,0.033116159999995176
1.56,2.8000000000000003,-0.05045504000000278
1.6,2.8000000000000003,-0.14079999999999515
1.6400000000000001,2.8000000000000003,-0.2370278400000032
1.6800000000000002,2.8000000000000003,-0.3381862399999953
1.7200000000000002,2.8000000000000003,-0.4432614399999899
1.7600000000000002,2.8000000000000003,-0.551178240000004
1.8000000000000003,2.8000000000000003,-0.6608
1.8399999999999999,2.8000000000000003,-0.7709286400000046
1.88,2.8000000000000003,-0.8803046400000074
1.92,2.8000000000000003,-0.9876070399999932
1.96,2.8000000000000003,-1.0914534400000075
2.0,2.8000000000000003,-1.1903999999999986
2.04,2.8000000000000003,-1.2829414400000072
2.08,2.8000000000000003,-1.3675110400000037
2.12,2.8000000000000003,-1.442480639999987
2.16,2.8000000000000003,-1.5061606399999938
2.2,2.8000000000000003,-1.5568000000000062
2.24,2.8000000000000003,-1.5925862399999993
2.2800000000000002,2.8000000000000003,-1.6116454399999984
2.3200000000000003,2.8000000000000003,-1.612042240000001
2.36,2.8000000000000003,-1.5917798399999974
2.4,2.8000000000000003,-1.5487999999999928
2.44,2.8000000000000003,-1.4809830400000017
2.48,2.8000000000000003,-1.3861478399999907
2.52,2.8000000000000003,-1.2620518400000051
2.56,2.8000000000000003,-1.1063910400000072
2.6,2.8000000000000003,-0.9167999999999896
2.64,2.8000000000000003,-0.6908518399999952
2.68,2.8000000000000003,-0.42605823999999615
2.72,2.8000000000000003,-0.11986943999998623
2.7600000000000002,2.8000000000000003,0.23032575999999594
2.8000000000000003,2.8000000000000003,0.6272000000000091
2.84,2.8000000000000003,1.073487360000012
2.88,2.8000000000000003,1.5719833599999973
2.92,2.8000000000000003,2.125544960000017
2.96,2.8000000000000003,2.737090560000002
3.0,2.8000000000000003,3.409600000000001
-1.0,2.84,-2.345008639999996
-0.96,2.84,-2.886318079999995
-0.92,2.84,-3.3666636800000074
-0.88,2.84,-3.7890252800000006
-0.84,2.84,-4.156321279999986
-0.8,2.84,-4.471408639999996
-0.76,2.84,-4.7370828799999956
-0.72,2.84,-4.956078079999992
-0.6799999999999999,2.84,-5.131066880000002
-0.64,2.84,-5.264660480000001
-0.6,2.84,-5.359408639999995
-0.56,2.84,-5.417799679999984
-0.52,2.84,-5.442260479999997
-0.48,2.84,-5.435156479999997
-0.43999999999999995,2.84,-5.398791679999993
-0.4,2.84,-5.335408639999999
-0.36,2.84,-5.247188480000004
-0.31999999999999995,2.84,-5.136250879999999
-0.28,2.84,-5.004654079999996
-0.24,2.84,-4.854394879999996
-0.19999999999999996,2.84,-4.687408640000003
-0.16000000000000003,2.84,-4.505569279999998
-0.12,2.84,-4.310689279999992
-0.07999999999999996,2.84,-4.104519679999988
-0.040000000000000036,2.84,-3.8887500800000048
0.0,2.84,-3.6650086399999964
0.040000000000000036,2.84,-3.4348620799999905
0.08000000000000007,2.84,-3.1998156799999915
0.1200000000000001,2.84,-2.9613132799999913
0.15999999999999992,2.84,-2.720737280000003
0.19999999999999996,2.84,-2.479408639999997
0.24,2.84,-2.238586879999993
0.28,2.84,-1.999470079999987
0.32000000000000006,2.84,-1.7631948800000046
0.3600000000000001,2.84,-1.530836479999992
0.40000000000000013,2.84,-1.3034086399999985
0.43999999999999995,2.84,-1.0818636800000072
0.48,2.84,-0.867092480000001
0.52,2.84,-0.6599244799999999
0.56,2.84,-0.4611276799999966
0.6000000000000001,2.84,-0.27140864000000375
0.6400000000000001,2.84,-0.09141247999999402
0.6799999999999999,2.84,0.07827711999999654
0.72,2.84,0.23713792000000522
0.76,2.84,0.3847091200000019
0.8,2.84,0.5205913599999992
0.8400000000000001,2.84,0.644446720000011
0.8800000000000001,2.84,0.7559987200000045
0.9199999999999999,2.84,0.8550323200000003
0.96,2.84,0.941393920000003
1.0,2.84,1.0149913600000033
1.04,2.84,1.0757939199999953
1.08,2.84,1.1238323200000009
1.12,2.84,1.1591987200000107
1.1600000000000001,2.84,1.1820467200000024
1.2000000000000002,2.84,1.192591359999998
1.2400000000000002,2.84,1.1911091200000001
1.2800000000000002,2.84,1.1779379200000042
1.3199999999999998,2.84,1.1534771200000042
1.3599999999999999,2.84,1.1181875199999984
1.4,2.84,1.0725913600000032
1.44,2.84,1.0172723200000036
1.48,2.84,0.9528755200000072
1.52,2.84,0.8801075199999984
1.56,2.84,0.7997363199999992
1.6,2.84,0.7125913600000064
1.6400000000000001,2.84,0.6195635199999998
1.6800000000000002,2.84,0.5216051200000074
1.7200000000000002,2.84,0.4197299200000124
1.7600000000000002,2.84,0.3150131199999979
1.8000000000000003,2.84,0.20859136000000156
1.8399999999999999,2.84,0.10166271999999665
1.88,2.84,-0.004513280000006503
1.92,2.84,-0.10861567999999089
1.96,2.84,-0.20926208000000557
2.0,2.84,-0.30500863999999694
2.04,2.84,-0.39435008000000593
2.08,2.84,-0.47571968000000275
2.12,2.84,-0.5474892799999846
2.16,2.84,-0.6079692799999918
2.2,2.84,-0.6554086400000045
2.24,2.84,-0.687994879999998
2.2800000000000002,2.84,-0.7038540799999975
2.3200000000000003,2.84,-0.7010508799999986
2.36,2.84,-0.6775884799999972
2.4,2.84,-0.6314086399999912
2.44,2.84,-0.5603916800000004
2.48,2.84,-0.46235647999998974
2.52,2.84,-0.33506048000000455
2.56,2.84,-0.17619968000000696
2.6,2.84,0.01659136000001027
2.64,2.84,0.2457395200000061
2.68,2.84,0.5137331200000048
2.72,2.84,0.8231219200000144
2.7600000000000002,2.84,1.1765171199999962
2.8000000000000003,2.84,1.576591360000009
2.84,2.84,2.026078720000015
2.88,2.84,2.52777472
2.92,2.84,3.084536319999991
2.96,2.84,3.699281920000004
3.0,2.84,4.374991360000003
-1.0,2.88,-1.6265446400000005
-0.96,2.88,-2.1646540799999987
-0.92,2.88,-2.6417996800000116
-0.88,2.88,-3.0609612800000043
-0.84,2.88,-3.425057279999991
-0.8,2.88,-3.736944640000001
-0.76,2.88,-3.9994188800000003
-0.72,2.88,-4.215214079999997
-0.6799999999999999,2.88,-4.387002880000006
-0.64,2.88,-4.517396480000005
-0.6,2.88,-4.60894464
-0.56,2.88,-4.664135679999989
-0.52,2.88,-4.685396480000001
-0.48,2.88,-4.675092480000002
-0.43999999999999995,2.88,-4.635527679999997
-0.4,2.88,-4.568944640000003
-0.36,2.88,-4.477524480000008
-0.31999999999999995,2.88,-4.363386880000003
-0.28,2.88,-4.22859008
-0.24,2.88,-4.075130880000001
-0.19999999999999996,2.88,-3.9049446400000076
-0.16000000000000003,2.88,-3.7199052800000025
-0.12,2.88,-3.5218252799999963
-0.07999999999999996,2.88,-3.312455679999992
-0.040000000000000036,2.88,-3.0934860800000092
0.0,2.88,-2.8665446400000008
0.040000000000000036,2.88,-2.633198079999995
0.08000000000000007,2.88,-2.3949516799999957
0.1200000000000001,2.88,-2.1532492799999954
0.15999999999999992,2.88,-1.9094732800000072
0.19999999999999996,2.88,-1.6649446400000012
0.24,2.88,-1.4209228799999976
0.28,2.88,-1.1786060799999913
0.32000000000000006,2.88,-0.9391308800000089
0.3600000000000001,2.88,-0.7035724799999965
0.40000000000000013,2.88,-0.4729446400000028
0.43999999999999995,2.88,-0.24819968000001147
0.48,2.88,-0.030228480000005664
0.52,2.88,0.180139519999996
0.56,2.88,0.382136319999999
0.6000000000000001,2.88,0.5750553599999919
0.6400000000000001,2.88,0.7582515200000017
0.6799999999999999,2.88,0.9311411199999919
0.72,2.88,1.0932019200000007
0.76,2.88,1.243973119999998
0.8,2.88,1.3830553599999948
0.8400000000000001,2.88,1.5101107199999992
0.8800000000000001,2.88,1.6248627200000008
0.9199999999999999,2.88,1.7270963199999954
0.96,2.88,1.8166579199999986
1.0,2.88,1.893455359999999
1.04,2.88,1.9574579199999986
1.08,2.88,2.0086963199999968
1.12,2.88,2.047262719999999
1.1600000000000001,2.88,2.0733107199999976
1.2000000000000002,2.88,2.0870553599999937
1.2400000000000002,2.88,2.0887731199999964
1.2800000000000002,2.88,2.07880192
1.3199999999999998,2.88,2.05754112
1.3599999999999999,2.88,2.0254515199999936
1.4,2.88,1.9830553599999998
1.44,2.88,1.930936319999999
1.48,2.88,1.8697395200000022
1.52,2.88,1.8001715199999948
1.56,2.88,1.7230003199999953
1.6,2.88,1.6390553600000022
1.6400000000000001,2.88,1.5492275199999952
1.6800000000000002,2.88,1.4544691200000024
1.7200000000000002,2.88,1.3557939200000089
1.7600000000000002,2.88,1.254277119999994
1.8000000000000003,2.88,1.1510553599999973
1.8399999999999999,2.88,1.047326719999992
1.88,2.88,0.9443507199999903
1.92,2.88,0.8434483200000038
1.96,2.88,0.7460019199999905
2.0,2.88,0.6534553599999988
2.04,2.88,0.5673139199999895
2.08,2.88,0.4891443199999941
2.12,2.88,0.42057472000001006
2.16,2.88,0.3632947200000043
2.2,2.88,0.31905535999999124
2.24,2.88,0.28966911999999745
2.2800000000000002,2.88,0.27700991999999935
2.3200000000000003,2.88,0.2830131199999961
2.36,2.88,0.309675519999999
2.4,2.88,0.3590553600000046
2.44,2.88,0.43327231999999505
2.48,2.88,0.5345075200000053
2.52,2.88,0.665003519999992
2.56,2.88,0.8270643199999892
2.6,2.88,1.023055360000006
2.64,2.88,1.2554035200000015
2.68,2.88,1.52659712
2.72,2.88,1.839185920000011
2.7600000000000002,2.88,2.1957811199999924
2.8000000000000003,2.88,2.599055360000005
2.84,2.88,3.0517427200000107
2.88,2.88,3.556638719999995
2.92,2.88,4.116600320000014
2.96,2.88,4.734545919999999
3.0,2.88,5.41345536
-1.0,2.92,-0.831767039999999
-0.96,2.92,-1.366676479999998
-0.92,2.92,-1.84062208000001
-0.88,2.92,-2.256583680000003
-0.84,2.92,-2.617479679999989
-0.8,2.92,-2.9261670399999993
-0.76,2.92,-3.1854412799999983
-0.72,2.92,-3.398036479999995
-0.6799999999999999,2.92,-3.566625280000005
-0.64,2.92,-3.693818880000004
-0.6,2.92,-3.7821670399999983
-0.56,2.92,-3.8341580799999875
-0.52,2.92,-3.85221888
-0.48,2.92,-3.83871488
-0.43999999999999995,2.92,-3.7959500799999955
-0.4,2.92,-3.7261670400000018
-0.36,2.92,-3.631546880000006
-0.31999999999999995,2.92,-3.514209280000001
-0.28,2.92,-3.376212479999999
-0.24,2.92,-3.219553279999999
-0.19999999999999996,2.92,-3.046167040000006
-0.16000000000000003,2.92,-2.857927680000001
-0.12,2.92,-2.656647679999995
-0.07999999999999996,2.92,-2.44407807999999
-0.040000000000000036,2.92,-2.2219084800000073
0.0,2.92,-1.9917670399999992
0.040000000000000036,2.92,-1.7552204799999933
0.08000000000000007,2.92,-1.513774079999994
0.1200000000000001,2.92,-1.2688716799999935
0.15999999999999992,2.92,-1.0218956800000059
0.19999999999999996,2.92,-0.7741670399999996
0.24,2.92,-0.5269452799999961
0.28,2.92,-0.28142847999998954
0.32000000000000006,2.92,-0.03875328000000744
0.3600000000000001,2.92,0.20000512000000525
0.40000000000000013,2.92,0.4338329599999988
0.43999999999999995,2.92,0.6617779199999898
0.48,2.92,0.8829491199999961
0.52,2.92,1.0965171199999975
0.56,2.92,1.301713920000001
0.6000000000000001,2.92,1.4978329599999936
0.6400000000000001,2.92,1.684229120000003
0.6799999999999999,2.92,1.8603187199999938
0.72,2.92,2.025579520000002
0.76,2.92,2.179550719999999
0.8,2.92,2.3218329599999965
0.8400000000000001,2.92,2.4520883200000014
0.8800000000000001,2.92,2.5700403200000026
0.9199999999999999,2.92,2.6754739199999977
0.96,2.92,2.7682355200000006
1.0,2.92,2.8482329600000007
1.04,2.92,2.9154355200000004
1.08,2.92,2.9698739199999973
1.12,2.92,3.011640320000001
1.1600000000000001,2.92,3.04088832
1.2000000000000002,2.92,3.0578329599999954
1.2400000000000002,2.92,3.0627507199999977
1.2800000000000002,2.92,3.055979520000001
1.3199999999999998,2.92,3.037918720000002
1.3599999999999999,2.92,3.0090291199999957
1.4,2.92,2.9698329600000015
1.44,2.92,2.9209139200000074
1.48,2.92,2.862917120000005
1.52,2.92,2.7965491199999954
1.56,2.92,2.7225779199999973
1.6,2.92,2.641832960000004
1.6400000000000001,2.92,2.5552051199999966
1.6800000000000002,2.92,2.463646720000006
1.7200000000000002,2.92,2.3681715199999944
1.7600000000000002,2.92,2.269854719999996
1.8000000000000003,2.92,2.169832959999999
1.8399999999999999,2.92,2.069304319999995
1.88,2.92,1.9695283199999913
1.92,2.92,1.8718259200000062
1.96,2.92,1.7775795199999909
2.0,2.92,1.6882329600000006
2.04,2.92,1.6052915199999926
2.08,2.92,1.5303219200000093
2.12,2.92,1.4649523199999983
2.16,2.92,1.4108723200000046
2.2,2.92,1.369832959999993
2.24,2.92,1.3436467200000006
2.2800000000000002,2.92,1.3341875200000004
2.3200000000000003,2.92,1.3433907199999986
2.36,2.92,1.373253120000001
2.4,2.92,1.4258329600000064
2.44,2.92,1.5032499199999965
2.48,2.92,1.607685119999994
2.52,2.92,1.7413811200000069
2.56,2.92,1.9066419199999913
2.6,2.92,2.105832960000008
2.64,2.92,2.341381120000003
2.68,2.92,2.6157747200000028
2.72,2.92,2.9315635200000116
2.7600000000000002,2.92,3.2913587199999945
2.8000000000000003,2.92,3.697832960000021
2.84,2.92,4.153720319999998
2.88,2.92,4.6618163200000104
2.92,2.92,5.224977920000001
2.96,2.92,5.846123520000017
3.0,2.92,6.528232959999986
-1.0,2.96,0.04262656000000398
-0.96,2.96,-0.48908287999999445
-0.92,2.96,-0.9598284800000076
-0.88,2.96,-1.3725900800000002
-0.84,2.96,-1.7302860799999857
-0.8,2.96,-2.0357734399999963
-0.76,2.96,-2.2918476799999956
-0.72,2.96,-2.501242879999992
-0.6799999999999999,2.96,-2.6666316800000023
-0.64,2.96,-2.790625280000001
-0.6,2.96,-2.8757734399999952
-0.56,2.96,-2.9245644799999844
-0.52,2.96,-2.9394252799999974
-0.48,2.96,-2.9227212799999966
-0.43999999999999995,2.96,-2.8767564799999925
-0.4,2.96,-2.8037734399999987
-0.36,2.96,-2.705953280000003
-0.31999999999999995,2.96,-2.585415679999998
-0.28,2.96,-2.4442188799999958
-0.24,2.96,-2.284359679999996
-0.19999999999999996,2.96,-2.107773440000003
-0.16000000000000003,2.96,-1.916334079999998
-0.12,2.96,-1.7118540799999917
-0.07999999999999996,2.96,-1.496084479999987
-0.040000000000000036,2.96,-1.2707148800000043
0.0,2.96,-1.037373439999996
0.040000000000000036,2.96,-0.7976268799999903
0.08000000000000007,2.96,-0.5529804799999909
0.1200000000000001,2.96,-0.3048780799999906
0.15999999999999992,2.96,-0.05470208000000276
0.19999999999999996,2.96,0.19622656000000338
0.24,2.96,0.44664832000000687
0.28,2.96,0.6953651200000135
0.32000000000000006,2.96,0.9412403199999957
0.3600000000000001,2.96,1.1831987200000083
0.40000000000000013,2.96,1.420226560000002
0.43999999999999995,2.96,1.651371519999993
0.48,2.96,1.875742719999999
0.52,2.96,2.092510720000001
0.56,2.96,2.300907520000004
0.6000000000000001,2.96,2.5002265599999967
0.6400000000000001,2.96,2.689822720000006
0.6799999999999999,2.96,2.869112319999997
0.72,2.96,3.037573120000005
0.76,2.96,3.1947443200000025
0.8,2.96,3.3402265599999996
0.8400000000000001,2.96,3.473681920000004
0.8800000000000001,2.96,3.594833920000006
0.9199999999999999,2.96,3.7034675200000007
0.96,2.96,3.799429120000003
1.0,2.96,3.882626560000004
1.04,2.96,3.953029120000004
1.08,2.96,4.01066752
1.12,2.96,4.055633920000004
1.1600000000000001,2.96,4.088081920000002
1.2000000000000002,2.96,4.1082265599999985
1.2400000000000002,2.96,4.116344320000001
1.2800000000000002,2.96,4.112773120000004
1.3199999999999998,2.96,4.097912320000005
1.3599999999999999,2.96,4.072222719999999
1.4,2.96,4.036226560000005
1.44,2.96,3.99050752000001
1.48,2.96,3.9357107200000074
1.52,2.96,3.8725427199999922
1.56,2.96,3.801771520000001
1.6,2.96,3.724226560000007
1.6400000000000001,2.96,3.6407987199999994
1.6800000000000002,2.96,3.5524403200000156
1.7200000000000002,2.96,3.4601651200000196
1.7600000000000002,2.96,3.3650483199999996
1.8000000000000003,2.96,3.2682265600000022
1.8399999999999999,2.96,3.170897919999998
1.88,2.96,3.0743219199999956
1.92,2.96,2.9798195200000084
1.96,2.96,2.8887731199999944
2.0,2.96,2.8026265600000038
2.04,2.96,2.7228851199999955
2.08,2.96,2.6511155199999994
2.12,2.96,2.5889459200000147
2.16,2.96,2.538065920000008
2.2,2.96,2.500226559999996
2.24,2.96,2.4772403200000035
2.2800000000000002,2.96,2.4709811200000047
2.3200000000000003,2.96,2.4833843200000008
2.36,2.96,2.5164467200000047
2.4,2.96,2.5722265600000096
2.44,2.96,2.6528435199999993
2.48,2.96,2.7604787200000107
2.52,2.96,2.8973747199999966
2.56,2.96,3.065835519999995
2.6,2.96,3.268226560000011
2.64,2.96,3.506974720000006
2.68,2.96,3.7845683200000053
2.72,2.96,4.103557120000014
2.7600000000000002,2.96,4.466552319999984
2.8000000000000003,2.96,4.87622656000001
2.84,2.96,5.335313920000015
2.88,2.96,5.846609919999999
2.92,2.96,6.412971520000021
2.96,2.96,7.037317120000004
3.0,2.96,7.722626560000002
-1.0,3.0,1.0
-0.96,3.0,0.4714905600000012
-0.92,3.0,0.003944959999988562
-0.88,3.0,-0.4056166400000043
-0.84,3.0,-0.7601126399999902
-0.8,3.0,-1.0624000000000011
-0.76,3.0,-1.31527424
-0.72,3.0,-1.5214694399999966
-0.6799999999999999,3.0,-1.6836582400000064
-0.64,3.0,-1.8044518400000045
-0.6,3.0,-1.886399999999999
-0.56,3.0,-1.9319910399999882
-0.52,3.0,-1.9436518400000011
-0.48,3.0,-1.9237478400000008
-0.43999999999999995,3.0,-1.8745830399999965
-0.4,3.0,-1.7984000000000029
-0.36,3.0,-1.697379840000007
-0.31999999999999995,3.0,-1.573642240000002
-0.28,3.0,-1.4292454399999999
-0.24,3.0,-1.26618624
-0.19999999999999996,3.0,-1.086400000000007
-0.16000000000000003,3.0,-0.8917606400000019
-0.12,3.0,-0.6840806399999956
-0.07999999999999996,3.0,-0.46511103999999087
-0.040000000000000036,3.0,-0.2365414400000084
0.0,3.0,0.0
0.040000000000000036,3.0,0.24294656000000572
0.08000000000000007,3.0,0.4907929600000053
0.1200000000000001,3.0,0.7420953600000054
0.15999999999999992,3.0,0.9954713599999934
0.19999999999999996,3.0,1.2495999999999996
0.24,3.0,1.503221760000003
0.28,3.0,1.7551385600000096
0.32000000000000006,3.0,2.004213759999992
0.3600000000000001,3.0,2.2493721600000045
0.40000000000000013,3.0,2.489599999999998
0.43999999999999995,3.0,2.723944959999989
0.48,3.0,2.9515161599999953
0.52,3.0,3.1714841599999968
0.56,3.0,3.38308096
0.6000000000000001,3.0,3.585599999999993
0.6400000000000001,3.0,3.7783961600000024
0.6799999999999999,3.0,3.9608857599999934
0.72,3.0,4.1325465600000015
0.76,3.0,4.292917759999999
0.8,3.0,4.441599999999997
0.8400000000000001,3.0,4.578255360000001
0.8800000000000001,3.0,4.702607360000002
0.9199999999999999,3.0,4.814440959999997
0.96,3.0,4.913602559999999
1.0,3.0,5.0
1.04,3.0,5.073602559999999
1.08,3.0,5.134440959999997
1.12,3.0,5.18260736
1.1600000000000001,3.0,5.218255359999999
1.2000000000000002,3.0,5.241599999999995
1.2400000000000002,3.0,5.252917759999997
1.2800000000000002,3.0,5.252546560000001
1.3199999999999998,3.0,5.240885760000001
1.3599999999999999,3.0,5.218396159999996
1.4,3.0,5.185599999999999
1.44,3.0,5.143080960000008
1.48,3.0,5.091484160000003
1.52,3.0,5.031516159999989
1.56,3.0,4.963944959999996
1.6,3.0,4.889600000000005
1.6400000000000001,3.0,4.809372159999995
1.6800000000000002,3.0,4.724213760000013
1.7200000000000002,3.0,4.635138560000015
1.7600000000000002,3.0,4.543221759999996
1.8000000000000003,3.0,4.4496000000000056
1.8399999999999999,3.0,4.355471359999994
1.88,3.0,4.262095359999991
1.92,3.0,4.170792960000005
1.96,3.0,4.082946559999991
2.0,3.0,4.0
2.04,3.0,3.9234585599999914
2.08,3.0,3.854888959999995
2.12,3.0,3.7959193600000116
2.16,3.0,3.748239360000005
2.2,3.0,3.7135999999999925
2.24,3.0,3.6938137599999994
2.2800000000000002,3.0,3.6907545600000002
2.3200000000000003,3.0,3.7063577599999977
2.36,3.0,3.7426201600000013
2.4,3.0,3.801600000000004
2.44,3.0,3.885416959999997
2.48,3.0,3.9962521600000063
2.52,3.0,4.136348159999994
2.56,3.0,4.30800895999999
2.6,3.0,4.513600000000009
2.64,3.0,4.755548160000002
2.68,3.0,5.036341760000003
2.72,3.0,5.358530560000011
2.7600000000000002,3.0,5.724725760000009
2.8000000000000003,3.0,6.137600000000006
2.84,3.0,6.599887360000011
2.88,3.0,7.114383359999998
2.92,3.0,7.683944959999987
2.96,3.0,8.31149056
3.0,3.0,9.0
