x,y,z
-2.0,-2.0,8.0
-1.96,-2.0,7.8416
-1.92,-2.0,7.6864
-1.88,-2.0,7.5344
-1.84,-2.0,7.3856
-1.8,-2.0,7.24
-1.76,-2.0,7.0976
-1.72,-2.0,6.958399999999999
-1.68,-2.0,6.8224
-1.6400000000000001,-2.0,6.6896
-1.6,-2.0,6.5600000000000005
-1.56,-2.0,6.4336
-1.52,-2.0,6.3104
-1.48,-2.0,6.1904
-1.44,-2.0,6.0736
-1.4,-2.0,5.96
-1.3599999999999999,-2.0,5.8496
-1.3199999999999998,-2.0,5.7424
-1.28,-2.0,5.6384
-1.24,-2.0,5.5376
-1.2,-2.0,5.4399999999999995
-1.1600000000000001,-2.0,5.3456
-1.12,-2.0,5.2544
-1.08,-2.0,5.1664
-1.04,-2.0,5.0816
-1.0,-2.0,5.0
-0.96,-2.0,4.9216
-0.9199999999999999,-2.0,4.8464
-0.8799999999999999,-2.0,4.7744
-0.8400000000000001,-2.0,4.7056000000000004
-0.8,-2.0,4.640000000000001
-0.76,-2.0,4.5776
-0.72,-2.0,4.5184
-0.6799999999999999,-2.0,4.4624
-0.6399999999999999,-2.0,4.4096
-0.5999999999999999,-2.0,4.359999999999999
-0.56,-2.0,4.3136
-0.52,-2.0,4.2704
-0.48,-2.0,4.2304
-0.43999999999999995,-2.0,4.1936
-0.3999999999999999,-2.0,4.16
-0.3599999999999999,-2.0,4.1296
-0.32000000000000006,-2.0,4.1024
-0.28,-2.0,4.0784
-0.24,-2.0,4.0576
-0.19999999999999996,-2.0,4.04
-0.15999999999999992,-2.0,4.0256
-0.11999999999999988,-2.0,4.0144
-0.08000000000000007,-2.0,4.0064
-0.040000000000000036,-2.0,4.0016
0.0,-2.0,4.0
0.040000000000000036,-2.0,4.0016
0.08000000000000007,-2.0,4.0064
0.1200000000000001,-2.0,4.0144
0.16000000000000014,-2.0,4.0256
0.20000000000000018,-2.0,4.04
0.2400000000000002,-2.0,4.0576
0.28000000000000025,-2.0,4.0784
0.31999999999999984,-2.0,4.1024
0.3599999999999999,-2.0,4.1296
0.3999999999999999,-2.0,4.16
0.43999999999999995,-2.0,4.1936
0.48,-2.0,4.2304
0.52,-2.0,4.2704
0.56,-2.0,4.3136
0.6000000000000001,-2.0,4.36
0.6400000000000001,-2.0,4.4096
0.6800000000000002,-2.0,4.462400000000001
0.7200000000000002,-2.0,4.518400000000001
0.7600000000000002,-2.0,4.5776
0.8000000000000003,-2.0,4.640000000000001
0.8399999999999999,-2.0,4.7056
0.8799999999999999,-2.0,4.7744
0.9199999999999999,-2.0,4.8464
0.96,-2.0,4.9216
1.0,-2.0,5.0
1.04,-2.0,5.0816
1.08,-2.0,5.1664
1.12,-2.0,5.2544
1.1600000000000001,-2.0,5.3456
1.2000000000000002,-2.0,5.44
1.2400000000000002,-2.0,5.5376
1.2800000000000002,-2.0,5.638400000000001
1.3200000000000003,-2.0,5.742400000000001
1.3599999999999999,-2.0,5.8496
1.4,-2.0,5.96
1.44,-2.0,6.0736
1.48,-2.0,6.1904
1.52,-2.0,6.3104
1.56,-2.0,6.4336
1.6,-2.0,6.5600000000000005
1.6400000000000001,-2.0,6.6896
1.6800000000000002,-2.0,6.8224
1.7200000000000002,-2.0,6.958400000000001
1.7600000000000002,-2.0,7.097600000000001
1.8000000000000003,-2.0,7.240000000000001
1.8399999999999999,-2.0,7.385599999999999
1.88,-2.0,7.5344
1.92,-2.0,7.6864
1.96,-2.0,7.8416
2.0,-2.0,8.0
-2.0,-1.96,7.8416
-1.96,-1.96,7.683199999999999
-1.92,-1.96,7.528
-1.88,-1.96,7.3759999999999994
-1.84,-1.96,7.2272
-1.8,-1.96,7.0816
-1.76,-1.96,6.9392
-1.72,-1.96,6.799999999999999
-1.68,-1.96,6.664
-1.6400000000000001,-1.96,6.5312
-1.6,-1.96,6.4016
-1.56,-1.96,6.2752
-1.52,-1.96,6.151999999999999
-1.48,-1.96,6.032
-1.44,-1.96,5.9152
-1.4,-1.96,5.8016
-1.3599999999999999,-1.96,5.691199999999999
-1.3199999999999998,-1.96,5.584
-1.28,-1.96,5.4799999999999995
-1.24,-1.96,5.3792
-1.2,-1.96,5.281599999999999
-1.1600000000000001,-1.96,5.1872
-1.12,-1.96,5.096
-1.08,-1.96,5.008
-1.04,-1.96,4.9232
-1.0,-1.96,4.8416
-0.96,-1.96,4.763199999999999
-0.9199999999999999,-1.96,4.688
-0.8799999999999999,-1.96,4.616
-0.8400000000000001,-1.96,4.5472
-0.8,-1.96,4.4816
-0.76,-1.96,4.4192
-0.72,-1.96,4.359999999999999
-0.6799999999999999,-1.96,4.303999999999999
-0.6399999999999999,-1.96,4.2512
-0.5999999999999999,-1.96,4.201599999999999
-0.56,-1.96,4.1552
-0.52,-1.96,4.112
-0.48,-1.96,4.072
-0.43999999999999995,-1.96,4.0352
-0.3999999999999999,-1.96,4.0016
-0.3599999999999999,-1.96,3.9711999999999996
-0.32000000000000006,-1.96,3.944
-0.28,-1.96,3.9199999999999995
-0.24,-1.96,3.8991999999999996
-0.19999999999999996,-1.96,3.8815999999999997
-0.15999999999999992,-1.96,3.8671999999999995
-0.11999999999999988,-1.96,3.856
-0.08000000000000007,-1.96,3.848
-0.040000000000000036,-1.96,3.8431999999999995
0.0,-1.96,3.8415999999999997
0.040000000000000036,-1.96,3.8431999999999995
0.08000000000000007,-1.96,3.848
0.1200000000000001,-1.96,3.856
0.16000000000000014,-1.96,3.8671999999999995
0.20000000000000018,-1.96,3.8815999999999997
0.2400000000000002,-1.96,3.8992
0.28000000000000025,-1.96,3.92
0.31999999999999984,-1.96,3.9439999999999995
0.3599999999999999,-1.96,3.9711999999999996
0.3999999999999999,-1.96,4.0016
0.43999999999999995,-1.96,4.0352
0.48,-1.96,4.072
0.52,-1.96,4.112
0.56,-1.96,4.1552
0.6000000000000001,-1.96,4.2016
0.6400000000000001,-1.96,4.2512
0.6800000000000002,-1.96,4.304
0.7200000000000002,-1.96,4.36
0.7600000000000002,-1.96,4.4192
0.8000000000000003,-1.96,4.4816
0.8399999999999999,-1.96,4.547199999999999
0.8799999999999999,-1.96,4.616
0.9199999999999999,-1.96,4.688
0.96,-1.96,4.763199999999999
1.0,-1.96,4.8416
1.04,-1.96,4.9232
1.08,-1.96,5.008
1.12,-1.96,5.096
1.1600000000000001,-1.96,5.1872
1.2000000000000002,-1.96,5.2816
1.2400000000000002,-1.96,5.3792
1.2800000000000002,-1.96,5.48
1.3200000000000003,-1.96,5.5840000000000005
1.3599999999999999,-1.96,5.691199999999999
1.4,-1.96,5.8016
1.44,-1.96,5.9152
1.48,-1.96,6.032
1.52,-1.96,6.151999999999999
1.56,-1.96,6.2752
1.6,-1.96,6.4016
1.6400000000000001,-1.96,6.5312
1.6800000000000002,-1.96,6.664
1.7200000000000002,-1.96,6.800000000000001
1.7600000000000002,-1.96,6.9392000000000005
1.8000000000000003,-1.96,7.081600000000001
1.8399999999999999,-1.96,7.227199999999999
1.88,-1.96,7.3759999999999994
1.92,-1.96,7.528
1.96,-1.96,7.683199999999999
2.0,-1.96,7.8416
-2.0,-1.92,7.6864
-1.96,-1.92,7.528
-1.92,-1.92,7.3728
-1.88,-1.92,7.2208
-1.84,-1.92,7.072
-1.8,-1.92,6.9264
-1.76,-1.92,6.784
-1.72,-1.92,6.6448
-1.68,-1.92,6.508799999999999
-1.6400000000000001,-1.92,6.376
-1.6,-1.92,6.2464
-1.56,-1.92,6.12
-1.52,-1.92,5.9968
-1.48,-1.92,5.876799999999999
-1.44,-1.92,5.76
-1.4,-1.92,5.6464
-1.3599999999999999,-1.92,5.536
-1.3199999999999998,-1.92,5.428799999999999
-1.28,-1.92,5.3248
-1.24,-1.92,5.224
-1.2,-1.92,5.1264
-1.1600000000000001,-1.92,5.032
-1.12,-1.92,4.9408
-1.08,-1.92,4.8528
-1.04,-1.92,4.768
-1.0,-1.92,4.6864
-0.96,-1.92,4.608
-0.9199999999999999,-1.92,4.5328
-0.8799999999999999,-1.92,4.4608
-0.8400000000000001,-1.92,4.392
-0.8,-1.92,4.3264
-0.76,-1.92,4.264
-0.72,-1.92,4.2048
-0.6799999999999999,-1.92,4.1488
-0.6399999999999999,-1.92,4.096
-0.5999999999999999,-1.92,4.046399999999999
-0.56,-1.92,4.0
-0.52,-1.92,3.9568
-0.48,-1.92,3.9168
-0.43999999999999995,-1.92,3.88
-0.3999999999999999,-1.92,3.8464
-0.3599999999999999,-1.92,3.816
-0.32000000000000006,-1.92,3.7888
-0.28,-1.92,3.7647999999999997
-0.24,-1.92,3.7439999999999998
-0.19999999999999996,-1.92,3.7264
-0.15999999999999992,-1.92,3.7119999999999997
-0.11999999999999988,-1.92,3.7008
-0.08000000000000007,-1.92,3.6928
-0.040000000000000036,-1.92,3.6879999999999997
0.0,-1.92,3.6864
0.040000000000000036,-1.92,3.6879999999999997
0.08000000000000007,-1.92,3.6928
0.1200000000000001,-1.92,3.7008
0.16000000000000014,-1.92,3.7119999999999997
0.20000000000000018,-1.92,3.7264
0.2400000000000002,-1.92,3.744
0.28000000000000025,-1.92,3.7648
0.31999999999999984,-1.92,3.7887999999999997
0.3599999999999999,-1.92,3.816
0.3999999999999999,-1.92,3.8464
0.43999999999999995,-1.92,3.88
0.48,-1.92,3.9168
0.52,-1.92,3.9568
0.56,-1.92,4.0
0.6000000000000001,-1.92,4.0464
0.6400000000000001,-1.92,4.096
0.6800000000000002,-1.92,4.1488000000000005
0.7200000000000002,-1.92,4.2048000000000005
0.7600000000000002,-1.92,4.264
0.8000000000000003,-1.92,4.3264000000000005
0.8399999999999999,-1.92,4.3919999999999995
0.8799999999999999,-1.92,4.4608
0.9199999999999999,-1.92,4.5328
0.96,-1.92,4.608
1.0,-1.92,4.6864
1.04,-1.92,4.768
1.08,-1.92,4.8528
1.12,-1.92,4.9408
1.1600000000000001,-1.92,5.032
1.2000000000000002,-1.92,5.1264
1.2400000000000002,-1.92,5.224
1.2800000000000002,-1.92,5.324800000000001
1.3200000000000003,-1.92,5.428800000000001
1.3599999999999999,-1.92,5.536
1.4,-1.92,5.6464
1.44,-1.92,5.76
1.48,-1.92,5.876799999999999
1.52,-1.92,5.9968
1.56,-1.92,6.12
1.6,-1.92,6.2464
1.6400000000000001,-1.92,6.376
1.6800000000000002,-1.92,6.508800000000001
1.7200000000000002,-1.92,6.6448
1.7600000000000002,-1.92,6.784000000000001
1.8000000000000003,-1.92,6.926400000000001
1.8399999999999999,-1.92,7.071999999999999
1.88,-1.92,7.2208
1.92,-1.92,7.3728
1.96,-1.92,7.528
2.0,-1.92,7.6864
-2.0,-1.88,7.5344
-1.96,-1.88,7.3759999999999994
-1.92,-1.88,7.2208
-1.88,-1.88,7.0687999999999995
-1.84,-1.88,6.92
-1.8,-1.88,6.7744
-1.76,-1.88,6.632
-1.72,-1.88,6.492799999999999
-1.68,-1.88,6.3568
-1.6400000000000001,-1.88,6.224
-1.6,-1.88,6.0944
-1.56,-1.88,5.968
-1.52,-1.88,5.844799999999999
-1.48,-1.88,5.7248
-1.44,-1.88,5.608
-1.4,-1.88,5.4944
-1.3599999999999999,-1.88,5.3839999999999995
-1.3199999999999998,-1.88,5.2768
-1.28,-1.88,5.1728
-1.24,-1.88,5.072
-1.2,-1.88,4.974399999999999
-1.1600000000000001,-1.88,4.88
-1.12,-1.88,4.7888
-1.08,-1.88,4.7008
-1.04,-1.88,4.616
-1.0,-1.88,4.5344
-0.96,-1.88,4.4559999999999995
-0.9199999999999999,-1.88,4.3808
-0.8799999999999999,-1.88,4.3088
-0.8400000000000001,-1.88,4.24
-0.8,-1.88,4.1744
-0.76,-1.88,4.112
-0.72,-1.88,4.0527999999999995
-0.6799999999999999,-1.88,3.9967999999999995
-0.6399999999999999,-1.88,3.9439999999999995
-0.5999999999999999,-1.88,3.8943999999999996
-0.56,-1.88,3.848
-0.52,-1.88,3.8047999999999997
-0.48,-1.88,3.7647999999999997
-0.43999999999999995,-1.88,3.7279999999999998
-0.3999999999999999,-1.88,3.6944
-0.3599999999999999,-1.88,3.6639999999999997
-0.32000000000000006,-1.88,3.6368
-0.28,-1.88,3.6127999999999996
-0.24,-1.88,3.5919999999999996
-0.19999999999999996,-1.88,3.5744
-0.15999999999999992,-1.88,3.5599999999999996
-0.11999999999999988,-1.88,3.5488
-0.08000000000000007,-1.88,3.5408
-0.040000000000000036,-1.88,3.5359999999999996
0.0,-1.88,3.5343999999999998
0.040000000000000036,-1.88,3.5359999999999996
0.08000000000000007,-1.88,3.5408
0.1200000000000001,-1.88,3.5488
0.16000000000000014,-1.88,3.5599999999999996
0.20000000000000018,-1.88,3.5744
0.2400000000000002,-1.88,3.592
0.28000000000000025,-1.88,3.6128
0.31999999999999984,-1.88,3.6367999999999996
0.3599999999999999,-1.88,3.6639999999999997
0.3999999999999999,-1.88,3.6944
0.43999999999999995,-1.88,3.7279999999999998
0.48,-1.88,3.7647999999999997
0.52,-1.88,3.8047999999999997
0.56,-1.88,3.848
0.6000000000000001,-1.88,3.8944
0.6400000000000001,-1.88,3.944
0.6800000000000002,-1.88,3.9968
0.7200000000000002,-1.88,4.0528
0.7600000000000002,-1.88,4.112
0.8000000000000003,-1.88,4.1744
0.8399999999999999,-1.88,4.239999999999999
0.8799999999999999,-1.88,4.3088
0.9199999999999999,-1.88,4.3808
0.96,-1.88,4.4559999999999995
1.0,-1.88,4.5344
1.04,-1.88,4.616
1.08,-1.88,4.7008
1.12,-1.88,4.7888
1.1600000000000001,-1.88,4.88
1.2000000000000002,-1.88,4.9744
1.2400000000000002,-1.88,5.072
1.2800000000000002,-1.88,5.1728000000000005
1.3200000000000003,-1.88,5.276800000000001
1.3599999999999999,-1.88,5.3839999999999995
1.4,-1.88,5.4944
1.44,-1.88,5.608
1.48,-1.88,5.7248
1.52,-1.88,5.844799999999999
1.56,-1.88,5.968
1.6,-1.88,6.0944
1.6400000000000001,-1.88,6.224
1.6800000000000002,-1.88,6.3568
1.7200000000000002,-1.88,6.492800000000001
1.7600000000000002,-1.88,6.632000000000001
1.8000000000000003,-1.88,6.774400000000001
1.8399999999999999,-1.88,6.919999999999999
1.88,-1.88,7.0687999999999995
1.92,-1.88,7.2208
1.96,-1.88,7.3759999999999994
2.0,-1.88,7.5344
-2.0,-1.84,7.3856
-1.96,-1.84,7.2272
-1.92,-1.84,7.072
-1.88,-1.84,6.92
-1.84,-1.84,6.7712
-1.8,-1.84,6.6256
-1.76,-1.84,6.4832
-1.72,-1.84,6.343999999999999
-1.68,-1.84,6.208
-1.6400000000000001,-1.84,6.075200000000001
-1.6,-1.84,5.945600000000001
-1.56,-1.84,5.8192
-1.52,-1.84,5.696
-1.48,-1.84,5.5760000000000005
-1.44,-1.84,5.4592
-1.4,-1.84,5.3456
-1.3599999999999999,-1.84,5.2352
-1.3199999999999998,-1.84,5.128
-1.28,-1.84,5.024
-1.24,-1.84,4.9232000000000005
-1.2,-1.84,4.8256
-1.1600000000000001,-1.84,4.7312
-1.12,-1.84,4.640000000000001
-1.08,-1.84,4.5520000000000005
-1.04,-1.84,4.4672
-1.0,-1.84,4.3856
-0.96,-1.84,4.3072
-0.9199999999999999,-1.84,4.232
-0.8799999999999999,-1.84,4.16
-0.8400000000000001,-1.84,4.091200000000001
-0.8,-1.84,4.025600000000001
-0.76,-1.84,3.9632
-0.72,-1.84,3.904
-0.6799999999999999,-1.84,3.848
-0.6399999999999999,-1.84,3.7952
-0.5999999999999999,-1.84,3.7456
-0.56,-1.84,3.6992000000000003
-0.52,-1.84,3.656
-0.48,-1.84,3.616
-0.43999999999999995,-1.84,3.5792
-0.3999999999999999,-1.84,3.5456000000000003
-0.3599999999999999,-1.84,3.5152
-0.32000000000000006,-1.84,3.4880000000000004
-0.28,-1.84,3.464
-0.24,-1.84,3.4432
-0.19999999999999996,-1.84,3.4256
-0.15999999999999992,-1.84,3.4112
-0.11999999999999988,-1.84,3.4000000000000004
-0.08000000000000007,-1.84,3.3920000000000003
-0.040000000000000036,-1.84,3.3872
0.0,-1.84,3.3856
0.040000000000000036,-1.84,3.3872
0.08000000000000007,-1.84,3.3920000000000003
0.1200000000000001,-1.84,3.4000000000000004
0.16000000000000014,-1.84,3.4112
0.20000000000000018,-1.84,3.4256
0.2400000000000002,-1.84,3.4432000000000005
0.28000000000000025,-1.84,3.4640000000000004
0.31999999999999984,-1.84,3.488
0.3599999999999999,-1.84,3.5152
0.3999999999999999,-1.84,3.5456000000000003
0.43999999999999995,-1.84,3.5792
0.48,-1.84,3.616
0.52,-1.84,3.656
0.56,-1.84,3.6992000000000003
0.6000000000000001,-1.84,3.7456000000000005
0.6400000000000001,-1.84,3.7952000000000004
0.6800000000000002,-1.84,3.8480000000000003
0.7200000000000002,-1.84,3.9040000000000004
0.7600000000000002,-1.84,3.9632000000000005
0.8000000000000003,-1.84,4.025600000000001
0.8399999999999999,-1.84,4.0912
0.8799999999999999,-1.84,4.16
0.9199999999999999,-1.84,4.232
0.96,-1.84,4.3072
1.0,-1.84,4.3856
1.04,-1.84,4.4672
1.08,-1.84,4.5520000000000005
1.12,-1.84,4.640000000000001
1.1600000000000001,-1.84,4.7312
1.2000000000000002,-1.84,4.8256000000000006
1.2400000000000002,-1.84,4.9232000000000005
1.2800000000000002,-1.84,5.024000000000001
1.3200000000000003,-1.84,5.128000000000001
1.3599999999999999,-1.84,5.2352
1.4,-1.84,5.3456
1.44,-1.84,5.4592
1.48,-1.84,5.5760000000000005
1.52,-1.84,5.696
1.56,-1.84,5.8192
1.6,-1.84,5.945600000000001
1.6400000000000001,-1.84,6.075200000000001
1.6800000000000002,-1.84,6.208
1.7200000000000002,-1.84,6.344000000000001
1.7600000000000002,-1.84,6.483200000000001
1.8000000000000003,-1.84,6.625600000000001
1.8399999999999999,-1.84,6.771199999999999
1.88,-1.84,6.92
1.92,-1.84,7.072
1.96,-1.84,7.2272
2.0,-1.84,7.3856
-2.0,-1.8,7.24
-1.96,-1.8,7.0816
-1.92,-1.8,6.9264
-1.88,-1.8,6.7744
-1.84,-1.8,6.6256
-1.8,-1.8,6.48
-1.76,-1.8,6.3376
-1.72,-1.8,6.1983999999999995
-1.68,-1.8,6.0624
-1.6400000000000001,-1.8,5.929600000000001
-1.6,-1.8,5.800000000000001
-1.56,-1.8,5.6736
-1.52,-1.8,5.5504
-1.48,-1.8,5.430400000000001
-1.44,-1.8,5.3136
-1.4,-1.8,5.2
-1.3599999999999999,-1.8,5.0896
-1.3199999999999998,-1.8,4.9824
-1.28,-1.8,4.8784
-1.24,-1.8,4.7776000000000005
-1.2,-1.8,4.68
-1.1600000000000001,-1.8,4.5856
-1.12,-1.8,4.494400000000001
-1.08,-1.8,4.4064000000000005
-1.04,-1.8,4.3216
-1.0,-1.8,4.24
-0.96,-1.8,4.1616
-0.9199999999999999,-1.8,4.0864
-0.8799999999999999,-1.8,4.0144
-0.8400000000000001,-1.8,3.9456
-0.8,-1.8,3.8800000000000003
-0.76,-1.8,3.8176
-0.72,-1.8,3.7584
-0.6799999999999999,-1.8,3.7024
-0.6399999999999999,-1.8,3.6496
-0.5999999999999999,-1.8,3.6
-0.56,-1.8,3.5536000000000003
-0.52,-1.8,3.5104
-0.48,-1.8,3.4704
-0.43999999999999995,-1.8,3.4336
-0.3999999999999999,-1.8,3.4000000000000004
-0.3599999999999999,-1.8,3.3696
-0.32000000000000006,-1.8,3.3424000000000005
-0.28,-1.8,3.3184
-0.24,-1.8,3.2976
-0.19999999999999996,-1.8,3.2800000000000002
-0.15999999999999992,-1.8,3.2656
-0.11999999999999988,-1.8,3.2544000000000004
-0.08000000000000007,-1.8,3.2464000000000004
-0.040000000000000036,-1.8,3.2416
0.0,-1.8,3.24
0.040000000000000036,-1.8,3.2416
0.08000000000000007,-1.8,3.2464000000000004
0.1200000000000001,-1.8,3.2544000000000004
0.16000000000000014,-1.8,3.2656
0.20000000000000018,-1.8,3.2800000000000002
0.2400000000000002,-1.8,3.2976000000000005
0.28000000000000025,-1.8,3.3184000000000005
0.31999999999999984,-1.8,3.3424
0.3599999999999999,-1.8,3.3696
0.3999999999999999,-1.8,3.4000000000000004
0.43999999999999995,-1.8,3.4336
0.48,-1.8,3.4704
0.52,-1.8,3.5104
0.56,-1.8,3.5536000000000003
0.6000000000000001,-1.8,3.6000000000000005
0.6400000000000001,-1.8,3.6496000000000004
0.6800000000000002,-1.8,3.7024000000000004
0.7200000000000002,-1.8,3.7584000000000004
0.7600000000000002,-1.8,3.8176000000000005
0.8000000000000003,-1.8,3.880000000000001
0.8399999999999999,-1.8,3.9455999999999998
0.8799999999999999,-1.8,4.0144
0.9199999999999999,-1.8,4.0864
0.96,-1.8,4.1616
1.0,-1.8,4.24
1.04,-1.8,4.3216
1.08,-1.8,4.4064000000000005
1.12,-1.8,4.494400000000001
1.1600000000000001,-1.8,4.5856
1.2000000000000002,-1.8,4.680000000000001
1.2400000000000002,-1.8,4.7776000000000005
1.2800000000000002,-1.8,4.878400000000001
1.3200000000000003,-1.8,4.982400000000001
1.3599999999999999,-1.8,5.0896
1.4,-1.8,5.2
1.44,-1.8,5.3136
1.48,-1.8,5.430400000000001
1.52,-1.8,5.5504
1.56,-1.8,5.6736
1.6,-1.8,5.800000000000001
1.6400000000000001,-1.8,5.929600000000001
1.6800000000000002,-1.8,6.0624
1.7200000000000002,-1.8,6.198400000000001
1.7600000000000002,-1.8,6.337600000000001
1.8000000000000003,-1.8,6.480000000000001
1.8399999999999999,-1.8,6.6255999999999995
1.88,-1.8,6.7744
1.92,-1.8,6.9264
1.96,-1.8,7.0816
2.0,-1.8,7.24
-2.0,-1.76,7.0976
-1.96,-1.76,6.9392
-1.92,-1.76,6.784
-1.88,-1.76,6.632
-1.84,-1.76,6.4832
-1.8,-1.76,6.3376
-1.76,-1.76,6.1952
-1.72,-1.76,6.055999999999999
-1.68,-1.76,5.92
-1.6400000000000001,-1.76,5.7872
-1.6,-1.76,5.6576
-1.56,-1.76,5.5312
-1.52,-1.76,5.4079999999999995
-1.48,-1.76,5.288
-1.44,-1.76,5.1712
-1.4,-1.76,5.0576
-1.3599999999999999,-1.76,4.9472
-1.3199999999999998,-1.76,4.84
-1.28,-1.76,4.736
-1.24,-1.76,4.6352
-1.2,-1.76,4.537599999999999
-1.1600000000000001,-1.76,4.4432
-1.12,-1.76,4.352
-1.08,-1.76,4.264
-1.04,-1.76,4.1792
-1.0,-1.76,4.0976
-0.96,-1.76,4.0192
-0.9199999999999999,-1.76,3.944
-0.8799999999999999,-1.76,3.872
-0.8400000000000001,-1.76,3.8032
-0.8,-1.76,3.7376
-0.76,-1.76,3.6752
-0.72,-1.76,3.6159999999999997
-0.6799999999999999,-1.76,3.5599999999999996
-0.6399999999999999,-1.76,3.5071999999999997
-0.5999999999999999,-1.76,3.4576
-0.56,-1.76,3.4112
-0.52,-1.76,3.368
-0.48,-1.76,3.328
-0.43999999999999995,-1.76,3.2912
-0.3999999999999999,-1.76,3.2576
-0.3599999999999999,-1.76,3.2272
-0.32000000000000006,-1.76,3.2
-0.28,-1.76,3.1759999999999997
-0.24,-1.76,3.1552
-0.19999999999999996,-1.76,3.1376
-0.15999999999999992,-1.76,3.1231999999999998
-0.11999999999999988,-1.76,3.112
-0.08000000000000007,-1.76,3.104
-0.040000000000000036,-1.76,3.0991999999999997
0.0,-1.76,3.0976
0.040000000000000036,-1.76,3.0991999999999997
0.08000000000000007,-1.76,3.104
0.1200000000000001,-1.76,3.112
0.16000000000000014,-1.76,3.1231999999999998
0.20000000000000018,-1.76,3.1376
0.2400000000000002,-1.76,3.1552000000000002
0.28000000000000025,-1.76,3.176
0.31999999999999984,-1.76,3.1999999999999997
0.3599999999999999,-1.76,3.2272
0.3999999999999999,-1.76,3.2576
0.43999999999999995,-1.76,3.2912
0.48,-1.76,3.328
0.52,-1.76,3.368
0.56,-1.76,3.4112
0.6000000000000001,-1.76,3.4576000000000002
0.6400000000000001,-1.76,3.5072
0.6800000000000002,-1.76,3.56
0.7200000000000002,-1.76,3.616
0.7600000000000002,-1.76,3.6752000000000002
0.8000000000000003,-1.76,3.7376000000000005
0.8399999999999999,-1.76,3.8031999999999995
0.8799999999999999,-1.76,3.872
0.9199999999999999,-1.76,3.944
0.96,-1.76,4.0192
1.0,-1.76,4.0976
1.04,-1.76,4.1792
1.08,-1.76,4.264
1.12,-1.76,4.352
1.1600000000000001,-1.76,4.4432
1.2000000000000002,-1.76,4.5376
1.2400000000000002,-1.76,4.6352
1.2800000000000002,-1.76,4.736000000000001
1.3200000000000003,-1.76,4.840000000000001
1.3599999999999999,-1.76,4.9472
1.4,-1.76,5.0576
1.44,-1.76,5.1712
1.48,-1.76,5.288
1.52,-1.76,5.4079999999999995
1.56,-1.76,5.5312
1.6,-1.76,5.6576
1.6400000000000001,-1.76,5.7872
1.6800000000000002,-1.76,5.92
1.7200000000000002,-1.76,6.056000000000001
1.7600000000000002,-1.76,6.195200000000001
1.8000000000000003,-1.76,6.337600000000001
1.8399999999999999,-1.76,6.483199999999999
1.88,-1.76,6.632
1.92,-1.76,6.784
1.96,-1.76,6.9392
2.0,-1.76,7.0976
-2.0,-1.72,6.958399999999999
-1.96,-1.72,6.799999999999999
-1.92,-1.72,6.6448
-1.88,-1.72,6.492799999999999
-1.84,-1.72,6.343999999999999
-1.8,-1.72,6.1983999999999995
-1.76,-1.72,6.055999999999999
-1.72,-1.72,5.916799999999999
-1.68,-1.72,5.780799999999999
-1.6400000000000001,-1.72,5.648
-1.6,-1.72,5.5184
-1.56,-1.72,5.3919999999999995
-1.52,-1.72,5.2688
-1.48,-1.72,5.1488
-1.44,-1.72,5.032
-1.4,-1.72,4.918399999999999
-1.3599999999999999,-1.72,4.808
-1.3199999999999998,-1.72,4.700799999999999
-1.28,-1.72,4.5968
-1.24,-1.72,4.4959999999999996
-1.2,-1.72,4.3984
-1.1600000000000001,-1.72,4.304
-1.12,-1.72,4.2128
-1.08,-1.72,4.1248
-1.04,-1.72,4.04
-1.0,-1.72,3.9583999999999997
-0.96,-1.72,3.88
-0.9199999999999999,-1.72,3.8047999999999993
-0.8799999999999999,-1.72,3.7327999999999997
-0.8400000000000001,-1.72,3.6639999999999997
-0.8,-1.72,3.5984
-0.76,-1.72,3.5359999999999996
-0.72,-1.72,3.4768
-0.6799999999999999,-1.72,3.4208
-0.6399999999999999,-1.72,3.3679999999999994
-0.5999999999999999,-1.72,3.3183999999999996
-0.56,-1.72,3.272
-0.52,-1.72,3.2287999999999997
-0.48,-1.72,3.1887999999999996
-0.43999999999999995,-1.72,3.1519999999999997
-0.3999999999999999,-1.72,3.1183999999999994
-0.3599999999999999,-1.72,3.0879999999999996
-0.32000000000000006,-1.72,3.0607999999999995
-0.28,-1.72,3.0367999999999995
-0.24,-1.72,3.0159999999999996
-0.19999999999999996,-1.72,2.9983999999999997
-0.15999999999999992,-1.72,2.9839999999999995
-0.11999999999999988,-1.72,2.9728
-0.08000000000000007,-1.72,2.9648
-0.040000000000000036,-1.72,2.9599999999999995
0.0,-1.72,2.9583999999999997
0.040000000000000036,-1.72,2.9599999999999995
0.08000000000000007,-1.72,2.9648
0.1200000000000001,-1.72,2.9728
0.16000000000000014,-1.72,2.9839999999999995
0.20000000000000018,-1.72,2.9983999999999997
0.2400000000000002,-1.72,3.016
0.28000000000000025,-1.72,3.0368
0.31999999999999984,-1.72,3.0607999999999995
0.3599999999999999,-1.72,3.0879999999999996
0.3999999999999999,-1.72,3.1183999999999994
0.43999999999999995,-1.72,3.1519999999999997
0.48,-1.72,3.1887999999999996
0.52,-1.72,3.2287999999999997
0.56,-1.72,3.272
0.6000000000000001,-1.72,3.3183999999999996
0.6400000000000001,-1.72,3.368
0.6800000000000002,-1.72,3.4208
0.7200000000000002,-1.72,3.4768
0.7600000000000002,-1.72,3.536
0.8000000000000003,-1.72,3.5984000000000003
0.8399999999999999,-1.72,3.6639999999999997
0.8799999999999999,-1.72,3.7327999999999997
0.9199999999999999,-1.72,3.8047999999999993
0.96,-1.72,3.88
1.0,-1.72,3.9583999999999997
1.04,-1.72,4.04
1.08,-1.72,4.1248
1.12,-1.72,4.2128
1.1600000000000001,-1.72,4.304
1.2000000000000002,-1.72,4.3984000000000005
1.2400000000000002,-1.72,4.496
1.2800000000000002,-1.72,4.5968
1.3200000000000003,-1.72,4.700800000000001
1.3599999999999999,-1.72,4.808
1.4,-1.72,4.918399999999999
1.44,-1.72,5.032
1.48,-1.72,5.1488
1.52,-1.72,5.2688
1.56,-1.72,5.3919999999999995
1.6,-1.72,5.5184
1.6400000000000001,-1.72,5.648
1.6800000000000002,-1.72,5.7808
1.7200000000000002,-1.72,5.9168
1.7600000000000002,-1.72,6.056000000000001
1.8000000000000003,-1.72,6.198400000000001
1.8399999999999999,-1.72,6.343999999999999
1.88,-1.72,6.492799999999999
1.92,-1.72,6.6448
1.96,-1.72,6.799999999999999
2.0,-1.72,6.958399999999999
-2.0,-1.68,6.8224
-1.96,-1.68,6.664
-1.92,-1.68,6.508799999999999
-1.88,-1.68,6.3568
-1.84,-1.68,6.208
-1.8,-1.68,6.0624
-1.76,-1.68,5.92
-1.72,-1.68,5.780799999999999
-1.68,-1.68,5.644799999999999
-1.6400000000000001,-1.68,5.5120000000000005
-1.6,-1.68,5.3824000000000005
-1.56,-1.68,5.256
-1.52,-1.68,5.1328
-1.48,-1.68,5.0127999999999995
-1.44,-1.68,4.895999999999999
-1.4,-1.68,4.782399999999999
-1.3599999999999999,-1.68,4.671999999999999
-1.3199999999999998,-1.68,4.564799999999999
-1.28,-1.68,4.4608
-1.24,-1.68,4.359999999999999
-1.2,-1.68,4.2623999999999995
-1.1600000000000001,-1.68,4.168
-1.12,-1.68,4.0767999999999995
-1.08,-1.68,3.9887999999999995
-1.04,-1.68,3.904
-1.0,-1.68,3.8223999999999996
-0.96,-1.68,3.7439999999999998
-0.9199999999999999,-1.68,3.668799999999999
-0.8799999999999999,-1.68,3.5967999999999996
-0.8400000000000001,-1.68,3.5279999999999996
-0.8,-1.68,3.4623999999999997
-0.76,-1.68,3.3999999999999995
-0.72,-1.68,3.3407999999999998
-0.6799999999999999,-1.68,3.2847999999999997
-0.6399999999999999,-1.68,3.2319999999999993
-0.5999999999999999,-1.68,3.1823999999999995
-0.56,-1.68,3.1359999999999997
-0.52,-1.68,3.0927999999999995
-0.48,-1.68,3.0527999999999995
-0.43999999999999995,-1.68,3.0159999999999996
-0.3999999999999999,-1.68,2.9823999999999993
-0.3599999999999999,-1.68,2.9519999999999995
-0.32000000000000006,-1.68,2.9247999999999994
-0.28,-1.68,2.9007999999999994
-0.24,-1.68,2.8799999999999994
-0.19999999999999996,-1.68,2.8623999999999996
-0.15999999999999992,-1.68,2.8479999999999994
-0.11999999999999988,-1.68,2.8367999999999998
-0.08000000000000007,-1.68,2.8287999999999998
-0.040000000000000036,-1.68,2.8239999999999994
0.0,-1.68,2.8223999999999996
0.040000000000000036,-1.68,2.8239999999999994
0.08000000000000007,-1.68,2.8287999999999998
0.1200000000000001,-1.68,2.8367999999999998
0.16000000000000014,-1.68,2.8479999999999994
0.20000000000000018,-1.68,2.8623999999999996
0.2400000000000002,-1.68,2.88
0.28000000000000025,-1.68,2.9008
0.31999999999999984,-1.68,2.9247999999999994
0.3599999999999999,-1.68,2.9519999999999995
0.3999999999999999,-1.68,2.9823999999999993
0.43999999999999995,-1.68,3.0159999999999996
0.48,-1.68,3.0527999999999995
0.52,-1.68,3.0927999999999995
0.56,-1.68,3.1359999999999997
0.6000000000000001,-1.68,3.1823999999999995
0.6400000000000001,-1.68,3.2319999999999998
0.6800000000000002,-1.68,3.2847999999999997
0.7200000000000002,-1.68,3.3407999999999998
0.7600000000000002,-1.68,3.4
0.8000000000000003,-1.68,3.4624
0.8399999999999999,-1.68,3.5279999999999996
0.8799999999999999,-1.68,3.5967999999999996
0.9199999999999999,-1.68,3.668799999999999
0.96,-1.68,3.7439999999999998
1.0,-1.68,3.8223999999999996
1.04,-1.68,3.904
1.08,-1.68,3.9887999999999995
1.12,-1.68,4.0767999999999995
1.1600000000000001,-1.68,4.168
1.2000000000000002,-1.68,4.2623999999999995
1.2400000000000002,-1.68,4.36
1.2800000000000002,-1.68,4.460800000000001
1.3200000000000003,-1.68,4.5648
1.3599999999999999,-1.68,4.671999999999999
1.4,-1.68,4.782399999999999
1.44,-1.68,4.895999999999999
1.48,-1.68,5.0127999999999995
1.52,-1.68,5.1328
1.56,-1.68,5.256
1.6,-1.68,5.3824000000000005
1.6400000000000001,-1.68,5.5120000000000005
1.6800000000000002,-1.68,5.6448
1.7200000000000002,-1.68,5.7808
1.7600000000000002,-1.68,5.92
1.8000000000000003,-1.68,6.0624
1.8399999999999999,-1.68,6.207999999999998
1.88,-1.68,6.3568
1.92,-1.68,6.508799999999999
1.96,-1.68,6.664
2.0,-1.68,6.8224
-2.0,-1.6400000000000001,6.6896
-1.96,-1.6400000000000001,6.5312
-1.92,-1.6400000000000001,6.376
-1.88,-1.6400000000000001,6.224
-1.84,-1.6400000000000001,6.075200000000001
-1.8,-1.6400000000000001,5.929600000000001
-1.76,-1.6400000000000001,5.7872
-1.72,-1.6400000000000001,5.648
-1.68,-1.6400000000000001,5.5120000000000005
-1.6400000000000001,-1.6400000000000001,5.379200000000001
-1.6,-1.6400000000000001,5.249600000000001
-1.56,-1.6400000000000001,5.123200000000001
-1.52,-1.6400000000000001,5.0
-1.48,-1.6400000000000001,4.880000000000001
-1.44,-1.6400000000000001,4.7632
-1.4,-1.6400000000000001,4.6496
-1.3599999999999999,-1.6400000000000001,4.5392
-1.3199999999999998,-1.6400000000000001,4.432
-1.28,-1.6400000000000001,4.328
-1.24,-1.6400000000000001,4.227200000000001
-1.2,-1.6400000000000001,4.1296
-1.1600000000000001,-1.6400000000000001,4.035200000000001
-1.12,-1.6400000000000001,3.944000000000001
-1.08,-1.6400000000000001,3.8560000000000008
-1.04,-1.6400000000000001,3.7712000000000003
-1.0,-1.6400000000000001,3.6896000000000004
-0.96,-1.6400000000000001,3.6112
-0.9199999999999999,-1.6400000000000001,3.5360000000000005
-0.8799999999999999,-1.6400000000000001,3.4640000000000004
-0.8400000000000001,-1.6400000000000001,3.3952000000000004
-0.8,-1.6400000000000001,3.3296000000000006
-0.76,-1.6400000000000001,3.2672000000000003
-0.72,-1.6400000000000001,3.208
-0.6799999999999999,-1.6400000000000001,3.152
-0.6399999999999999,-1.6400000000000001,3.0992
-0.5999999999999999,-1.6400000000000001,3.0496000000000003
-0.56,-1.6400000000000001,3.0032000000000005
-0.52,-1.6400000000000001,2.9600000000000004
-0.48,-1.6400000000000001,2.9200000000000004
-0.43999999999999995,-1.6400000000000001,2.8832000000000004
-0.3999999999999999,-1.6400000000000001,2.8496000000000006
-0.3599999999999999,-1.6400000000000001,2.8192000000000004
-0.32000000000000006,-1.6400000000000001,2.7920000000000007
-0.28,-1.6400000000000001,2.7680000000000002
-0.24,-1.6400000000000001,2.7472000000000003
-0.19999999999999996,-1.6400000000000001,2.7296000000000005
-0.15999999999999992,-1.6400000000000001,2.7152000000000003
-0.11999999999999988,-1.6400000000000001,2.7040000000000006
-0.08000000000000007,-1.6400000000000001,2.6960000000000006
-0.040000000000000036,-1.6400000000000001,2.6912000000000003
0.0,-1.6400000000000001,2.6896000000000004
0.040000000000000036,-1.6400000000000001,2.6912000000000003
0.08000000000000007,-1.6400000000000001,2.6960000000000006
0.1200000000000001,-1.6400000000000001,2.7040000000000006
0.16000000000000014,-1.6400000000000001,2.7152000000000003
0.20000000000000018,-1.6400000000000001,2.7296000000000005
0.2400000000000002,-1.6400000000000001,2.7472000000000008
0.28000000000000025,-1.6400000000000001,2.7680000000000007
0.31999999999999984,-1.6400000000000001,2.7920000000000003
0.3599999999999999,-1.6400000000000001,2.8192000000000004
0.3999999999999999,-1.6400000000000001,2.8496000000000006
0.43999999999999995,-1.6400000000000001,2.8832000000000004
0.48,-1.6400000000000001,2.9200000000000004
0.52,-1.6400000000000001,2.9600000000000004
0.56,-1.6400000000000001,3.0032000000000005
0.6000000000000001,-1.6400000000000001,3.0496000000000008
0.6400000000000001,-1.6400000000000001,3.0992000000000006
0.6800000000000002,-1.6400000000000001,3.1520000000000006
0.7200000000000002,-1.6400000000000001,3.2080000000000006
0.7600000000000002,-1.6400000000000001,3.2672000000000008
0.8000000000000003,-1.6400000000000001,3.329600000000001
0.8399999999999999,-1.6400000000000001,3.3952
0.8799999999999999,-1.6400000000000001,3.4640000000000004
0.9199999999999999,-1.6400000000000001,3.5360000000000005
0.96,-1.6400000000000001,3.6112
1.0,-1.6400000000000001,3.6896000000000004
1.04,-1.6400000000000001,3.7712000000000003
1.08,-1.6400000000000001,3.8560000000000008
1.12,-1.6400000000000001,3.944000000000001
1.1600000000000001,-1.6400000000000001,4.035200000000001
1.2000000000000002,-1.6400000000000001,4.129600000000001
1.2400000000000002,-1.6400000000000001,4.227200000000001
1.2800000000000002,-1.6400000000000001,4.328000000000001
1.3200000000000003,-1.6400000000000001,4.432000000000001
1.3599999999999999,-1.6400000000000001,4.5392
1.4,-1.6400000000000001,4.6496
1.44,-1.6400000000000001,4.7632
1.48,-1.6400000000000001,4.880000000000001
1.52,-1.6400000000000001,5.0
1.56,-1.6400000000000001,5.123200000000001
1.6,-1.6400000000000001,5.249600000000001
1.6400000000000001,-1.6400000000000001,5.379200000000001
1.6800000000000002,-1.6400000000000001,5.5120000000000005
1.7200000000000002,-1.6400000000000001,5.6480000000000015
1.7600000000000002,-1.6400000000000001,5.787200000000001
1.8000000000000003,-1.6400000000000001,5.9296000000000015
1.8399999999999999,-1.6400000000000001,6.0752
1.88,-1.6400000000000001,6.224
1.92,-1.6400000000000001,6.376
1.96,-1.6400000000000001,6.5312
2.0,-1.6400000000000001,6.6896
-2.0,-1.6,6.5600000000000005
-1.96,-1.6,6.4016
-1.92,-1.6,6.2464
-1.88,-1.6,6.0944
-1.84,-1.6,5.945600000000001
-1.8,-1.6,5.800000000000001
-1.76,-1.6,5.6576
-1.72,-1.6,5.5184
-1.68,-1.6,5.3824000000000005
-1.6400000000000001,-1.6,5.249600000000001
-1.6,-1.6,5.120000000000001
-1.56,-1.6,4.993600000000001
-1.52,-1.6,4.8704
-1.48,-1.6,4.750400000000001
-1.44,-1.6,4.6336
-1.4,-1.6,4.5200000000000005
-1.3599999999999999,-1.6,4.4096
-1.3199999999999998,-1.6,4.3024000000000004
-1.28,-1.6,4.1984
-1.24,-1.6,4.097600000000001
-1.2,-1.6,4.0
-1.1600000000000001,-1.6,3.9056000000000006
-1.12,-1.6,3.814400000000001
-1.08,-1.6,3.726400000000001
-1.04,-1.6,3.6416000000000004
-1.0,-1.6,3.5600000000000005
-0.96,-1.6,3.4816000000000003
-0.9199999999999999,-1.6,3.4064000000000005
-0.8799999999999999,-1.6,3.3344000000000005
-0.8400000000000001,-1.6,3.2656000000000005
-0.8,-1.6,3.2000000000000006
-0.76,-1.6,3.1376000000000004
-0.72,-1.6,3.0784000000000002
-0.6799999999999999,-1.6,3.0224
-0.6399999999999999,-1.6,2.9696000000000002
-0.5999999999999999,-1.6,2.9200000000000004
-0.56,-1.6,2.8736000000000006
-0.52,-1.6,2.8304000000000005
-0.48,-1.6,2.7904000000000004
-0.43999999999999995,-1.6,2.7536000000000005
-0.3999999999999999,-1.6,2.7200000000000006
-0.3599999999999999,-1.6,2.6896000000000004
-0.32000000000000006,-1.6,2.6624000000000008
-0.28,-1.6,2.6384000000000003
-0.24,-1.6,2.6176000000000004
-0.19999999999999996,-1.6,2.6000000000000005
-0.15999999999999992,-1.6,2.5856000000000003
-0.11999999999999988,-1.6,2.5744000000000007
-0.08000000000000007,-1.6,2.5664000000000007
-0.040000000000000036,-1.6,2.5616000000000003
0.0,-1.6,2.5600000000000005
0.040000000000000036,-1.6,2.5616000000000003
0.08000000000000007,-1.6,2.5664000000000007
0.1200000000000001,-1.6,2.5744000000000007
0.16000000000000014,-1.6,2.5856000000000003
0.20000000000000018,-1.6,2.6000000000000005
0.2400000000000002,-1.6,2.617600000000001
0.28000000000000025,-1.6,2.6384000000000007
0.31999999999999984,-1.6,2.6624000000000003
0.3599999999999999,-1.6,2.6896000000000004
0.3999999999999999,-1.6,2.7200000000000006
0.43999999999999995,-1.6,2.7536000000000005
0.48,-1.6,2.7904000000000004
0.52,-1.6,2.8304000000000005
0.56,-1.6,2.8736000000000006
0.6000000000000001,-1.6,2.920000000000001
0.6400000000000001,-1.6,2.9696000000000007
0.6800000000000002,-1.6,3.0224000000000006
0.7200000000000002,-1.6,3.0784000000000007
0.7600000000000002,-1.6,3.137600000000001
0.8000000000000003,-1.6,3.200000000000001
0.8399999999999999,-1.6,3.2656
0.8799999999999999,-1.6,3.3344000000000005
0.9199999999999999,-1.6,3.4064000000000005
0.96,-1.6,3.4816000000000003
1.0,-1.6,3.5600000000000005
1.04,-1.6,3.6416000000000004
1.08,-1.6,3.726400000000001
1.12,-1.6,3.814400000000001
1.1600000000000001,-1.6,3.9056000000000006
1.2000000000000002,-1.6,4.000000000000001
1.2400000000000002,-1.6,4.097600000000001
1.2800000000000002,-1.6,4.198400000000001
1.3200000000000003,-1.6,4.302400000000001
1.3599999999999999,-1.6,4.4096
1.4,-1.6,4.5200000000000005
1.44,-1.6,4.6336
1.48,-1.6,4.750400000000001
1.52,-1.6,4.8704
1.56,-1.6,4.993600000000001
1.6,-1.6,5.120000000000001
1.6400000000000001,-1.6,5.249600000000001
1.6800000000000002,-1.6,5.3824000000000005
1.7200000000000002,-1.6,5.5184000000000015
1.7600000000000002,-1.6,5.657600000000001
1.8000000000000003,-1.6,5.800000000000002
1.8399999999999999,-1.6,5.9456
1.88,-1.6,6.0944
1.92,-1.6,6.2464
1.96,-1.6,6.4016
2.0,-1.6,6.5600000000000005
-2.0,-1.56,6.4336
-1.96,-1.56,6.2752
-1.92,-1.56,6.12
-1.88,-1.56,5.968
-1.84,-1.56,5.8192
-1.8,-1.56,5.6736
-1.76,-1.56,5.5312
-1.72,-1.56,5.3919999999999995
-1.68,-1.56,5.256
-1.6400000000000001,-1.56,5.123200000000001
-1.6,-1.56,4.993600000000001
-1.56,-1.56,4.8672
-1.52,-1.56,4.744
-1.48,-1.56,4.6240000000000006
-1.44,-1.56,4.5072
-1.4,-1.56,4.3936
-1.3599999999999999,-1.56,4.2832
-1.3199999999999998,-1.56,4.176
-1.28,-1.56,4.072
-1.24,-1.56,3.9712000000000005
-1.2,-1.56,3.8736
-1.1600000000000001,-1.56,3.7792000000000003
-1.12,-1.56,3.6880000000000006
-1.08,-1.56,3.6000000000000005
-1.04,-1.56,3.5152
-1.0,-1.56,3.4336
-0.96,-1.56,3.3552
-0.9199999999999999,-1.56,3.2800000000000002
-0.8799999999999999,-1.56,3.208
-0.8400000000000001,-1.56,3.1392
-0.8,-1.56,3.0736000000000003
-0.76,-1.56,3.0112
-0.72,-1.56,2.952
-0.6799999999999999,-1.56,2.896
-0.6399999999999999,-1.56,2.8432
-0.5999999999999999,-1.56,2.7936
-0.56,-1.56,2.7472000000000003
-0.52,-1.56,2.704
-0.48,-1.56,2.664
-0.43999999999999995,-1.56,2.6272
-0.3999999999999999,-1.56,2.5936000000000003
-0.3599999999999999,-1.56,2.5632
-0.32000000000000006,-1.56,2.5360000000000005
-0.28,-1.56,2.512
-0.24,-1.56,2.4912
-0.19999999999999996,-1.56,2.4736000000000002
-0.15999999999999992,-1.56,2.4592
-0.11999999999999988,-1.56,2.4480000000000004
-0.08000000000000007,-1.56,2.4400000000000004
-0.040000000000000036,-1.56,2.4352
0.0,-1.56,2.4336
0.040000000000000036,-1.56,2.4352
0.08000000000000007,-1.56,2.4400000000000004
0.1200000000000001,-1.56,2.4480000000000004
0.16000000000000014,-1.56,2.4592
0.20000000000000018,-1.56,2.4736000000000002
0.2400000000000002,-1.56,2.4912000000000005
0.28000000000000025,-1.56,2.5120000000000005
0.31999999999999984,-1.56,2.536
0.3599999999999999,-1.56,2.5632
0.3999999999999999,-1.56,2.5936000000000003
0.43999999999999995,-1.56,2.6272
0.48,-1.56,2.664
0.52,-1.56,2.704
0.56,-1.56,2.7472000000000003
0.6000000000000001,-1.56,2.7936000000000005
0.6400000000000001,-1.56,2.8432000000000004
0.6800000000000002,-1.56,2.8960000000000004
0.7200000000000002,-1.56,2.9520000000000004
0.7600000000000002,-1.56,3.0112000000000005
0.8000000000000003,-1.56,3.0736000000000008
0.8399999999999999,-1.56,3.1391999999999998
0.8799999999999999,-1.56,3.208
0.9199999999999999,-1.56,3.2800000000000002
0.96,-1.56,3.3552
1.0,-1.56,3.4336
1.04,-1.56,3.5152
1.08,-1.56,3.6000000000000005
1.12,-1.56,3.6880000000000006
1.1600000000000001,-1.56,3.7792000000000003
1.2000000000000002,-1.56,3.8736000000000006
1.2400000000000002,-1.56,3.9712000000000005
1.2800000000000002,-1.56,4.072000000000001
1.3200000000000003,-1.56,4.176000000000001
1.3599999999999999,-1.56,4.2832
1.4,-1.56,4.3936
1.44,-1.56,4.5072
1.48,-1.56,4.6240000000000006
1.52,-1.56,4.744
1.56,-1.56,4.8672
1.6,-1.56,4.993600000000001
1.6400000000000001,-1.56,5.123200000000001
1.6800000000000002,-1.56,5.256
1.7200000000000002,-1.56,5.392000000000001
1.7600000000000002,-1.56,5.531200000000001
1.8000000000000003,-1.56,5.673600000000001
1.8399999999999999,-1.56,5.8191999999999995
1.88,-1.56,5.968
1.92,-1.56,6.12
1.96,-1.56,6.2752
2.0,-1.56,6.4336
-2.0,-1.52,6.3104
-1.96,-1.52,6.151999999999999
-1.92,-1.52,5.9968
-1.88,-1.52,5.844799999999999
-1.84,-1.52,5.696
-1.8,-1.52,5.5504
-1.76,-1.52,5.4079999999999995
-1.72,-1.52,5.2688
-1.68,-1.52,5.1328
-1.6400000000000001,-1.52,5.0
-1.6,-1.52,4.8704
-1.56,-1.52,4.744
-1.52,-1.52,4.6208
-1.48,-1.52,4.5008
-1.44,-1.52,4.384
-1.4,-1.52,4.2703999999999995
-1.3599999999999999,-1.52,4.16
-1.3199999999999998,-1.52,4.0527999999999995
-1.28,-1.52,3.9488000000000003
-1.24,-1.52,3.848
-1.2,-1.52,3.7504
-1.1600000000000001,-1.52,3.6560000000000006
-1.12,-1.52,3.5648
-1.08,-1.52,3.4768
-1.04,-1.52,3.3920000000000003
-1.0,-1.52,3.3104
-0.96,-1.52,3.232
-0.9199999999999999,-1.52,3.1567999999999996
-0.8799999999999999,-1.52,3.0848
-0.8400000000000001,-1.52,3.016
-0.8,-1.52,2.9504
-0.76,-1.52,2.888
-0.72,-1.52,2.8288
-0.6799999999999999,-1.52,2.7728
-0.6399999999999999,-1.52,2.7199999999999998
-0.5999999999999999,-1.52,2.6704
-0.56,-1.52,2.624
-0.52,-1.52,2.5808
-0.48,-1.52,2.5408
-0.43999999999999995,-1.52,2.504
-0.3999999999999999,-1.52,2.4703999999999997
-0.3599999999999999,-1.52,2.44
-0.32000000000000006,-1.52,2.4128
-0.28,-1.52,2.3888
-0.24,-1.52,2.368
-0.19999999999999996,-1.52,2.3504
-0.15999999999999992,-1.52,2.336
-0.11999999999999988,-1.52,2.3248
-0.08000000000000007,-1.52,2.3168
-0.040000000000000036,-1.52,2.312
0.0,-1.52,2.3104
0.040000000000000036,-1.52,2.312
0.08000000000000007,-1.52,2.3168
0.1200000000000001,-1.52,2.3248
0.16000000000000014,-1.52,2.336
0.20000000000000018,-1.52,2.3504
0.2400000000000002,-1.52,2.3680000000000003
0.28000000000000025,-1.52,2.3888000000000003
0.31999999999999984,-1.52,2.4128
0.3599999999999999,-1.52,2.44
0.3999999999999999,-1.52,2.4703999999999997
0.43999999999999995,-1.52,2.504
0.48,-1.52,2.5408
0.52,-1.52,2.5808
0.56,-1.52,2.624
0.6000000000000001,-1.52,2.6704
0.6400000000000001,-1.52,2.72
0.6800000000000002,-1.52,2.7728
0.7200000000000002,-1.52,2.8288
0.7600000000000002,-1.52,2.8880000000000003
0.8000000000000003,-1.52,2.9504000000000006
0.8399999999999999,-1.52,3.016
0.8799999999999999,-1.52,3.0848
0.9199999999999999,-1.52,3.1567999999999996
0.96,-1.52,3.232
1.0,-1.52,3.3104
1.04,-1.52,3.3920000000000003
1.08,-1.52,3.4768
1.12,-1.52,3.5648
1.1600000000000001,-1.52,3.6560000000000006
1.2000000000000002,-1.52,3.7504000000000004
1.2400000000000002,-1.52,3.8480000000000008
1.2800000000000002,-1.52,3.9488000000000008
1.3200000000000003,-1.52,4.052800000000001
1.3599999999999999,-1.52,4.16
1.4,-1.52,4.2703999999999995
1.44,-1.52,4.384
1.48,-1.52,4.5008
1.52,-1.52,4.6208
1.56,-1.52,4.744
1.6,-1.52,4.8704
1.6400000000000001,-1.52,5.0
1.6800000000000002,-1.52,5.1328000000000005
1.7200000000000002,-1.52,5.268800000000001
1.7600000000000002,-1.52,5.408000000000001
1.8000000000000003,-1.52,5.5504000000000016
1.8399999999999999,-1.52,5.696
1.88,-1.52,5.844799999999999
1.92,-1.52,5.9968
1.96,-1.52,6.151999999999999
2.0,-1.52,6.3104
-2.0,-1.48,6.1904
-1.96,-1.48,6.032
-1.92,-1.48,5.876799999999999
-1.88,-1.48,5.7248
-1.84,-1.48,5.5760000000000005
-1.8,-1.48,5.430400000000001
-1.76,-1.48,5.288
-1.72,-1.48,5.1488
-1.68,-1.48,5.0127999999999995
-1.6400000000000001,-1.48,4.880000000000001
-1.6,-1.48,4.750400000000001
-1.56,-1.48,4.6240000000000006
-1.52,-1.48,4.5008
-1.48,-1.48,4.3808
-1.44,-1.48,4.263999999999999
-1.4,-1.48,4.150399999999999
-1.3599999999999999,-1.48,4.039999999999999
-1.3199999999999998,-1.48,3.9327999999999994
-1.28,-1.48,3.8288
-1.24,-1.48,3.7279999999999998
-1.2,-1.48,3.6304
-1.1600000000000001,-1.48,3.5360000000000005
-1.12,-1.48,3.4448
-1.08,-1.48,3.3568
-1.04,-1.48,3.2720000000000002
-1.0,-1.48,3.1904
-0.96,-1.48,3.112
-0.9199999999999999,-1.48,3.0367999999999995
-0.8799999999999999,-1.48,2.9648
-0.8400000000000001,-1.48,2.896
-0.8,-1.48,2.8304
-0.76,-1.48,2.768
-0.72,-1.48,2.7088
-0.6799999999999999,-1.48,2.6528
-0.6399999999999999,-1.48,2.5999999999999996
-0.5999999999999999,-1.48,2.5504
-0.56,-1.48,2.504
-0.52,-1.48,2.4608
-0.48,-1.48,2.4208
-0.43999999999999995,-1.48,2.384
-0.3999999999999999,-1.48,2.3503999999999996
-0.3599999999999999,-1.48,2.32
-0.32000000000000006,-1.48,2.2927999999999997
-0.28,-1.48,2.2687999999999997
-0.24,-1.48,2.2479999999999998
-0.19999999999999996,-1.48,2.2304
-0.15999999999999992,-1.48,2.2159999999999997
-0.11999999999999988,-1.48,2.2048
-0.08000000000000007,-1.48,2.1968
-0.040000000000000036,-1.48,2.1919999999999997
0.0,-1.48,2.1904
0.040000000000000036,-1.48,2.1919999999999997
0.08000000000000007,-1.48,2.1968
0.1200000000000001,-1.48,2.2048
0.16000000000000014,-1.48,2.2159999999999997
0.20000000000000018,-1.48,2.2304
0.2400000000000002,-1.48,2.248
0.28000000000000025,-1.48,2.2688
0.31999999999999984,-1.48,2.2927999999999997
0.3599999999999999,-1.48,2.32
0.3999999999999999,-1.48,2.3503999999999996
0.43999999999999995,-1.48,2.384
0.48,-1.48,2.4208
0.52,-1.48,2.4608
0.56,-1.48,2.504
0.6000000000000001,-1.48,2.5504
0.6400000000000001,-1.48,2.6
0.6800000000000002,-1.48,2.6528
0.7200000000000002,-1.48,2.7088
0.7600000000000002,-1.48,2.7680000000000002
0.8000000000000003,-1.48,2.8304000000000005
0.8399999999999999,-1.48,2.896
0.8799999999999999,-1.48,2.9648
0.9199999999999999,-1.48,3.0367999999999995
0.96,-1.48,3.112
1.0,-1.48,3.1904
1.04,-1.48,3.2720000000000002
1.08,-1.48,3.3568
1.12,-1.48,3.4448
1.1600000000000001,-1.48,3.5360000000000005
1.2000000000000002,-1.48,3.6304000000000003
1.2400000000000002,-1.48,3.7280000000000006
1.2800000000000002,-1.48,3.8288000000000006
1.3200000000000003,-1.48,3.9328000000000007
1.3599999999999999,-1.48,4.039999999999999
1.4,-1.48,4.150399999999999
1.44,-1.48,4.263999999999999
1.48,-1.48,4.3808
1.52,-1.48,4.5008
1.56,-1.48,4.6240000000000006
1.6,-1.48,4.750400000000001
1.6400000000000001,-1.48,4.880000000000001
1.6800000000000002,-1.48,5.0128
1.7200000000000002,-1.48,5.1488000000000005
1.7600000000000002,-1.48,5.288
1.8000000000000003,-1.48,5.430400000000001
1.8399999999999999,-1.48,5.575999999999999
1.88,-1.48,5.7248
1.92,-1.48,5.876799999999999
1.96,-1.48,6.032
2.0,-1.48,6.1904
-2.0,-1.44,6.0736
-1.96,-1.44,5.9152
-1.92,-1.44,5.76
-1.88,-1.44,5.608
-1.84,-1.44,5.4592
-1.8,-1.44,5.3136
-1.76,-1.44,5.1712
-1.72,-1.44,5.032
-1.68,-1.44,4.895999999999999
-1.6400000000000001,-1.44,4.7632
-1.6,-1.44,4.6336
-1.56,-1.44,4.5072
-1.52,-1.44,4.384
-1.48,-1.44,4.263999999999999
-1.44,-1.44,4.1472
-1.4,-1.44,4.0336
-1.3599999999999999,-1.44,3.9231999999999996
-1.3199999999999998,-1.44,3.8159999999999994
-1.28,-1.44,3.7119999999999997
-1.24,-1.44,3.6112
-1.2,-1.44,3.5136
-1.1600000000000001,-1.44,3.4192
-1.12,-1.44,3.3280000000000003
-1.08,-1.44,3.24
-1.04,-1.44,3.1552
-1.0,-1.44,3.0736
-0.96,-1.44,2.9951999999999996
-0.9199999999999999,-1.44,2.92
-0.8799999999999999,-1.44,2.848
-0.8400000000000001,-1.44,2.7792
-0.8,-1.44,2.7136
-0.76,-1.44,2.6512
-0.72,-1.44,2.5919999999999996
-0.6799999999999999,-1.44,2.5359999999999996
-0.6399999999999999,-1.44,2.4831999999999996
-0.5999999999999999,-1.44,2.4335999999999998
-0.56,-1.44,2.3872
-0.52,-1.44,2.344
-0.48,-1.44,2.304
-0.43999999999999995,-1.44,2.2672
-0.3999999999999999,-1.44,2.2336
-0.3599999999999999,-1.44,2.2032
-0.32000000000000006,-1.44,2.176
-0.28,-1.44,2.1519999999999997
-0.24,-1.44,2.1311999999999998
-0.19999999999999996,-1.44,2.1136
-0.15999999999999992,-1.44,2.0991999999999997
-0.11999999999999988,-1.44,2.088
-0.08000000000000007,-1.44,2.08
-0.040000000000000036,-1.44,2.0751999999999997
0.0,-1.44,2.0736
0.040000000000000036,-1.44,2.0751999999999997
0.08000000000000007,-1.44,2.08
0.1200000000000001,-1.44,2.088
0.16000000000000014,-1.44,2.0991999999999997
0.20000000000000018,-1.44,2.1136
0.2400000000000002,-1.44,2.1312
0.28000000000000025,-1.44,2.152
0.31999999999999984,-1.44,2.1759999999999997
0.3599999999999999,-1.44,2.2032
0.3999999999999999,-1.44,2.2336
0.43999999999999995,-1.44,2.2672
0.48,-1.44,2.304
0.52,-1.44,2.344
0.56,-1.44,2.3872
0.6000000000000001,-1.44,2.4336
0.6400000000000001,-1.44,2.4832
0.6800000000000002,-1.44,2.536
0.7200000000000002,-1.44,2.592
0.7600000000000002,-1.44,2.6512000000000002
0.8000000000000003,-1.44,2.7136000000000005
0.8399999999999999,-1.44,2.7791999999999994
0.8799999999999999,-1.44,2.848
0.9199999999999999,-1.44,2.92
0.96,-1.44,2.9951999999999996
1.0,-1.44,3.0736
1.04,-1.44,3.1552
1.08,-1.44,3.24
1.12,-1.44,3.3280000000000003
1.1600000000000001,-1.44,3.4192
1.2000000000000002,-1.44,3.5136000000000003
1.2400000000000002,-1.44,3.6112
1.2800000000000002,-1.44,3.7120000000000006
1.3200000000000003,-1.44,3.8160000000000007
1.3599999999999999,-1.44,3.9231999999999996
1.4,-1.44,4.0336
1.44,-1.44,4.1472
1.48,-1.44,4.263999999999999
1.52,-1.44,4.384
1.56,-1.44,4.5072
1.6,-1.44,4.6336
1.6400000000000001,-1.44,4.7632
1.6800000000000002,-1.44,4.896000000000001
1.7200000000000002,-1.44,5.032
1.7600000000000002,-1.44,5.171200000000001
1.8000000000000003,-1.44,5.313600000000001
1.8399999999999999,-1.44,5.459199999999999
1.88,-1.44,5.608
1.92,-1.44,5.76
1.96,-1.44,5.9152
2.0,-1.44,6.0736
-2.0,-1.4,5.96
-1.96,-1.4,5.8016
-1.92,-1.4,5.6464
-1.88,-1.4,5.4944
-1.84,-1.4,5.3456
-1.8,-1.4,5.2
-1.76,-1.4,5.0576
-1.72,-1.4,4.918399999999999
-1.68,-1.4,4.782399999999999
-1.6400000000000001,-1.4,4.6496
-1.6,-1.4,4.5200000000000005
-1.56,-1.4,4.3936
-1.52,-1.4,4.2703999999999995
-1.48,-1.4,4.150399999999999
-1.44,-1.4,4.0336
-1.4,-1.4,3.9199999999999995
-1.3599999999999999,-1.4,3.8095999999999997
-1.3199999999999998,-1.4,3.702399999999999
-1.28,-1.4,3.5984
-1.24,-1.4,3.4976
-1.2,-1.4,3.3999999999999995
-1.1600000000000001,-1.4,3.3056
-1.12,-1.4,3.2144
-1.08,-1.4,3.1264
-1.04,-1.4,3.0416
-1.0,-1.4,2.96
-0.96,-1.4,2.8815999999999997
-0.9199999999999999,-1.4,2.8063999999999996
-0.8799999999999999,-1.4,2.7343999999999995
-0.8400000000000001,-1.4,2.6656
-0.8,-1.4,2.5999999999999996
-0.76,-1.4,2.5376
-0.72,-1.4,2.4783999999999997
-0.6799999999999999,-1.4,2.4223999999999997
-0.6399999999999999,-1.4,2.3695999999999997
-0.5999999999999999,-1.4,2.3199999999999994
-0.56,-1.4,2.2735999999999996
-0.52,-1.4,2.2304
-0.48,-1.4,2.1904
-0.43999999999999995,-1.4,2.1535999999999995
-0.3999999999999999,-1.4,2.1199999999999997
-0.3599999999999999,-1.4,2.0895999999999995
-0.32000000000000006,-1.4,2.0624
-0.28,-1.4,2.0383999999999998
-0.24,-1.4,2.0176
-0.19999999999999996,-1.4,1.9999999999999998
-0.15999999999999992,-1.4,1.9855999999999998
-0.11999999999999988,-1.4,1.9743999999999997
-0.08000000000000007,-1.4,1.9663999999999997
-0.040000000000000036,-1.4,1.9615999999999998
0.0,-1.4,1.9599999999999997
0.040000000000000036,-1.4,1.9615999999999998
0.08000000000000007,-1.4,1.9663999999999997
0.1200000000000001,-1.4,1.9743999999999997
0.16000000000000014,-1.4,1.9855999999999998
0.20000000000000018,-1.4,1.9999999999999998
0.2400000000000002,-1.4,2.0176
0.28000000000000025,-1.4,2.0383999999999998
0.31999999999999984,-1.4,2.0624
0.3599999999999999,-1.4,2.0895999999999995
0.3999999999999999,-1.4,2.1199999999999997
0.43999999999999995,-1.4,2.1535999999999995
0.48,-1.4,2.1904
0.52,-1.4,2.2304
0.56,-1.4,2.2735999999999996
0.6000000000000001,-1.4,2.32
0.6400000000000001,-1.4,2.3696
0.6800000000000002,-1.4,2.4224
0.7200000000000002,-1.4,2.4784
0.7600000000000002,-1.4,2.5376000000000003
0.8000000000000003,-1.4,2.6
0.8399999999999999,-1.4,2.6655999999999995
0.8799999999999999,-1.4,2.7343999999999995
0.9199999999999999,-1.4,2.8063999999999996
0.96,-1.4,2.8815999999999997
1.0,-1.4,2.96
1.04,-1.4,3.0416
1.08,-1.4,3.1264
1.12,-1.4,3.2144
1.1600000000000001,-1.4,3.3056
1.2000000000000002,-1.4,3.4000000000000004
1.2400000000000002,-1.4,3.4976000000000003
1.2800000000000002,-1.4,3.5984000000000007
1.3200000000000003,-1.4,3.702400000000001
1.3599999999999999,-1.4,3.8095999999999997
1.4,-1.4,3.9199999999999995
1.44,-1.4,4.0336
1.48,-1.4,4.150399999999999
1.52,-1.4,4.2703999999999995
1.56,-1.4,4.3936
1.6,-1.4,4.5200000000000005
1.6400000000000001,-1.4,4.6496
1.6800000000000002,-1.4,4.7824
1.7200000000000002,-1.4,4.9184
1.7600000000000002,-1.4,5.057600000000001
1.8000000000000003,-1.4,5.200000000000001
1.8399999999999999,-1.4,5.345599999999999
1.88,-1.4,5.4944
1.92,-1.4,5.6464
1.96,-1.4,5.8016
2.0,-1.4,5.96
-2.0,-1.3599999999999999,5.8496
-1.96,-1.3599999999999999,5.691199999999999
-1.92,-1.3599999999999999,5.536
-1.88,-1.3599999999999999,5.3839999999999995
-1.84,-1.3599999999999999,5.2352
-1.8,-1.3599999999999999,5.0896
-1.76,-1.3599999999999999,4.9472
-1.72,-1.3599999999999999,4.808
-1.68,-1.3599999999999999,4.671999999999999
-1.6400000000000001,-1.3599999999999999,4.5392
-1.6,-1.3599999999999999,4.4096
-1.56,-1.3599999999999999,4.2832
-1.52,-1.3599999999999999,4.16
-1.48,-1.3599999999999999,4.039999999999999
-1.44,-1.3599999999999999,3.9231999999999996
-1.4,-1.3599999999999999,3.8095999999999997
-1.3599999999999999,-1.3599999999999999,3.6991999999999994
-1.3199999999999998,-1.3599999999999999,3.591999999999999
-1.28,-1.3599999999999999,3.4879999999999995
-1.24,-1.3599999999999999,3.3872
-1.2,-1.3599999999999999,3.2895999999999996
-1.1600000000000001,-1.3599999999999999,3.1952
-1.12,-1.3599999999999999,3.104
-1.08,-1.3599999999999999,3.016
-1.04,-1.3599999999999999,2.9311999999999996
-1.0,-1.3599999999999999,2.8495999999999997
-0.96,-1.3599999999999999,2.7711999999999994
-0.9199999999999999,-1.3599999999999999,2.6959999999999997
-0.8799999999999999,-1.3599999999999999,2.6239999999999997
-0.8400000000000001,-1.3599999999999999,2.5551999999999997
-0.8,-1.3599999999999999,2.4896
-0.76,-1.3599999999999999,2.4271999999999996
-0.72,-1.3599999999999999,2.3679999999999994
-0.6799999999999999,-1.3599999999999999,2.3119999999999994
-0.6399999999999999,-1.3599999999999999,2.2591999999999994
-0.5999999999999999,-1.3599999999999999,2.2095999999999996
-0.56,-1.3599999999999999,2.1632
-0.52,-1.3599999999999999,2.1199999999999997
-0.48,-1.3599999999999999,2.0799999999999996
-0.43999999999999995,-1.3599999999999999,2.0431999999999997
-0.3999999999999999,-1.3599999999999999,2.0096
-0.3599999999999999,-1.3599999999999999,1.9791999999999996
-0.32000000000000006,-1.3599999999999999,1.9519999999999997
-0.28,-1.3599999999999999,1.9279999999999997
-0.24,-1.3599999999999999,1.9071999999999998
-0.19999999999999996,-1.3599999999999999,1.8895999999999997
-0.15999999999999992,-1.3599999999999999,1.8751999999999998
-0.11999999999999988,-1.3599999999999999,1.8639999999999997
-0.08000000000000007,-1.3599999999999999,1.8559999999999997
-0.040000000000000036,-1.3599999999999999,1.8511999999999997
0.0,-1.3599999999999999,1.8495999999999997
0.040000000000000036,-1.3599999999999999,1.8511999999999997
0.08000000000000007,-1.3599999999999999,1.8559999999999997
0.1200000000000001,-1.3599999999999999,1.8639999999999997
0.16000000000000014,-1.3599999999999999,1.8751999999999998
0.20000000000000018,-1.3599999999999999,1.8895999999999997
0.2400000000000002,-1.3599999999999999,1.9071999999999998
0.28000000000000025,-1.3599999999999999,1.928
0.31999999999999984,-1.3599999999999999,1.9519999999999995
0.3599999999999999,-1.3599999999999999,1.9791999999999996
0.3999999999999999,-1.3599999999999999,2.0096
0.43999999999999995,-1.3599999999999999,2.0431999999999997
0.48,-1.3599999999999999,2.0799999999999996
0.52,-1.3599999999999999,2.1199999999999997
0.56,-1.3599999999999999,2.1632
0.6000000000000001,-1.3599999999999999,2.2096
0.6400000000000001,-1.3599999999999999,2.2592
0.6800000000000002,-1.3599999999999999,2.312
0.7200000000000002,-1.3599999999999999,2.368
0.7600000000000002,-1.3599999999999999,2.4272
0.8000000000000003,-1.3599999999999999,2.4896000000000003
0.8399999999999999,-1.3599999999999999,2.5551999999999992
0.8799999999999999,-1.3599999999999999,2.6239999999999997
0.9199999999999999,-1.3599999999999999,2.6959999999999997
0.96,-1.3599999999999999,2.7711999999999994
1.0,-1.3599999999999999,2.8495999999999997
1.04,-1.3599999999999999,2.9311999999999996
1.08,-1.3599999999999999,3.016
1.12,-1.3599999999999999,3.104
1.1600000000000001,-1.3599999999999999,3.1952
1.2000000000000002,-1.3599999999999999,3.2896
1.2400000000000002,-1.3599999999999999,3.3872
1.2800000000000002,-1.3599999999999999,3.4880000000000004
1.3200000000000003,-1.3599999999999999,3.5920000000000005
1.3599999999999999,-1.3599999999999999,3.6991999999999994
1.4,-1.3599999999999999,3.8095999999999997
1.44,-1.3599999999999999,3.9231999999999996
1.48,-1.3599999999999999,4.039999999999999
1.52,-1.3599999999999999,4.16
1.56,-1.3599999999999999,4.2832
1.6,-1.3599999999999999,4.4096
1.6400000000000001,-1.3599999999999999,4.5392
1.6800000000000002,-1.3599999999999999,4.672000000000001
1.7200000000000002,-1.3599999999999999,4.808
1.7600000000000002,-1.3599999999999999,4.9472000000000005
1.8000000000000003,-1.3599999999999999,5.089600000000001
1.8399999999999999,-1.3599999999999999,5.235199999999999
1.88,-1.3599999999999999,5.3839999999999995
1.92,-1.3599999999999999,5.536
1.96,-1.3599999999999999,5.691199999999999
2.0,-1.3599999999999999,5.8496
-2.0,-1.3199999999999998,5.7424
-1.96,-1.3199999999999998,5.584
-1.92,-1.3199999999999998,5.428799999999999
-1.88,-1.3199999999999998,5.2768
-1.84,-1.3199999999999998,5.128
-1.8,-1.3199999999999998,4.9824
-1.76,-1.3199999999999998,4.84
-1.72,-1.3199999999999998,4.700799999999999
-1.68,-1.3199999999999998,4.564799999999999
-1.6400000000000001,-1.3199999999999998,4.432
-1.6,-1.3199999999999998,4.3024000000000004
-1.56,-1.3199999999999998,4.176
-1.52,-1.3199999999999998,4.0527999999999995
-1.48,-1.3199999999999998,3.9327999999999994
-1.44,-1.3199999999999998,3.8159999999999994
-1.4,-1.3199999999999998,3.702399999999999
-1.3599999999999999,-1.3199999999999998,3.591999999999999
-1.3199999999999998,-1.3199999999999998,3.484799999999999
-1.28,-1.3199999999999998,3.3808
-1.24,-1.3199999999999998,3.2799999999999994
-1.2,-1.3199999999999998,3.1823999999999995
-1.1600000000000001,-1.3199999999999998,3.088
-1.12,-1.3199999999999998,2.9967999999999995
-1.08,-1.3199999999999998,2.9087999999999994
-1.04,-1.3199999999999998,2.824
-1.0,-1.3199999999999998,2.7423999999999995
-0.96,-1.3199999999999998,2.6639999999999997
-0.9199999999999999,-1.3199999999999998,2.588799999999999
-0.8799999999999999,-1.3199999999999998,2.5167999999999995
-0.8400000000000001,-1.3199999999999998,2.4479999999999995
-0.8,-1.3199999999999998,2.3823999999999996
-0.76,-1.3199999999999998,2.3199999999999994
-0.72,-1.3199999999999998,2.2607999999999997
-0.6799999999999999,-1.3199999999999998,2.2047999999999996
-0.6399999999999999,-1.3199999999999998,2.1519999999999992
-0.5999999999999999,-1.3199999999999998,2.1023999999999994
-0.56,-1.3199999999999998,2.0559999999999996
-0.52,-1.3199999999999998,2.0127999999999995
-0.48,-1.3199999999999998,1.9727999999999994
-0.43999999999999995,-1.3199999999999998,1.9359999999999995
-0.3999999999999999,-1.3199999999999998,1.9023999999999994
-0.3599999999999999,-1.3199999999999998,1.8719999999999994
-0.32000000000000006,-1.3199999999999998,1.8447999999999996
-0.28,-1.3199999999999998,1.8207999999999995
-0.24,-1.3199999999999998,1.7999999999999996
-0.19999999999999996,-1.3199999999999998,1.7823999999999995
-0.15999999999999992,-1.3199999999999998,1.7679999999999996
-0.11999999999999988,-1.3199999999999998,1.7567999999999995
-0.08000000000000007,-1.3199999999999998,1.7487999999999995
-0.040000000000000036,-1.3199999999999998,1.7439999999999996
0.0,-1.3199999999999998,1.7423999999999995
0.040000000000000036,-1.3199999999999998,1.7439999999999996
0.08000000000000007,-1.3199999999999998,1.7487999999999995
0.1200000000000001,-1.3199999999999998,1.7567999999999995
0.16000000000000014,-1.3199999999999998,1.7679999999999996
0.20000000000000018,-1.3199999999999998,1.7823999999999995
0.2400000000000002,-1.3199999999999998,1.7999999999999996
0.28000000000000025,-1.3199999999999998,1.8207999999999998
0.31999999999999984,-1.3199999999999998,1.8447999999999993
0.3599999999999999,-1.3199999999999998,1.8719999999999994
0.3999999999999999,-1.3199999999999998,1.9023999999999994
0.43999999999999995,-1.3199999999999998,1.9359999999999995
0.48,-1.3199999999999998,1.9727999999999994
0.52,-1.3199999999999998,2.0127999999999995
0.56,-1.3199999999999998,2.0559999999999996
0.6000000000000001,-1.3199999999999998,2.1023999999999994
0.6400000000000001,-1.3199999999999998,2.1519999999999997
0.6800000000000002,-1.3199999999999998,2.2047999999999996
0.7200000000000002,-1.3199999999999998,2.2607999999999997
0.7600000000000002,-1.3199999999999998,2.32
0.8000000000000003,-1.3199999999999998,2.3824
0.8399999999999999,-1.3199999999999998,2.4479999999999995
0.8799999999999999,-1.3199999999999998,2.5167999999999995
0.9199999999999999,-1.3199999999999998,2.588799999999999
0.96,-1.3199999999999998,2.6639999999999997
1.0,-1.3199999999999998,2.7423999999999995
1.04,-1.3199999999999998,2.824
1.08,-1.3199999999999998,2.9087999999999994
1.12,-1.3199999999999998,2.9967999999999995
1.1600000000000001,-1.3199999999999998,3.088
1.2000000000000002,-1.3199999999999998,3.1824
1.2400000000000002,-1.3199999999999998,3.2800000000000002
1.2800000000000002,-1.3199999999999998,3.3808000000000002
1.3200000000000003,-1.3199999999999998,3.4848000000000003
1.3599999999999999,-1.3199999999999998,3.591999999999999
1.4,-1.3199999999999998,3.702399999999999
1.44,-1.3199999999999998,3.8159999999999994
1.48,-1.3199999999999998,3.9327999999999994
1.52,-1.3199999999999998,4.0527999999999995
1.56,-1.3199999999999998,4.176
1.6,-1.3199999999999998,4.3024000000000004
1.6400000000000001,-1.3199999999999998,4.432
1.6800000000000002,-1.3199999999999998,4.5648
1.7200000000000002,-1.3199999999999998,4.7008
1.7600000000000002,-1.3199999999999998,4.84
1.8000000000000003,-1.3199999999999998,4.9824
1.8399999999999999,-1.3199999999999998,5.127999999999998
1.88,-1.3199999999999998,5.2768
1.92,-1.3199999999999998,5.428799999999999
1.96,-1.3199999999999998,5.584
2.0,-1.3199999999999998,5.7424
-2.0,-1.28,5.6384
-1.96,-1.28,5.4799999999999995
-1.92,-1.28,5.3248
-1.88,-1.28,5.1728
-1.84,-1.28,5.024
-1.8,-1.28,4.8784
-1.76,-1.28,4.736
-1.72,-1.28,4.5968
-1.68,-1.28,4.4608
-1.6400000000000001,-1.28,4.328
-1.6,-1.28,4.1984
-1.56,-1.28,4.072
-1.52,-1.28,3.9488000000000003
-1.48,-1.28,3.8288
-1.44,-1.28,3.7119999999999997
-1.4,-1.28,3.5984
-1.3599999999999999,-1.28,3.4879999999999995
-1.3199999999999998,-1.28,3.3808
-1.28,-1.28,3.2768
-1.24,-1.28,3.176
-1.2,-1.28,3.0784000000000002
-1.1600000000000001,-1.28,2.9840000000000004
-1.12,-1.28,2.8928000000000003
-1.08,-1.28,2.8048
-1.04,-1.28,2.72
-1.0,-1.28,2.6384
-0.96,-1.28,2.56
-0.9199999999999999,-1.28,2.4848
-0.8799999999999999,-1.28,2.4128
-0.8400000000000001,-1.28,2.3440000000000003
-0.8,-1.28,2.2784000000000004
-0.76,-1.28,2.216
-0.72,-1.28,2.1568
-0.6799999999999999,-1.28,2.1008
-0.6399999999999999,-1.28,2.048
-0.5999999999999999,-1.28,1.9984
-0.56,-1.28,1.9520000000000002
-0.52,-1.28,1.9088
-0.48,-1.28,1.8688
-0.43999999999999995,-1.28,1.832
-0.3999999999999999,-1.28,1.7984
-0.3599999999999999,-1.28,1.768
-0.32000000000000006,-1.28,1.7408000000000001
-0.28,-1.28,1.7168
-0.24,-1.28,1.6960000000000002
-0.19999999999999996,-1.28,1.6784000000000001
-0.15999999999999992,-1.28,1.6640000000000001
-0.11999999999999988,-1.28,1.6528
-0.08000000000000007,-1.28,1.6448
-0.040000000000000036,-1.28,1.6400000000000001
0.0,-1.28,1.6384
0.040000000000000036,-1.28,1.6400000000000001
0.08000000000000007,-1.28,1.6448
0.1200000000000001,-1.28,1.6528
0.16000000000000014,-1.28,1.6640000000000001
0.20000000000000018,-1.28,1.6784000000000001
0.2400000000000002,-1.28,1.6960000000000002
0.28000000000000025,-1.28,1.7168
0.31999999999999984,-1.28,1.7408
0.3599999999999999,-1.28,1.768
0.3999999999999999,-1.28,1.7984
0.43999999999999995,-1.28,1.832
0.48,-1.28,1.8688
0.52,-1.28,1.9088
0.56,-1.28,1.9520000000000002
0.6000000000000001,-1.28,1.9984000000000002
0.6400000000000001,-1.28,2.048
0.6800000000000002,-1.28,2.1008000000000004
0.7200000000000002,-1.28,2.1568000000000005
0.7600000000000002,-1.28,2.216
0.8000000000000003,-1.28,2.2784000000000004
0.8399999999999999,-1.28,2.344
0.8799999999999999,-1.28,2.4128
0.9199999999999999,-1.28,2.4848
0.96,-1.28,2.56
1.0,-1.28,2.6384
1.04,-1.28,2.72
1.08,-1.28,2.8048
1.12,-1.28,2.8928000000000003
1.1600000000000001,-1.28,2.9840000000000004
1.2000000000000002,-1.28,3.0784000000000002
1.2400000000000002,-1.28,3.1760000000000006
1.2800000000000002,-1.28,3.2768000000000006
1.3200000000000003,-1.28,3.3808000000000007
1.3599999999999999,-1.28,3.4879999999999995
1.4,-1.28,3.5984
1.44,-1.28,3.7119999999999997
1.48,-1.28,3.8288
1.52,-1.28,3.9488000000000003
1.56,-1.28,4.072
1.6,-1.28,4.1984
1.6400000000000001,-1.28,4.328
1.6800000000000002,-1.28,4.460800000000001
1.7200000000000002,-1.28,4.596800000000001
1.7600000000000002,-1.28,4.736000000000001
1.8000000000000003,-1.28,4.878400000000001
1.8399999999999999,-1.28,5.023999999999999
1.88,-1.28,5.1728
1.92,-1.28,5.3248
1.96,-1.28,5.4799999999999995
2.0,-1.28,5.6384
-2.0,-1.24,5.5376
-1.96,-1.24,5.3792
-1.92,-1.24,5.224
-1.88,-1.24,5.072
-1.84,-1.24,4.9232000000000005
-1.8,-1.24,4.7776000000000005
-1.76,-1.24,4.6352
-1.72,-1.24,4.4959999999999996
-1.68,-1.24,4.359999999999999
-1.6400000000000001,-1.24,4.227200000000001
-1.6,-1.24,4.097600000000001
-1.56,-1.24,3.9712000000000005
-1.52,-1.24,3.848
-1.48,-1.24,3.7279999999999998
-1.44,-1.24,3.6112
-1.4,-1.24,3.4976
-1.3599999999999999,-1.24,3.3872
-1.3199999999999998,-1.24,3.2799999999999994
-1.28,-1.24,3.176
-1.24,-1.24,3.0752
-1.2,-1.24,2.9776
-1.1600000000000001,-1.24,2.8832000000000004
-1.12,-1.24,2.7920000000000003
-1.08,-1.24,2.704
-1.04,-1.24,2.6192
-1.0,-1.24,2.5376000000000003
-0.96,-1.24,2.4592
-0.9199999999999999,-1.24,2.384
-0.8799999999999999,-1.24,2.312
-0.8400000000000001,-1.24,2.2432000000000003
-0.8,-1.24,2.1776
-0.76,-1.24,2.1152
-0.72,-1.24,2.056
-0.6799999999999999,-1.24,2.0
-0.6399999999999999,-1.24,1.9472
-0.5999999999999999,-1.24,1.8976
-0.56,-1.24,1.8512000000000002
-0.52,-1.24,1.808
-0.48,-1.24,1.768
-0.43999999999999995,-1.24,1.7312
-0.3999999999999999,-1.24,1.6976
-0.3599999999999999,-1.24,1.6672
-0.32000000000000006,-1.24,1.6400000000000001
-0.28,-1.24,1.616
-0.24,-1.24,1.5952000000000002
-0.19999999999999996,-1.24,1.5776000000000001
-0.15999999999999992,-1.24,1.5632000000000001
-0.11999999999999988,-1.24,1.552
-0.08000000000000007,-1.24,1.544
-0.040000000000000036,-1.24,1.5392000000000001
0.0,-1.24,1.5376
0.040000000000000036,-1.24,1.5392000000000001
0.08000000000000007,-1.24,1.544
0.1200000000000001,-1.24,1.552
0.16000000000000014,-1.24,1.5632000000000001
0.20000000000000018,-1.24,1.5776000000000001
0.2400000000000002,-1.24,1.5952000000000002
0.28000000000000025,-1.24,1.616
0.31999999999999984,-1.24,1.64
0.3599999999999999,-1.24,1.6672
0.3999999999999999,-1.24,1.6976
0.43999999999999995,-1.24,1.7312
0.48,-1.24,1.768
0.52,-1.24,1.808
0.56,-1.24,1.8512000000000002
0.6000000000000001,-1.24,1.8976000000000002
0.6400000000000001,-1.24,1.9472000000000003
0.6800000000000002,-1.24,2.0000000000000004
0.7200000000000002,-1.24,2.0560000000000005
0.7600000000000002,-1.24,2.1152000000000006
0.8000000000000003,-1.24,2.1776000000000004
0.8399999999999999,-1.24,2.2432
0.8799999999999999,-1.24,2.312
0.9199999999999999,-1.24,2.384
0.96,-1.24,2.4592
1.0,-1.24,2.5376000000000003
1.04,-1.24,2.6192
1.08,-1.24,2.704
1.12,-1.24,2.7920000000000003
1.1600000000000001,-1.24,2.8832000000000004
1.2000000000000002,-1.24,2.9776000000000007
1.2400000000000002,-1.24,3.0752000000000006
1.2800000000000002,-1.24,3.176000000000001
1.3200000000000003,-1.24,3.280000000000001
1.3599999999999999,-1.24,3.3872
1.4,-1.24,3.4976
1.44,-1.24,3.6112
1.48,-1.24,3.7279999999999998
1.52,-1.24,3.848
1.56,-1.24,3.9712000000000005
1.6,-1.24,4.097600000000001
1.6400000000000001,-1.24,4.227200000000001
1.6800000000000002,-1.24,4.36
1.7200000000000002,-1.24,4.496
1.7600000000000002,-1.24,4.635200000000001
1.8000000000000003,-1.24,4.777600000000001
1.8399999999999999,-1.24,4.9232
1.88,-1.24,5.072
1.92,-1.24,5.224
1.96,-1.24,5.3792
2.0,-1.24,5.5376
-2.0,-1.2,5.4399999999999995
-1.96,-1.2,5.281599999999999
-1.92,-1.2,5.1264
-1.88,-1.2,4.974399999999999
-1.84,-1.2,4.8256
-1.8,-1.2,4.68
-1.76,-1.2,4.537599999999999
-1.72,-1.2,4.3984
-1.68,-1.2,4.2623999999999995
-1.6400000000000001,-1.2,4.1296
-1.6,-1.2,4.0
-1.56,-1.2,3.8736
-1.52,-1.2,3.7504
-1.48,-1.2,3.6304
-1.44,-1.2,3.5136
-1.4,-1.2,3.3999999999999995
-1.3599999999999999,-1.2,3.2895999999999996
-1.3199999999999998,-1.2,3.1823999999999995
-1.28,-1.2,3.0784000000000002
-1.24,-1.2,2.9776
-1.2,-1.2,2.88
-1.1600000000000001,-1.2,2.7856000000000005
-1.12,-1.2,2.6944
-1.08,-1.2,2.6064
-1.04,-1.2,2.5216000000000003
-1.0,-1.2,2.44
-0.96,-1.2,2.3616
-0.9199999999999999,-1.2,2.2863999999999995
-0.8799999999999999,-1.2,2.2144
-0.8400000000000001,-1.2,2.1456
-0.8,-1.2,2.08
-0.76,-1.2,2.0176
-0.72,-1.2,1.9584
-0.6799999999999999,-1.2,1.9023999999999999
-0.6399999999999999,-1.2,1.8495999999999997
-0.5999999999999999,-1.2,1.7999999999999998
-0.56,-1.2,1.7536
-0.52,-1.2,1.7104
-0.48,-1.2,1.6703999999999999
-0.43999999999999995,-1.2,1.6336
-0.3999999999999999,-1.2,1.5999999999999999
-0.3599999999999999,-1.2,1.5695999999999999
-0.32000000000000006,-1.2,1.5424
-0.28,-1.2,1.5184
-0.24,-1.2,1.4976
-0.19999999999999996,-1.2,1.48
-0.15999999999999992,-1.2,1.4656
-0.11999999999999988,-1.2,1.4544
-0.08000000000000007,-1.2,1.4464
-0.040000000000000036,-1.2,1.4416
0.0,-1.2,1.44
0.040000000000000036,-1.2,1.4416
0.08000000000000007,-1.2,1.4464
0.1200000000000001,-1.2,1.4544
0.16000000000000014,-1.2,1.4656
0.20000000000000018,-1.2,1.48
0.2400000000000002,-1.2,1.4976
0.28000000000000025,-1.2,1.5184000000000002
0.31999999999999984,-1.2,1.5423999999999998
0.3599999999999999,-1.2,1.5695999999999999
0.3999999999999999,-1.2,1.5999999999999999
0.43999999999999995,-1.2,1.6336
0.48,-1.2,1.6703999999999999
0.52,-1.2,1.7104
0.56,-1.2,1.7536
0.6000000000000001,-1.2,1.8
0.6400000000000001,-1.2,1.8496000000000001
0.6800000000000002,-1.2,1.9024
0.7200000000000002,-1.2,1.9584000000000001
0.7600000000000002,-1.2,2.0176000000000003
0.8000000000000003,-1.2,2.0800000000000005
0.8399999999999999,-1.2,2.1456
0.8799999999999999,-1.2,2.2144
0.9199999999999999,-1.2,2.2863999999999995
0.96,-1.2,2.3616
1.0,-1.2,2.44
1.04,-1.2,2.5216000000000003
1.08,-1.2,2.6064
1.12,-1.2,2.6944
1.1600000000000001,-1.2,2.7856000000000005
1.2000000000000002,-1.2,2.8800000000000003
1.2400000000000002,-1.2,2.9776000000000007
1.2800000000000002,-1.2,3.0784000000000007
1.3200000000000003,-1.2,3.182400000000001
1.3599999999999999,-1.2,3.2895999999999996
1.4,-1.2,3.3999999999999995
1.44,-1.2,3.5136
1.48,-1.2,3.6304
1.52,-1.2,3.7504
1.56,-1.2,3.8736
1.6,-1.2,4.0
1.6400000000000001,-1.2,4.1296
1.6800000000000002,-1.2,4.2624
1.7200000000000002,-1.2,4.3984000000000005
1.7600000000000002,-1.2,4.537600000000001
1.8000000000000003,-1.2,4.6800000000000015
1.8399999999999999,-1.2,4.8256
1.88,-1.2,4.974399999999999
1.92,-1.2,5.1264
1.96,-1.2,5.281599999999999
2.0,-1.2,5.4399999999999995
-2.0,-1.1600000000000001,5.3456
-1.96,-1.1600000000000001,5.1872
-1.92,-1.1600000000000001,5.032
-1.88,-1.1600000000000001,4.88
-1.84,-1.1600000000000001,4.7312
-1.8,-1.1600000000000001,4.5856
-1.76,-1.1600000000000001,4.4432
-1.72,-1.1600000000000001,4.304
-1.68,-1.1600000000000001,4.168
-1.6400000000000001,-1.1600000000000001,4.035200000000001
-1.6,-1.1600000000000001,3.9056000000000006
-1.56,-1.1600000000000001,3.7792000000000003
-1.52,-1.1600000000000001,3.6560000000000006
-1.48,-1.1600000000000001,3.5360000000000005
-1.44,-1.1600000000000001,3.4192
-1.4,-1.1600000000000001,3.3056
-1.3599999999999999,-1.1600000000000001,3.1952
-1.3199999999999998,-1.1600000000000001,3.088
-1.28,-1.1600000000000001,2.9840000000000004
-1.24,-1.1600000000000001,2.8832000000000004
-1.2,-1.1600000000000001,2.7856000000000005
-1.1600000000000001,-1.1600000000000001,2.6912000000000007
-1.12,-1.1600000000000001,2.6000000000000005
-1.08,-1.1600000000000001,2.5120000000000005
-1.04,-1.1600000000000001,2.4272000000000005
-1.0,-1.1600000000000001,2.3456
-0.96,-1.1600000000000001,2.2672000000000003
-0.9199999999999999,-1.1600000000000001,2.192
-0.8799999999999999,-1.1600000000000001,2.12
-0.8400000000000001,-1.1600000000000001,2.0512000000000006
-0.8,-1.1600000000000001,1.9856000000000005
-0.76,-1.1600000000000001,1.9232000000000005
-0.72,-1.1600000000000001,1.8640000000000003
-0.6799999999999999,-1.1600000000000001,1.8080000000000003
-0.6399999999999999,-1.1600000000000001,1.7552000000000003
-0.5999999999999999,-1.1600000000000001,1.7056000000000002
-0.56,-1.1600000000000001,1.6592000000000005
-0.52,-1.1600000000000001,1.6160000000000003
-0.48,-1.1600000000000001,1.5760000000000003
-0.43999999999999995,-1.1600000000000001,1.5392000000000003
-0.3999999999999999,-1.1600000000000001,1.5056000000000003
-0.3599999999999999,-1.1600000000000001,1.4752000000000003
-0.32000000000000006,-1.1600000000000001,1.4480000000000004
-0.28,-1.1600000000000001,1.4240000000000004
-0.24,-1.1600000000000001,1.4032000000000004
-0.19999999999999996,-1.1600000000000001,1.3856000000000004
-0.15999999999999992,-1.1600000000000001,1.3712000000000004
-0.11999999999999988,-1.1600000000000001,1.3600000000000003
-0.08000000000000007,-1.1600000000000001,1.3520000000000003
-0.040000000000000036,-1.1600000000000001,1.3472000000000004
0.0,-1.1600000000000001,1.3456000000000004
0.040000000000000036,-1.1600000000000001,1.3472000000000004
0.08000000000000007,-1.1600000000000001,1.3520000000000003
0.1200000000000001,-1.1600000000000001,1.3600000000000003
0.16000000000000014,-1.1600000000000001,1.3712000000000004
0.20000000000000018,-1.1600000000000001,1.3856000000000004
0.2400000000000002,-1.1600000000000001,1.4032000000000004
0.28000000000000025,-1.1600000000000001,1.4240000000000004
0.31999999999999984,-1.1600000000000001,1.4480000000000002
0.3599999999999999,-1.1600000000000001,1.4752000000000003
0.3999999999999999,-1.1600000000000001,1.5056000000000003
0.43999999999999995,-1.1600000000000001,1.5392000000000003
0.48,-1.1600000000000001,1.5760000000000003
0.52,-1.1600000000000001,1.6160000000000003
0.56,-1.1600000000000001,1.6592000000000005
0.6000000000000001,-1.1600000000000001,1.7056000000000004
0.6400000000000001,-1.1600000000000001,1.7552000000000005
0.6800000000000002,-1.1600000000000001,1.8080000000000005
0.7200000000000002,-1.1600000000000001,1.8640000000000008
0.7600000000000002,-1.1600000000000001,1.9232000000000007
0.8000000000000003,-1.1600000000000001,1.9856000000000007
0.8399999999999999,-1.1600000000000001,2.0512
0.8799999999999999,-1.1600000000000001,2.12
0.9199999999999999,-1.1600000000000001,2.192
0.96,-1.1600000000000001,2.2672000000000003
1.0,-1.1600000000000001,2.3456
1.04,-1.1600000000000001,2.4272000000000005
1.08,-1.1600000000000001,2.5120000000000005
1.12,-1.1600000000000001,2.6000000000000005
1.1600000000000001,-1.1600000000000001,2.6912000000000007
1.2000000000000002,-1.1600000000000001,2.7856000000000005
1.2400000000000002,-1.1600000000000001,2.883200000000001
1.2800000000000002,-1.1600000000000001,2.984000000000001
1.3200000000000003,-1.1600000000000001,3.088000000000001
1.3599999999999999,-1.1600000000000001,3.1952
1.4,-1.1600000000000001,3.3056
1.44,-1.1600000000000001,3.4192
1.48,-1.1600000000000001,3.5360000000000005
1.52,-1.1600000000000001,3.6560000000000006
1.56,-1.1600000000000001,3.7792000000000003
1.6,-1.1600000000000001,3.9056000000000006
1.6400000000000001,-1.1600000000000001,4.035200000000001
1.6800000000000002,-1.1600000000000001,4.168000000000001
1.7200000000000002,-1.1600000000000001,4.304000000000001
1.7600000000000002,-1.1600000000000001,4.443200000000001
1.8000000000000003,-1.1600000000000001,4.585600000000001
1.8399999999999999,-1.1600000000000001,4.731199999999999
1.88,-1.1600000000000001,4.88
1.92,-1.1600000000000001,5.032
1.96,-1.1600000000000001,5.1872
2.0,-1.1600000000000001,5.3456
-2.0,-1.12,5.2544
-1.96,-1.12,5.096
-1.92,-1.12,4.9408
-1.88,-1.12,4.7888
-1.84,-1.12,4.640000000000001
-1.8,-1.12,4.494400000000001
-1.76,-1.12,4.352
-1.72,-1.12,4.2128
-1.68,-1.12,4.0767999999999995
-1.6400000000000001,-1.12,3.944000000000001
-1.6,-1.12,3.814400000000001
-1.56,-1.12,3.6880000000000006
-1.52,-1.12,3.5648
-1.48,-1.12,3.4448
-1.44,-1.12,3.3280000000000003
-1.4,-1.12,3.2144
-1.3599999999999999,-1.12,3.104
-1.3199999999999998,-1.12,2.9967999999999995
-1.28,-1.12,2.8928000000000003
-1.24,-1.12,2.7920000000000003
-1.2,-1.12,2.6944
-1.1600000000000001,-1.12,2.6000000000000005
-1.12,-1.12,2.5088000000000004
-1.08,-1.12,2.4208000000000003
-1.04,-1.12,2.3360000000000003
-1.0,-1.12,2.2544000000000004
-0.96,-1.12,2.176
-0.9199999999999999,-1.12,2.1008
-0.8799999999999999,-1.12,2.0288
-0.8400000000000001,-1.12,1.9600000000000004
-0.8,-1.12,1.8944000000000003
-0.76,-1.12,1.8320000000000003
-0.72,-1.12,1.7728000000000002
-0.6799999999999999,-1.12,1.7168
-0.6399999999999999,-1.12,1.6640000000000001
-0.5999999999999999,-1.12,1.6144
-0.56,-1.12,1.5680000000000003
-0.52,-1.12,1.5248000000000002
-0.48,-1.12,1.4848000000000001
-0.43999999999999995,-1.12,1.4480000000000002
-0.3999999999999999,-1.12,1.4144
-0.3599999999999999,-1.12,1.3840000000000001
-0.32000000000000006,-1.12,1.3568000000000002
-0.28,-1.12,1.3328000000000002
-0.24,-1.12,1.3120000000000003
-0.19999999999999996,-1.12,1.2944000000000002
-0.15999999999999992,-1.12,1.2800000000000002
-0.11999999999999988,-1.12,1.2688000000000001
-0.08000000000000007,-1.12,1.2608000000000001
-0.040000000000000036,-1.12,1.2560000000000002
0.0,-1.12,1.2544000000000002
0.040000000000000036,-1.12,1.2560000000000002
0.08000000000000007,-1.12,1.2608000000000001
0.1200000000000001,-1.12,1.2688000000000001
0.16000000000000014,-1.12,1.2800000000000002
0.20000000000000018,-1.12,1.2944000000000002
0.2400000000000002,-1.12,1.3120000000000003
0.28000000000000025,-1.12,1.3328000000000002
0.31999999999999984,-1.12,1.3568
0.3599999999999999,-1.12,1.3840000000000001
0.3999999999999999,-1.12,1.4144
0.43999999999999995,-1.12,1.4480000000000002
0.48,-1.12,1.4848000000000001
0.52,-1.12,1.5248000000000002
0.56,-1.12,1.5680000000000003
0.6000000000000001,-1.12,1.6144000000000003
0.6400000000000001,-1.12,1.6640000000000004
0.6800000000000002,-1.12,1.7168000000000003
0.7200000000000002,-1.12,1.7728000000000006
0.7600000000000002,-1.12,1.8320000000000005
0.8000000000000003,-1.12,1.8944000000000005
0.8399999999999999,-1.12,1.96
0.8799999999999999,-1.12,2.0288
0.9199999999999999,-1.12,2.1008
0.96,-1.12,2.176
1.0,-1.12,2.2544000000000004
1.04,-1.12,2.3360000000000003
1.08,-1.12,2.4208000000000003
1.12,-1.12,2.5088000000000004
1.1600000000000001,-1.12,2.6000000000000005
1.2000000000000002,-1.12,2.694400000000001
1.2400000000000002,-1.12,2.7920000000000007
1.2800000000000002,-1.12,2.892800000000001
1.3200000000000003,-1.12,2.9968000000000012
1.3599999999999999,-1.12,3.104
1.4,-1.12,3.2144
1.44,-1.12,3.3280000000000003
1.48,-1.12,3.4448
1.52,-1.12,3.5648
1.56,-1.12,3.6880000000000006
1.6,-1.12,3.814400000000001
1.6400000000000001,-1.12,3.944000000000001
1.6800000000000002,-1.12,4.0768
1.7200000000000002,-1.12,4.2128000000000005
1.7600000000000002,-1.12,4.352000000000001
1.8000000000000003,-1.12,4.4944000000000015
1.8399999999999999,-1.12,4.64
1.88,-1.12,4.7888
1.92,-1.12,4.9408
1.96,-1.12,5.096
2.0,-1.12,5.2544
-2.0,-1.08,5.1664
-1.96,-1.08,5.008
-1.92,-1.08,4.8528
-1.88,-1.08,4.7008
-1.84,-1.08,4.5520000000000005
-1.8,-1.08,4.4064000000000005
-1.76,-1.08,4.264
-1.72,-1.08,4.1248
-1.68,-1.08,3.9887999999999995
-1.6400000000000001,-1.08,3.8560000000000008
-1.6,-1.08,3.726400000000001
-1.56,-1.08,3.6000000000000005
-1.52,-1.08,3.4768
-1.48,-1.08,3.3568
-1.44,-1.08,3.24
-1.4,-1.08,3.1264
-1.3599999999999999,-1.08,3.016
-1.3199999999999998,-1.08,2.9087999999999994
-1.28,-1.08,2.8048
-1.24,-1.08,2.704
-1.2,-1.08,2.6064
-1.1600000000000001,-1.08,2.5120000000000005
-1.12,-1.08,2.4208000000000003
-1.08,-1.08,2.3328
-1.04,-1.08,2.248
-1.0,-1.08,2.1664000000000003
-0.96,-1.08,2.088
-0.9199999999999999,-1.08,2.0128
-0.8799999999999999,-1.08,1.9407999999999999
-0.8400000000000001,-1.08,1.8720000000000003
-0.8,-1.08,1.8064000000000002
-0.76,-1.08,1.7440000000000002
-0.72,-1.08,1.6848
-0.6799999999999999,-1.08,1.6288
-0.6399999999999999,-1.08,1.576
-0.5999999999999999,-1.08,1.5264
-0.56,-1.08,1.4800000000000002
-0.52,-1.08,1.4368
-0.48,-1.08,1.3968
-0.43999999999999995,-1.08,1.36
-0.3999999999999999,-1.08,1.3264
-0.3599999999999999,-1.08,1.296
-0.32000000000000006,-1.08,1.2688000000000001
-0.28,-1.08,1.2448000000000001
-0.24,-1.08,1.2240000000000002
-0.19999999999999996,-1.08,1.2064000000000001
-0.15999999999999992,-1.08,1.1920000000000002
-0.11999999999999988,-1.08,1.1808
-0.08000000000000007,-1.08,1.1728
-0.040000000000000036,-1.08,1.1680000000000001
0.0,-1.08,1.1664
0.040000000000000036,-1.08,1.1680000000000001
0.08000000000000007,-1.08,1.1728
0.1200000000000001,-1.08,1.1808
0.16000000000000014,-1.08,1.1920000000000002
0.20000000000000018,-1.08,1.2064000000000001
0.2400000000000002,-1.08,1.2240000000000002
0.28000000000000025,-1.08,1.2448000000000001
0.31999999999999984,-1.08,1.2688
0.3599999999999999,-1.08,1.296
0.3999999999999999,-1.08,1.3264
0.43999999999999995,-1.08,1.36
0.48,-1.08,1.3968
0.52,-1.08,1.4368
0.56,-1.08,1.4800000000000002
0.6000000000000001,-1.08,1.5264000000000002
0.6400000000000001,-1.08,1.5760000000000003
0.6800000000000002,-1.08,1.6288000000000002
0.7200000000000002,-1.08,1.6848000000000005
0.7600000000000002,-1.08,1.7440000000000004
0.8000000000000003,-1.08,1.8064000000000004
0.8399999999999999,-1.08,1.8719999999999999
0.8799999999999999,-1.08,1.9407999999999999
0.9199999999999999,-1.08,2.0128
0.96,-1.08,2.088
1.0,-1.08,2.1664000000000003
1.04,-1.08,2.248
1.08,-1.08,2.3328
1.12,-1.08,2.4208000000000003
1.1600000000000001,-1.08,2.5120000000000005
1.2000000000000002,-1.08,2.6064000000000007
1.2400000000000002,-1.08,2.7040000000000006
1.2800000000000002,-1.08,2.804800000000001
1.3200000000000003,-1.08,2.908800000000001
1.3599999999999999,-1.08,3.016
1.4,-1.08,3.1264
1.44,-1.08,3.24
1.48,-1.08,3.3568
1.52,-1.08,3.4768
1.56,-1.08,3.6000000000000005
1.6,-1.08,3.726400000000001
1.6400000000000001,-1.08,3.8560000000000008
1.6800000000000002,-1.08,3.9888000000000003
1.7200000000000002,-1.08,4.1248000000000005
1.7600000000000002,-1.08,4.264000000000001
1.8000000000000003,-1.08,4.406400000000001
1.8399999999999999,-1.08,4.552
1.88,-1.08,4.7008
1.92,-1.08,4.8528
1.96,-1.08,5.008
2.0,-1.08,5.1664
-2.0,-1.04,5.0816
-1.96,-1.04,4.9232
-1.92,-1.04,4.768
-1.88,-1.04,4.616
-1.84,-1.04,4.4672
-1.8,-1.04,4.3216
-1.76,-1.04,4.1792
-1.72,-1.04,4.04
-1.68,-1.04,3.904
-1.6400000000000001,-1.04,3.7712000000000003
-1.6,-1.04,3.6416000000000004
-1.56,-1.04,3.5152
-1.52,-1.04,3.3920000000000003
-1.48,-1.04,3.2720000000000002
-1.44,-1.04,3.1552
-1.4,-1.04,3.0416
-1.3599999999999999,-1.04,2.9311999999999996
-1.3199999999999998,-1.04,2.824
-1.28,-1.04,2.72
-1.24,-1.04,2.6192
-1.2,-1.04,2.5216000000000003
-1.1600000000000001,-1.04,2.4272000000000005
-1.12,-1.04,2.3360000000000003
-1.08,-1.04,2.248
-1.04,-1.04,2.1632000000000002
-1.0,-1.04,2.0816
-0.96,-1.04,2.0032
-0.9199999999999999,-1.04,1.928
-0.8799999999999999,-1.04,1.8559999999999999
-0.8400000000000001,-1.04,1.7872000000000003
-0.8,-1.04,1.7216000000000002
-0.76,-1.04,1.6592000000000002
-0.72,-1.04,1.6
-0.6799999999999999,-1.04,1.544
-0.6399999999999999,-1.04,1.4912
-0.5999999999999999,-1.04,1.4416
-0.56,-1.04,1.3952000000000002
-0.52,-1.04,1.352
-0.48,-1.04,1.312
-0.43999999999999995,-1.04,1.2752000000000001
-0.3999999999999999,-1.04,1.2416
-0.3599999999999999,-1.04,1.2112
-0.32000000000000006,-1.04,1.1840000000000002
-0.28,-1.04,1.1600000000000001
-0.24,-1.04,1.1392000000000002
-0.19999999999999996,-1.04,1.1216000000000002
-0.15999999999999992,-1.04,1.1072000000000002
-0.11999999999999988,-1.04,1.096
-0.08000000000000007,-1.04,1.088
-0.040000000000000036,-1.04,1.0832000000000002
0.0,-1.04,1.0816000000000001
0.040000000000000036,-1.04,1.0832000000000002
0.08000000000000007,-1.04,1.088
0.1200000000000001,-1.04,1.096
0.16000000000000014,-1.04,1.1072000000000002
0.20000000000000018,-1.04,1.1216000000000002
0.2400000000000002,-1.04,1.1392000000000002
0.28000000000000025,-1.04,1.1600000000000001
0.31999999999999984,-1.04,1.184
0.3599999999999999,-1.04,1.2112
0.3999999999999999,-1.04,1.2416
0.43999999999999995,-1.04,1.2752000000000001
0.48,-1.04,1.312
0.52,-1.04,1.352
0.56,-1.04,1.3952000000000002
0.6000000000000001,-1.04,1.4416000000000002
0.6400000000000001,-1.04,1.4912000000000003
0.6800000000000002,-1.04,1.5440000000000003
0.7200000000000002,-1.04,1.6000000000000005
0.7600000000000002,-1.04,1.6592000000000005
0.8000000000000003,-1.04,1.7216000000000005
0.8399999999999999,-1.04,1.7872
0.8799999999999999,-1.04,1.8559999999999999
0.9199999999999999,-1.04,1.928
0.96,-1.04,2.0032
1.0,-1.04,2.0816
1.04,-1.04,2.1632000000000002
1.08,-1.04,2.248
1.12,-1.04,2.3360000000000003
1.1600000000000001,-1.04,2.4272000000000005
1.2000000000000002,-1.04,2.5216000000000003
1.2400000000000002,-1.04,2.6192000000000006
1.2800000000000002,-1.04,2.7200000000000006
1.3200000000000003,-1.04,2.8240000000000007
1.3599999999999999,-1.04,2.9311999999999996
1.4,-1.04,3.0416
1.44,-1.04,3.1552
1.48,-1.04,3.2720000000000002
1.52,-1.04,3.3920000000000003
1.56,-1.04,3.5152
1.6,-1.04,3.6416000000000004
1.6400000000000001,-1.04,3.7712000000000003
1.6800000000000002,-1.04,3.904000000000001
1.7200000000000002,-1.04,4.040000000000001
1.7600000000000002,-1.04,4.179200000000001
1.8000000000000003,-1.04,4.321600000000001
1.8399999999999999,-1.04,4.467199999999999
1.88,-1.04,4.616
1.92,-1.04,4.768
1.96,-1.04,4.9232
2.0,-1.04,5.0816
-2.0,-1.0,5.0
-1.96,-1.0,4.8416
-1.92,-1.0,4.6864
-1.88,-1.0,4.5344
-1.84,-1.0,4.3856
-1.8,-1.0,4.24
-1.76,-1.0,4.0976
-1.72,-1.0,3.9583999999999997
-1.68,-1.0,3.8223999999999996
-1.6400000000000001,-1.0,3.6896000000000004
-1.6,-1.0,3.5600000000000005
-1.56,-1.0,3.4336
-1.52,-1.0,3.3104
-1.48,-1.0,3.1904
-1.44,-1.0,3.0736
-1.4,-1.0,2.96
-1.3599999999999999,-1.0,2.8495999999999997
-1.3199999999999998,-1.0,2.7423999999999995
-1.28,-1.0,2.6384
-1.24,-1.0,2.5376000000000003
-1.2,-1.0,2.44
-1.1600000000000001,-1.0,2.3456
-1.12,-1.0,2.2544000000000004
-1.08,-1.0,2.1664000000000003
-1.04,-1.0,2.0816
-1.0,-1.0,2.0
-0.96,-1.0,1.9216
-0.9199999999999999,-1.0,1.8463999999999998
-0.8799999999999999,-1.0,1.7744
-0.8400000000000001,-1.0,1.7056
-0.8,-1.0,1.6400000000000001
-0.76,-1.0,1.5776
-0.72,-1.0,1.5184
-0.6799999999999999,-1.0,1.4624
-0.6399999999999999,-1.0,1.4095999999999997
-0.5999999999999999,-1.0,1.3599999999999999
-0.56,-1.0,1.3136
-0.52,-1.0,1.2704
-0.48,-1.0,1.2304
-0.43999999999999995,-1.0,1.1936
-0.3999999999999999,-1.0,1.16
-0.3599999999999999,-1.0,1.1296
-0.32000000000000006,-1.0,1.1024
-0.28,-1.0,1.0784
-0.24,-1.0,1.0576
-0.19999999999999996,-1.0,1.04
-0.15999999999999992,-1.0,1.0256
-0.11999999999999988,-1.0,1.0144
-0.08000000000000007,-1.0,1.0064
-0.040000000000000036,-1.0,1.0016
0.0,-1.0,1.0
0.040000000000000036,-1.0,1.0016
0.08000000000000007,-1.0,1.0064
0.1200000000000001,-1.0,1.0144
0.16000000000000014,-1.0,1.0256
0.20000000000000018,-1.0,1.04
0.2400000000000002,-1.0,1.0576
0.28000000000000025,-1.0,1.0784000000000002
0.31999999999999984,-1.0,1.1023999999999998
0.3599999999999999,-1.0,1.1296
0.3999999999999999,-1.0,1.16
0.43999999999999995,-1.0,1.1936
0.48,-1.0,1.2304
0.52,-1.0,1.2704
0.56,-1.0,1.3136
0.6000000000000001,-1.0,1.36
0.6400000000000001,-1.0,1.4096000000000002
0.6800000000000002,-1.0,1.4624000000000001
0.7200000000000002,-1.0,1.5184000000000002
0.7600000000000002,-1.0,1.5776000000000003
0.8000000000000003,-1.0,1.6400000000000006
0.8399999999999999,-1.0,1.7055999999999998
0.8799999999999999,-1.0,1.7744
0.9199999999999999,-1.0,1.8463999999999998
0.96,-1.0,1.9216
1.0,-1.0,2.0
1.04,-1.0,2.0816
1.08,-1.0,2.1664000000000003
1.12,-1.0,2.2544000000000004
1.1600000000000001,-1.0,2.3456
1.2000000000000002,-1.0,2.4400000000000004
1.2400000000000002,-1.0,2.5376000000000003
1.2800000000000002,-1.0,2.6384000000000007
1.3200000000000003,-1.0,2.742400000000001
1.3599999999999999,-1.0,2.8495999999999997
1.4,-1.0,2.96
1.44,-1.0,3.0736
1.48,-1.0,3.1904
1.52,-1.0,3.3104
1.56,-1.0,3.4336
1.6,-1.0,3.5600000000000005
1.6400000000000001,-1.0,3.6896000000000004
1.6800000000000002,-1.0,3.8224000000000005
1.7200000000000002,-1.0,3.9584000000000006
1.7600000000000002,-1.0,4.097600000000001
1.8000000000000003,-1.0,4.240000000000001
1.8399999999999999,-1.0,4.385599999999999
1.88,-1.0,4.5344
1.92,-1.0,4.6864
1.96,-1.0,4.8416
2.0,-1.0,5.0
-2.0,-0.96,4.9216
-1.96,-0.96,4.763199999999999
-1.92,-0.96,4.608
-1.88,-0.96,4.4559999999999995
-1.84,-0.96,4.3072
-1.8,-0.96,4.1616
-1.76,-0.96,4.0192
-1.72,-0.96,3.88
-1.68,-0.96,3.7439999999999998
-1.6400000000000001,-0.96,3.6112
-1.6,-0.96,3.4816000000000003
-1.56,-0.96,3.3552
-1.52,-0.96,3.232
-1.48,-0.96,3.112
-1.44,-0.96,2.9951999999999996
-1.4,-0.96,2.8815999999999997
-1.3599999999999999,-0.96,2.7711999999999994
-1.3199999999999998,-0.96,2.6639999999999997
-1.28,-0.96,2.56
-1.24,-0.96,2.4592
-1.2,-0.96,2.3616
-1.1600000000000001,-0.96,2.2672000000000003
-1.12,-0.96,2.176
-1.08,-0.96,2.088
-1.04,-0.96,2.0032
-1.0,-0.96,1.9216
-0.96,-0.96,1.8432
-0.9199999999999999,-0.96,1.7679999999999998
-0.8799999999999999,-0.96,1.6959999999999997
-0.8400000000000001,-0.96,1.6272000000000002
-0.8,-0.96,1.5616
-0.76,-0.96,1.4992
-0.72,-0.96,1.44
-0.6799999999999999,-0.96,1.384
-0.6399999999999999,-0.96,1.3312
-0.5999999999999999,-0.96,1.2815999999999999
-0.56,-0.96,1.2352
-0.52,-0.96,1.192
-0.48,-0.96,1.152
-0.43999999999999995,-0.96,1.1152
-0.3999999999999999,-0.96,1.0816
-0.3599999999999999,-0.96,1.0512
-0.32000000000000006,-0.96,1.024
-0.28,-0.96,1.0
-0.24,-0.96,0.9792
-0.19999999999999996,-0.96,0.9616
-0.15999999999999992,-0.96,0.9471999999999999
-0.11999999999999988,-0.96,0.9359999999999999
-0.08000000000000007,-0.96,0.9279999999999999
-0.040000000000000036,-0.96,0.9232
0.0,-0.96,0.9216
0.040000000000000036,-0.96,0.9232
0.08000000000000007,-0.96,0.9279999999999999
0.1200000000000001,-0.96,0.936
0.16000000000000014,-0.96,0.9472
0.20000000000000018,-0.96,0.9616
0.2400000000000002,-0.96,0.9792000000000001
0.28000000000000025,-0.96,1.0
0.31999999999999984,-0.96,1.0239999999999998
0.3599999999999999,-0.96,1.0512
0.3999999999999999,-0.96,1.0816
0.43999999999999995,-0.96,1.1152
0.48,-0.96,1.152
0.52,-0.96,1.192
0.56,-0.96,1.2352
0.6000000000000001,-0.96,1.2816
0.6400000000000001,-0.96,1.3312000000000002
0.6800000000000002,-0.96,1.3840000000000001
0.7200000000000002,-0.96,1.4400000000000004
0.7600000000000002,-0.96,1.4992000000000003
0.8000000000000003,-0.96,1.5616000000000003
0.8399999999999999,-0.96,1.6271999999999998
0.8799999999999999,-0.96,1.6959999999999997
0.9199999999999999,-0.96,1.7679999999999998
0.96,-0.96,1.8432
1.0,-0.96,1.9216
1.04,-0.96,2.0032
1.08,-0.96,2.088
1.12,-0.96,2.176
1.1600000000000001,-0.96,2.2672000000000003
1.2000000000000002,-0.96,2.3616
1.2400000000000002,-0.96,2.4592000000000005
1.2800000000000002,-0.96,2.5600000000000005
1.3200000000000003,-0.96,2.6640000000000006
1.3599999999999999,-0.96,2.7711999999999994
1.4,-0.96,2.8815999999999997
1.44,-0.96,2.9951999999999996
1.48,-0.96,3.112
1.52,-0.96,3.232
1.56,-0.96,3.3552
1.6,-0.96,3.4816000000000003
1.6400000000000001,-0.96,3.6112
1.6800000000000002,-0.96,3.7440000000000007
1.7200000000000002,-0.96,3.880000000000001
1.7600000000000002,-0.96,4.0192000000000005
1.8000000000000003,-0.96,4.161600000000001
1.8399999999999999,-0.96,4.307199999999999
1.88,-0.96,4.4559999999999995
1.92,-0.96,4.608
1.96,-0.96,4.763199999999999
2.0,-0.96,4.9216
-2.0,-0.9199999999999999,4.8464
-1.96,-0.9199999999999999,4.688
-1.92,-0.9199999999999999,4.5328
-1.88,-0.9199999999999999,4.3808
-1.84,-0.9199999999999999,4.232
-1.8,-0.9199999999999999,4.0864
-1.76,-0.9199999999999999,3.944
-1.72,-0.9199999999999999,3.8047999999999993
-1.68,-0.9199999999999999,3.668799999999999
-1.6400000000000001,-0.9199999999999999,3.5360000000000005
-1.6,-0.9199999999999999,3.4064000000000005
-1.56,-0.9199999999999999,3.2800000000000002
-1.52,-0.9199999999999999,3.1567999999999996
-1.48,-0.9199999999999999,3.0367999999999995
-1.44,-0.9199999999999999,2.92
-1.4,-0.9199999999999999,2.8063999999999996
-1.3599999999999999,-0.9199999999999999,2.6959999999999997
-1.3199999999999998,-0.9199999999999999,2.588799999999999
-1.28,-0.9199999999999999,2.4848
-1.24,-0.9199999999999999,2.384
-1.2,-0.9199999999999999,2.2863999999999995
-1.1600000000000001,-0.9199999999999999,2.192
-1.12,-0.9199999999999999,2.1008
-1.08,-0.9199999999999999,2.0128
-1.04,-0.9199999999999999,1.928
-1.0,-0.9199999999999999,1.8463999999999998
-0.96,-0.9199999999999999,1.7679999999999998
-0.9199999999999999,-0.9199999999999999,1.6927999999999996
-0.8799999999999999,-0.9199999999999999,1.6207999999999996
-0.8400000000000001,-0.9199999999999999,1.552
-0.8,-0.9199999999999999,1.4864
-0.76,-0.9199999999999999,1.424
-0.72,-0.9199999999999999,1.3647999999999998
-0.6799999999999999,-0.9199999999999999,1.3087999999999997
-0.6399999999999999,-0.9199999999999999,1.2559999999999998
-0.5999999999999999,-0.9199999999999999,1.2063999999999997
-0.56,-0.9199999999999999,1.16
-0.52,-0.9199999999999999,1.1167999999999998
-0.48,-0.9199999999999999,1.0767999999999998
-0.43999999999999995,-0.9199999999999999,1.0399999999999998
-0.3999999999999999,-0.9199999999999999,1.0063999999999997
-0.3599999999999999,-0.9199999999999999,0.9759999999999998
-0.32000000000000006,-0.9199999999999999,0.9487999999999999
-0.28,-0.9199999999999999,0.9247999999999998
-0.24,-0.9199999999999999,0.9039999999999998
-0.19999999999999996,-0.9199999999999999,0.8863999999999999
-0.15999999999999992,-0.9199999999999999,0.8719999999999998
-0.11999999999999988,-0.9199999999999999,0.8607999999999998
-0.08000000000000007,-0.9199999999999999,0.8527999999999998
-0.040000000000000036,-0.9199999999999999,0.8479999999999999
0.0,-0.9199999999999999,0.8463999999999998
0.040000000000000036,-0.9199999999999999,0.8479999999999999
0.08000000000000007,-0.9199999999999999,0.8527999999999998
0.1200000000000001,-0.9199999999999999,0.8607999999999999
0.16000000000000014,-0.9199999999999999,0.8719999999999999
0.20000000000000018,-0.9199999999999999,0.8863999999999999
0.2400000000000002,-0.9199999999999999,0.9039999999999999
0.28000000000000025,-0.9199999999999999,0.9248
0.31999999999999984,-0.9199999999999999,0.9487999999999998
0.3599999999999999,-0.9199999999999999,0.9759999999999998
0.3999999999999999,-0.9199999999999999,1.0063999999999997
0.43999999999999995,-0.9199999999999999,1.0399999999999998
0.48,-0.9199999999999999,1.0767999999999998
0.52,-0.9199999999999999,1.1167999999999998
0.56,-0.9199999999999999,1.16
0.6000000000000001,-0.9199999999999999,1.2064
0.6400000000000001,-0.9199999999999999,1.256
0.6800000000000002,-0.9199999999999999,1.3088
0.7200000000000002,-0.9199999999999999,1.3648000000000002
0.7600000000000002,-0.9199999999999999,1.4240000000000002
0.8000000000000003,-0.9199999999999999,1.4864000000000002
0.8399999999999999,-0.9199999999999999,1.5519999999999996
0.8799999999999999,-0.9199999999999999,1.6207999999999996
0.9199999999999999,-0.9199999999999999,1.6927999999999996
0.96,-0.9199999999999999,1.7679999999999998
1.0,-0.9199999999999999,1.8463999999999998
1.04,-0.9199999999999999,1.928
1.08,-0.9199999999999999,2.0128
1.12,-0.9199999999999999,2.1008
1.1600000000000001,-0.9199999999999999,2.192
1.2000000000000002,-0.9199999999999999,2.2864000000000004
1.2400000000000002,-0.9199999999999999,2.3840000000000003
1.2800000000000002,-0.9199999999999999,2.484800000000001
1.3200000000000003,-0.9199999999999999,2.588800000000001
1.3599999999999999,-0.9199999999999999,2.6959999999999997
1.4,-0.9199999999999999,2.8063999999999996
1.44,-0.9199999999999999,2.92
1.48,-0.9199999999999999,3.0367999999999995
1.52,-0.9199999999999999,3.1567999999999996
1.56,-0.9199999999999999,3.2800000000000002
1.6,-0.9199999999999999,3.4064000000000005
1.6400000000000001,-0.9199999999999999,3.5360000000000005
1.6800000000000002,-0.9199999999999999,3.6688
1.7200000000000002,-0.9199999999999999,3.8048
1.7600000000000002,-0.9199999999999999,3.944000000000001
1.8000000000000003,-0.9199999999999999,4.086400000000001
1.8399999999999999,-0.9199999999999999,4.231999999999999
1.88,-0.9199999999999999,4.3808
1.92,-0.9199999999999999,4.5328
1.96,-0.9199999999999999,4.688
2.0,-0.9199999999999999,4.8464
-2.0,-0.8799999999999999,4.7744
-1.96,-0.8799999999999999,4.616
-1.92,-0.8799999999999999,4.4608
-1.88,-0.8799999999999999,4.3088
-1.84,-0.8799999999999999,4.16
-1.8,-0.8799999999999999,4.0144
-1.76,-0.8799999999999999,3.872
-1.72,-0.8799999999999999,3.7327999999999997
-1.68,-0.8799999999999999,3.5967999999999996
-1.6400000000000001,-0.8799999999999999,3.4640000000000004
-1.6,-0.8799999999999999,3.3344000000000005
-1.56,-0.8799999999999999,3.208
-1.52,-0.8799999999999999,3.0848
-1.48,-0.8799999999999999,2.9648
-1.44,-0.8799999999999999,2.848
-1.4,-0.8799999999999999,2.7343999999999995
-1.3599999999999999,-0.8799999999999999,2.6239999999999997
-1.3199999999999998,-0.8799999999999999,2.5167999999999995
-1.28,-0.8799999999999999,2.4128
-1.24,-0.8799999999999999,2.312
-1.2,-0.8799999999999999,2.2144
-1.1600000000000001,-0.8799999999999999,2.12
-1.12,-0.8799999999999999,2.0288
-1.08,-0.8799999999999999,1.9407999999999999
-1.04,-0.8799999999999999,1.8559999999999999
-1.0,-0.8799999999999999,1.7744
-0.96,-0.8799999999999999,1.6959999999999997
-0.9199999999999999,-0.8799999999999999,1.6207999999999996
-0.8799999999999999,-0.8799999999999999,1.5487999999999997
-0.8400000000000001,-0.8799999999999999,1.48
-0.8,-0.8799999999999999,1.4144
-0.76,-0.8799999999999999,1.3519999999999999
-0.72,-0.8799999999999999,1.2927999999999997
-0.6799999999999999,-0.8799999999999999,1.2367999999999997
-0.6399999999999999,-0.8799999999999999,1.1839999999999997
-0.5999999999999999,-0.8799999999999999,1.1343999999999996
-0.56,-0.8799999999999999,1.0879999999999999
-0.52,-0.8799999999999999,1.0448
-0.48,-0.8799999999999999,1.0048
-0.43999999999999995,-0.8799999999999999,0.9679999999999999
-0.3999999999999999,-0.8799999999999999,0.9343999999999998
-0.3599999999999999,-0.8799999999999999,0.9039999999999998
-0.32000000000000006,-0.8799999999999999,0.8767999999999999
-0.28,-0.8799999999999999,0.8527999999999999
-0.24,-0.8799999999999999,0.8319999999999999
-0.19999999999999996,-0.8799999999999999,0.8143999999999998
-0.15999999999999992,-0.8799999999999999,0.7999999999999998
-0.11999999999999988,-0.8799999999999999,0.7887999999999998
-0.08000000000000007,-0.8799999999999999,0.7807999999999998
-0.040000000000000036,-0.8799999999999999,0.7759999999999999
0.0,-0.8799999999999999,0.7743999999999999
0.040000000000000036,-0.8799999999999999,0.7759999999999999
0.08000000000000007,-0.8799999999999999,0.7807999999999998
0.1200000000000001,-0.8799999999999999,0.7888
0.16000000000000014,-0.8799999999999999,0.7999999999999999
0.20000000000000018,-0.8799999999999999,0.8143999999999999
0.2400000000000002,-0.8799999999999999,0.832
0.28000000000000025,-0.8799999999999999,0.8528
0.31999999999999984,-0.8799999999999999,0.8767999999999998
0.3599999999999999,-0.8799999999999999,0.9039999999999998
0.3999999999999999,-0.8799999999999999,0.9343999999999998
0.43999999999999995,-0.8799999999999999,0.9679999999999999
0.48,-0.8799999999999999,1.0048
0.52,-0.8799999999999999,1.0448
0.56,-0.8799999999999999,1.0879999999999999
0.6000000000000001,-0.8799999999999999,1.1343999999999999
0.6400000000000001,-0.8799999999999999,1.1840000000000002
0.6800000000000002,-0.8799999999999999,1.2368000000000001
0.7200000000000002,-0.8799999999999999,1.2928000000000002
0.7600000000000002,-0.8799999999999999,1.3520000000000003
0.8000000000000003,-0.8799999999999999,1.4144000000000003
0.8399999999999999,-0.8799999999999999,1.4799999999999995
0.8799999999999999,-0.8799999999999999,1.5487999999999997
0.9199999999999999,-0.8799999999999999,1.6207999999999996
0.96,-0.8799999999999999,1.6959999999999997
1.0,-0.8799999999999999,1.7744
1.04,-0.8799999999999999,1.8559999999999999
1.08,-0.8799999999999999,1.9407999999999999
1.12,-0.8799999999999999,2.0288
1.1600000000000001,-0.8799999999999999,2.12
1.2000000000000002,-0.8799999999999999,2.2144000000000004
1.2400000000000002,-0.8799999999999999,2.3120000000000003
1.2800000000000002,-0.8799999999999999,2.4128000000000007
1.3200000000000003,-0.8799999999999999,2.516800000000001
1.3599999999999999,-0.8799999999999999,2.6239999999999997
1.4,-0.8799999999999999,2.7343999999999995
1.44,-0.8799999999999999,2.848
1.48,-0.8799999999999999,2.9648
1.52,-0.8799999999999999,3.0848
1.56,-0.8799999999999999,3.208
1.6,-0.8799999999999999,3.3344000000000005
1.6400000000000001,-0.8799999999999999,3.4640000000000004
1.6800000000000002,-0.8799999999999999,3.5968000000000004
1.7200000000000002,-0.8799999999999999,3.7328000000000006
1.7600000000000002,-0.8799999999999999,3.8720000000000008
1.8000000000000003,-0.8799999999999999,4.014400000000001
1.8399999999999999,-0.8799999999999999,4.159999999999999
1.88,-0.8799999999999999,4.3088
1.92,-0.8799999999999999,4.4608
1.96,-0.8799999999999999,4.616
2.0,-0.8799999999999999,4.7744
-2.0,-0.8400000000000001,4.7056000000000004
-1.96,-0.8400000000000001,4.5472
-1.92,-0.8400000000000001,4.392
-1.88,-0.8400000000000001,4.24
-1.84,-0.8400000000000001,4.091200000000001
-1.8,-0.8400000000000001,3.9456
-1.76,-0.8400000000000001,3.8032
-1.72,-0.8400000000000001,3.6639999999999997
-1.68,-0.8400000000000001,3.5279999999999996
-1.6400000000000001,-0.8400000000000001,3.3952000000000004
-1.6,-0.8400000000000001,3.2656000000000005
-1.56,-0.8400000000000001,3.1392
-1.52,-0.8400000000000001,3.016
-1.48,-0.8400000000000001,2.896
-1.44,-0.8400000000000001,2.7792
-1.4,-0.8400000000000001,2.6656
-1.3599999999999999,-0.8400000000000001,2.5551999999999997
-1.3199999999999998,-0.8400000000000001,2.4479999999999995
-1.28,-0.8400000000000001,2.3440000000000003
-1.24,-0.8400000000000001,2.2432000000000003
-1.2,-0.8400000000000001,2.1456
-1.1600000000000001,-0.8400000000000001,2.0512000000000006
-1.12,-0.8400000000000001,1.9600000000000004
-1.08,-0.8400000000000001,1.8720000000000003
-1.04,-0.8400000000000001,1.7872000000000003
-1.0,-0.8400000000000001,1.7056
-0.96,-0.8400000000000001,1.6272000000000002
-0.9199999999999999,-0.8400000000000001,1.552
-0.8799999999999999,-0.8400000000000001,1.48
-0.8400000000000001,-0.8400000000000001,1.4112000000000002
-0.8,-0.8400000000000001,1.3456000000000001
-0.76,-0.8400000000000001,1.2832000000000001
-0.72,-0.8400000000000001,1.2240000000000002
-0.6799999999999999,-0.8400000000000001,1.1680000000000001
-0.6399999999999999,-0.8400000000000001,1.1152
-0.5999999999999999,-0.8400000000000001,1.0655999999999999
-0.56,-0.8400000000000001,1.0192
-0.52,-0.8400000000000001,0.9760000000000002
-0.48,-0.8400000000000001,0.9360000000000002
-0.43999999999999995,-0.8400000000000001,0.8992000000000001
-0.3999999999999999,-0.8400000000000001,0.8656
-0.3599999999999999,-0.8400000000000001,0.8352
-0.32000000000000006,-0.8400000000000001,0.8080000000000002
-0.28,-0.8400000000000001,0.7840000000000001
-0.24,-0.8400000000000001,0.7632000000000001
-0.19999999999999996,-0.8400000000000001,0.7456
-0.15999999999999992,-0.8400000000000001,0.7312000000000001
-0.11999999999999988,-0.8400000000000001,0.7200000000000001
-0.08000000000000007,-0.8400000000000001,0.7120000000000001
-0.040000000000000036,-0.8400000000000001,0.7072000000000002
0.0,-0.8400000000000001,0.7056000000000001
0.040000000000000036,-0.8400000000000001,0.7072000000000002
0.08000000000000007,-0.8400000000000001,0.7120000000000001
0.1200000000000001,-0.8400000000000001,0.7200000000000002
0.16000000000000014,-0.8400000000000001,0.7312000000000002
0.20000000000000018,-0.8400000000000001,0.7456000000000002
0.2400000000000002,-0.8400000000000001,0.7632000000000002
0.28000000000000025,-0.8400000000000001,0.7840000000000003
0.31999999999999984,-0.8400000000000001,0.808
0.3599999999999999,-0.8400000000000001,0.8352
0.3999999999999999,-0.8400000000000001,0.8656
0.43999999999999995,-0.8400000000000001,0.8992000000000001
0.48,-0.8400000000000001,0.9360000000000002
0.52,-0.8400000000000001,0.9760000000000002
0.56,-0.8400000000000001,1.0192
0.6000000000000001,-0.8400000000000001,1.0656000000000003
0.6400000000000001,-0.8400000000000001,1.1152000000000002
0.6800000000000002,-0.8400000000000001,1.1680000000000004
0.7200000000000002,-0.8400000000000001,1.2240000000000004
0.7600000000000002,-0.8400000000000001,1.2832000000000003
0.8000000000000003,-0.8400000000000001,1.3456000000000006
0.8399999999999999,-0.8400000000000001,1.4112
0.8799999999999999,-0.8400000000000001,1.48
0.9199999999999999,-0.8400000000000001,1.552
0.96,-0.8400000000000001,1.6272000000000002
1.0,-0.8400000000000001,1.7056
1.04,-0.8400000000000001,1.7872000000000003
1.08,-0.8400000000000001,1.8720000000000003
1.12,-0.8400000000000001,1.9600000000000004
1.1600000000000001,-0.8400000000000001,2.0512000000000006
1.2000000000000002,-0.8400000000000001,2.1456000000000004
1.2400000000000002,-0.8400000000000001,2.2432000000000007
1.2800000000000002,-0.8400000000000001,2.3440000000000007
1.3200000000000003,-0.8400000000000001,2.448000000000001
1.3599999999999999,-0.8400000000000001,2.5551999999999997
1.4,-0.8400000000000001,2.6656
1.44,-0.8400000000000001,2.7792
1.48,-0.8400000000000001,2.896
1.52,-0.8400000000000001,3.016
1.56,-0.8400000000000001,3.1392
1.6,-0.8400000000000001,3.2656000000000005
1.6400000000000001,-0.8400000000000001,3.3952000000000004
1.6800000000000002,-0.8400000000000001,3.5280000000000005
1.7200000000000002,-0.8400000000000001,3.6640000000000006
1.7600000000000002,-0.8400000000000001,3.803200000000001
1.8000000000000003,-0.8400000000000001,3.945600000000001
1.8399999999999999,-0.8400000000000001,4.0912
1.88,-0.8400000000000001,4.24
1.92,-0.8400000000000001,4.392
1.96,-0.8400000000000001,4.5472
2.0,-0.8400000000000001,4.7056000000000004
-2.0,-0.8,4.640000000000001
-1.96,-0.8,4.4816
-1.92,-0.8,4.3264
-1.88,-0.8,4.1744
-1.84,-0.8,4.025600000000001
-1.8,-0.8,3.8800000000000003
-1.76,-0.8,3.7376
-1.72,-0.8,3.5984
-1.68,-0.8,3.4623999999999997
-1.6400000000000001,-0.8,3.3296000000000006
-1.6,-0.8,3.2000000000000006
-1.56,-0.8,3.0736000000000003
-1.52,-0.8,2.9504
-1.48,-0.8,2.8304
-1.44,-0.8,2.7136
-1.4,-0.8,2.5999999999999996
-1.3599999999999999,-0.8,2.4896
-1.3199999999999998,-0.8,2.3823999999999996
-1.28,-0.8,2.2784000000000004
-1.24,-0.8,2.1776
-1.2,-0.8,2.08
-1.1600000000000001,-0.8,1.9856000000000005
-1.12,-0.8,1.8944000000000003
-1.08,-0.8,1.8064000000000002
-1.04,-0.8,1.7216000000000002
-1.0,-0.8,1.6400000000000001
-0.96,-0.8,1.5616
-0.9199999999999999,-0.8,1.4864
-0.8799999999999999,-0.8,1.4144
-0.8400000000000001,-0.8,1.3456000000000001
-0.8,-0.8,1.2800000000000002
-0.76,-0.8,1.2176
-0.72,-0.8,1.1584
-0.6799999999999999,-0.8,1.1024
-0.6399999999999999,-0.8,1.0495999999999999
-0.5999999999999999,-0.8,1.0
-0.56,-0.8,0.9536000000000002
-0.52,-0.8,0.9104000000000001
-0.48,-0.8,0.8704000000000001
-0.43999999999999995,-0.8,0.8336000000000001
-0.3999999999999999,-0.8,0.8
-0.3599999999999999,-0.8,0.7696000000000001
-0.32000000000000006,-0.8,0.7424000000000002
-0.28,-0.8,0.7184000000000001
-0.24,-0.8,0.6976000000000001
-0.19999999999999996,-0.8,0.6800000000000002
-0.15999999999999992,-0.8,0.6656000000000001
-0.11999999999999988,-0.8,0.6544000000000001
-0.08000000000000007,-0.8,0.6464000000000001
-0.040000000000000036,-0.8,0.6416000000000002
0.0,-0.8,0.6400000000000001
0.040000000000000036,-0.8,0.6416000000000002
0.08000000000000007,-0.8,0.6464000000000001
0.1200000000000001,-0.8,0.6544000000000002
0.16000000000000014,-0.8,0.6656000000000002
0.20000000000000018,-0.8,0.6800000000000002
0.2400000000000002,-0.8,0.6976000000000002
0.28000000000000025,-0.8,0.7184000000000003
0.31999999999999984,-0.8,0.7424000000000001
0.3599999999999999,-0.8,0.7696000000000001
0.3999999999999999,-0.8,0.8
0.43999999999999995,-0.8,0.8336000000000001
0.48,-0.8,0.8704000000000001
0.52,-0.8,0.9104000000000001
0.56,-0.8,0.9536000000000002
0.6000000000000001,-0.8,1.0000000000000002
0.6400000000000001,-0.8,1.0496000000000003
0.6800000000000002,-0.8,1.1024000000000003
0.7200000000000002,-0.8,1.1584000000000003
0.7600000000000002,-0.8,1.2176000000000005
0.8000000000000003,-0.8,1.2800000000000007
0.8399999999999999,-0.8,1.3456
0.8799999999999999,-0.8,1.4144
0.9199999999999999,-0.8,1.4864
0.96,-0.8,1.5616
1.0,-0.8,1.6400000000000001
1.04,-0.8,1.7216000000000002
1.08,-0.8,1.8064000000000002
1.12,-0.8,1.8944000000000003
1.1600000000000001,-0.8,1.9856000000000005
1.2000000000000002,-0.8,2.0800000000000005
1.2400000000000002,-0.8,2.177600000000001
1.2800000000000002,-0.8,2.278400000000001
1.3200000000000003,-0.8,2.382400000000001
1.3599999999999999,-0.8,2.4896
1.4,-0.8,2.5999999999999996
1.44,-0.8,2.7136
1.48,-0.8,2.8304
1.52,-0.8,2.9504
1.56,-0.8,3.0736000000000003
1.6,-0.8,3.2000000000000006
1.6400000000000001,-0.8,3.3296000000000006
1.6800000000000002,-0.8,3.4624000000000006
1.7200000000000002,-0.8,3.5984000000000007
1.7600000000000002,-0.8,3.737600000000001
1.8000000000000003,-0.8,3.8800000000000012
1.8399999999999999,-0.8,4.025599999999999
1.88,-0.8,4.1744
1.92,-0.8,4.3264
1.96,-0.8,4.4816
2.0,-0.8,4.640000000000001
-2.0,-0.76,4.5776
-1.96,-0.76,4.4192
-1.92,-0.76,4.264
-1.88,-0.76,4.112
-1.84,-0.76,3.9632
-1.8,-0.76,3.8176
-1.76,-0.76,3.6752
-1.72,-0.76,3.5359999999999996
-1.68,-0.76,3.3999999999999995
-1.6400000000000001,-0.76,3.2672000000000003
-1.6,-0.76,3.1376000000000004
-1.56,-0.76,3.0112
-1.52,-0.76,2.888
-1.48,-0.76,2.768
-1.44,-0.76,2.6512
-1.4,-0.76,2.5376
-1.3599999999999999,-0.76,2.4271999999999996
-1.3199999999999998,-0.76,2.3199999999999994
-1.28,-0.76,2.216
-1.24,-0.76,2.1152
-1.2,-0.76,2.0176
-1.1600000000000001,-0.76,1.9232000000000005
-1.12,-0.76,1.8320000000000003
-1.08,-0.76,1.7440000000000002
-1.04,-0.76,1.6592000000000002
-1.0,-0.76,1.5776
-0.96,-0.76,1.4992
-0.9199999999999999,-0.76,1.424
-0.8799999999999999,-0.76,1.3519999999999999
-0.8400000000000001,-0.76,1.2832000000000001
-0.8,-0.76,1.2176
-0.76,-0.76,1.1552
-0.72,-0.76,1.096
-0.6799999999999999,-0.76,1.04
-0.6399999999999999,-0.76,0.9871999999999999
-0.5999999999999999,-0.76,0.9375999999999998
-0.56,-0.76,0.8912
-0.52,-0.76,0.8480000000000001
-0.48,-0.76,0.808
-0.43999999999999995,-0.76,0.7712
-0.3999999999999999,-0.76,0.7375999999999999
-0.3599999999999999,-0.76,0.7071999999999999
-0.32000000000000006,-0.76,0.68
-0.28,-0.76,0.656
-0.24,-0.76,0.6352
-0.19999999999999996,-0.76,0.6175999999999999
-0.15999999999999992,-0.76,0.6032
-0.11999999999999988,-0.76,0.592
-0.08000000000000007,-0.76,0.584
-0.040000000000000036,-0.76,0.5792
0.0,-0.76,0.5776
0.040000000000000036,-0.76,0.5792
0.08000000000000007,-0.76,0.584
0.1200000000000001,-0.76,0.5920000000000001
0.16000000000000014,-0.76,0.6032000000000001
0.20000000000000018,-0.76,0.6176
0.2400000000000002,-0.76,0.6352000000000001
0.28000000000000025,-0.76,0.6560000000000001
0.31999999999999984,-0.76,0.6799999999999999
0.3599999999999999,-0.76,0.7071999999999999
0.3999999999999999,-0.76,0.7375999999999999
0.43999999999999995,-0.76,0.7712
0.48,-0.76,0.808
0.52,-0.76,0.8480000000000001
0.56,-0.76,0.8912
0.6000000000000001,-0.76,0.9376000000000001
0.6400000000000001,-0.76,0.9872000000000002
0.6800000000000002,-0.76,1.0400000000000003
0.7200000000000002,-0.76,1.0960000000000003
0.7600000000000002,-0.76,1.1552000000000002
0.8000000000000003,-0.76,1.2176000000000005
0.8399999999999999,-0.76,1.2832
0.8799999999999999,-0.76,1.3519999999999999
0.9199999999999999,-0.76,1.424
0.96,-0.76,1.4992
1.0,-0.76,1.5776
1.04,-0.76,1.6592000000000002
1.08,-0.76,1.7440000000000002
1.12,-0.76,1.8320000000000003
1.1600000000000001,-0.76,1.9232000000000005
1.2000000000000002,-0.76,2.0176000000000003
1.2400000000000002,-0.76,2.1152000000000006
1.2800000000000002,-0.76,2.2160000000000006
1.3200000000000003,-0.76,2.3200000000000007
1.3599999999999999,-0.76,2.4271999999999996
1.4,-0.76,2.5376
1.44,-0.76,2.6512
1.48,-0.76,2.768
1.52,-0.76,2.888
1.56,-0.76,3.0112
1.6,-0.76,3.1376000000000004
1.6400000000000001,-0.76,3.2672000000000003
1.6800000000000002,-0.76,3.4000000000000004
1.7200000000000002,-0.76,3.5360000000000005
1.7600000000000002,-0.76,3.6752000000000007
1.8000000000000003,-0.76,3.817600000000001
1.8399999999999999,-0.76,3.963199999999999
1.88,-0.76,4.112
1.92,-0.76,4.264
1.96,-0.76,4.4192
2.0,-0.76,4.5776
-2.0,-0.72,4.5184
-1.96,-0.72,4.359999999999999
-1.92,-0.72,4.2048
-1.88,-0.72,4.0527999999999995
-1.84,-0.72,3.904
-1.8,-0.72,3.7584
-1.76,-0.72,3.6159999999999997
-1.72,-0.72,3.4768
-1.68,-0.72,3.3407999999999998
-1.6400000000000001,-0.72,3.208
-1.6,-0.72,3.0784000000000002
-1.56,-0.72,2.952
-1.52,-0.72,2.8288
-1.48,-0.72,2.7088
-1.44,-0.72,2.5919999999999996
-1.4,-0.72,2.4783999999999997
-1.3599999999999999,-0.72,2.3679999999999994
-1.3199999999999998,-0.72,2.2607999999999997
-1.28,-0.72,2.1568
-1.24,-0.72,2.056
-1.2,-0.72,1.9584
-1.1600000000000001,-0.72,1.8640000000000003
-1.12,-0.72,1.7728000000000002
-1.08,-0.72,1.6848
-1.04,-0.72,1.6
-1.0,-0.72,1.5184
-0.96,-0.72,1.44
-0.9199999999999999,-0.72,1.3647999999999998
-0.8799999999999999,-0.72,1.2927999999999997
-0.8400000000000001,-0.72,1.2240000000000002
-0.8,-0.72,1.1584
-0.76,-0.72,1.096
-0.72,-0.72,1.0368
-0.6799999999999999,-0.72,0.9807999999999999
-0.6399999999999999,-0.72,0.9279999999999998
-0.5999999999999999,-0.72,0.8783999999999998
-0.56,-0.72,0.8320000000000001
-0.52,-0.72,0.7888
-0.48,-0.72,0.7487999999999999
-0.43999999999999995,-0.72,0.712
-0.3999999999999999,-0.72,0.6783999999999999
-0.3599999999999999,-0.72,0.6479999999999999
-0.32000000000000006,-0.72,0.6208
-0.28,-0.72,0.5968
-0.24,-0.72,0.576
-0.19999999999999996,-0.72,0.5584
-0.15999999999999992,-0.72,0.5439999999999999
-0.11999999999999988,-0.72,0.5327999999999999
-0.08000000000000007,-0.72,0.5247999999999999
-0.040000000000000036,-0.72,0.52
0.0,-0.72,0.5184
0.040000000000000036,-0.72,0.52
0.08000000000000007,-0.72,0.5247999999999999
0.1200000000000001,-0.72,0.5328
0.16000000000000014,-0.72,0.544
0.20000000000000018,-0.72,0.5584
0.2400000000000002,-0.72,0.5760000000000001
0.28000000000000025,-0.72,0.5968000000000001
0.31999999999999984,-0.72,0.6207999999999999
0.3599999999999999,-0.72,0.6479999999999999
0.3999999999999999,-0.72,0.6783999999999999
0.43999999999999995,-0.72,0.712
0.48,-0.72,0.7487999999999999
0.52,-0.72,0.7888
0.56,-0.72,0.8320000000000001
0.6000000000000001,-0.72,0.8784000000000001
0.6400000000000001,-0.72,0.9280000000000002
0.6800000000000002,-0.72,0.9808000000000001
0.7200000000000002,-0.72,1.0368000000000004
0.7600000000000002,-0.72,1.0960000000000003
0.8000000000000003,-0.72,1.1584000000000003
0.8399999999999999,-0.72,1.2239999999999998
0.8799999999999999,-0.72,1.2927999999999997
0.9199999999999999,-0.72,1.3647999999999998
0.96,-0.72,1.44
1.0,-0.72,1.5184
1.04,-0.72,1.6
1.08,-0.72,1.6848
1.12,-0.72,1.7728000000000002
1.1600000000000001,-0.72,1.8640000000000003
1.2000000000000002,-0.72,1.9584000000000004
1.2400000000000002,-0.72,2.0560000000000005
1.2800000000000002,-0.72,2.1568000000000005
1.3200000000000003,-0.72,2.2608000000000006
1.3599999999999999,-0.72,2.3679999999999994
1.4,-0.72,2.4783999999999997
1.44,-0.72,2.5919999999999996
1.48,-0.72,2.7088
1.52,-0.72,2.8288
1.56,-0.72,2.952
1.6,-0.72,3.0784000000000002
1.6400000000000001,-0.72,3.208
1.6800000000000002,-0.72,3.3408000000000007
1.7200000000000002,-0.72,3.476800000000001
1.7600000000000002,-0.72,3.6160000000000005
1.8000000000000003,-0.72,3.758400000000001
1.8399999999999999,-0.72,3.903999999999999
1.88,-0.72,4.0527999999999995
1.92,-0.72,4.2048
1.96,-0.72,4.359999999999999
2.0,-0.72,4.5184
-2.0,-0.6799999999999999,4.4624
-1.96,-0.6799999999999999,4.303999999999999
-1.92,-0.6799999999999999,4.1488
-1.88,-0.6799999999999999,3.9967999999999995
-1.84,-0.6799999999999999,3.848
-1.8,-0.6799999999999999,3.7024
-1.76,-0.6799999999999999,3.5599999999999996
-1.72,-0.6799999999999999,3.4208
-1.68,-0.6799999999999999,3.2847999999999997
-1.6400000000000001,-0.6799999999999999,3.152
-1.6,-0.6799999999999999,3.0224
-1.56,-0.6799999999999999,2.896
-1.52,-0.6799999999999999,2.7728
-1.48,-0.6799999999999999,2.6528
-1.44,-0.6799999999999999,2.5359999999999996
-1.4,-0.6799999999999999,2.4223999999999997
-1.3599999999999999,-0.6799999999999999,2.3119999999999994
-1.3199999999999998,-0.6799999999999999,2.2047999999999996
-1.28,-0.6799999999999999,2.1008
-1.24,-0.6799999999999999,2.0
-1.2,-0.6799999999999999,1.9023999999999999
-1.1600000000000001,-0.6799999999999999,1.8080000000000003
-1.12,-0.6799999999999999,1.7168
-1.08,-0.6799999999999999,1.6288
-1.04,-0.6799999999999999,1.544
-1.0,-0.6799999999999999,1.4624
-0.96,-0.6799999999999999,1.384
-0.9199999999999999,-0.6799999999999999,1.3087999999999997
-0.8799999999999999,-0.6799999999999999,1.2367999999999997
-0.8400000000000001,-0.6799999999999999,1.1680000000000001
-0.8,-0.6799999999999999,1.1024
-0.76,-0.6799999999999999,1.04
-0.72,-0.6799999999999999,0.9807999999999999
-0.6799999999999999,-0.6799999999999999,0.9247999999999998
-0.6399999999999999,-0.6799999999999999,0.8719999999999998
-0.5999999999999999,-0.6799999999999999,0.8223999999999998
-0.56,-0.6799999999999999,0.776
-0.52,-0.6799999999999999,0.7327999999999999
-0.48,-0.6799999999999999,0.6927999999999999
-0.43999999999999995,-0.6799999999999999,0.6559999999999999
-0.3999999999999999,-0.6799999999999999,0.6223999999999998
-0.3599999999999999,-0.6799999999999999,0.5919999999999999
-0.32000000000000006,-0.6799999999999999,0.5648
-0.28,-0.6799999999999999,0.5408
-0.24,-0.6799999999999999,0.5199999999999999
-0.19999999999999996,-0.6799999999999999,0.5024
-0.15999999999999992,-0.6799999999999999,0.4879999999999999
-0.11999999999999988,-0.6799999999999999,0.4767999999999999
-0.08000000000000007,-0.6799999999999999,0.46879999999999994
-0.040000000000000036,-0.6799999999999999,0.4639999999999999
0.0,-0.6799999999999999,0.4623999999999999
0.040000000000000036,-0.6799999999999999,0.4639999999999999
0.08000000000000007,-0.6799999999999999,0.46879999999999994
0.1200000000000001,-0.6799999999999999,0.47679999999999995
0.16000000000000014,-0.6799999999999999,0.488
0.20000000000000018,-0.6799999999999999,0.5024
0.2400000000000002,-0.6799999999999999,0.52
0.28000000000000025,-0.6799999999999999,0.5408000000000001
0.31999999999999984,-0.6799999999999999,0.5647999999999999
0.3599999999999999,-0.6799999999999999,0.5919999999999999
0.3999999999999999,-0.6799999999999999,0.6223999999999998
0.43999999999999995,-0.6799999999999999,0.6559999999999999
0.48,-0.6799999999999999,0.6927999999999999
0.52,-0.6799999999999999,0.7327999999999999
0.56,-0.6799999999999999,0.776
0.6000000000000001,-0.6799999999999999,0.8224
0.6400000000000001,-0.6799999999999999,0.8720000000000001
0.6800000000000002,-0.6799999999999999,0.9248000000000001
0.7200000000000002,-0.6799999999999999,0.9808000000000002
0.7600000000000002,-0.6799999999999999,1.0400000000000003
0.8000000000000003,-0.6799999999999999,1.1024000000000003
0.8399999999999999,-0.6799999999999999,1.1679999999999997
0.8799999999999999,-0.6799999999999999,1.2367999999999997
0.9199999999999999,-0.6799999999999999,1.3087999999999997
0.96,-0.6799999999999999,1.384
1.0,-0.6799999999999999,1.4624
1.04,-0.6799999999999999,1.544
1.08,-0.6799999999999999,1.6288
1.12,-0.6799999999999999,1.7168
1.1600000000000001,-0.6799999999999999,1.8080000000000003
1.2000000000000002,-0.6799999999999999,1.9024000000000003
1.2400000000000002,-0.6799999999999999,2.0000000000000004
1.2800000000000002,-0.6799999999999999,2.1008000000000004
1.3200000000000003,-0.6799999999999999,2.2048000000000005
1.3599999999999999,-0.6799999999999999,2.3119999999999994
1.4,-0.6799999999999999,2.4223999999999997
1.44,-0.6799999999999999,2.5359999999999996
1.48,-0.6799999999999999,2.6528
1.52,-0.6799999999999999,2.7728
1.56,-0.6799999999999999,2.896
1.6,-0.6799999999999999,3.0224
1.6400000000000001,-0.6799999999999999,3.152
1.6800000000000002,-0.6799999999999999,3.2848000000000006
1.7200000000000002,-0.6799999999999999,3.4208000000000007
1.7600000000000002,-0.6799999999999999,3.5600000000000005
1.8000000000000003,-0.6799999999999999,3.702400000000001
1.8399999999999999,-0.6799999999999999,3.847999999999999
1.88,-0.6799999999999999,3.9967999999999995
1.92,-0.6799999999999999,4.1488
1.96,-0.6799999999999999,4.303999999999999
2.0,-0.6799999999999999,4.4624
-2.0,-0.6399999999999999,4.4096
-1.96,-0.6399999999999999,4.2512
-1.92,-0.6399999999999999,4.096
-1.88,-0.6399999999999999,3.9439999999999995
-1.84,-0.6399999999999999,3.7952
-1.8,-0.6399999999999999,3.6496
-1.76,-0.6399999999999999,3.5071999999999997
-1.72,-0.6399999999999999,3.3679999999999994
-1.68,-0.6399999999999999,3.2319999999999993
-1.6400000000000001,-0.6399999999999999,3.0992
-1.6,-0.6399999999999999,2.9696000000000002
-1.56,-0.6399999999999999,2.8432
-1.52,-0.6399999999999999,2.7199999999999998
-1.48,-0.6399999999999999,2.5999999999999996
-1.44,-0.6399999999999999,2.4831999999999996
-1.4,-0.6399999999999999,2.3695999999999997
-1.3599999999999999,-0.6399999999999999,2.2591999999999994
-1.3199999999999998,-0.6399999999999999,2.1519999999999992
-1.28,-0.6399999999999999,2.048
-1.24,-0.6399999999999999,1.9472
-1.2,-0.6399999999999999,1.8495999999999997
-1.1600000000000001,-0.6399999999999999,1.7552000000000003
-1.12,-0.6399999999999999,1.6640000000000001
-1.08,-0.6399999999999999,1.576
-1.04,-0.6399999999999999,1.4912
-1.0,-0.6399999999999999,1.4095999999999997
-0.96,-0.6399999999999999,1.3312
-0.9199999999999999,-0.6399999999999999,1.2559999999999998
-0.8799999999999999,-0.6399999999999999,1.1839999999999997
-0.8400000000000001,-0.6399999999999999,1.1152
-0.8,-0.6399999999999999,1.0495999999999999
-0.76,-0.6399999999999999,0.9871999999999999
-0.72,-0.6399999999999999,0.9279999999999998
-0.6799999999999999,-0.6399999999999999,0.8719999999999998
-0.6399999999999999,-0.6399999999999999,0.8191999999999997
-0.5999999999999999,-0.6399999999999999,0.7695999999999996
-0.56,-0.6399999999999999,0.7231999999999998
-0.52,-0.6399999999999999,0.6799999999999999
-0.48,-0.6399999999999999,0.6399999999999999
-0.43999999999999995,-0.6399999999999999,0.6031999999999998
-0.3999999999999999,-0.6399999999999999,0.5695999999999998
-0.3599999999999999,-0.6399999999999999,0.5391999999999998
-0.32000000000000006,-0.6399999999999999,0.5119999999999999
-0.28,-0.6399999999999999,0.4879999999999999
-0.24,-0.6399999999999999,0.46719999999999984
-0.19999999999999996,-0.6399999999999999,0.44959999999999983
-0.15999999999999992,-0.6399999999999999,0.4351999999999998
-0.11999999999999988,-0.6399999999999999,0.4239999999999998
-0.08000000000000007,-0.6399999999999999,0.41599999999999987
-0.040000000000000036,-0.6399999999999999,0.41119999999999984
0.0,-0.6399999999999999,0.40959999999999985
0.040000000000000036,-0.6399999999999999,0.41119999999999984
0.08000000000000007,-0.6399999999999999,0.41599999999999987
0.1200000000000001,-0.6399999999999999,0.4239999999999999
0.16000000000000014,-0.6399999999999999,0.4351999999999999
0.20000000000000018,-0.6399999999999999,0.44959999999999994
0.2400000000000002,-0.6399999999999999,0.46719999999999995
0.28000000000000025,-0.6399999999999999,0.488
0.31999999999999984,-0.6399999999999999,0.5119999999999998
0.3599999999999999,-0.6399999999999999,0.5391999999999998
0.3999999999999999,-0.6399999999999999,0.5695999999999998
0.43999999999999995,-0.6399999999999999,0.6031999999999998
0.48,-0.6399999999999999,0.6399999999999999
0.52,-0.6399999999999999,0.6799999999999999
0.56,-0.6399999999999999,0.7231999999999998
0.6000000000000001,-0.6399999999999999,0.7696
0.6400000000000001,-0.6399999999999999,0.8192
0.6800000000000002,-0.6399999999999999,0.8720000000000001
0.7200000000000002,-0.6399999999999999,0.9280000000000002
0.7600000000000002,-0.6399999999999999,0.9872000000000002
0.8000000000000003,-0.6399999999999999,1.0496000000000003
0.8399999999999999,-0.6399999999999999,1.1151999999999997
0.8799999999999999,-0.6399999999999999,1.1839999999999997
0.9199999999999999,-0.6399999999999999,1.2559999999999998
0.96,-0.6399999999999999,1.3312
1.0,-0.6399999999999999,1.4095999999999997
1.04,-0.6399999999999999,1.4912
1.08,-0.6399999999999999,1.576
1.12,-0.6399999999999999,1.6640000000000001
1.1600000000000001,-0.6399999999999999,1.7552000000000003
1.2000000000000002,-0.6399999999999999,1.8496000000000001
1.2400000000000002,-0.6399999999999999,1.9472000000000005
1.2800000000000002,-0.6399999999999999,2.0480000000000005
1.3200000000000003,-0.6399999999999999,2.1520000000000006
1.3599999999999999,-0.6399999999999999,2.2591999999999994
1.4,-0.6399999999999999,2.3695999999999997
1.44,-0.6399999999999999,2.4831999999999996
1.48,-0.6399999999999999,2.5999999999999996
1.52,-0.6399999999999999,2.7199999999999998
1.56,-0.6399999999999999,2.8432
1.6,-0.6399999999999999,2.9696000000000002
1.6400000000000001,-0.6399999999999999,3.0992
1.6800000000000002,-0.6399999999999999,3.232
1.7200000000000002,-0.6399999999999999,3.3680000000000003
1.7600000000000002,-0.6399999999999999,3.5072000000000005
1.8000000000000003,-0.6399999999999999,3.649600000000001
1.8399999999999999,-0.6399999999999999,3.795199999999999
1.88,-0.6399999999999999,3.9439999999999995
1.92,-0.6399999999999999,4.096
1.96,-0.6399999999999999,4.2512
2.0,-0.6399999999999999,4.4096
-2.0,-0.5999999999999999,4.359999999999999
-1.96,-0.5999999999999999,4.201599999999999
-1.92,-0.5999999999999999,4.046399999999999
-1.88,-0.5999999999999999,3.8943999999999996
-1.84,-0.5999999999999999,3.7456
-1.8,-0.5999999999999999,3.6
-1.76,-0.5999999999999999,3.4576
-1.72,-0.5999999999999999,3.3183999999999996
-1.68,-0.5999999999999999,3.1823999999999995
-1.6400000000000001,-0.5999999999999999,3.0496000000000003
-1.6,-0.5999999999999999,2.9200000000000004
-1.56,-0.5999999999999999,2.7936
-1.52,-0.5999999999999999,2.6704
-1.48,-0.5999999999999999,2.5504
-1.44,-0.5999999999999999,2.4335999999999998
-1.4,-0.5999999999999999,2.3199999999999994
-1.3599999999999999,-0.5999999999999999,2.2095999999999996
-1.3199999999999998,-0.5999999999999999,2.1023999999999994
-1.28,-0.5999999999999999,1.9984
-1.24,-0.5999999999999999,1.8976
-1.2,-0.5999999999999999,1.7999999999999998
-1.1600000000000001,-0.5999999999999999,1.7056000000000002
-1.12,-0.5999999999999999,1.6144
-1.08,-0.5999999999999999,1.5264
-1.04,-0.5999999999999999,1.4416
-1.0,-0.5999999999999999,1.3599999999999999
-0.96,-0.5999999999999999,1.2815999999999999
-0.9199999999999999,-0.5999999999999999,1.2063999999999997
-0.8799999999999999,-0.5999999999999999,1.1343999999999996
-0.8400000000000001,-0.5999999999999999,1.0655999999999999
-0.8,-0.5999999999999999,1.0
-0.76,-0.5999999999999999,0.9375999999999998
-0.72,-0.5999999999999999,0.8783999999999998
-0.6799999999999999,-0.5999999999999999,0.8223999999999998
-0.6399999999999999,-0.5999999999999999,0.7695999999999996
-0.5999999999999999,-0.5999999999999999,0.7199999999999996
-0.56,-0.5999999999999999,0.6735999999999999
-0.52,-0.5999999999999999,0.6303999999999998
-0.48,-0.5999999999999999,0.5903999999999998
-0.43999999999999995,-0.5999999999999999,0.5535999999999998
-0.3999999999999999,-0.5999999999999999,0.5199999999999998
-0.3599999999999999,-0.5999999999999999,0.4895999999999997
-0.32000000000000006,-0.5999999999999999,0.46239999999999987
-0.28,-0.5999999999999999,0.43839999999999985
-0.24,-0.5999999999999999,0.4175999999999998
-0.19999999999999996,-0.5999999999999999,0.3999999999999998
-0.15999999999999992,-0.5999999999999999,0.3855999999999998
-0.11999999999999988,-0.5999999999999999,0.3743999999999998
-0.08000000000000007,-0.5999999999999999,0.36639999999999984
-0.040000000000000036,-0.5999999999999999,0.3615999999999998
0.0,-0.5999999999999999,0.3599999999999998
0.040000000000000036,-0.5999999999999999,0.3615999999999998
0.08000000000000007,-0.5999999999999999,0.36639999999999984
0.1200000000000001,-0.5999999999999999,0.37439999999999984
0.16000000000000014,-0.5999999999999999,0.3855999999999999
0.20000000000000018,-0.5999999999999999,0.3999999999999999
0.2400000000000002,-0.5999999999999999,0.4175999999999999
0.28000000000000025,-0.5999999999999999,0.43839999999999996
0.31999999999999984,-0.5999999999999999,0.4623999999999997
0.3599999999999999,-0.5999999999999999,0.4895999999999997
0.3999999999999999,-0.5999999999999999,0.5199999999999998
0.43999999999999995,-0.5999999999999999,0.5535999999999998
0.48,-0.5999999999999999,0.5903999999999998
0.52,-0.5999999999999999,0.6303999999999998
0.56,-0.5999999999999999,0.6735999999999999
0.6000000000000001,-0.5999999999999999,0.72
0.6400000000000001,-0.5999999999999999,0.7696000000000001
0.6800000000000002,-0.5999999999999999,0.8224
0.7200000000000002,-0.5999999999999999,0.8784000000000001
0.7600000000000002,-0.5999999999999999,0.9376000000000002
0.8000000000000003,-0.5999999999999999,1.0000000000000002
0.8399999999999999,-0.5999999999999999,1.0655999999999997
0.8799999999999999,-0.5999999999999999,1.1343999999999996
0.9199999999999999,-0.5999999999999999,1.2063999999999997
0.96,-0.5999999999999999,1.2815999999999999
1.0,-0.5999999999999999,1.3599999999999999
1.04,-0.5999999999999999,1.4416
1.08,-0.5999999999999999,1.5264
1.12,-0.5999999999999999,1.6144
1.1600000000000001,-0.5999999999999999,1.7056000000000002
1.2000000000000002,-0.5999999999999999,1.8000000000000003
1.2400000000000002,-0.5999999999999999,1.8976000000000004
1.2800000000000002,-0.5999999999999999,1.9984000000000006
1.3200000000000003,-0.5999999999999999,2.1024000000000007
1.3599999999999999,-0.5999999999999999,2.2095999999999996
1.4,-0.5999999999999999,2.3199999999999994
1.44,-0.5999999999999999,2.4335999999999998
1.48,-0.5999999999999999,2.5504
1.52,-0.5999999999999999,2.6704
1.56,-0.5999999999999999,2.7936
1.6,-0.5999999999999999,2.9200000000000004
1.6400000000000001,-0.5999999999999999,3.0496000000000003
1.6800000000000002,-0.5999999999999999,3.1824000000000003
1.7200000000000002,-0.5999999999999999,3.3184000000000005
1.7600000000000002,-0.5999999999999999,3.4576000000000007
1.8000000000000003,-0.5999999999999999,3.600000000000001
1.8399999999999999,-0.5999999999999999,3.745599999999999
1.88,-0.5999999999999999,3.8943999999999996
1.92,-0.5999999999999999,4.046399999999999
1.96,-0.5999999999999999,4.201599999999999
2.0,-0.5999999999999999,4.359999999999999
-2.0,-0.56,4.3136
-1.96,-0.56,4.1552
-1.92,-0.56,4.0
-1.88,-0.56,3.848
-1.84,-0.56,3.6992000000000003
-1.8,-0.56,3.5536000000000003
-1.76,-0.56,3.4112
-1.72,-0.56,3.272
-1.68,-0.56,3.1359999999999997
-1.6400000000000001,-0.56,3.0032000000000005
-1.6,-0.56,2.8736000000000006
-1.56,-0.56,2.7472000000000003
-1.52,-0.56,2.624
-1.48,-0.56,2.504
-1.44,-0.56,2.3872
-1.4,-0.56,2.2735999999999996
-1.3599999999999999,-0.56,2.1632
-1.3199999999999998,-0.56,2.0559999999999996
-1.28,-0.56,1.9520000000000002
-1.24,-0.56,1.8512000000000002
-1.2,-0.56,1.7536
-1.1600000000000001,-0.56,1.6592000000000005
-1.12,-0.56,1.5680000000000003
-1.08,-0.56,1.4800000000000002
-1.04,-0.56,1.3952000000000002
-1.0,-0.56,1.3136
-0.96,-0.56,1.2352
-0.9199999999999999,-0.56,1.16
-0.8799999999999999,-0.56,1.0879999999999999
-0.8400000000000001,-0.56,1.0192
-0.8,-0.56,0.9536000000000002
-0.76,-0.56,0.8912
-0.72,-0.56,0.8320000000000001
-0.6799999999999999,-0.56,0.776
-0.6399999999999999,-0.56,0.7231999999999998
-0.5999999999999999,-0.56,0.6735999999999999
-0.56,-0.56,0.6272000000000001
-0.52,-0.56,0.5840000000000001
-0.48,-0.56,0.544
-0.43999999999999995,-0.56,0.5072
-0.3999999999999999,-0.56,0.47359999999999997
-0.3599999999999999,-0.56,0.4431999999999999
-0.32000000000000006,-0.56,0.4160000000000001
-0.28,-0.56,0.39200000000000007
-0.24,-0.56,0.37120000000000003
-0.19999999999999996,-0.56,0.3536
-0.15999999999999992,-0.56,0.3392
-0.11999999999999988,-0.56,0.328
-0.08000000000000007,-0.56,0.32000000000000006
-0.040000000000000036,-0.56,0.31520000000000004
0.0,-0.56,0.31360000000000005
0.040000000000000036,-0.56,0.31520000000000004
0.08000000000000007,-0.56,0.32000000000000006
0.1200000000000001,-0.56,0.32800000000000007
0.16000000000000014,-0.56,0.3392000000000001
0.20000000000000018,-0.56,0.35360000000000014
0.2400000000000002,-0.56,0.37120000000000014
0.28000000000000025,-0.56,0.3920000000000002
0.31999999999999984,-0.56,0.4159999999999999
0.3599999999999999,-0.56,0.4431999999999999
0.3999999999999999,-0.56,0.47359999999999997
0.43999999999999995,-0.56,0.5072
0.48,-0.56,0.544
0.52,-0.56,0.5840000000000001
0.56,-0.56,0.6272000000000001
0.6000000000000001,-0.56,0.6736000000000002
0.6400000000000001,-0.56,0.7232000000000003
0.6800000000000002,-0.56,0.7760000000000002
0.7200000000000002,-0.56,0.8320000000000003
0.7600000000000002,-0.56,0.8912000000000004
0.8000000000000003,-0.56,0.9536000000000004
0.8399999999999999,-0.56,1.0191999999999999
0.8799999999999999,-0.56,1.0879999999999999
0.9199999999999999,-0.56,1.16
0.96,-0.56,1.2352
1.0,-0.56,1.3136
1.04,-0.56,1.3952000000000002
1.08,-0.56,1.4800000000000002
1.12,-0.56,1.5680000000000003
1.1600000000000001,-0.56,1.6592000000000005
1.2000000000000002,-0.56,1.7536000000000005
1.2400000000000002,-0.56,1.8512000000000006
1.2800000000000002,-0.56,1.9520000000000008
1.3200000000000003,-0.56,2.056000000000001
1.3599999999999999,-0.56,2.1632
1.4,-0.56,2.2735999999999996
1.44,-0.56,2.3872
1.48,-0.56,2.504
1.52,-0.56,2.624
1.56,-0.56,2.7472000000000003
1.6,-0.56,2.8736000000000006
1.6400000000000001,-0.56,3.0032000000000005
1.6800000000000002,-0.56,3.1360000000000006
1.7200000000000002,-0.56,3.2720000000000007
1.7600000000000002,-0.56,3.411200000000001
1.8000000000000003,-0.56,3.553600000000001
1.8399999999999999,-0.56,3.6991999999999994
1.88,-0.56,3.848
1.92,-0.56,4.0
1.96,-0.56,4.1552
2.0,-0.56,4.3136
-2.0,-0.52,4.2704
-1.96,-0.52,4.112
-1.92,-0.52,3.9568
-1.88,-0.52,3.8047999999999997
-1.84,-0.52,3.656
-1.8,-0.52,3.5104
-1.76,-0.52,3.368
-1.72,-0.52,3.2287999999999997
-1.68,-0.52,3.0927999999999995
-1.6400000000000001,-0.52,2.9600000000000004
-1.6,-0.52,2.8304000000000005
-1.56,-0.52,2.704
-1.52,-0.52,2.5808
-1.48,-0.52,2.4608
-1.44,-0.52,2.344
-1.4,-0.52,2.2304
-1.3599999999999999,-0.52,2.1199999999999997
-1.3199999999999998,-0.52,2.0127999999999995
-1.28,-0.52,1.9088
-1.24,-0.52,1.808
-1.2,-0.52,1.7104
-1.1600000000000001,-0.52,1.6160000000000003
-1.12,-0.52,1.5248000000000002
-1.08,-0.52,1.4368
-1.04,-0.52,1.352
-1.0,-0.52,1.2704
-0.96,-0.52,1.192
-0.9199999999999999,-0.52,1.1167999999999998
-0.8799999999999999,-0.52,1.0448
-0.8400000000000001,-0.52,0.9760000000000002
-0.8,-0.52,0.9104000000000001
-0.76,-0.52,0.8480000000000001
-0.72,-0.52,0.7888
-0.6799999999999999,-0.52,0.7327999999999999
-0.6399999999999999,-0.52,0.6799999999999999
-0.5999999999999999,-0.52,0.6303999999999998
-0.56,-0.52,0.5840000000000001
-0.52,-0.52,0.5408000000000001
-0.48,-0.52,0.5008
-0.43999999999999995,-0.52,0.46399999999999997
-0.3999999999999999,-0.52,0.43039999999999995
-0.3599999999999999,-0.52,0.3999999999999999
-0.32000000000000006,-0.52,0.3728000000000001
-0.28,-0.52,0.34880000000000005
-0.24,-0.52,0.328
-0.19999999999999996,-0.52,0.3104
-0.15999999999999992,-0.52,0.296
-0.11999999999999988,-0.52,0.2848
-0.08000000000000007,-0.52,0.27680000000000005
-0.040000000000000036,-0.52,0.272
0.0,-0.52,0.27040000000000003
0.040000000000000036,-0.52,0.272
0.08000000000000007,-0.52,0.27680000000000005
0.1200000000000001,-0.52,0.28480000000000005
0.16000000000000014,-0.52,0.2960000000000001
0.20000000000000018,-0.52,0.3104000000000001
0.2400000000000002,-0.52,0.3280000000000001
0.28000000000000025,-0.52,0.34880000000000017
0.31999999999999984,-0.52,0.3727999999999999
0.3599999999999999,-0.52,0.3999999999999999
0.3999999999999999,-0.52,0.43039999999999995
0.43999999999999995,-0.52,0.46399999999999997
0.48,-0.52,0.5008
0.52,-0.52,0.5408000000000001
0.56,-0.52,0.5840000000000001
0.6000000000000001,-0.52,0.6304000000000001
0.6400000000000001,-0.52,0.6800000000000002
0.6800000000000002,-0.52,0.7328000000000002
0.7200000000000002,-0.52,0.7888000000000004
0.7600000000000002,-0.52,0.8480000000000003
0.8000000000000003,-0.52,0.9104000000000005
0.8399999999999999,-0.52,0.9759999999999998
0.8799999999999999,-0.52,1.0448
0.9199999999999999,-0.52,1.1167999999999998
0.96,-0.52,1.192
1.0,-0.52,1.2704
1.04,-0.52,1.352
1.08,-0.52,1.4368
1.12,-0.52,1.5248000000000002
1.1600000000000001,-0.52,1.6160000000000003
1.2000000000000002,-0.52,1.7104000000000004
1.2400000000000002,-0.52,1.8080000000000005
1.2800000000000002,-0.52,1.9088000000000007
1.3200000000000003,-0.52,2.012800000000001
1.3599999999999999,-0.52,2.1199999999999997
1.4,-0.52,2.2304
1.44,-0.52,2.344
1.48,-0.52,2.4608
1.52,-0.52,2.5808
1.56,-0.52,2.704
1.6,-0.52,2.8304000000000005
1.6400000000000001,-0.52,2.9600000000000004
1.6800000000000002,-0.52,3.0928000000000004
1.7200000000000002,-0.52,3.2288000000000006
1.7600000000000002,-0.52,3.3680000000000008
1.8000000000000003,-0.52,3.510400000000001
1.8399999999999999,-0.52,3.6559999999999993
1.88,-0.52,3.8047999999999997
1.92,-0.52,3.9568
1.96,-0.52,4.112
2.0,-0.52,4.2704
-2.0,-0.48,4.2304
-1.96,-0.48,4.072
-1.92,-0.48,3.9168
-1.88,-0.48,3.7647999999999997
-1.84,-0.48,3.616
-1.8,-0.48,3.4704
-1.76,-0.48,3.328
-1.72,-0.48,3.1887999999999996
-1.68,-0.48,3.0527999999999995
-1.6400000000000001,-0.48,2.9200000000000004
-1.6,-0.48,2.7904000000000004
-1.56,-0.48,2.664
-1.52,-0.48,2.5408
-1.48,-0.48,2.4208
-1.44,-0.48,2.304
-1.4,-0.48,2.1904
-1.3599999999999999,-0.48,2.0799999999999996
-1.3199999999999998,-0.48,1.9727999999999994
-1.28,-0.48,1.8688
-1.24,-0.48,1.768
-1.2,-0.48,1.6703999999999999
-1.1600000000000001,-0.48,1.5760000000000003
-1.12,-0.48,1.4848000000000001
-1.08,-0.48,1.3968
-1.04,-0.48,1.312
-1.0,-0.48,1.2304
-0.96,-0.48,1.152
-0.9199999999999999,-0.48,1.0767999999999998
-0.8799999999999999,-0.48,1.0048
-0.8400000000000001,-0.48,0.9360000000000002
-0.8,-0.48,0.8704000000000001
-0.76,-0.48,0.808
-0.72,-0.48,0.7487999999999999
-0.6799999999999999,-0.48,0.6927999999999999
-0.6399999999999999,-0.48,0.6399999999999999
-0.5999999999999999,-0.48,0.5903999999999998
-0.56,-0.48,0.544
-0.52,-0.48,0.5008
-0.48,-0.48,0.4608
-0.43999999999999995,-0.48,0.42399999999999993
-0.3999999999999999,-0.48,0.3903999999999999
-0.3599999999999999,-0.48,0.3599999999999999
-0.32000000000000006,-0.48,0.33280000000000004
-0.28,-0.48,0.3088
-0.24,-0.48,0.288
-0.19999999999999996,-0.48,0.2704
-0.15999999999999992,-0.48,0.25599999999999995
-0.11999999999999988,-0.48,0.24479999999999996
-0.08000000000000007,-0.48,0.2368
-0.040000000000000036,-0.48,0.23199999999999998
0.0,-0.48,0.2304
0.040000000000000036,-0.48,0.23199999999999998
0.08000000000000007,-0.48,0.2368
0.1200000000000001,-0.48,0.24480000000000002
0.16000000000000014,-0.48,0.25600000000000006
0.20000000000000018,-0.48,0.2704000000000001
0.2400000000000002,-0.48,0.2880000000000001
0.28000000000000025,-0.48,0.30880000000000013
0.31999999999999984,-0.48,0.3327999999999999
0.3599999999999999,-0.48,0.3599999999999999
0.3999999999999999,-0.48,0.3903999999999999
0.43999999999999995,-0.48,0.42399999999999993
0.48,-0.48,0.4608
0.52,-0.48,0.5008
0.56,-0.48,0.544
0.6000000000000001,-0.48,0.5904
0.6400000000000001,-0.48,0.6400000000000001
0.6800000000000002,-0.48,0.6928000000000002
0.7200000000000002,-0.48,0.7488000000000004
0.7600000000000002,-0.48,0.8080000000000003
0.8000000000000003,-0.48,0.8704000000000005
0.8399999999999999,-0.48,0.9359999999999997
0.8799999999999999,-0.48,1.0048
0.9199999999999999,-0.48,1.0767999999999998
0.96,-0.48,1.152
1.0,-0.48,1.2304
1.04,-0.48,1.312
1.08,-0.48,1.3968
1.12,-0.48,1.4848000000000001
1.1600000000000001,-0.48,1.5760000000000003
1.2000000000000002,-0.48,1.6704000000000003
1.2400000000000002,-0.48,1.7680000000000005
1.2800000000000002,-0.48,1.8688000000000007
1.3200000000000003,-0.48,1.9728000000000008
1.3599999999999999,-0.48,2.0799999999999996
1.4,-0.48,2.1904
1.44,-0.48,2.304
1.48,-0.48,2.4208
1.52,-0.48,2.5408
1.56,-0.48,2.664
1.6,-0.48,2.7904000000000004
1.6400000000000001,-0.48,2.9200000000000004
1.6800000000000002,-0.48,3.0528000000000004
1.7200000000000002,-0.48,3.1888000000000005
1.7600000000000002,-0.48,3.3280000000000007
1.8000000000000003,-0.48,3.470400000000001
1.8399999999999999,-0.48,3.615999999999999
1.88,-0.48,3.7647999999999997
1.92,-0.48,3.9168
1.96,-0.48,4.072
2.0,-0.48,4.2304
-2.0,-0.43999999999999995,4.1936
-1.96,-0.43999999999999995,4.0352
-1.92,-0.43999999999999995,3.88
-1.88,-0.43999999999999995,3.7279999999999998
-1.84,-0.43999999999999995,3.5792
-1.8,-0.43999999999999995,3.4336
-1.76,-0.43999999999999995,3.2912
-1.72,-0.43999999999999995,3.1519999999999997
-1.68,-0.43999999999999995,3.0159999999999996
-1.6400000000000001,-0.43999999999999995,2.8832000000000004
-1.6,-0.43999999999999995,2.7536000000000005
-1.56,-0.43999999999999995,2.6272
-1.52,-0.43999999999999995,2.504
-1.48,-0.43999999999999995,2.384
-1.44,-0.43999999999999995,2.2672
-1.4,-0.43999999999999995,2.1535999999999995
-1.3599999999999999,-0.43999999999999995,2.0431999999999997
-1.3199999999999998,-0.43999999999999995,1.9359999999999995
-1.28,-0.43999999999999995,1.832
-1.24,-0.43999999999999995,1.7312
-1.2,-0.43999999999999995,1.6336
-1.1600000000000001,-0.43999999999999995,1.5392000000000003
-1.12,-0.43999999999999995,1.4480000000000002
-1.08,-0.43999999999999995,1.36
-1.04,-0.43999999999999995,1.2752000000000001
-1.0,-0.43999999999999995,1.1936
-0.96,-0.43999999999999995,1.1152
-0.9199999999999999,-0.43999999999999995,1.0399999999999998
-0.8799999999999999,-0.43999999999999995,0.9679999999999999
-0.8400000000000001,-0.43999999999999995,0.8992000000000001
-0.8,-0.43999999999999995,0.8336000000000001
-0.76,-0.43999999999999995,0.7712
-0.72,-0.43999999999999995,0.712
-0.6799999999999999,-0.43999999999999995,0.6559999999999999
-0.6399999999999999,-0.43999999999999995,0.6031999999999998
-0.5999999999999999,-0.43999999999999995,0.5535999999999998
-0.56,-0.43999999999999995,0.5072
-0.52,-0.43999999999999995,0.46399999999999997
-0.48,-0.43999999999999995,0.42399999999999993
-0.43999999999999995,-0.43999999999999995,0.38719999999999993
-0.3999999999999999,-0.43999999999999995,0.3535999999999999
-0.3599999999999999,-0.43999999999999995,0.3231999999999999
-0.32000000000000006,-0.43999999999999995,0.29600000000000004
-0.28,-0.43999999999999995,0.27199999999999996
-0.24,-0.43999999999999995,0.2512
-0.19999999999999996,-0.43999999999999995,0.23359999999999995
-0.15999999999999992,-0.43999999999999995,0.21919999999999995
-0.11999999999999988,-0.43999999999999995,0.20799999999999993
-0.08000000000000007,-0.43999999999999995,0.19999999999999998
-0.040000000000000036,-0.43999999999999995,0.19519999999999996
0.0,-0.43999999999999995,0.19359999999999997
0.040000000000000036,-0.43999999999999995,0.19519999999999996
0.08000000000000007,-0.43999999999999995,0.19999999999999998
0.1200000000000001,-0.43999999999999995,0.208
0.16000000000000014,-0.43999999999999995,0.2192
0.20000000000000018,-0.43999999999999995,0.23360000000000003
0.2400000000000002,-0.43999999999999995,0.2512000000000001
0.28000000000000025,-0.43999999999999995,0.27200000000000013
0.31999999999999984,-0.43999999999999995,0.2959999999999999
0.3599999999999999,-0.43999999999999995,0.3231999999999999
0.3999999999999999,-0.43999999999999995,0.3535999999999999
0.43999999999999995,-0.43999999999999995,0.38719999999999993
0.48,-0.43999999999999995,0.42399999999999993
0.52,-0.43999999999999995,0.46399999999999997
0.56,-0.43999999999999995,0.5072
0.6000000000000001,-0.43999999999999995,0.5536000000000001
0.6400000000000001,-0.43999999999999995,0.6032000000000002
0.6800000000000002,-0.43999999999999995,0.6560000000000001
0.7200000000000002,-0.43999999999999995,0.7120000000000003
0.7600000000000002,-0.43999999999999995,0.7712000000000003
0.8000000000000003,-0.43999999999999995,0.8336000000000005
0.8399999999999999,-0.43999999999999995,0.8991999999999998
0.8799999999999999,-0.43999999999999995,0.9679999999999999
0.9199999999999999,-0.43999999999999995,1.0399999999999998
0.96,-0.43999999999999995,1.1152
1.0,-0.43999999999999995,1.1936
1.04,-0.43999999999999995,1.2752000000000001
1.08,-0.43999999999999995,1.36
1.12,-0.43999999999999995,1.4480000000000002
1.1600000000000001,-0.43999999999999995,1.5392000000000003
1.2000000000000002,-0.43999999999999995,1.6336000000000004
1.2400000000000002,-0.43999999999999995,1.7312000000000005
1.2800000000000002,-0.43999999999999995,1.8320000000000007
1.3200000000000003,-0.43999999999999995,1.9360000000000008
1.3599999999999999,-0.43999999999999995,2.0431999999999997
1.4,-0.43999999999999995,2.1535999999999995
1.44,-0.43999999999999995,2.2672
1.48,-0.43999999999999995,2.384
1.52,-0.43999999999999995,2.504
1.56,-0.43999999999999995,2.6272
1.6,-0.43999999999999995,2.7536000000000005
1.6400000000000001,-0.43999999999999995,2.8832000000000004
1.6800000000000002,-0.43999999999999995,3.0160000000000005
1.7200000000000002,-0.43999999999999995,3.1520000000000006
1.7600000000000002,-0.43999999999999995,3.291200000000001
1.8000000000000003,-0.43999999999999995,3.433600000000001
1.8399999999999999,-0.43999999999999995,3.5791999999999993
1.88,-0.43999999999999995,3.7279999999999998
1.92,-0.43999999999999995,3.88
1.96,-0.43999999999999995,4.0352
2.0,-0.43999999999999995,4.1936
-2.0,-0.3999999999999999,4.16
-1.96,-0.3999999999999999,4.0016
-1.92,-0.3999999999999999,3.8464
-1.88,-0.3999999999999999,3.6944
-1.84,-0.3999999999999999,3.5456000000000003
-1.8,-0.3999999999999999,3.4000000000000004
-1.76,-0.3999999999999999,3.2576
-1.72,-0.3999999999999999,3.1183999999999994
-1.68,-0.3999999999999999,2.9823999999999993
-1.6400000000000001,-0.3999999999999999,2.8496000000000006
-1.6,-0.3999999999999999,2.7200000000000006
-1.56,-0.3999999999999999,2.5936000000000003
-1.52,-0.3999999999999999,2.4703999999999997
-1.48,-0.3999999999999999,2.3503999999999996
-1.44,-0.3999999999999999,2.2336
-1.4,-0.3999999999999999,2.1199999999999997
-1.3599999999999999,-0.3999999999999999,2.0096
-1.3199999999999998,-0.3999999999999999,1.9023999999999994
-1.28,-0.3999999999999999,1.7984
-1.24,-0.3999999999999999,1.6976
-1.2,-0.3999999999999999,1.5999999999999999
-1.1600000000000001,-0.3999999999999999,1.5056000000000003
-1.12,-0.3999999999999999,1.4144
-1.08,-0.3999999999999999,1.3264
-1.04,-0.3999999999999999,1.2416
-1.0,-0.3999999999999999,1.16
-0.96,-0.3999999999999999,1.0816
-0.9199999999999999,-0.3999999999999999,1.0063999999999997
-0.8799999999999999,-0.3999999999999999,0.9343999999999998
-0.8400000000000001,-0.3999999999999999,0.8656
-0.8,-0.3999999999999999,0.8
-0.76,-0.3999999999999999,0.7375999999999999
-0.72,-0.3999999999999999,0.6783999999999999
-0.6799999999999999,-0.3999999999999999,0.6223999999999998
-0.6399999999999999,-0.3999999999999999,0.5695999999999998
-0.5999999999999999,-0.3999999999999999,0.5199999999999998
-0.56,-0.3999999999999999,0.47359999999999997
-0.52,-0.3999999999999999,0.43039999999999995
-0.48,-0.3999999999999999,0.3903999999999999
-0.43999999999999995,-0.3999999999999999,0.3535999999999999
-0.3999999999999999,-0.3999999999999999,0.31999999999999984
-0.3599999999999999,-0.3999999999999999,0.28959999999999986
-0.32000000000000006,-0.3999999999999999,0.26239999999999997
-0.28,-0.3999999999999999,0.23839999999999995
-0.24,-0.3999999999999999,0.2175999999999999
-0.19999999999999996,-0.3999999999999999,0.1999999999999999
-0.15999999999999992,-0.3999999999999999,0.1855999999999999
-0.11999999999999988,-0.3999999999999999,0.1743999999999999
-0.08000000000000007,-0.3999999999999999,0.16639999999999994
-0.040000000000000036,-0.3999999999999999,0.1615999999999999
0.0,-0.3999999999999999,0.15999999999999992
0.040000000000000036,-0.3999999999999999,0.1615999999999999
0.08000000000000007,-0.3999999999999999,0.16639999999999994
0.1200000000000001,-0.3999999999999999,0.17439999999999994
0.16000000000000014,-0.3999999999999999,0.18559999999999996
0.20000000000000018,-0.3999999999999999,0.19999999999999998
0.2400000000000002,-0.3999999999999999,0.21760000000000002
0.28000000000000025,-0.3999999999999999,0.23840000000000006
0.31999999999999984,-0.3999999999999999,0.2623999999999998
0.3599999999999999,-0.3999999999999999,0.28959999999999986
0.3999999999999999,-0.3999999999999999,0.31999999999999984
0.43999999999999995,-0.3999999999999999,0.3535999999999999
0.48,-0.3999999999999999,0.3903999999999999
0.52,-0.3999999999999999,0.43039999999999995
0.56,-0.3999999999999999,0.47359999999999997
0.6000000000000001,-0.3999999999999999,0.52
0.6400000000000001,-0.3999999999999999,0.5696000000000001
0.6800000000000002,-0.3999999999999999,0.6224000000000001
0.7200000000000002,-0.3999999999999999,0.6784000000000002
0.7600000000000002,-0.3999999999999999,0.7376000000000003
0.8000000000000003,-0.3999999999999999,0.8000000000000004
0.8399999999999999,-0.3999999999999999,0.8655999999999997
0.8799999999999999,-0.3999999999999999,0.9343999999999998
0.9199999999999999,-0.3999999999999999,1.0063999999999997
0.96,-0.3999999999999999,1.0816
1.0,-0.3999999999999999,1.16
1.04,-0.3999999999999999,1.2416
1.08,-0.3999999999999999,1.3264
1.12,-0.3999999999999999,1.4144
1.1600000000000001,-0.3999999999999999,1.5056000000000003
1.2000000000000002,-0.3999999999999999,1.6000000000000003
1.2400000000000002,-0.3999999999999999,1.6976000000000004
1.2800000000000002,-0.3999999999999999,1.7984000000000007
1.3200000000000003,-0.3999999999999999,1.9024000000000008
1.3599999999999999,-0.3999999999999999,2.0096
1.4,-0.3999999999999999,2.1199999999999997
1.44,-0.3999999999999999,2.2336
1.48,-0.3999999999999999,2.3503999999999996
1.52,-0.3999999999999999,2.4703999999999997
1.56,-0.3999999999999999,2.5936000000000003
1.6,-0.3999999999999999,2.7200000000000006
1.6400000000000001,-0.3999999999999999,2.8496000000000006
1.6800000000000002,-0.3999999999999999,2.9824
1.7200000000000002,-0.3999999999999999,3.1184000000000003
1.7600000000000002,-0.3999999999999999,3.257600000000001
1.8000000000000003,-0.3999999999999999,3.4000000000000012
1.8399999999999999,-0.3999999999999999,3.5455999999999994
1.88,-0.3999999999999999,3.6944
1.92,-0.3999999999999999,3.8464
1.96,-0.3999999999999999,4.0016
2.0,-0.3999999999999999,4.16
-2.0,-0.3599999999999999,4.1296
-1.96,-0.3599999999999999,3.9711999999999996
-1.92,-0.3599999999999999,3.816
-1.88,-0.3599999999999999,3.6639999999999997
-1.84,-0.3599999999999999,3.5152
-1.8,-0.3599999999999999,3.3696
-1.76,-0.3599999999999999,3.2272
-1.72,-0.3599999999999999,3.0879999999999996
-1.68,-0.3599999999999999,2.9519999999999995
-1.6400000000000001,-0.3599999999999999,2.8192000000000004
-1.6,-0.3599999999999999,2.6896000000000004
-1.56,-0.3599999999999999,2.5632
-1.52,-0.3599999999999999,2.44
-1.48,-0.3599999999999999,2.32
-1.44,-0.3599999999999999,2.2032
-1.4,-0.3599999999999999,2.0895999999999995
-1.3599999999999999,-0.3599999999999999,1.9791999999999996
-1.3199999999999998,-0.3599999999999999,1.8719999999999994
-1.28,-0.3599999999999999,1.768
-1.24,-0.3599999999999999,1.6672
-1.2,-0.3599999999999999,1.5695999999999999
-1.1600000000000001,-0.3599999999999999,1.4752000000000003
-1.12,-0.3599999999999999,1.3840000000000001
-1.08,-0.3599999999999999,1.296
-1.04,-0.3599999999999999,1.2112
-1.0,-0.3599999999999999,1.1296
-0.96,-0.3599999999999999,1.0512
-0.9199999999999999,-0.3599999999999999,0.9759999999999998
-0.8799999999999999,-0.3599999999999999,0.9039999999999998
-0.8400000000000001,-0.3599999999999999,0.8352
-0.8,-0.3599999999999999,0.7696000000000001
-0.76,-0.3599999999999999,0.7071999999999999
-0.72,-0.3599999999999999,0.6479999999999999
-0.6799999999999999,-0.3599999999999999,0.5919999999999999
-0.6399999999999999,-0.3599999999999999,0.5391999999999998
-0.5999999999999999,-0.3599999999999999,0.4895999999999997
-0.56,-0.3599999999999999,0.4431999999999999
-0.52,-0.3599999999999999,0.3999999999999999
-0.48,-0.3599999999999999,0.3599999999999999
-0.43999999999999995,-0.3599999999999999,0.3231999999999999
-0.3999999999999999,-0.3599999999999999,0.28959999999999986
-0.3599999999999999,-0.3599999999999999,0.2591999999999998
-0.32000000000000006,-0.3599999999999999,0.23199999999999996
-0.28,-0.3599999999999999,0.2079999999999999
-0.24,-0.3599999999999999,0.18719999999999992
-0.19999999999999996,-0.3599999999999999,0.1695999999999999
-0.15999999999999992,-0.3599999999999999,0.1551999999999999
-0.11999999999999988,-0.3599999999999999,0.14399999999999988
-0.08000000000000007,-0.3599999999999999,0.13599999999999993
-0.040000000000000036,-0.3599999999999999,0.1311999999999999
0.0,-0.3599999999999999,0.1295999999999999
0.040000000000000036,-0.3599999999999999,0.1311999999999999
0.08000000000000007,-0.3599999999999999,0.13599999999999993
0.1200000000000001,-0.3599999999999999,0.14399999999999993
0.16000000000000014,-0.3599999999999999,0.15519999999999995
0.20000000000000018,-0.3599999999999999,0.16959999999999997
0.2400000000000002,-0.3599999999999999,0.1872
0.28000000000000025,-0.3599999999999999,0.20800000000000005
0.31999999999999984,-0.3599999999999999,0.23199999999999982
0.3599999999999999,-0.3599999999999999,0.2591999999999998
0.3999999999999999,-0.3599999999999999,0.28959999999999986
0.43999999999999995,-0.3599999999999999,0.3231999999999999
0.48,-0.3599999999999999,0.3599999999999999
0.52,-0.3599999999999999,0.3999999999999999
0.56,-0.3599999999999999,0.4431999999999999
0.6000000000000001,-0.3599999999999999,0.48960000000000004
0.6400000000000001,-0.3599999999999999,0.5392000000000001
0.6800000000000002,-0.3599999999999999,0.5920000000000001
0.7200000000000002,-0.3599999999999999,0.6480000000000002
0.7600000000000002,-0.3599999999999999,0.7072000000000003
0.8000000000000003,-0.3599999999999999,0.7696000000000004
0.8399999999999999,-0.3599999999999999,0.8351999999999997
0.8799999999999999,-0.3599999999999999,0.9039999999999998
0.9199999999999999,-0.3599999999999999,0.9759999999999998
0.96,-0.3599999999999999,1.0512
1.0,-0.3599999999999999,1.1296
1.04,-0.3599999999999999,1.2112
1.08,-0.3599999999999999,1.296
1.12,-0.3599999999999999,1.3840000000000001
1.1600000000000001,-0.3599999999999999,1.4752000000000003
1.2000000000000002,-0.3599999999999999,1.5696000000000003
1.2400000000000002,-0.3599999999999999,1.6672000000000005
1.2800000000000002,-0.3599999999999999,1.7680000000000007
1.3200000000000003,-0.3599999999999999,1.8720000000000008
1.3599999999999999,-0.3599999999999999,1.9791999999999996
1.4,-0.3599999999999999,2.0895999999999995
1.44,-0.3599999999999999,2.2032
1.48,-0.3599999999999999,2.32
1.52,-0.3599999999999999,2.44
1.56,-0.3599999999999999,2.5632
1.6,-0.3599999999999999,2.6896000000000004
1.6400000000000001,-0.3599999999999999,2.8192000000000004
1.6800000000000002,-0.3599999999999999,2.9520000000000004
1.7200000000000002,-0.3599999999999999,3.0880000000000005
1.7600000000000002,-0.3599999999999999,3.2272000000000007
1.8000000000000003,-0.3599999999999999,3.369600000000001
1.8399999999999999,-0.3599999999999999,3.515199999999999
1.88,-0.3599999999999999,3.6639999999999997
1.92,-0.3599999999999999,3.816
1.96,-0.3599999999999999,3.9711999999999996
2.0,-0.3599999999999999,4.1296
-2.0,-0.32000000000000006,4.1024
-1.96,-0.32000000000000006,3.944
-1.92,-0.32000000000000006,3.7888
-1.88,-0.32000000000000006,3.6368
-1.84,-0.32000000000000006,3.4880000000000004
-1.8,-0.32000000000000006,3.3424000000000005
-1.76,-0.32000000000000006,3.2
-1.72,-0.32000000000000006,3.0607999999999995
-1.68,-0.32000000000000006,2.9247999999999994
-1.6400000000000001,-0.32000000000000006,2.7920000000000007
-1.6,-0.32000000000000006,2.6624000000000008
-1.56,-0.32000000000000006,2.5360000000000005
-1.52,-0.32000000000000006,2.4128
-1.48,-0.32000000000000006,2.2927999999999997
-1.44,-0.32000000000000006,2.176
-1.4,-0.32000000000000006,2.0624
-1.3599999999999999,-0.32000000000000006,1.9519999999999997
-1.3199999999999998,-0.32000000000000006,1.8447999999999996
-1.28,-0.32000000000000006,1.7408000000000001
-1.24,-0.32000000000000006,1.6400000000000001
-1.2,-0.32000000000000006,1.5424
-1.1600000000000001,-0.32000000000000006,1.4480000000000004
-1.12,-0.32000000000000006,1.3568000000000002
-1.08,-0.32000000000000006,1.2688000000000001
-1.04,-0.32000000000000006,1.1840000000000002
-1.0,-0.32000000000000006,1.1024
-0.96,-0.32000000000000006,1.024
-0.9199999999999999,-0.32000000000000006,0.9487999999999999
-0.8799999999999999,-0.32000000000000006,0.8767999999999999
-0.8400000000000001,-0.32000000000000006,0.8080000000000002
-0.8,-0.32000000000000006,0.7424000000000002
-0.76,-0.32000000000000006,0.68
-0.72,-0.32000000000000006,0.6208
-0.6799999999999999,-0.32000000000000006,0.5648
-0.6399999999999999,-0.32000000000000006,0.5119999999999999
-0.5999999999999999,-0.32000000000000006,0.46239999999999987
-0.56,-0.32000000000000006,0.4160000000000001
-0.52,-0.32000000000000006,0.3728000000000001
-0.48,-0.32000000000000006,0.33280000000000004
-0.43999999999999995,-0.32000000000000006,0.29600000000000004
-0.3999999999999999,-0.32000000000000006,0.26239999999999997
-0.3599999999999999,-0.32000000000000006,0.23199999999999996
-0.32000000000000006,-0.32000000000000006,0.2048000000000001
-0.28,-0.32000000000000006,0.18080000000000007
-0.24,-0.32000000000000006,0.16000000000000003
-0.19999999999999996,-0.32000000000000006,0.14240000000000003
-0.15999999999999992,-0.32000000000000006,0.12800000000000003
-0.11999999999999988,-0.32000000000000006,0.11680000000000001
-0.08000000000000007,-0.32000000000000006,0.10880000000000006
-0.040000000000000036,-0.32000000000000006,0.10400000000000005
0.0,-0.32000000000000006,0.10240000000000005
0.040000000000000036,-0.32000000000000006,0.10400000000000005
0.08000000000000007,-0.32000000000000006,0.10880000000000006
0.1200000000000001,-0.32000000000000006,0.11680000000000007
0.16000000000000014,-0.32000000000000006,0.12800000000000009
0.20000000000000018,-0.32000000000000006,0.1424000000000001
0.2400000000000002,-0.32000000000000006,0.16000000000000014
0.28000000000000025,-0.32000000000000006,0.18080000000000018
0.31999999999999984,-0.32000000000000006,0.20479999999999993
0.3599999999999999,-0.32000000000000006,0.23199999999999996
0.3999999999999999,-0.32000000000000006,0.26239999999999997
0.43999999999999995,-0.32000000000000006,0.29600000000000004
0.48,-0.32000000000000006,0.33280000000000004
0.52,-0.32000000000000006,0.3728000000000001
0.56,-0.32000000000000006,0.4160000000000001
0.6000000000000001,-0.32000000000000006,0.46240000000000014
0.6400000000000001,-0.32000000000000006,0.5120000000000002
0.6800000000000002,-0.32000000000000006,0.5648000000000002
0.7200000000000002,-0.32000000000000006,0.6208000000000004
0.7600000000000002,-0.32000000000000006,0.6800000000000004
0.8000000000000003,-0.32000000000000006,0.7424000000000005
0.8399999999999999,-0.32000000000000006,0.8079999999999998
0.8799999999999999,-0.32000000000000006,0.8767999999999999
0.9199999999999999,-0.32000000000000006,0.9487999999999999
0.96,-0.32000000000000006,1.024
1.0,-0.32000000000000006,1.1024
1.04,-0.32000000000000006,1.1840000000000002
1.08,-0.32000000000000006,1.2688000000000001
1.12,-0.32000000000000006,1.3568000000000002
1.1600000000000001,-0.32000000000000006,1.4480000000000004
1.2000000000000002,-0.32000000000000006,1.5424000000000004
1.2400000000000002,-0.32000000000000006,1.6400000000000006
1.2800000000000002,-0.32000000000000006,1.7408000000000008
1.3200000000000003,-0.32000000000000006,1.8448000000000009
1.3599999999999999,-0.32000000000000006,1.9519999999999997
1.4,-0.32000000000000006,2.0624
1.44,-0.32000000000000006,2.176
1.48,-0.32000000000000006,2.2927999999999997
1.52,-0.32000000000000006,2.4128
1.56,-0.32000000000000006,2.5360000000000005
1.6,-0.32000000000000006,2.6624000000000008
1.6400000000000001,-0.32000000000000006,2.7920000000000007
1.6800000000000002,-0.32000000000000006,2.9248000000000003
1.7200000000000002,-0.32000000000000006,3.0608000000000004
1.7600000000000002,-0.32000000000000006,3.200000000000001
1.8000000000000003,-0.32000000000000006,3.3424000000000014
1.8399999999999999,-0.32000000000000006,3.4879999999999995
1.88,-0.32000000000000006,3.6368
1.92,-0.32000000000000006,3.7888
1.96,-0.32000000000000006,3.944
2.0,-0.32000000000000006,4.1024
-2.0,-0.28,4.0784
-1.96,-0.28,3.9199999999999995
-1.92,-0.28,3.7647999999999997
-1.88,-0.28,3.6127999999999996
-1.84,-0.28,3.464
-1.8,-0.28,3.3184
-1.76,-0.28,3.1759999999999997
-1.72,-0.28,3.0367999999999995
-1.68,-0.28,2.9007999999999994
-1.6400000000000001,-0.28,2.7680000000000002
-1.6,-0.28,2.6384000000000003
-1.56,-0.28,2.512
-1.52,-0.28,2.3888
-1.48,-0.28,2.2687999999999997
-1.44,-0.28,2.1519999999999997
-1.4,-0.28,2.0383999999999998
-1.3599999999999999,-0.28,1.9279999999999997
-1.3199999999999998,-0.28,1.8207999999999995
-1.28,-0.28,1.7168
-1.24,-0.28,1.616
-1.2,-0.28,1.5184
-1.1600000000000001,-0.28,1.4240000000000004
-1.12,-0.28,1.3328000000000002
-1.08,-0.28,1.2448000000000001
-1.04,-0.28,1.1600000000000001
-1.0,-0.28,1.0784
-0.96,-0.28,1.0
-0.9199999999999999,-0.28,0.9247999999999998
-0.8799999999999999,-0.28,0.8527999999999999
-0.8400000000000001,-0.28,0.7840000000000001
-0.8,-0.28,0.7184000000000001
-0.76,-0.28,0.656
-0.72,-0.28,0.5968
-0.6799999999999999,-0.28,0.5408
-0.6399999999999999,-0.28,0.4879999999999999
-0.5999999999999999,-0.28,0.43839999999999985
-0.56,-0.28,0.39200000000000007
-0.52,-0.28,0.34880000000000005
-0.48,-0.28,0.3088
-0.43999999999999995,-0.28,0.27199999999999996
-0.3999999999999999,-0.28,0.23839999999999995
-0.3599999999999999,-0.28,0.2079999999999999
-0.32000000000000006,-0.28,0.18080000000000007
-0.28,-0.28,0.15680000000000002
-0.24,-0.28,0.136
-0.19999999999999996,-0.28,0.11839999999999999
-0.15999999999999992,-0.28,0.10399999999999998
-0.11999999999999988,-0.28,0.09279999999999998
-0.08000000000000007,-0.28,0.08480000000000003
-0.040000000000000036,-0.28,0.08000000000000002
0.0,-0.28,0.07840000000000001
0.040000000000000036,-0.28,0.08000000000000002
0.08000000000000007,-0.28,0.08480000000000003
0.1200000000000001,-0.28,0.09280000000000004
0.16000000000000014,-0.28,0.10400000000000006
0.20000000000000018,-0.28,0.11840000000000009
0.2400000000000002,-0.28,0.13600000000000012
0.28000000000000025,-0.28,0.15680000000000016
0.31999999999999984,-0.28,0.1807999999999999
0.3599999999999999,-0.28,0.2079999999999999
0.3999999999999999,-0.28,0.23839999999999995
0.43999999999999995,-0.28,0.27199999999999996
0.48,-0.28,0.3088
0.52,-0.28,0.34880000000000005
0.56,-0.28,0.39200000000000007
0.6000000000000001,-0.28,0.4384000000000001
0.6400000000000001,-0.28,0.4880000000000002
0.6800000000000002,-0.28,0.5408000000000002
0.7200000000000002,-0.28,0.5968000000000003
0.7600000000000002,-0.28,0.6560000000000004
0.8000000000000003,-0.28,0.7184000000000005
0.8399999999999999,-0.28,0.7839999999999998
0.8799999999999999,-0.28,0.8527999999999999
0.9199999999999999,-0.28,0.9247999999999998
0.96,-0.28,1.0
1.0,-0.28,1.0784
1.04,-0.28,1.1600000000000001
1.08,-0.28,1.2448000000000001
1.12,-0.28,1.3328000000000002
1.1600000000000001,-0.28,1.4240000000000004
1.2000000000000002,-0.28,1.5184000000000004
1.2400000000000002,-0.28,1.6160000000000005
1.2800000000000002,-0.28,1.7168000000000008
1.3200000000000003,-0.28,1.8208000000000009
1.3599999999999999,-0.28,1.9279999999999997
1.4,-0.28,2.0383999999999998
1.44,-0.28,2.1519999999999997
1.48,-0.28,2.2687999999999997
1.52,-0.28,2.3888
1.56,-0.28,2.512
1.6,-0.28,2.6384000000000003
1.6400000000000001,-0.28,2.7680000000000002
1.6800000000000002,-0.28,2.9008000000000003
1.7200000000000002,-0.28,3.0368000000000004
1.7600000000000002,-0.28,3.1760000000000006
1.8000000000000003,-0.28,3.318400000000001
1.8399999999999999,-0.28,3.463999999999999
1.88,-0.28,3.6127999999999996
1.92,-0.28,3.7647999999999997
1.96,-0.28,3.9199999999999995
2.0,-0.28,4.0784
-2.0,-0.24,4.0576
-1.96,-0.24,3.8991999999999996
-1.92,-0.24,3.7439999999999998
-1.88,-0.24,3.5919999999999996
-1.84,-0.24,3.4432
-1.8,-0.24,3.2976
-1.76,-0.24,3.1552
-1.72,-0.24,3.0159999999999996
-1.68,-0.24,2.8799999999999994
-1.6400000000000001,-0.24,2.7472000000000003
-1.6,-0.24,2.6176000000000004
-1.56,-0.24,2.4912
-1.52,-0.24,2.368
-1.48,-0.24,2.2479999999999998
-1.44,-0.24,2.1311999999999998
-1.4,-0.24,2.0176
-1.3599999999999999,-0.24,1.9071999999999998
-1.3199999999999998,-0.24,1.7999999999999996
-1.28,-0.24,1.6960000000000002
-1.24,-0.24,1.5952000000000002
-1.2,-0.24,1.4976
-1.1600000000000001,-0.24,1.4032000000000004
-1.12,-0.24,1.3120000000000003
-1.08,-0.24,1.2240000000000002
-1.04,-0.24,1.1392000000000002
-1.0,-0.24,1.0576
-0.96,-0.24,0.9792
-0.9199999999999999,-0.24,0.9039999999999998
-0.8799999999999999,-0.24,0.8319999999999999
-0.8400000000000001,-0.24,0.7632000000000001
-0.8,-0.24,0.6976000000000001
-0.76,-0.24,0.6352
-0.72,-0.24,0.576
-0.6799999999999999,-0.24,0.5199999999999999
-0.6399999999999999,-0.24,0.46719999999999984
-0.5999999999999999,-0.24,0.4175999999999998
-0.56,-0.24,0.37120000000000003
-0.52,-0.24,0.328
-0.48,-0.24,0.288
-0.43999999999999995,-0.24,0.2512
-0.3999999999999999,-0.24,0.2175999999999999
-0.3599999999999999,-0.24,0.18719999999999992
-0.32000000000000006,-0.24,0.16000000000000003
-0.28,-0.24,0.136
-0.24,-0.24,0.1152
-0.19999999999999996,-0.24,0.09759999999999998
-0.15999999999999992,-0.24,0.08319999999999997
-0.11999999999999988,-0.24,0.07199999999999997
-0.08000000000000007,-0.24,0.06400000000000002
-0.040000000000000036,-0.24,0.0592
0.0,-0.24,0.0576
0.040000000000000036,-0.24,0.0592
0.08000000000000007,-0.24,0.06400000000000002
0.1200000000000001,-0.24,0.07200000000000002
0.16000000000000014,-0.24,0.08320000000000005
0.20000000000000018,-0.24,0.09760000000000008
0.2400000000000002,-0.24,0.11520000000000011
0.28000000000000025,-0.24,0.13600000000000012
0.31999999999999984,-0.24,0.1599999999999999
0.3599999999999999,-0.24,0.18719999999999992
0.3999999999999999,-0.24,0.2175999999999999
0.43999999999999995,-0.24,0.2512
0.48,-0.24,0.288
0.52,-0.24,0.328
0.56,-0.24,0.37120000000000003
0.6000000000000001,-0.24,0.4176000000000001
0.6400000000000001,-0.24,0.46720000000000017
0.6800000000000002,-0.24,0.5200000000000002
0.7200000000000002,-0.24,0.5760000000000003
0.7600000000000002,-0.24,0.6352000000000003
0.8000000000000003,-0.24,0.6976000000000004
0.8399999999999999,-0.24,0.7631999999999998
0.8799999999999999,-0.24,0.8319999999999999
0.9199999999999999,-0.24,0.9039999999999998
0.96,-0.24,0.9792
1.0,-0.24,1.0576
1.04,-0.24,1.1392000000000002
1.08,-0.24,1.2240000000000002
1.12,-0.24,1.3120000000000003
1.1600000000000001,-0.24,1.4032000000000004
1.2000000000000002,-0.24,1.4976000000000005
1.2400000000000002,-0.24,1.5952000000000006
1.2800000000000002,-0.24,1.6960000000000008
1.3200000000000003,-0.24,1.800000000000001
1.3599999999999999,-0.24,1.9071999999999998
1.4,-0.24,2.0176
1.44,-0.24,2.1311999999999998
1.48,-0.24,2.2479999999999998
1.52,-0.24,2.368
1.56,-0.24,2.4912
1.6,-0.24,2.6176000000000004
1.6400000000000001,-0.24,2.7472000000000003
1.6800000000000002,-0.24,2.8800000000000003
1.7200000000000002,-0.24,3.0160000000000005
1.7600000000000002,-0.24,3.1552000000000007
1.8000000000000003,-0.24,3.297600000000001
1.8399999999999999,-0.24,3.443199999999999
1.88,-0.24,3.5919999999999996
1.92,-0.24,3.7439999999999998
1.96,-0.24,3.8991999999999996
2.0,-0.24,4.0576
-2.0,-0.19999999999999996,4.04
-1.96,-0.19999999999999996,3.8815999999999997
-1.92,-0.19999999999999996,3.7264
-1.88,-0.19999999999999996,3.5744
-1.84,-0.19999999999999996,3.4256
-1.8,-0.19999999999999996,3.2800000000000002
-1.76,-0.19999999999999996,3.1376
-1.72,-0.19999999999999996,2.9983999999999997
-1.68,-0.19999999999999996,2.8623999999999996
-1.6400000000000001,-0.19999999999999996,2.7296000000000005
-1.6,-0.19999999999999996,2.6000000000000005
-1.56,-0.19999999999999996,2.4736000000000002
-1.52,-0.19999999999999996,2.3504
-1.48,-0.19999999999999996,2.2304
-1.44,-0.19999999999999996,2.1136
-1.4,-0.19999999999999996,1.9999999999999998
-1.3599999999999999,-0.19999999999999996,1.8895999999999997
-1.3199999999999998,-0.19999999999999996,1.7823999999999995
-1.28,-0.19999999999999996,1.6784000000000001
-1.24,-0.19999999999999996,1.5776000000000001
-1.2,-0.19999999999999996,1.48
-1.1600000000000001,-0.19999999999999996,1.3856000000000004
-1.12,-0.19999999999999996,1.2944000000000002
-1.08,-0.19999999999999996,1.2064000000000001
-1.04,-0.19999999999999996,1.1216000000000002
-1.0,-0.19999999999999996,1.04
-0.96,-0.19999999999999996,0.9616
-0.9199999999999999,-0.19999999999999996,0.8863999999999999
-0.8799999999999999,-0.19999999999999996,0.8143999999999998
-0.8400000000000001,-0.19999999999999996,0.7456
-0.8,-0.19999999999999996,0.6800000000000002
-0.76,-0.19999999999999996,0.6175999999999999
-0.72,-0.19999999999999996,0.5584
-0.6799999999999999,-0.19999999999999996,0.5024
-0.6399999999999999,-0.19999999999999996,0.44959999999999983
-0.5999999999999999,-0.19999999999999996,0.3999999999999998
-0.56,-0.19999999999999996,0.3536
-0.52,-0.19999999999999996,0.3104
-0.48,-0.19999999999999996,0.2704
-0.43999999999999995,-0.19999999999999996,0.23359999999999995
-0.3999999999999999,-0.19999999999999996,0.1999999999999999
-0.3599999999999999,-0.19999999999999996,0.1695999999999999
-0.32000000000000006,-0.19999999999999996,0.14240000000000003
-0.28,-0.19999999999999996,0.11839999999999999
-0.24,-0.19999999999999996,0.09759999999999998
-0.19999999999999996,-0.19999999999999996,0.07999999999999996
-0.15999999999999992,-0.19999999999999996,0.06559999999999995
-0.11999999999999988,-0.19999999999999996,0.05439999999999995
-0.08000000000000007,-0.19999999999999996,0.04639999999999999
-0.040000000000000036,-0.19999999999999996,0.041599999999999984
0.0,-0.19999999999999996,0.03999999999999998
0.040000000000000036,-0.19999999999999996,0.041599999999999984
0.08000000000000007,-0.19999999999999996,0.04639999999999999
0.1200000000000001,-0.19999999999999996,0.054400000000000004
0.16000000000000014,-0.19999999999999996,0.06560000000000002
0.20000000000000018,-0.19999999999999996,0.08000000000000004
0.2400000000000002,-0.19999999999999996,0.09760000000000008
0.28000000000000025,-0.19999999999999996,0.11840000000000012
0.31999999999999984,-0.19999999999999996,0.14239999999999986
0.3599999999999999,-0.19999999999999996,0.1695999999999999
0.3999999999999999,-0.19999999999999996,0.1999999999999999
0.43999999999999995,-0.19999999999999996,0.23359999999999995
0.48,-0.19999999999999996,0.2704
0.52,-0.19999999999999996,0.3104
0.56,-0.19999999999999996,0.3536
0.6000000000000001,-0.19999999999999996,0.4000000000000001
0.6400000000000001,-0.19999999999999996,0.44960000000000017
0.6800000000000002,-0.19999999999999996,0.5024000000000002
0.7200000000000002,-0.19999999999999996,0.5584000000000002
0.7600000000000002,-0.19999999999999996,0.6176000000000004
0.8000000000000003,-0.19999999999999996,0.6800000000000004
0.8399999999999999,-0.19999999999999996,0.7455999999999998
0.8799999999999999,-0.19999999999999996,0.8143999999999998
0.9199999999999999,-0.19999999999999996,0.8863999999999999
0.96,-0.19999999999999996,0.9616
1.0,-0.19999999999999996,1.04
1.04,-0.19999999999999996,1.1216000000000002
1.08,-0.19999999999999996,1.2064000000000001
1.12,-0.19999999999999996,1.2944000000000002
1.1600000000000001,-0.19999999999999996,1.3856000000000004
1.2000000000000002,-0.19999999999999996,1.4800000000000004
1.2400000000000002,-0.19999999999999996,1.5776000000000006
1.2800000000000002,-0.19999999999999996,1.6784000000000008
1.3200000000000003,-0.19999999999999996,1.7824000000000009
1.3599999999999999,-0.19999999999999996,1.8895999999999997
1.4,-0.19999999999999996,1.9999999999999998
1.44,-0.19999999999999996,2.1136
1.48,-0.19999999999999996,2.2304
1.52,-0.19999999999999996,2.3504
1.56,-0.19999999999999996,2.4736000000000002
1.6,-0.19999999999999996,2.6000000000000005
1.6400000000000001,-0.19999999999999996,2.7296000000000005
1.6800000000000002,-0.19999999999999996,2.8624000000000005
1.7200000000000002,-0.19999999999999996,2.9984000000000006
1.7600000000000002,-0.19999999999999996,3.137600000000001
1.8000000000000003,-0.19999999999999996,3.280000000000001
1.8399999999999999,-0.19999999999999996,3.4255999999999993
1.88,-0.19999999999999996,3.5744
1.92,-0.19999999999999996,3.7264
1.96,-0.19999999999999996,3.8815999999999997
2.0,-0.19999999999999996,4.04
-2.0,-0.15999999999999992,4.0256
-1.96,-0.15999999999999992,3.8671999999999995
-1.92,-0.15999999999999992,3.7119999999999997
-1.88,-0.15999999999999992,3.5599999999999996
-1.84,-0.15999999999999992,3.4112
-1.8,-0.15999999999999992,3.2656
-1.76,-0.15999999999999992,3.1231999999999998
-1.72,-0.15999999999999992,2.9839999999999995
-1.68,-0.15999999999999992,2.8479999999999994
-1.6400000000000001,-0.15999999999999992,2.7152000000000003
-1.6,-0.15999999999999992,2.5856000000000003
-1.56,-0.15999999999999992,2.4592
-1.52,-0.15999999999999992,2.336
-1.48,-0.15999999999999992,2.2159999999999997
-1.44,-0.15999999999999992,2.0991999999999997
-1.4,-0.15999999999999992,1.9855999999999998
-1.3599999999999999,-0.15999999999999992,1.8751999999999998
-1.3199999999999998,-0.15999999999999992,1.7679999999999996
-1.28,-0.15999999999999992,1.6640000000000001
-1.24,-0.15999999999999992,1.5632000000000001
-1.2,-0.15999999999999992,1.4656
-1.1600000000000001,-0.15999999999999992,1.3712000000000004
-1.12,-0.15999999999999992,1.2800000000000002
-1.08,-0.15999999999999992,1.1920000000000002
-1.04,-0.15999999999999992,1.1072000000000002
-1.0,-0.15999999999999992,1.0256
-0.96,-0.15999999999999992,0.9471999999999999
-0.9199999999999999,-0.15999999999999992,0.8719999999999998
-0.8799999999999999,-0.15999999999999992,0.7999999999999998
-0.8400000000000001,-0.15999999999999992,0.7312000000000001
-0.8,-0.15999999999999992,0.6656000000000001
-0.76,-0.15999999999999992,0.6032
-0.72,-0.15999999999999992,0.5439999999999999
-0.6799999999999999,-0.15999999999999992,0.4879999999999999
-0.6399999999999999,-0.15999999999999992,0.4351999999999998
-0.5999999999999999,-0.15999999999999992,0.3855999999999998
-0.56,-0.15999999999999992,0.3392
-0.52,-0.15999999999999992,0.296
-0.48,-0.15999999999999992,0.25599999999999995
-0.43999999999999995,-0.15999999999999992,0.21919999999999995
-0.3999999999999999,-0.15999999999999992,0.1855999999999999
-0.3599999999999999,-0.15999999999999992,0.1551999999999999
-0.32000000000000006,-0.15999999999999992,0.12800000000000003
-0.28,-0.15999999999999992,0.10399999999999998
-0.24,-0.15999999999999992,0.08319999999999997
-0.19999999999999996,-0.15999999999999992,0.06559999999999995
-0.15999999999999992,-0.15999999999999992,0.05119999999999995
-0.11999999999999988,-0.15999999999999992,0.039999999999999945
-0.08000000000000007,-0.15999999999999992,0.03199999999999999
-0.040000000000000036,-0.15999999999999992,0.027199999999999978
0.0,-0.15999999999999992,0.025599999999999973
0.040000000000000036,-0.15999999999999992,0.027199999999999978
0.08000000000000007,-0.15999999999999992,0.03199999999999999
0.1200000000000001,-0.15999999999999992,0.04
0.16000000000000014,-0.15999999999999992,0.05120000000000002
0.20000000000000018,-0.15999999999999992,0.06560000000000005
0.2400000000000002,-0.15999999999999992,0.08320000000000008
0.28000000000000025,-0.15999999999999992,0.1040000000000001
0.31999999999999984,-0.15999999999999992,0.12799999999999986
0.3599999999999999,-0.15999999999999992,0.1551999999999999
0.3999999999999999,-0.15999999999999992,0.1855999999999999
0.43999999999999995,-0.15999999999999992,0.21919999999999995
0.48,-0.15999999999999992,0.25599999999999995
0.52,-0.15999999999999992,0.296
0.56,-0.15999999999999992,0.3392
0.6000000000000001,-0.15999999999999992,0.38560000000000005
0.6400000000000001,-0.15999999999999992,0.43520000000000014
0.6800000000000002,-0.15999999999999992,0.48800000000000016
0.7200000000000002,-0.15999999999999992,0.5440000000000003
0.7600000000000002,-0.15999999999999992,0.6032000000000003
0.8000000000000003,-0.15999999999999992,0.6656000000000004
0.8399999999999999,-0.15999999999999992,0.7311999999999997
0.8799999999999999,-0.15999999999999992,0.7999999999999998
0.9199999999999999,-0.15999999999999992,0.8719999999999998
0.96,-0.15999999999999992,0.9471999999999999
1.0,-0.15999999999999992,1.0256
1.04,-0.15999999999999992,1.1072000000000002
1.08,-0.15999999999999992,1.1920000000000002
1.12,-0.15999999999999992,1.2800000000000002
1.1600000000000001,-0.15999999999999992,1.3712000000000004
1.2000000000000002,-0.15999999999999992,1.4656000000000005
1.2400000000000002,-0.15999999999999992,1.5632000000000006
1.2800000000000002,-0.15999999999999992,1.6640000000000008
1.3200000000000003,-0.15999999999999992,1.768000000000001
1.3599999999999999,-0.15999999999999992,1.8751999999999998
1.4,-0.15999999999999992,1.9855999999999998
1.44,-0.15999999999999992,2.0991999999999997
1.48,-0.15999999999999992,2.2159999999999997
1.52,-0.15999999999999992,2.336
1.56,-0.15999999999999992,2.4592
1.6,-0.15999999999999992,2.5856000000000003
1.6400000000000001,-0.15999999999999992,2.7152000000000003
1.6800000000000002,-0.15999999999999992,2.8480000000000003
1.7200000000000002,-0.15999999999999992,2.9840000000000004
1.7600000000000002,-0.15999999999999992,3.1232000000000006
1.8000000000000003,-0.15999999999999992,3.265600000000001
1.8399999999999999,-0.15999999999999992,3.411199999999999
1.88,-0.15999999999999992,3.5599999999999996
1.92,-0.15999999999999992,3.7119999999999997
1.96,-0.15999999999999992,3.8671999999999995
2.0,-0.15999999999999992,4.0256
-2.0,-0.11999999999999988,4.0144
-1.96,-0.11999999999999988,3.856
-1.92,-0.11999999999999988,3.7008
-1.88,-0.11999999999999988,3.5488
-1.84,-0.11999999999999988,3.4000000000000004
-1.8,-0.11999999999999988,3.2544000000000004
-1.76,-0.11999999999999988,3.112
-1.72,-0.11999999999999988,2.9728
-1.68,-0.11999999999999988,2.8367999999999998
-1.6400000000000001,-0.11999999999999988,2.7040000000000006
-1.6,-0.11999999999999988,2.5744000000000007
-1.56,-0.11999999999999988,2.4480000000000004
-1.52,-0.11999999999999988,2.3248
-1.48,-0.11999999999999988,2.2048
-1.44,-0.11999999999999988,2.088
-1.4,-0.11999999999999988,1.9743999999999997
-1.3599999999999999,-0.11999999999999988,1.8639999999999997
-1.3199999999999998,-0.11999999999999988,1.7567999999999995
-1.28,-0.11999999999999988,1.6528
-1.24,-0.11999999999999988,1.552
-1.2,-0.11999999999999988,1.4544
-1.1600000000000001,-0.11999999999999988,1.3600000000000003
-1.12,-0.11999999999999988,1.2688000000000001
-1.08,-0.11999999999999988,1.1808
-1.04,-0.11999999999999988,1.096
-1.0,-0.11999999999999988,1.0144
-0.96,-0.11999999999999988,0.9359999999999999
-0.9199999999999999,-0.11999999999999988,0.8607999999999998
-0.8799999999999999,-0.11999999999999988,0.7887999999999998
-0.8400000000000001,-0.11999999999999988,0.7200000000000001
-0.8,-0.11999999999999988,0.6544000000000001
-0.76,-0.11999999999999988,0.592
-0.72,-0.11999999999999988,0.5327999999999999
-0.6799999999999999,-0.11999999999999988,0.4767999999999999
-0.6399999999999999,-0.11999999999999988,0.4239999999999998
-0.5999999999999999,-0.11999999999999988,0.3743999999999998
-0.56,-0.11999999999999988,0.328
-0.52,-0.11999999999999988,0.2848
-0.48,-0.11999999999999988,0.24479999999999996
-0.43999999999999995,-0.11999999999999988,0.20799999999999993
-0.3999999999999999,-0.11999999999999988,0.1743999999999999
-0.3599999999999999,-0.11999999999999988,0.14399999999999988
-0.32000000000000006,-0.11999999999999988,0.11680000000000001
-0.28,-0.11999999999999988,0.09279999999999998
-0.24,-0.11999999999999988,0.07199999999999997
-0.19999999999999996,-0.11999999999999988,0.05439999999999995
-0.15999999999999992,-0.11999999999999988,0.039999999999999945
-0.11999999999999988,-0.11999999999999988,0.028799999999999944
-0.08000000000000007,-0.11999999999999988,0.020799999999999985
-0.040000000000000036,-0.11999999999999988,0.015999999999999976
0.0,-0.11999999999999988,0.014399999999999972
0.040000000000000036,-0.11999999999999988,0.015999999999999976
0.08000000000000007,-0.11999999999999988,0.020799999999999985
0.1200000000000001,-0.11999999999999988,0.0288
0.16000000000000014,-0.11999999999999988,0.04000000000000002
0.20000000000000018,-0.11999999999999988,0.054400000000000046
0.2400000000000002,-0.11999999999999988,0.07200000000000008
0.28000000000000025,-0.11999999999999988,0.0928000000000001
0.31999999999999984,-0.11999999999999988,0.11679999999999986
0.3599999999999999,-0.11999999999999988,0.14399999999999988
0.3999999999999999,-0.11999999999999988,0.1743999999999999
0.43999999999999995,-0.11999999999999988,0.20799999999999993
0.48,-0.11999999999999988,0.24479999999999996
0.52,-0.11999999999999988,0.2848
0.56,-0.11999999999999988,0.328
0.6000000000000001,-0.11999999999999988,0.37440000000000007
0.6400000000000001,-0.11999999999999988,0.42400000000000015
0.6800000000000002,-0.11999999999999988,0.47680000000000017
0.7200000000000002,-0.11999999999999988,0.5328000000000003
0.7600000000000002,-0.11999999999999988,0.5920000000000003
0.8000000000000003,-0.11999999999999988,0.6544000000000004
0.8399999999999999,-0.11999999999999988,0.7199999999999998
0.8799999999999999,-0.11999999999999988,0.7887999999999998
0.9199999999999999,-0.11999999999999988,0.8607999999999998
0.96,-0.11999999999999988,0.9359999999999999
1.0,-0.11999999999999988,1.0144
1.04,-0.11999999999999988,1.096
1.08,-0.11999999999999988,1.1808
1.12,-0.11999999999999988,1.2688000000000001
1.1600000000000001,-0.11999999999999988,1.3600000000000003
1.2000000000000002,-0.11999999999999988,1.4544000000000004
1.2400000000000002,-0.11999999999999988,1.5520000000000005
1.2800000000000002,-0.11999999999999988,1.6528000000000007
1.3200000000000003,-0.11999999999999988,1.7568000000000008
1.3599999999999999,-0.11999999999999988,1.8639999999999997
1.4,-0.11999999999999988,1.9743999999999997
1.44,-0.11999999999999988,2.088
1.48,-0.11999999999999988,2.2048
1.52,-0.11999999999999988,2.3248
1.56,-0.11999999999999988,2.4480000000000004
1.6,-0.11999999999999988,2.5744000000000007
1.6400000000000001,-0.11999999999999988,2.7040000000000006
1.6800000000000002,-0.11999999999999988,2.8368000000000007
1.7200000000000002,-0.11999999999999988,2.9728000000000008
1.7600000000000002,-0.11999999999999988,3.112000000000001
1.8000000000000003,-0.11999999999999988,3.2544000000000013
1.8399999999999999,-0.11999999999999988,3.3999999999999995
1.88,-0.11999999999999988,3.5488
1.92,-0.11999999999999988,3.7008
1.96,-0.11999999999999988,3.856
2.0,-0.11999999999999988,4.0144
-2.0,-0.08000000000000007,4.0064
-1.96,-0.08000000000000007,3.848
-1.92,-0.08000000000000007,3.6928
-1.88,-0.08000000000000007,3.5408
-1.84,-0.08000000000000007,3.3920000000000003
-1.8,-0.08000000000000007,3.2464000000000004
-1.76,-0.08000000000000007,3.104
-1.72,-0.08000000000000007,2.9648
-1.68,-0.08000000000000007,2.8287999999999998
-1.6400000000000001,-0.08000000000000007,2.6960000000000006
-1.6,-0.08000000000000007,2.5664000000000007
-1.56,-0.08000000000000007,2.4400000000000004
-1.52,-0.08000000000000007,2.3168
-1.48,-0.08000000000000007,2.1968
-1.44,-0.08000000000000007,2.08
-1.4,-0.08000000000000007,1.9663999999999997
-1.3599999999999999,-0.08000000000000007,1.8559999999999997
-1.3199999999999998,-0.08000000000000007,1.7487999999999995
-1.28,-0.08000000000000007,1.6448
-1.24,-0.08000000000000007,1.544
-1.2,-0.08000000000000007,1.4464
-1.1600000000000001,-0.08000000000000007,1.3520000000000003
-1.12,-0.08000000000000007,1.2608000000000001
-1.08,-0.08000000000000007,1.1728
-1.04,-0.08000000000000007,1.088
-1.0,-0.08000000000000007,1.0064
-0.96,-0.08000000000000007,0.9279999999999999
-0.9199999999999999,-0.08000000000000007,0.8527999999999998
-0.8799999999999999,-0.08000000000000007,0.7807999999999998
-0.8400000000000001,-0.08000000000000007,0.7120000000000001
-0.8,-0.08000000000000007,0.6464000000000001
-0.76,-0.08000000000000007,0.584
-0.72,-0.08000000000000007,0.5247999999999999
-0.6799999999999999,-0.08000000000000007,0.46879999999999994
-0.6399999999999999,-0.08000000000000007,0.41599999999999987
-0.5999999999999999,-0.08000000000000007,0.36639999999999984
-0.56,-0.08000000000000007,0.32000000000000006
-0.52,-0.08000000000000007,0.27680000000000005
-0.48,-0.08000000000000007,0.2368
-0.43999999999999995,-0.08000000000000007,0.19999999999999998
-0.3999999999999999,-0.08000000000000007,0.16639999999999994
-0.3599999999999999,-0.08000000000000007,0.13599999999999993
-0.32000000000000006,-0.08000000000000007,0.10880000000000006
-0.28,-0.08000000000000007,0.08480000000000003
-0.24,-0.08000000000000007,0.06400000000000002
-0.19999999999999996,-0.08000000000000007,0.04639999999999999
-0.15999999999999992,-0.08000000000000007,0.03199999999999999
-0.11999999999999988,-0.08000000000000007,0.020799999999999985
-0.08000000000000007,-0.08000000000000007,0.012800000000000023
-0.040000000000000036,-0.08000000000000007,0.008000000000000014
0.0,-0.08000000000000007,0.006400000000000012
0.040000000000000036,-0.08000000000000007,0.008000000000000014
0.08000000000000007,-0.08000000000000007,0.012800000000000023
0.1200000000000001,-0.08000000000000007,0.020800000000000037
0.16000000000000014,-0.08000000000000007,0.032000000000000056
0.20000000000000018,-0.08000000000000007,0.04640000000000008
0.2400000000000002,-0.08000000000000007,0.06400000000000011
0.28000000000000025,-0.08000000000000007,0.08480000000000015
0.31999999999999984,-0.08000000000000007,0.10879999999999991
0.3599999999999999,-0.08000000000000007,0.13599999999999993
0.3999999999999999,-0.08000000000000007,0.16639999999999994
0.43999999999999995,-0.08000000000000007,0.19999999999999998
0.48,-0.08000000000000007,0.2368
0.52,-0.08000000000000007,0.27680000000000005
0.56,-0.08000000000000007,0.32000000000000006
0.6000000000000001,-0.08000000000000007,0.3664000000000001
0.6400000000000001,-0.08000000000000007,0.4160000000000002
0.6800000000000002,-0.08000000000000007,0.4688000000000002
0.7200000000000002,-0.08000000000000007,0.5248000000000003
0.7600000000000002,-0.08000000000000007,0.5840000000000003
0.8000000000000003,-0.08000000000000007,0.6464000000000004
0.8399999999999999,-0.08000000000000007,0.7119999999999997
0.8799999999999999,-0.08000000000000007,0.7807999999999998
0.9199999999999999,-0.08000000000000007,0.8527999999999998
0.96,-0.08000000000000007,0.9279999999999999
1.0,-0.08000000000000007,1.0064
1.04,-0.08000000000000007,1.088
1.08,-0.08000000000000007,1.1728
1.12,-0.08000000000000007,1.2608000000000001
1.1600000000000001,-0.08000000000000007,1.3520000000000003
1.2000000000000002,-0.08000000000000007,1.4464000000000004
1.2400000000000002,-0.08000000000000007,1.5440000000000005
1.2800000000000002,-0.08000000000000007,1.6448000000000007
1.3200000000000003,-0.08000000000000007,1.7488000000000008
1.3599999999999999,-0.08000000000000007,1.8559999999999997
1.4,-0.08000000000000007,1.9663999999999997
1.44,-0.08000000000000007,2.08
1.48,-0.08000000000000007,2.1968
1.52,-0.08000000000000007,2.3168
1.56,-0.08000000000000007,2.4400000000000004
1.6,-0.08000000000000007,2.5664000000000007
1.6400000000000001,-0.08000000000000007,2.6960000000000006
1.6800000000000002,-0.08000000000000007,2.8288000000000006
1.7200000000000002,-0.08000000000000007,2.9648000000000008
1.7600000000000002,-0.08000000000000007,3.104000000000001
1.8000000000000003,-0.08000000000000007,3.2464000000000013
1.8399999999999999,-0.08000000000000007,3.3919999999999995
1.88,-0.08000000000000007,3.5408
1.92,-0.08000000000000007,3.6928
1.96,-0.08000000000000007,3.848
2.0,-0.08000000000000007,4.0064
-2.0,-0.040000000000000036,4.0016
-1.96,-0.040000000000000036,3.8431999999999995
-1.92,-0.040000000000000036,3.6879999999999997
-1.88,-0.040000000000000036,3.5359999999999996
-1.84,-0.040000000000000036,3.3872
-1.8,-0.040000000000000036,3.2416
-1.76,-0.040000000000000036,3.0991999999999997
-1.72,-0.040000000000000036,2.9599999999999995
-1.68,-0.040000000000000036,2.8239999999999994
-1.6400000000000001,-0.040000000000000036,2.6912000000000003
-1.6,-0.040000000000000036,2.5616000000000003
-1.56,-0.040000000000000036,2.4352
-1.52,-0.040000000000000036,2.312
-1.48,-0.040000000000000036,2.1919999999999997
-1.44,-0.040000000000000036,2.0751999999999997
-1.4,-0.040000000000000036,1.9615999999999998
-1.3599999999999999,-0.040000000000000036,1.8511999999999997
-1.3199999999999998,-0.040000000000000036,1.7439999999999996
-1.28,-0.040000000000000036,1.6400000000000001
-1.24,-0.040000000000000036,1.5392000000000001
-1.2,-0.040000000000000036,1.4416
-1.1600000000000001,-0.040000000000000036,1.3472000000000004
-1.12,-0.040000000000000036,1.2560000000000002
-1.08,-0.040000000000000036,1.1680000000000001
-1.04,-0.040000000000000036,1.0832000000000002
-1.0,-0.040000000000000036,1.0016
-0.96,-0.040000000000000036,0.9232
-0.9199999999999999,-0.040000000000000036,0.8479999999999999
-0.8799999999999999,-0.040000000000000036,0.7759999999999999
-0.8400000000000001,-0.040000000000000036,0.7072000000000002
-0.8,-0.040000000000000036,0.6416000000000002
-0.76,-0.040000000000000036,0.5792
-0.72,-0.040000000000000036,0.52
-0.6799999999999999,-0.040000000000000036,0.4639999999999999
-0.6399999999999999,-0.040000000000000036,0.41119999999999984
-0.5999999999999999,-0.040000000000000036,0.3615999999999998
-0.56,-0.040000000000000036,0.31520000000000004
-0.52,-0.040000000000000036,0.272
-0.48,-0.040000000000000036,0.23199999999999998
-0.43999999999999995,-0.040000000000000036,0.19519999999999996
-0.3999999999999999,-0.040000000000000036,0.1615999999999999
-0.3599999999999999,-0.040000000000000036,0.1311999999999999
-0.32000000000000006,-0.040000000000000036,0.10400000000000005
-0.28,-0.040000000000000036,0.08000000000000002
-0.24,-0.040000000000000036,0.0592
-0.19999999999999996,-0.040000000000000036,0.041599999999999984
-0.15999999999999992,-0.040000000000000036,0.027199999999999978
-0.11999999999999988,-0.040000000000000036,0.015999999999999976
-0.08000000000000007,-0.040000000000000036,0.008000000000000014
-0.040000000000000036,-0.040000000000000036,0.003200000000000006
0.0,-0.040000000000000036,0.001600000000000003
0.040000000000000036,-0.040000000000000036,0.003200000000000006
0.08000000000000007,-0.040000000000000036,0.008000000000000014
0.1200000000000001,-0.040000000000000036,0.016000000000000028
0.16000000000000014,-0.040000000000000036,0.02720000000000005
0.20000000000000018,-0.040000000000000036,0.041600000000000074
0.2400000000000002,-0.040000000000000036,0.05920000000000011
0.28000000000000025,-0.040000000000000036,0.08000000000000014
0.31999999999999984,-0.040000000000000036,0.1039999999999999
0.3599999999999999,-0.040000000000000036,0.1311999999999999
0.3999999999999999,-0.040000000000000036,0.1615999999999999
0.43999999999999995,-0.040000000000000036,0.19519999999999996
0.48,-0.040000000000000036,0.23199999999999998
0.52,-0.040000000000000036,0.272
0.56,-0.040000000000000036,0.31520000000000004
0.6000000000000001,-0.040000000000000036,0.3616000000000001
0.6400000000000001,-0.040000000000000036,0.4112000000000002
0.6800000000000002,-0.040000000000000036,0.4640000000000002
0.7200000000000002,-0.040000000000000036,0.5200000000000004
0.7600000000000002,-0.040000000000000036,0.5792000000000004
0.8000000000000003,-0.040000000000000036,0.6416000000000005
0.8399999999999999,-0.040000000000000036,0.7071999999999998
0.8799999999999999,-0.040000000000000036,0.7759999999999999
0.9199999999999999,-0.040000000000000036,0.8479999999999999
0.96,-0.040000000000000036,0.9232
1.0,-0.040000000000000036,1.0016
1.04,-0.040000000000000036,1.0832000000000002
1.08,-0.040000000000000036,1.1680000000000001
1.12,-0.040000000000000036,1.2560000000000002
1.1600000000000001,-0.040000000000000036,1.3472000000000004
1.2000000000000002,-0.040000000000000036,1.4416000000000004
1.2400000000000002,-0.040000000000000036,1.5392000000000006
1.2800000000000002,-0.040000000000000036,1.6400000000000008
1.3200000000000003,-0.040000000000000036,1.7440000000000009
1.3599999999999999,-0.040000000000000036,1.8511999999999997
1.4,-0.040000000000000036,1.9615999999999998
1.44,-0.040000000000000036,2.0751999999999997
1.48,-0.040000000000000036,2.1919999999999997
1.52,-0.040000000000000036,2.312
1.56,-0.040000000000000036,2.4352
1.6,-0.040000000000000036,2.5616000000000003
1.6400000000000001,-0.040000000000000036,2.6912000000000003
1.6800000000000002,-0.040000000000000036,2.8240000000000003
1.7200000000000002,-0.040000000000000036,2.9600000000000004
1.7600000000000002,-0.040000000000000036,3.0992000000000006
1.8000000000000003,-0.040000000000000036,3.241600000000001
1.8399999999999999,-0.040000000000000036,3.387199999999999
1.88,-0.040000000000000036,3.5359999999999996
1.92,-0.040000000000000036,3.6879999999999997
1.96,-0.040000000000000036,3.8431999999999995
2.0,-0.040000000000000036,4.0016
-2.0,0.0,4.0
-1.96,0.0,3.8415999999999997
-1.92,0.0,3.6864
-1.88,0.0,3.5343999999999998
-1.84,0.0,3.3856
-1.8,0.0,3.24
-1.76,0.0,3.0976
-1.72,0.0,2.9583999999999997
-1.68,0.0,2.8223999999999996
-1.6400000000000001,0.0,2.6896000000000004
-1.6,0.0,2.5600000000000005
-1.56,0.0,2.4336
-1.52,0.0,2.3104
-1.48,0.0,2.1904
-1.44,0.0,2.0736
-1.4,0.0,1.9599999999999997
-1.3599999999999999,0.0,1.8495999999999997
-1.3199999999999998,0.0,1.7423999999999995
-1.28,0.0,1.6384
-1.24,0.0,1.5376
-1.2,0.0,1.44
-1.1600000000000001,0.0,1.3456000000000004
-1.12,0.0,1.2544000000000002
-1.08,0.0,1.1664
-1.04,0.0,1.0816000000000001
-1.0,0.0,1.0
-0.96,0.0,0.9216
-0.9199999999999999,0.0,0.8463999999999998
-0.8799999999999999,0.0,0.7743999999999999
-0.8400000000000001,0.0,0.7056000000000001
-0.8,0.0,0.6400000000000001
-0.76,0.0,0.5776
-0.72,0.0,0.5184
-0.6799999999999999,0.0,0.4623999999999999
-0.6399999999999999,0.0,0.40959999999999985
-0.5999999999999999,0.0,0.3599999999999998
-0.56,0.0,0.31360000000000005
-0.52,0.0,0.27040000000000003
-0.48,0.0,0.2304
-0.43999999999999995,0.0,0.19359999999999997
-0.3999999999999999,0.0,0.15999999999999992
-0.3599999999999999,0.0,0.1295999999999999
-0.32000000000000006,0.0,0.10240000000000005
-0.28,0.0,0.07840000000000001
-0.24,0.0,0.0576
-0.19999999999999996,0.0,0.03999999999999998
-0.15999999999999992,0.0,0.025599999999999973
-0.11999999999999988,0.0,0.014399999999999972
-0.08000000000000007,0.0,0.006400000000000012
-0.040000000000000036,0.0,0.001600000000000003
0.0,0.0,0.0
0.040000000000000036,0.0,0.001600000000000003
0.08000000000000007,0.0,0.006400000000000012
0.1200000000000001,0.0,0.014400000000000026
0.16000000000000014,0.0,0.025600000000000046
0.20000000000000018,0.0,0.04000000000000007
0.2400000000000002,0.0,0.0576000000000001
0.28000000000000025,0.0,0.07840000000000014
0.31999999999999984,0.0,0.1023999999999999
0.3599999999999999,0.0,0.1295999999999999
0.3999999999999999,0.0,0.15999999999999992
0.43999999999999995,0.0,0.19359999999999997
0.48,0.0,0.2304
0.52,0.0,0.27040000000000003
0.56,0.0,0.31360000000000005
0.6000000000000001,0.0,0.3600000000000001
0.6400000000000001,0.0,0.4096000000000002
0.6800000000000002,0.0,0.4624000000000002
0.7200000000000002,0.0,0.5184000000000003
0.7600000000000002,0.0,0.5776000000000003
0.8000000000000003,0.0,0.6400000000000005
0.8399999999999999,0.0,0.7055999999999998
0.8799999999999999,0.0,0.7743999999999999
0.9199999999999999,0.0,0.8463999999999998
0.96,0.0,0.9216
1.0,0.0,1.0
1.04,0.0,1.0816000000000001
1.08,0.0,1.1664
1.12,0.0,1.2544000000000002
1.1600000000000001,0.0,1.3456000000000004
1.2000000000000002,0.0,1.4400000000000004
1.2400000000000002,0.0,1.5376000000000005
1.2800000000000002,0.0,1.6384000000000007
1.3200000000000003,0.0,1.7424000000000008
1.3599999999999999,0.0,1.8495999999999997
1.4,0.0,1.9599999999999997
1.44,0.0,2.0736
1.48,0.0,2.1904
1.52,0.0,2.3104
1.56,0.0,2.4336
1.6,0.0,2.5600000000000005
1.6400000000000001,0.0,2.6896000000000004
1.6800000000000002,0.0,2.8224000000000005
1.7200000000000002,0.0,2.9584000000000006
1.7600000000000002,0.0,3.097600000000001
1.8000000000000003,0.0,3.240000000000001
1.8399999999999999,0.0,3.3855999999999993
1.88,0.0,3.5343999999999998
1.92,0.0,3.6864
1.96,0.0,3.8415999999999997
2.0,0.0,4.0
-2.0,0.040000000000000036,4.0016
-1.96,0.040000000000000036,3.8431999999999995
-1.92,0.040000000000000036,3.6879999999999997
-1.88,0.040000000000000036,3.5359999999999996
-1.84,0.040000000000000036,3.3872
-1.8,0.040000000000000036,3.2416
-1.76,0.040000000000000036,3.0991999999999997
-1.72,0.040000000000000036,2.9599999999999995
-1.68,0.040000000000000036,2.8239999999999994
-1.6400000000000001,0.040000000000000036,2.6912000000000003
-1.6,0.040000000000000036,2.5616000000000003
-1.56,0.040000000000000036,2.4352
-1.52,0.040000000000000036,2.312
-1.48,0.040000000000000036,2.1919999999999997
-1.44,0.040000000000000036,2.0751999999999997
-1.4,0.040000000000000036,1.9615999999999998
-1.3599999999999999,0.040000000000000036,1.8511999999999997
-1.3199999999999998,0.040000000000000036,1.7439999999999996
-1.28,0.040000000000000036,1.6400000000000001
-1.24,0.040000000000000036,1.5392000000000001
-1.2,0.040000000000000036,1.4416
-1.1600000000000001,0.040000000000000036,1.3472000000000004
-1.12,0.040000000000000036,1.2560000000000002
-1.08,0.040000000000000036,1.1680000000000001
-1.04,0.040000000000000036,1.0832000000000002
-1.0,0.040000000000000036,1.0016
-0.96,0.040000000000000036,0.9232
-0.9199999999999999,0.040000000000000036,0.8479999999999999
-0.8799999999999999,0.040000000000000036,0.7759999999999999
-0.8400000000000001,0.040000000000000036,0.7072000000000002
-0.8,0.040000000000000036,0.6416000000000002
-0.76,0.040000000000000036,0.5792
-0.72,0.040000000000000036,0.52
-0.6799999999999999,0.040000000000000036,0.4639999999999999
-0.6399999999999999,0.040000000000000036,0.41119999999999984
-0.5999999999999999,0.040000000000000036,0.3615999999999998
-0.56,0.040000000000000036,0.31520000000000004
-0.52,0.040000000000000036,0.272
-0.48,0.040000000000000036,0.23199999999999998
-0.43999999999999995,0.040000000000000036,0.19519999999999996
-0.3999999999999999,0.040000000000000036,0.1615999999999999
-0.3599999999999999,0.040000000000000036,0.1311999999999999
-0.32000000000000006,0.040000000000000036,0.10400000000000005
-0.28,0.040000000000000036,0.08000000000000002
-0.24,0.040000000000000036,0.0592
-0.19999999999999996,0.040000000000000036,0.041599999999999984
-0.15999999999999992,0.040000000000000036,0.027199999999999978
-0.11999999999999988,0.040000000000000036,0.015999999999999976
-0.08000000000000007,0.040000000000000036,0.008000000000000014
-0.040000000000000036,0.040000000000000036,0.003200000000000006
0.0,0.040000000000000036,0.001600000000000003
0.040000000000000036,0.040000000000000036,0.003200000000000006
0.08000000000000007,0.040000000000000036,0.008000000000000014
0.1200000000000001,0.040000000000000036,0.016000000000000028
0.16000000000000014,0.040000000000000036,0.02720000000000005
0.20000000000000018,0.040000000000000036,0.041600000000000074
0.2400000000000002,0.040000000000000036,0.05920000000000011
0.28000000000000025,0.040000000000000036,0.08000000000000014
0.31999999999999984,0.040000000000000036,0.1039999999999999
0.3599999999999999,0.040000000000000036,0.1311999999999999
0.3999999999999999,0.040000000000000036,0.1615999999999999
0.43999999999999995,0.040000000000000036,0.19519999999999996
0.48,0.040000000000000036,0.23199999999999998
0.52,0.040000000000000036,0.272
0.56,0.040000000000000036,0.31520000000000004
0.6000000000000001,0.040000000000000036,0.3616000000000001
0.6400000000000001,0.040000000000000036,0.4112000000000002
0.6800000000000002,0.040000000000000036,0.4640000000000002
0.7200000000000002,0.040000000000000036,0.5200000000000004
0.7600000000000002,0.040000000000000036,0.5792000000000004
0.8000000000000003,0.040000000000000036,0.6416000000000005
0.8399999999999999,0.040000000000000036,0.7071999999999998
0.8799999999999999,0.040000000000000036,0.7759999999999999
0.9199999999999999,0.040000000000000036,0.8479999999999999
0.96,0.040000000000000036,0.9232
1.0,0.040000000000000036,1.0016
1.04,0.040000000000000036,1.0832000000000002
1.08,0.040000000000000036,1.1680000000000001
1.12,0.040000000000000036,1.2560000000000002
1.1600000000000001,0.040000000000000036,1.3472000000000004
1.2000000000000002,0.040000000000000036,1.4416000000000004
1.2400000000000002,0.040000000000000036,1.5392000000000006
1.2800000000000002,0.040000000000000036,1.6400000000000008
1.3200000000000003,0.040000000000000036,1.7440000000000009
1.3599999999999999,0.040000000000000036,1.8511999999999997
1.4,0.040000000000000036,1.9615999999999998
1.44,0.040000000000000036,2.0751999999999997
1.48,0.040000000000000036,2.1919999999999997
1.52,0.040000000000000036,2.312
1.56,0.040000000000000036,2.4352
1.6,0.040000000000000036,2.5616000000000003
1.6400000000000001,0.040000000000000036,2.6912000000000003
1.6800000000000002,0.040000000000000036,2.8240000000000003
1.7200000000000002,0.040000000000000036,2.9600000000000004
1.7600000000000002,0.040000000000000036,3.0992000000000006
1.8000000000000003,0.040000000000000036,3.241600000000001
1.8399999999999999,0.040000000000000036,3.387199999999999
1.88,0.040000000000000036,3.5359999999999996
1.92,0.040000000000000036,3.6879999999999997
1.96,0.040000000000000036,3.8431999999999995
2.0,0.040000000000000036,4.0016
-2.0,0.08000000000000007,4.0064
-1.96,0.08000000000000007,3.848
-1.92,0.08000000000000007,3.6928
-1.88,0.08000000000000007,3.5408
-1.84,0.08000000000000007,3.3920000000000003
-1.8,0.08000000000000007,3.2464000000000004
-1.76,0.08000000000000007,3.104
-1.72,0.08000000000000007,2.9648
-1.68,0.08000000000000007,2.8287999999999998
-1.6400000000000001,0.08000000000000007,2.6960000000000006
-1.6,0.08000000000000007,2.5664000000000007
-1.56,0.08000000000000007,2.4400000000000004
-1.52,0.08000000000000007,2.3168
-1.48,0.08000000000000007,2.1968
-1.44,0.08000000000000007,2.08
-1.4,0.08000000000000007,1.9663999999999997
-1.3599999999999999,0.08000000000000007,1.8559999999999997
-1.3199999999999998,0.08000000000000007,1.7487999999999995
-1.28,0.08000000000000007,1.6448
-1.24,0.08000000000000007,1.544
-1.2,0.08000000000000007,1.4464
-1.1600000000000001,0.08000000000000007,1.3520000000000003
-1.12,0.08000000000000007,1.2608000000000001
-1.08,0.08000000000000007,1.1728
-1.04,0.08000000000000007,1.088
-1.0,0.08000000000000007,1.0064
-0.96,0.08000000000000007,0.9279999999999999
-0.9199999999999999,0.08000000000000007,0.8527999999999998
-0.8799999999999999,0.08000000000000007,0.7807999999999998
-0.8400000000000001,0.08000000000000007,0.7120000000000001
-0.8,0.08000000000000007,0.6464000000000001
-0.76,0.08000000000000007,0.584
-0.72,0.08000000000000007,0.5247999999999999
-0.6799999999999999,0.08000000000000007,0.46879999999999994
-0.6399999999999999,0.08000000000000007,0.41599999999999987
-0.5999999999999999,0.08000000000000007,0.36639999999999984
-0.56,0.08000000000000007,0.32000000000000006
-0.52,0.08000000000000007,0.27680000000000005
-0.48,0.08000000000000007,0.2368
-0.43999999999999995,0.08000000000000007,0.19999999999999998
-0.3999999999999999,0.08000000000000007,0.16639999999999994
-0.3599999999999999,0.08000000000000007,0.13599999999999993
-0.32000000000000006,0.08000000000000007,0.10880000000000006
-0.28,0.08000000000000007,0.08480000000000003
-0.24,0.08000000000000007,0.06400000000000002
-0.19999999999999996,0.08000000000000007,0.04639999999999999
-0.15999999999999992,0.08000000000000007,0.03199999999999999
-0.11999999999999988,0.08000000000000007,0.020799999999999985
-0.08000000000000007,0.08000000000000007,0.012800000000000023
-0.040000000000000036,0.08000000000000007,0.008000000000000014
0.0,0.08000000000000007,0.006400000000000012
0.040000000000000036,0.08000000000000007,0.008000000000000014
0.08000000000000007,0.08000000000000007,0.012800000000000023
0.1200000000000001,0.08000000000000007,0.020800000000000037
0.16000000000000014,0.08000000000000007,0.032000000000000056
0.20000000000000018,0.08000000000000007,0.04640000000000008
0.2400000000000002,0.08000000000000007,0.06400000000000011
0.28000000000000025,0.08000000000000007,0.08480000000000015
0.31999999999999984,0.08000000000000007,0.10879999999999991
0.3599999999999999,0.08000000000000007,0.13599999999999993
0.3999999999999999,0.08000000000000007,0.16639999999999994
0.43999999999999995,0.08000000000000007,0.19999999999999998
0.48,0.08000000000000007,0.2368
0.52,0.08000000000000007,0.27680000000000005
0.56,0.08000000000000007,0.32000000000000006
0.6000000000000001,0.08000000000000007,0.3664000000000001
0.6400000000000001,0.08000000000000007,0.4160000000000002
0.6800000000000002,0.08000000000000007,0.4688000000000002
0.7200000000000002,0.08000000000000007,0.5248000000000003
0.7600000000000002,0.08000000000000007,0.5840000000000003
0.8000000000000003,0.08000000000000007,0.6464000000000004
0.8399999999999999,0.08000000000000007,0.7119999999999997
0.8799999999999999,0.08000000000000007,0.7807999999999998
0.9199999999999999,0.08000000000000007,0.8527999999999998
0.96,0.08000000000000007,0.9279999999999999
1.0,0.08000000000000007,1.0064
1.04,0.08000000000000007,1.088
1.08,0.08000000000000007,1.1728
1.12,0.08000000000000007,1.2608000000000001
1.1600000000000001,0.08000000000000007,1.3520000000000003
1.2000000000000002,0.08000000000000007,1.4464000000000004
1.2400000000000002,0.08000000000000007,1.5440000000000005
1.2800000000000002,0.08000000000000007,1.6448000000000007
1.3200000000000003,0.08000000000000007,1.7488000000000008
1.3599999999999999,0.08000000000000007,1.8559999999999997
1.4,0.08000000000000007,1.9663999999999997
1.44,0.08000000000000007,2.08
1.48,0.08000000000000007,2.1968
1.52,0.08000000000000007,2.3168
1.56,0.08000000000000007,2.4400000000000004
1.6,0.08000000000000007,2.5664000000000007
1.6400000000000001,0.08000000000000007,2.6960000000000006
1.6800000000000002,0.08000000000000007,2.8288000000000006
1.7200000000000002,0.08000000000000007,2.9648000000000008
1.7600000000000002,0.08000000000000007,3.104000000000001
1.8000000000000003,0.08000000000000007,3.2464000000000013
1.8399999999999999,0.08000000000000007,3.3919999999999995
1.88,0.08000000000000007,3.5408
1.92,0.08000000000000007,3.6928
1.96,0.08000000000000007,3.848
2.0,0.08000000000000007,4.0064
-2.0,0.1200000000000001,4.0144
-1.96,0.1200000000000001,3.856
-1.92,0.1200000000000001,3.7008
-1.88,0.1200000000000001,3.5488
-1.84,0.1200000000000001,3.4000000000000004
-1.8,0.1200000000000001,3.2544000000000004
-1.76,0.1200000000000001,3.112
-1.72,0.1200000000000001,2.9728
-1.68,0.1200000000000001,2.8367999999999998
-1.6400000000000001,0.1200000000000001,2.7040000000000006
-1.6,0.1200000000000001,2.5744000000000007
-1.56,0.1200000000000001,2.4480000000000004
-1.52,0.1200000000000001,2.3248
-1.48,0.1200000000000001,2.2048
-1.44,0.1200000000000001,2.088
-1.4,0.1200000000000001,1.9743999999999997
-1.3599999999999999,0.1200000000000001,1.8639999999999997
-1.3199999999999998,0.1200000000000001,1.7567999999999995
-1.28,0.1200000000000001,1.6528
-1.24,0.1200000000000001,1.552
-1.2,0.1200000000000001,1.4544
-1.1600000000000001,0.1200000000000001,1.3600000000000003
-1.12,0.1200000000000001,1.2688000000000001
-1.08,0.1200000000000001,1.1808
-1.04,0.1200000000000001,1.096
-1.0,0.1200000000000001,1.0144
-0.96,0.1200000000000001,0.936
-0.9199999999999999,0.1200000000000001,0.8607999999999999
-0.8799999999999999,0.1200000000000001,0.7888
-0.8400000000000001,0.1200000000000001,0.7200000000000002
-0.8,0.1200000000000001,0.6544000000000002
-0.76,0.1200000000000001,0.5920000000000001
-0.72,0.1200000000000001,0.5328
-0.6799999999999999,0.1200000000000001,0.47679999999999995
-0.6399999999999999,0.1200000000000001,0.4239999999999999
-0.5999999999999999,0.1200000000000001,0.37439999999999984
-0.56,0.1200000000000001,0.32800000000000007
-0.52,0.1200000000000001,0.28480000000000005
-0.48,0.1200000000000001,0.24480000000000002
-0.43999999999999995,0.1200000000000001,0.208
-0.3999999999999999,0.1200000000000001,0.17439999999999994
-0.3599999999999999,0.1200000000000001,0.14399999999999993
-0.32000000000000006,0.1200000000000001,0.11680000000000007
-0.28,0.1200000000000001,0.09280000000000004
-0.24,0.1200000000000001,0.07200000000000002
-0.19999999999999996,0.1200000000000001,0.054400000000000004
-0.15999999999999992,0.1200000000000001,0.04
-0.11999999999999988,0.1200000000000001,0.0288
-0.08000000000000007,0.1200000000000001,0.020800000000000037
-0.040000000000000036,0.1200000000000001,0.016000000000000028
0.0,0.1200000000000001,0.014400000000000026
0.040000000000000036,0.1200000000000001,0.016000000000000028
0.08000000000000007,0.1200000000000001,0.020800000000000037
0.1200000000000001,0.1200000000000001,0.02880000000000005
0.16000000000000014,0.1200000000000001,0.04000000000000007
0.20000000000000018,0.1200000000000001,0.054400000000000094
0.2400000000000002,0.1200000000000001,0.07200000000000013
0.28000000000000025,0.1200000000000001,0.09280000000000016
0.31999999999999984,0.1200000000000001,0.11679999999999992
0.3599999999999999,0.1200000000000001,0.14399999999999993
0.3999999999999999,0.1200000000000001,0.17439999999999994
0.43999999999999995,0.1200000000000001,0.208
0.48,0.1200000000000001,0.24480000000000002
0.52,0.1200000000000001,0.28480000000000005
0.56,0.1200000000000001,0.32800000000000007
0.6000000000000001,0.1200000000000001,0.3744000000000001
0.6400000000000001,0.1200000000000001,0.4240000000000002
0.6800000000000002,0.1200000000000001,0.4768000000000002
0.7200000000000002,0.1200000000000001,0.5328000000000004
0.7600000000000002,0.1200000000000001,0.5920000000000004
0.8000000000000003,0.1200000000000001,0.6544000000000005
0.8399999999999999,0.1200000000000001,0.7199999999999999
0.8799999999999999,0.1200000000000001,0.7888
0.9199999999999999,0.1200000000000001,0.8607999999999999
0.96,0.1200000000000001,0.936
1.0,0.1200000000000001,1.0144
1.04,0.1200000000000001,1.096
1.08,0.1200000000000001,1.1808
1.12,0.1200000000000001,1.2688000000000001
1.1600000000000001,0.1200000000000001,1.3600000000000003
1.2000000000000002,0.1200000000000001,1.4544000000000004
1.2400000000000002,0.1200000000000001,1.5520000000000005
1.2800000000000002,0.1200000000000001,1.6528000000000007
1.3200000000000003,0.1200000000000001,1.7568000000000008
1.3599999999999999,0.1200000000000001,1.8639999999999997
1.4,0.1200000000000001,1.9743999999999997
1.44,0.1200000000000001,2.088
1.48,0.1200000000000001,2.2048
1.52,0.1200000000000001,2.3248
1.56,0.1200000000000001,2.4480000000000004
1.6,0.1200000000000001,2.5744000000000007
1.6400000000000001,0.1200000000000001,2.7040000000000006
1.6800000000000002,0.1200000000000001,2.8368000000000007
1.7200000000000002,0.1200000000000001,2.9728000000000008
1.7600000000000002,0.1200000000000001,3.112000000000001
1.8000000000000003,0.1200000000000001,3.2544000000000013
1.8399999999999999,0.1200000000000001,3.3999999999999995
1.88,0.1200000000000001,3.5488
1.92,0.1200000000000001,3.7008
1.96,0.1200000000000001,3.856
2.0,0.1200000000000001,4.0144
-2.0,0.16000000000000014,4.0256
-1.96,0.16000000000000014,3.8671999999999995
-1.92,0.16000000000000014,3.7119999999999997
-1.88,0.16000000000000014,3.5599999999999996
-1.84,0.16000000000000014,3.4112
-1.8,0.16000000000000014,3.2656
-1.76,0.16000000000000014,3.1231999999999998
-1.72,0.16000000000000014,2.9839999999999995
-1.68,0.16000000000000014,2.8479999999999994
-1.6400000000000001,0.16000000000000014,2.7152000000000003
-1.6,0.16000000000000014,2.5856000000000003
-1.56,0.16000000000000014,2.4592
-1.52,0.16000000000000014,2.336
-1.48,0.16000000000000014,2.2159999999999997
-1.44,0.16000000000000014,2.0991999999999997
-1.4,0.16000000000000014,1.9855999999999998
-1.3599999999999999,0.16000000000000014,1.8751999999999998
-1.3199999999999998,0.16000000000000014,1.7679999999999996
-1.28,0.16000000000000014,1.6640000000000001
-1.24,0.16000000000000014,1.5632000000000001
-1.2,0.16000000000000014,1.4656
-1.1600000000000001,0.16000000000000014,1.3712000000000004
-1.12,0.16000000000000014,1.2800000000000002
-1.08,0.16000000000000014,1.1920000000000002
-1.04,0.16000000000000014,1.1072000000000002
-1.0,0.16000000000000014,1.0256
-0.96,0.16000000000000014,0.9472
-0.9199999999999999,0.16000000000000014,0.8719999999999999
-0.8799999999999999,0.16000000000000014,0.7999999999999999
-0.8400000000000001,0.16000000000000014,0.7312000000000002
-0.8,0.16000000000000014,0.6656000000000002
-0.76,0.16000000000000014,0.6032000000000001
-0.72,0.16000000000000014,0.544
-0.6799999999999999,0.16000000000000014,0.488
-0.6399999999999999,0.16000000000000014,0.4351999999999999
-0.5999999999999999,0.16000000000000014,0.3855999999999999
-0.56,0.16000000000000014,0.3392000000000001
-0.52,0.16000000000000014,0.2960000000000001
-0.48,0.16000000000000014,0.25600000000000006
-0.43999999999999995,0.16000000000000014,0.2192
-0.3999999999999999,0.16000000000000014,0.18559999999999996
-0.3599999999999999,0.16000000000000014,0.15519999999999995
-0.32000000000000006,0.16000000000000014,0.12800000000000009
-0.28,0.16000000000000014,0.10400000000000006
-0.24,0.16000000000000014,0.08320000000000005
-0.19999999999999996,0.16000000000000014,0.06560000000000002
-0.15999999999999992,0.16000000000000014,0.05120000000000002
-0.11999999999999988,0.16000000000000014,0.04000000000000002
-0.08000000000000007,0.16000000000000014,0.032000000000000056
-0.040000000000000036,0.16000000000000014,0.02720000000000005
0.0,0.16000000000000014,0.025600000000000046
0.040000000000000036,0.16000000000000014,0.02720000000000005
0.08000000000000007,0.16000000000000014,0.032000000000000056
0.1200000000000001,0.16000000000000014,0.04000000000000007
0.16000000000000014,0.16000000000000014,0.05120000000000009
0.20000000000000018,0.16000000000000014,0.06560000000000012
0.2400000000000002,0.16000000000000014,0.08320000000000015
0.28000000000000025,0.16000000000000014,0.10400000000000018
0.31999999999999984,0.16000000000000014,0.12799999999999995
0.3599999999999999,0.16000000000000014,0.15519999999999995
0.3999999999999999,0.16000000000000014,0.18559999999999996
0.43999999999999995,0.16000000000000014,0.2192
0.48,0.16000000000000014,0.25600000000000006
0.52,0.16000000000000014,0.2960000000000001
0.56,0.16000000000000014,0.3392000000000001
0.6000000000000001,0.16000000000000014,0.38560000000000016
0.6400000000000001,0.16000000000000014,0.43520000000000025
0.6800000000000002,0.16000000000000014,0.48800000000000027
0.7200000000000002,0.16000000000000014,0.5440000000000004
0.7600000000000002,0.16000000000000014,0.6032000000000004
0.8000000000000003,0.16000000000000014,0.6656000000000005
0.8399999999999999,0.16000000000000014,0.7311999999999999
0.8799999999999999,0.16000000000000014,0.7999999999999999
0.9199999999999999,0.16000000000000014,0.8719999999999999
0.96,0.16000000000000014,0.9472
1.0,0.16000000000000014,1.0256
1.04,0.16000000000000014,1.1072000000000002
1.08,0.16000000000000014,1.1920000000000002
1.12,0.16000000000000014,1.2800000000000002
1.1600000000000001,0.16000000000000014,1.3712000000000004
1.2000000000000002,0.16000000000000014,1.4656000000000005
1.2400000000000002,0.16000000000000014,1.5632000000000006
1.2800000000000002,0.16000000000000014,1.6640000000000008
1.3200000000000003,0.16000000000000014,1.768000000000001
1.3599999999999999,0.16000000000000014,1.8751999999999998
1.4,0.16000000000000014,1.9855999999999998
1.44,0.16000000000000014,2.0991999999999997
1.48,0.16000000000000014,2.2159999999999997
1.52,0.16000000000000014,2.336
1.56,0.16000000000000014,2.4592
1.6,0.16000000000000014,2.5856000000000003
1.6400000000000001,0.16000000000000014,2.7152000000000003
1.6800000000000002,0.16000000000000014,2.8480000000000003
1.7200000000000002,0.16000000000000014,2.9840000000000004
1.7600000000000002,0.16000000000000014,3.1232000000000006
1.8000000000000003,0.16000000000000014,3.265600000000001
1.8399999999999999,0.16000000000000014,3.411199999999999
1.88,0.16000000000000014,3.5599999999999996
1.92,0.16000000000000014,3.7119999999999997
1.96,0.16000000000000014,3.8671999999999995
2.0,0.16000000000000014,4.0256
-2.0,0.20000000000000018,4.04
-1.96,0.20000000000000018,3.8815999999999997
-1.92,0.20000000000000018,3.7264
-1.88,0.20000000000000018,3.5744
-1.84,0.20000000000000018,3.4256
-1.8,0.20000000000000018,3.2800000000000002
-1.76,0.20000000000000018,3.1376
-1.72,0.20000000000000018,2.9983999999999997
-1.68,0.20000000000000018,2.8623999999999996
-1.6400000000000001,0.20000000000000018,2.7296000000000005
-1.6,0.20000000000000018,2.6000000000000005
-1.56,0.20000000000000018,2.4736000000000002
-1.52,0.20000000000000018,2.3504
-1.48,0.20000000000000018,2.2304
-1.44,0.20000000000000018,2.1136
-1.4,0.20000000000000018,1.9999999999999998
-1.3599999999999999,0.20000000000000018,1.8895999999999997
-1.3199999999999998,0.20000000000000018,1.7823999999999995
-1.28,0.20000000000000018,1.6784000000000001
-1.24,0.20000000000000018,1.5776000000000001
-1.2,0.20000000000000018,1.48
-1.1600000000000001,0.20000000000000018,1.3856000000000004
-1.12,0.20000000000000018,1.2944000000000002
-1.08,0.20000000000000018,1.2064000000000001
-1.04,0.20000000000000018,1.1216000000000002
-1.0,0.20000000000000018,1.04
-0.96,0.20000000000000018,0.9616
-0.9199999999999999,0.20000000000000018,0.8863999999999999
-0.8799999999999999,0.20000000000000018,0.8143999999999999
-0.8400000000000001,0.20000000000000018,0.7456000000000002
-0.8,0.20000000000000018,0.6800000000000002
-0.76,0.20000000000000018,0.6176
-0.72,0.20000000000000018,0.5584
-0.6799999999999999,0.20000000000000018,0.5024
-0.6399999999999999,0.20000000000000018,0.44959999999999994
-0.5999999999999999,0.20000000000000018,0.3999999999999999
-0.56,0.20000000000000018,0.35360000000000014
-0.52,0.20000000000000018,0.3104000000000001
-0.48,0.20000000000000018,0.2704000000000001
-0.43999999999999995,0.20000000000000018,0.23360000000000003
-0.3999999999999999,0.20000000000000018,0.19999999999999998
-0.3599999999999999,0.20000000000000018,0.16959999999999997
-0.32000000000000006,0.20000000000000018,0.1424000000000001
-0.28,0.20000000000000018,0.11840000000000009
-0.24,0.20000000000000018,0.09760000000000008
-0.19999999999999996,0.20000000000000018,0.08000000000000004
-0.15999999999999992,0.20000000000000018,0.06560000000000005
-0.11999999999999988,0.20000000000000018,0.054400000000000046
-0.08000000000000007,0.20000000000000018,0.04640000000000008
-0.040000000000000036,0.20000000000000018,0.041600000000000074
0.0,0.20000000000000018,0.04000000000000007
0.040000000000000036,0.20000000000000018,0.041600000000000074
0.08000000000000007,0.20000000000000018,0.04640000000000008
0.1200000000000001,0.20000000000000018,0.054400000000000094
0.16000000000000014,0.20000000000000018,0.06560000000000012
0.20000000000000018,0.20000000000000018,0.08000000000000014
0.2400000000000002,0.20000000000000018,0.09760000000000017
0.28000000000000025,0.20000000000000018,0.1184000000000002
0.31999999999999984,0.20000000000000018,0.14239999999999997
0.3599999999999999,0.20000000000000018,0.16959999999999997
0.3999999999999999,0.20000000000000018,0.19999999999999998
0.43999999999999995,0.20000000000000018,0.23360000000000003
0.48,0.20000000000000018,0.2704000000000001
0.52,0.20000000000000018,0.3104000000000001
0.56,0.20000000000000018,0.35360000000000014
0.6000000000000001,0.20000000000000018,0.4000000000000002
0.6400000000000001,0.20000000000000018,0.4496000000000003
0.6800000000000002,0.20000000000000018,0.5024000000000003
0.7200000000000002,0.20000000000000018,0.5584000000000003
0.7600000000000002,0.20000000000000018,0.6176000000000004
0.8000000000000003,0.20000000000000018,0.6800000000000005
0.8399999999999999,0.20000000000000018,0.7455999999999998
0.8799999999999999,0.20000000000000018,0.8143999999999999
0.9199999999999999,0.20000000000000018,0.8863999999999999
0.96,0.20000000000000018,0.9616
1.0,0.20000000000000018,1.04
1.04,0.20000000000000018,1.1216000000000002
1.08,0.20000000000000018,1.2064000000000001
1.12,0.20000000000000018,1.2944000000000002
1.1600000000000001,0.20000000000000018,1.3856000000000004
1.2000000000000002,0.20000000000000018,1.4800000000000004
1.2400000000000002,0.20000000000000018,1.5776000000000006
1.2800000000000002,0.20000000000000018,1.6784000000000008
1.3200000000000003,0.20000000000000018,1.7824000000000009
1.3599999999999999,0.20000000000000018,1.8895999999999997
1.4,0.20000000000000018,1.9999999999999998
1.44,0.20000000000000018,2.1136
1.48,0.20000000000000018,2.2304
1.52,0.20000000000000018,2.3504
1.56,0.20000000000000018,2.4736000000000002
1.6,0.20000000000000018,2.6000000000000005
1.6400000000000001,0.20000000000000018,2.7296000000000005
1.6800000000000002,0.20000000000000018,2.8624000000000005
1.7200000000000002,0.20000000000000018,2.9984000000000006
1.7600000000000002,0.20000000000000018,3.137600000000001
1.8000000000000003,0.20000000000000018,3.280000000000001
1.8399999999999999,0.20000000000000018,3.4255999999999993
1.88,0.20000000000000018,3.5744
1.92,0.20000000000000018,3.7264
1.96,0.20000000000000018,3.8815999999999997
2.0,0.20000000000000018,4.04
-2.0,0.2400000000000002,4.0576
-1.96,0.2400000000000002,3.8992
-1.92,0.2400000000000002,3.744
-1.88,0.2400000000000002,3.592
-1.84,0.2400000000000002,3.4432000000000005
-1.8,0.2400000000000002,3.2976000000000005
-1.76,0.2400000000000002,3.1552000000000002
-1.72,0.2400000000000002,3.016
-1.68,0.2400000000000002,2.88
-1.6400000000000001,0.2400000000000002,2.7472000000000008
-1.6,0.2400000000000002,2.617600000000001
-1.56,0.2400000000000002,2.4912000000000005
-1.52,0.2400000000000002,2.3680000000000003
-1.48,0.2400000000000002,2.248
-1.44,0.2400000000000002,2.1312
-1.4,0.2400000000000002,2.0176
-1.3599999999999999,0.2400000000000002,1.9071999999999998
-1.3199999999999998,0.2400000000000002,1.7999999999999996
-1.28,0.2400000000000002,1.6960000000000002
-1.24,0.2400000000000002,1.5952000000000002
-1.2,0.2400000000000002,1.4976
-1.1600000000000001,0.2400000000000002,1.4032000000000004
-1.12,0.2400000000000002,1.3120000000000003
-1.08,0.2400000000000002,1.2240000000000002
-1.04,0.2400000000000002,1.1392000000000002
-1.0,0.2400000000000002,1.0576
-0.96,0.2400000000000002,0.9792000000000001
-0.9199999999999999,0.2400000000000002,0.9039999999999999
-0.8799999999999999,0.2400000000000002,0.832
-0.8400000000000001,0.2400000000000002,0.7632000000000002
-0.8,0.2400000000000002,0.6976000000000002
-0.76,0.2400000000000002,0.6352000000000001
-0.72,0.2400000000000002,0.5760000000000001
-0.6799999999999999,0.2400000000000002,0.52
-0.6399999999999999,0.2400000000000002,0.46719999999999995
-0.5999999999999999,0.2400000000000002,0.4175999999999999
-0.56,0.2400000000000002,0.37120000000000014
-0.52,0.2400000000000002,0.3280000000000001
-0.48,0.2400000000000002,0.2880000000000001
-0.43999999999999995,0.2400000000000002,0.2512000000000001
-0.3999999999999999,0.2400000000000002,0.21760000000000002
-0.3599999999999999,0.2400000000000002,0.1872
-0.32000000000000006,0.2400000000000002,0.16000000000000014
-0.28,0.2400000000000002,0.13600000000000012
-0.24,0.2400000000000002,0.11520000000000011
-0.19999999999999996,0.2400000000000002,0.09760000000000008
-0.15999999999999992,0.2400000000000002,0.08320000000000008
-0.11999999999999988,0.2400000000000002,0.07200000000000008
-0.08000000000000007,0.2400000000000002,0.06400000000000011
-0.040000000000000036,0.2400000000000002,0.05920000000000011
0.0,0.2400000000000002,0.0576000000000001
0.040000000000000036,0.2400000000000002,0.05920000000000011
0.08000000000000007,0.2400000000000002,0.06400000000000011
0.1200000000000001,0.2400000000000002,0.07200000000000013
0.16000000000000014,0.2400000000000002,0.08320000000000015
0.20000000000000018,0.2400000000000002,0.09760000000000017
0.2400000000000002,0.2400000000000002,0.1152000000000002
0.28000000000000025,0.2400000000000002,0.13600000000000023
0.31999999999999984,0.2400000000000002,0.16
0.3599999999999999,0.2400000000000002,0.1872
0.3999999999999999,0.2400000000000002,0.21760000000000002
0.43999999999999995,0.2400000000000002,0.2512000000000001
0.48,0.2400000000000002,0.2880000000000001
0.52,0.2400000000000002,0.3280000000000001
0.56,0.2400000000000002,0.37120000000000014
0.6000000000000001,0.2400000000000002,0.4176000000000002
0.6400000000000001,0.2400000000000002,0.4672000000000003
0.6800000000000002,0.2400000000000002,0.5200000000000004
0.7200000000000002,0.2400000000000002,0.5760000000000004
0.7600000000000002,0.2400000000000002,0.6352000000000004
0.8000000000000003,0.2400000000000002,0.6976000000000006
0.8399999999999999,0.2400000000000002,0.7631999999999999
0.8799999999999999,0.2400000000000002,0.832
0.9199999999999999,0.2400000000000002,0.9039999999999999
0.96,0.2400000000000002,0.9792000000000001
1.0,0.2400000000000002,1.0576
1.04,0.2400000000000002,1.1392000000000002
1.08,0.2400000000000002,1.2240000000000002
1.12,0.2400000000000002,1.3120000000000003
1.1600000000000001,0.2400000000000002,1.4032000000000004
1.2000000000000002,0.2400000000000002,1.4976000000000005
1.2400000000000002,0.2400000000000002,1.5952000000000006
1.2800000000000002,0.2400000000000002,1.6960000000000008
1.3200000000000003,0.2400000000000002,1.800000000000001
1.3599999999999999,0.2400000000000002,1.9071999999999998
1.4,0.2400000000000002,2.0176
1.44,0.2400000000000002,2.1312
1.48,0.2400000000000002,2.248
1.52,0.2400000000000002,2.3680000000000003
1.56,0.2400000000000002,2.4912000000000005
1.6,0.2400000000000002,2.617600000000001
1.6400000000000001,0.2400000000000002,2.7472000000000008
1.6800000000000002,0.2400000000000002,2.880000000000001
1.7200000000000002,0.2400000000000002,3.016000000000001
1.7600000000000002,0.2400000000000002,3.155200000000001
1.8000000000000003,0.2400000000000002,3.2976000000000014
1.8399999999999999,0.2400000000000002,3.4431999999999996
1.88,0.2400000000000002,3.592
1.92,0.2400000000000002,3.744
1.96,0.2400000000000002,3.8992
2.0,0.2400000000000002,4.0576
-2.0,0.28000000000000025,4.0784
-1.96,0.28000000000000025,3.92
-1.92,0.28000000000000025,3.7648
-1.88,0.28000000000000025,3.6128
-1.84,0.28000000000000025,3.4640000000000004
-1.8,0.28000000000000025,3.3184000000000005
-1.76,0.28000000000000025,3.176
-1.72,0.28000000000000025,3.0368
-1.68,0.28000000000000025,2.9008
-1.6400000000000001,0.28000000000000025,2.7680000000000007
-1.6,0.28000000000000025,2.6384000000000007
-1.56,0.28000000000000025,2.5120000000000005
-1.52,0.28000000000000025,2.3888000000000003
-1.48,0.28000000000000025,2.2688
-1.44,0.28000000000000025,2.152
-1.4,0.28000000000000025,2.0383999999999998
-1.3599999999999999,0.28000000000000025,1.928
-1.3199999999999998,0.28000000000000025,1.8207999999999998
-1.28,0.28000000000000025,1.7168
-1.24,0.28000000000000025,1.616
-1.2,0.28000000000000025,1.5184000000000002
-1.1600000000000001,0.28000000000000025,1.4240000000000004
-1.12,0.28000000000000025,1.3328000000000002
-1.08,0.28000000000000025,1.2448000000000001
-1.04,0.28000000000000025,1.1600000000000001
-1.0,0.28000000000000025,1.0784000000000002
-0.96,0.28000000000000025,1.0
-0.9199999999999999,0.28000000000000025,0.9248
-0.8799999999999999,0.28000000000000025,0.8528
-0.8400000000000001,0.28000000000000025,0.7840000000000003
-0.8,0.28000000000000025,0.7184000000000003
-0.76,0.28000000000000025,0.6560000000000001
-0.72,0.28000000000000025,0.5968000000000001
-0.6799999999999999,0.28000000000000025,0.5408000000000001
-0.6399999999999999,0.28000000000000025,0.488
-0.5999999999999999,0.28000000000000025,0.43839999999999996
-0.56,0.28000000000000025,0.3920000000000002
-0.52,0.28000000000000025,0.34880000000000017
-0.48,0.28000000000000025,0.30880000000000013
-0.43999999999999995,0.28000000000000025,0.27200000000000013
-0.3999999999999999,0.28000000000000025,0.23840000000000006
-0.3599999999999999,0.28000000000000025,0.20800000000000005
-0.32000000000000006,0.28000000000000025,0.18080000000000018
-0.28,0.28000000000000025,0.15680000000000016
-0.24,0.28000000000000025,0.13600000000000012
-0.19999999999999996,0.28000000000000025,0.11840000000000012
-0.15999999999999992,0.28000000000000025,0.1040000000000001
-0.11999999999999988,0.28000000000000025,0.0928000000000001
-0.08000000000000007,0.28000000000000025,0.08480000000000015
-0.040000000000000036,0.28000000000000025,0.08000000000000014
0.0,0.28000000000000025,0.07840000000000014
0.040000000000000036,0.28000000000000025,0.08000000000000014
0.08000000000000007,0.28000000000000025,0.08480000000000015
0.1200000000000001,0.28000000000000025,0.09280000000000016
0.16000000000000014,0.28000000000000025,0.10400000000000018
0.20000000000000018,0.28000000000000025,0.1184000000000002
0.2400000000000002,0.28000000000000025,0.13600000000000023
0.28000000000000025,0.28000000000000025,0.15680000000000027
0.31999999999999984,0.28000000000000025,0.18080000000000002
0.3599999999999999,0.28000000000000025,0.20800000000000005
0.3999999999999999,0.28000000000000025,0.23840000000000006
0.43999999999999995,0.28000000000000025,0.27200000000000013
0.48,0.28000000000000025,0.30880000000000013
0.52,0.28000000000000025,0.34880000000000017
0.56,0.28000000000000025,0.3920000000000002
0.6000000000000001,0.28000000000000025,0.43840000000000023
0.6400000000000001,0.28000000000000025,0.4880000000000003
0.6800000000000002,0.28000000000000025,0.5408000000000004
0.7200000000000002,0.28000000000000025,0.5968000000000004
0.7600000000000002,0.28000000000000025,0.6560000000000005
0.8000000000000003,0.28000000000000025,0.7184000000000006
0.8399999999999999,0.28000000000000025,0.7839999999999999
0.8799999999999999,0.28000000000000025,0.8528
0.9199999999999999,0.28000000000000025,0.9248
0.96,0.28000000000000025,1.0
1.0,0.28000000000000025,1.0784000000000002
1.04,0.28000000000000025,1.1600000000000001
1.08,0.28000000000000025,1.2448000000000001
1.12,0.28000000000000025,1.3328000000000002
1.1600000000000001,0.28000000000000025,1.4240000000000004
1.2000000000000002,0.28000000000000025,1.5184000000000006
1.2400000000000002,0.28000000000000025,1.6160000000000005
1.2800000000000002,0.28000000000000025,1.716800000000001
1.3200000000000003,0.28000000000000025,1.820800000000001
1.3599999999999999,0.28000000000000025,1.928
1.4,0.28000000000000025,2.0383999999999998
1.44,0.28000000000000025,2.152
1.48,0.28000000000000025,2.2688
1.52,0.28000000000000025,2.3888000000000003
1.56,0.28000000000000025,2.5120000000000005
1.6,0.28000000000000025,2.6384000000000007
1.6400000000000001,0.28000000000000025,2.7680000000000007
1.6800000000000002,0.28000000000000025,2.9008000000000007
1.7200000000000002,0.28000000000000025,3.036800000000001
1.7600000000000002,0.28000000000000025,3.176000000000001
1.8000000000000003,0.28000000000000025,3.3184000000000013
1.8399999999999999,0.28000000000000025,3.4639999999999995
1.88,0.28000000000000025,3.6128
1.92,0.28000000000000025,3.7648
1.96,0.28000000000000025,3.92
2.0,0.28000000000000025,4.0784
-2.0,0.31999999999999984,4.1024
-1.96,0.31999999999999984,3.9439999999999995
-1.92,0.31999999999999984,3.7887999999999997
-1.88,0.31999999999999984,3.6367999999999996
-1.84,0.31999999999999984,3.488
-1.8,0.31999999999999984,3.3424
-1.76,0.31999999999999984,3.1999999999999997
-1.72,0.31999999999999984,3.0607999999999995
-1.68,0.31999999999999984,2.9247999999999994
-1.6400000000000001,0.31999999999999984,2.7920000000000003
-1.6,0.31999999999999984,2.6624000000000003
-1.56,0.31999999999999984,2.536
-1.52,0.31999999999999984,2.4128
-1.48,0.31999999999999984,2.2927999999999997
-1.44,0.31999999999999984,2.1759999999999997
-1.4,0.31999999999999984,2.0624
-1.3599999999999999,0.31999999999999984,1.9519999999999995
-1.3199999999999998,0.31999999999999984,1.8447999999999993
-1.28,0.31999999999999984,1.7408
-1.24,0.31999999999999984,1.64
-1.2,0.31999999999999984,1.5423999999999998
-1.1600000000000001,0.31999999999999984,1.4480000000000002
-1.12,0.31999999999999984,1.3568
-1.08,0.31999999999999984,1.2688
-1.04,0.31999999999999984,1.184
-1.0,0.31999999999999984,1.1023999999999998
-0.96,0.31999999999999984,1.0239999999999998
-0.9199999999999999,0.31999999999999984,0.9487999999999998
-0.8799999999999999,0.31999999999999984,0.8767999999999998
-0.8400000000000001,0.31999999999999984,0.808
-0.8,0.31999999999999984,0.7424000000000001
-0.76,0.31999999999999984,0.6799999999999999
-0.72,0.31999999999999984,0.6207999999999999
-0.6799999999999999,0.31999999999999984,0.5647999999999999
-0.6399999999999999,0.31999999999999984,0.5119999999999998
-0.5999999999999999,0.31999999999999984,0.4623999999999997
-0.56,0.31999999999999984,0.4159999999999999
-0.52,0.31999999999999984,0.3727999999999999
-0.48,0.31999999999999984,0.3327999999999999
-0.43999999999999995,0.31999999999999984,0.2959999999999999
-0.3999999999999999,0.31999999999999984,0.2623999999999998
-0.3599999999999999,0.31999999999999984,0.23199999999999982
-0.32000000000000006,0.31999999999999984,0.20479999999999993
-0.28,0.31999999999999984,0.1807999999999999
-0.24,0.31999999999999984,0.1599999999999999
-0.19999999999999996,0.31999999999999984,0.14239999999999986
-0.15999999999999992,0.31999999999999984,0.12799999999999986
-0.11999999999999988,0.31999999999999984,0.11679999999999986
-0.08000000000000007,0.31999999999999984,0.10879999999999991
-0.040000000000000036,0.31999999999999984,0.1039999999999999
0.0,0.31999999999999984,0.1023999999999999
0.040000000000000036,0.31999999999999984,0.1039999999999999
0.08000000000000007,0.31999999999999984,0.10879999999999991
0.1200000000000001,0.31999999999999984,0.11679999999999992
0.16000000000000014,0.31999999999999984,0.12799999999999995
0.20000000000000018,0.31999999999999984,0.14239999999999997
0.2400000000000002,0.31999999999999984,0.16
0.28000000000000025,0.31999999999999984,0.18080000000000002
0.31999999999999984,0.31999999999999984,0.2047999999999998
0.3599999999999999,0.31999999999999984,0.23199999999999982
0.3999999999999999,0.31999999999999984,0.2623999999999998
0.43999999999999995,0.31999999999999984,0.2959999999999999
0.48,0.31999999999999984,0.3327999999999999
0.52,0.31999999999999984,0.3727999999999999
0.56,0.31999999999999984,0.4159999999999999
0.6000000000000001,0.31999999999999984,0.4624
0.6400000000000001,0.31999999999999984,0.5120000000000001
0.6800000000000002,0.31999999999999984,0.5648000000000001
0.7200000000000002,0.31999999999999984,0.6208000000000002
0.7600000000000002,0.31999999999999984,0.6800000000000003
0.8000000000000003,0.31999999999999984,0.7424000000000004
0.8399999999999999,0.31999999999999984,0.8079999999999997
0.8799999999999999,0.31999999999999984,0.8767999999999998
0.9199999999999999,0.31999999999999984,0.9487999999999998
0.96,0.31999999999999984,1.0239999999999998
1.0,0.31999999999999984,1.1023999999999998
1.04,0.31999999999999984,1.184
1.08,0.31999999999999984,1.2688
1.12,0.31999999999999984,1.3568
1.1600000000000001,0.31999999999999984,1.4480000000000002
1.2000000000000002,0.31999999999999984,1.5424000000000002
1.2400000000000002,0.31999999999999984,1.6400000000000003
1.2800000000000002,0.31999999999999984,1.7408000000000006
1.3200000000000003,0.31999999999999984,1.8448000000000007
1.3599999999999999,0.31999999999999984,1.9519999999999995
1.4,0.31999999999999984,2.0624
1.44,0.31999999999999984,2.1759999999999997
1.48,0.31999999999999984,2.2927999999999997
1.52,0.31999999999999984,2.4128
1.56,0.31999999999999984,2.536
1.6,0.31999999999999984,2.6624000000000003
1.6400000000000001,0.31999999999999984,2.7920000000000003
1.6800000000000002,0.31999999999999984,2.9248000000000003
1.7200000000000002,0.31999999999999984,3.0608000000000004
1.7600000000000002,0.31999999999999984,3.2000000000000006
1.8000000000000003,0.31999999999999984,3.342400000000001
1.8399999999999999,0.31999999999999984,3.487999999999999
1.88,0.31999999999999984,3.6367999999999996
1.92,0.31999999999999984,3.7887999999999997
1.96,0.31999999999999984,3.9439999999999995
2.0,0.31999999999999984,4.1024
-2.0,0.3599999999999999,4.1296
-1.96,0.3599999999999999,3.9711999999999996
-1.92,0.3599999999999999,3.816
-1.88,0.3599999999999999,3.6639999999999997
-1.84,0.3599999999999999,3.5152
-1.8,0.3599999999999999,3.3696
-1.76,0.3599999999999999,3.2272
-1.72,0.3599999999999999,3.0879999999999996
-1.68,0.3599999999999999,2.9519999999999995
-1.6400000000000001,0.3599999999999999,2.8192000000000004
-1.6,0.3599999999999999,2.6896000000000004
-1.56,0.3599999999999999,2.5632
-1.52,0.3599999999999999,2.44
-1.48,0.3599999999999999,2.32
-1.44,0.3599999999999999,2.2032
-1.4,0.3599999999999999,2.0895999999999995
-1.3599999999999999,0.3599999999999999,1.9791999999999996
-1.3199999999999998,0.3599999999999999,1.8719999999999994
-1.28,0.3599999999999999,1.768
-1.24,0.3599999999999999,1.6672
-1.2,0.3599999999999999,1.5695999999999999
-1.1600000000000001,0.3599999999999999,1.4752000000000003
-1.12,0.3599999999999999,1.3840000000000001
-1.08,0.3599999999999999,1.296
-1.04,0.3599999999999999,1.2112
-1.0,0.3599999999999999,1.1296
-0.96,0.3599999999999999,1.0512
-0.9199999999999999,0.3599999999999999,0.9759999999999998
-0.8799999999999999,0.3599999999999999,0.9039999999999998
-0.8400000000000001,0.3599999999999999,0.8352
-0.8,0.3599999999999999,0.7696000000000001
-0.76,0.3599999999999999,0.7071999999999999
-0.72,0.3599999999999999,0.6479999999999999
-0.6799999999999999,0.3599999999999999,0.5919999999999999
-0.6399999999999999,0.3599999999999999,0.5391999999999998
-0.5999999999999999,0.3599999999999999,0.4895999999999997
-0.56,0.3599999999999999,0.4431999999999999
-0.52,0.3599999999999999,0.3999999999999999
-0.48,0.3599999999999999,0.3599999999999999
-0.43999999999999995,0.3599999999999999,0.3231999999999999
-0.3999999999999999,0.3599999999999999,0.28959999999999986
-0.3599999999999999,0.3599999999999999,0.2591999999999998
-0.32000000000000006,0.3599999999999999,0.23199999999999996
-0.28,0.3599999999999999,0.2079999999999999
-0.24,0.3599999999999999,0.18719999999999992
-0.19999999999999996,0.3599999999999999,0.1695999999999999
-0.15999999999999992,0.3599999999999999,0.1551999999999999
-0.11999999999999988,0.3599999999999999,0.14399999999999988
-0.08000000000000007,0.3599999999999999,0.13599999999999993
-0.040000000000000036,0.3599999999999999,0.1311999999999999
0.0,0.3599999999999999,0.1295999999999999
0.040000000000000036,0.3599999999999999,0.1311999999999999
0.08000000000000007,0.3599999999999999,0.13599999999999993
0.1200000000000001,0.3599999999999999,0.14399999999999993
0.16000000000000014,0.3599999999999999,0.15519999999999995
0.20000000000000018,0.3599999999999999,0.16959999999999997
0.2400000000000002,0.3599999999999999,0.1872
0.28000000000000025,0.3599999999999999,0.20800000000000005
0.31999999999999984,0.3599999999999999,0.23199999999999982
0.3599999999999999,0.3599999999999999,0.2591999999999998
0.3999999999999999,0.3599999999999999,0.28959999999999986
0.43999999999999995,0.3599999999999999,0.3231999999999999
0.48,0.3599999999999999,0.3599999999999999
0.52,0.3599999999999999,0.3999999999999999
0.56,0.3599999999999999,0.4431999999999999
0.6000000000000001,0.3599999999999999,0.48960000000000004
0.6400000000000001,0.3599999999999999,0.5392000000000001
0.6800000000000002,0.3599999999999999,0.5920000000000001
0.7200000000000002,0.3599999999999999,0.6480000000000002
0.7600000000000002,0.3599999999999999,0.7072000000000003
0.8000000000000003,0.3599999999999999,0.7696000000000004
0.8399999999999999,0.3599999999999999,0.8351999999999997
0.8799999999999999,0.3599999999999999,0.9039999999999998
0.9199999999999999,0.3599999999999999,0.9759999999999998
0.96,0.3599999999999999,1.0512
1.0,0.3599999999999999,1.1296
1.04,0.3599999999999999,1.2112
1.08,0.3599999999999999,1.296
1.12,0.3599999999999999,1.3840000000000001
1.1600000000000001,0.3599999999999999,1.4752000000000003
1.2000000000000002,0.3599999999999999,1.5696000000000003
1.2400000000000002,0.3599999999999999,1.6672000000000005
1.2800000000000002,0.3599999999999999,1.7680000000000007
1.3200000000000003,0.3599999999999999,1.8720000000000008
1.3599999999999999,0.3599999999999999,1.9791999999999996
1.4,0.3599999999999999,2.0895999999999995
1.44,0.3599999999999999,2.2032
1.48,0.3599999999999999,2.32
1.52,0.3599999999999999,2.44
1.56,0.3599999999999999,2.5632
1.6,0.3599999999999999,2.6896000000000004
1.6400000000000001,0.3599999999999999,2.8192000000000004
1.6800000000000002,0.3599999999999999,2.9520000000000004
1.7200000000000002,0.3599999999999999,3.0880000000000005
1.7600000000000002,0.3599999999999999,3.2272000000000007
1.8000000000000003,0.3599999999999999,3.369600000000001
1.8399999999999999,0.3599999999999999,3.515199999999999
1.88,0.3599999999999999,3.6639999999999997
1.92,0.3599999999999999,3.816
1.96,0.3599999999999999,3.9711999999999996
2.0,0.3599999999999999,4.1296
-2.0,0.3999999999999999,4.16
-1.96,0.3999999999999999,4.0016
-1.92,0.3999999999999999,3.8464
-1.88,0.3999999999999999,3.6944
-1.84,0.3999999999999999,3.5456000000000003
-1.8,0.3999999999999999,3.4000000000000004
-1.76,0.3999999999999999,3.2576
-1.72,0.3999999999999999,3.1183999999999994
-1.68,0.3999999999999999,2.9823999999999993
-1.6400000000000001,0.3999999999999999,2.8496000000000006
-1.6,0.3999999999999999,2.7200000000000006
-1.56,0.3999999999999999,2.5936000000000003
-1.52,0.3999999999999999,2.4703999999999997
-1.48,0.3999999999999999,2.3503999999999996
-1.44,0.3999999999999999,2.2336
-1.4,0.3999999999999999,2.1199999999999997
-1.3599999999999999,0.3999999999999999,2.0096
-1.3199999999999998,0.3999999999999999,1.9023999999999994
-1.28,0.3999999999999999,1.7984
-1.24,0.3999999999999999,1.6976
-1.2,0.3999999999999999,1.5999999999999999
-1.1600000000000001,0.3999999999999999,1.5056000000000003
-1.12,0.3999999999999999,1.4144
-1.08,0.3999999999999999,1.3264
-1.04,0.3999999999999999,1.2416
-1.0,0.3999999999999999,1.16
-0.96,0.3999999999999999,1.0816
-0.9199999999999999,0.3999999999999999,1.0063999999999997
-0.8799999999999999,0.3999999999999999,0.9343999999999998
-0.8400000000000001,0.3999999999999999,0.8656
-0.8,0.3999999999999999,0.8
-0.76,0.3999999999999999,0.7375999999999999
-0.72,0.3999999999999999,0.6783999999999999
-0.6799999999999999,0.3999999999999999,0.6223999999999998
-0.6399999999999999,0.3999999999999999,0.5695999999999998
-0.5999999999999999,0.3999999999999999,0.5199999999999998
-0.56,0.3999999999999999,0.47359999999999997
-0.52,0.3999999999999999,0.43039999999999995
-0.48,0.3999999999999999,0.3903999999999999
-0.43999999999999995,0.3999999999999999,0.3535999999999999
-0.3999999999999999,0.3999999999999999,0.31999999999999984
-0.3599999999999999,0.3999999999999999,0.28959999999999986
-0.32000000000000006,0.3999999999999999,0.26239999999999997
-0.28,0.3999999999999999,0.23839999999999995
-0.24,0.3999999999999999,0.2175999999999999
-0.19999999999999996,0.3999999999999999,0.1999999999999999
-0.15999999999999992,0.3999999999999999,0.1855999999999999
-0.11999999999999988,0.3999999999999999,0.1743999999999999
-0.08000000000000007,0.3999999999999999,0.16639999999999994
-0.040000000000000036,0.3999999999999999,0.1615999999999999
0.0,0.3999999999999999,0.15999999999999992
0.040000000000000036,0.3999999999999999,0.1615999999999999
0.08000000000000007,0.3999999999999999,0.16639999999999994
0.1200000000000001,0.3999999999999999,0.17439999999999994
0.16000000000000014,0.3999999999999999,0.18559999999999996
0.20000000000000018,0.3999999999999999,0.19999999999999998
0.2400000000000002,0.3999999999999999,0.21760000000000002
0.28000000000000025,0.3999999999999999,0.23840000000000006
0.31999999999999984,0.3999999999999999,0.2623999999999998
0.3599999999999999,0.3999999999999999,0.28959999999999986
0.3999999999999999,0.3999999999999999,0.31999999999999984
0.43999999999999995,0.3999999999999999,0.3535999999999999
0.48,0.3999999999999999,0.3903999999999999
0.52,0.3999999999999999,0.43039999999999995
0.56,0.3999999999999999,0.47359999999999997
0.6000000000000001,0.3999999999999999,0.52
0.6400000000000001,0.3999999999999999,0.5696000000000001
0.6800000000000002,0.3999999999999999,0.6224000000000001
0.7200000000000002,0.3999999999999999,0.6784000000000002
0.7600000000000002,0.3999999999999999,0.7376000000000003
0.8000000000000003,0.3999999999999999,0.8000000000000004
0.8399999999999999,0.3999999999999999,0.8655999999999997
0.8799999999999999,0.3999999999999999,0.9343999999999998
0.9199999999999999,0.3999999999999999,1.0063999999999997
0.96,0.3999999999999999,1.0816
1.0,0.3999999999999999,1.16
1.04,0.3999999999999999,1.2416
1.08,0.3999999999999999,1.3264
1.12,0.3999999999999999,1.4144
1.1600000000000001,0.3999999999999999,1.5056000000000003
1.2000000000000002,0.3999999999999999,1.6000000000000003
1.2400000000000002,0.3999999999999999,1.6976000000000004
1.2800000000000002,0.3999999999999999,1.7984000000000007
1.3200000000000003,0.3999999999999999,1.9024000000000008
1.3599999999999999,0.3999999999999999,2.0096
1.4,0.3999999999999999,2.1199999999999997
1.44,0.3999999999999999,2.2336
1.48,0.3999999999999999,2.3503999999999996
1.52,0.3999999999999999,2.4703999999999997
1.56,0.3999999999999999,2.5936000000000003
1.6,0.3999999999999999,2.7200000000000006
1.6400000000000001,0.3999999999999999,2.8496000000000006
1.6800000000000002,0.3999999999999999,2.9824
1.7200000000000002,0.3999999999999999,3.1184000000000003
1.7600000000000002,0.3999999999999999,3.257600000000001
1.8000000000000003,0.3999999999999999,3.4000000000000012
1.8399999999999999,0.3999999999999999,3.5455999999999994
1.88,0.3999999999999999,3.6944
1.92,0.3999999999999999,3.8464
1.96,0.3999999999999999,4.0016
2.0,0.3999999999999999,4.16
-2.0,0.43999999999999995,4.1936
-1.96,0.43999999999999995,4.0352
-1.92,0.43999999999999995,3.88
-1.88,0.43999999999999995,3.7279999999999998
-1.84,0.43999999999999995,3.5792
-1.8,0.43999999999999995,3.4336
-1.76,0.43999999999999995,3.2912
-1.72,0.43999999999999995,3.1519999999999997
-1.68,0.43999999999999995,3.0159999999999996
-1.6400000000000001,0.43999999999999995,2.8832000000000004
-1.6,0.43999999999999995,2.7536000000000005
-1.56,0.43999999999999995,2.6272
-1.52,0.43999999999999995,2.504
-1.48,0.43999999999999995,2.384
-1.44,0.43999999999999995,2.2672
-1.4,0.43999999999999995,2.1535999999999995
-1.3599999999999999,0.43999999999999995,2.0431999999999997
-1.3199999999999998,0.43999999999999995,1.9359999999999995
-1.28,0.43999999999999995,1.832
-1.24,0.43999999999999995,1.7312
-1.2,0.43999999999999995,1.6336
-1.1600000000000001,0.43999999999999995,1.5392000000000003
-1.12,0.43999999999999995,1.4480000000000002
-1.08,0.43999999999999995,1.36
-1.04,0.43999999999999995,1.2752000000000001
-1.0,0.43999999999999995,1.1936
-0.96,0.43999999999999995,1.1152
-0.9199999999999999,0.43999999999999995,1.0399999999999998
-0.8799999999999999,0.43999999999999995,0.9679999999999999
-0.8400000000000001,0.43999999999999995,0.8992000000000001
-0.8,0.43999999999999995,0.8336000000000001
-0.76,0.43999999999999995,0.7712
-0.72,0.43999999999999995,0.712
-0.6799999999999999,0.43999999999999995,0.6559999999999999
-0.6399999999999999,0.43999999999999995,0.6031999999999998
-0.5999999999999999,0.43999999999999995,0.5535999999999998
-0.56,0.43999999999999995,0.5072
-0.52,0.43999999999999995,0.46399999999999997
-0.48,0.43999999999999995,0.42399999999999993
-0.43999999999999995,0.43999999999999995,0.38719999999999993
-0.3999999999999999,0.43999999999999995,0.3535999999999999
-0.3599999999999999,0.43999999999999995,0.3231999999999999
-0.32000000000000006,0.43999999999999995,0.29600000000000004
-0.28,0.43999999999999995,0.27199999999999996
-0.24,0.43999999999999995,0.2512
-0.19999999999999996,0.43999999999999995,0.23359999999999995
-0.15999999999999992,0.43999999999999995,0.21919999999999995
-0.11999999999999988,0.43999999999999995,0.20799999999999993
-0.08000000000000007,0.43999999999999995,0.19999999999999998
-0.040000000000000036,0.43999999999999995,0.19519999999999996
0.0,0.43999999999999995,0.19359999999999997
0.040000000000000036,0.43999999999999995,0.19519999999999996
0.08000000000000007,0.43999999999999995,0.19999999999999998
0.1200000000000001,0.43999999999999995,0.208
0.16000000000000014,0.43999999999999995,0.2192
0.20000000000000018,0.43999999999999995,0.23360000000000003
0.2400000000000002,0.43999999999999995,0.2512000000000001
0.28000000000000025,0.43999999999999995,0.27200000000000013
0.31999999999999984,0.43999999999999995,0.2959999999999999
0.3599999999999999,0.43999999999999995,0.3231999999999999
0.3999999999999999,0.43999999999999995,0.3535999999999999
0.43999999999999995,0.43999999999999995,0.38719999999999993
0.48,0.43999999999999995,0.42399999999999993
0.52,0.43999999999999995,0.46399999999999997
0.56,0.43999999999999995,0.5072
0.6000000000000001,0.43999999999999995,0.5536000000000001
0.6400000000000001,0.43999999999999995,0.6032000000000002
0.6800000000000002,0.43999999999999995,0.6560000000000001
0.7200000000000002,0.43999999999999995,0.7120000000000003
0.7600000000000002,0.43999999999999995,0.7712000000000003
0.8000000000000003,0.43999999999999995,0.8336000000000005
0.8399999999999999,0.43999999999999995,0.8991999999999998
0.8799999999999999,0.43999999999999995,0.9679999999999999
0.9199999999999999,0.43999999999999995,1.0399999999999998
0.96,0.43999999999999995,1.1152
1.0,0.43999999999999995,1.1936
1.04,0.43999999999999995,1.2752000000000001
1.08,0.43999999999999995,1.36
1.12,0.43999999999999995,1.4480000000000002
1.1600000000000001,0.43999999999999995,1.5392000000000003
1.2000000000000002,0.43999999999999995,1.6336000000000004
1.2400000000000002,0.43999999999999995,1.7312000000000005
1.2800000000000002,0.43999999999999995,1.8320000000000007
1.3200000000000003,0.43999999999999995,1.9360000000000008
1.3599999999999999,0.43999999999999995,2.0431999999999997
1.4,0.43999999999999995,2.1535999999999995
1.44,0.43999999999999995,2.2672
1.48,0.43999999999999995,2.384
1.52,0.43999999999999995,2.504
1.56,0.43999999999999995,2.6272
1.6,0.43999999999999995,2.7536000000000005
1.6400000000000001,0.43999999999999995,2.8832000000000004
1.6800000000000002,0.43999999999999995,3.0160000000000005
1.7200000000000002,0.43999999999999995,3.1520000000000006
1.7600000000000002,0.43999999999999995,3.291200000000001
1.8000000000000003,0.43999999999999995,3.433600000000001
1.8399999999999999,0.43999999999999995,3.5791999999999993
1.88,0.43999999999999995,3.7279999999999998
1.92,0.43999999999999995,3.88
1.96,0.43999999999999995,4.0352
2.0,0.43999999999999995,4.1936
-2.0,0.48,4.2304
-1.96,0.48,4.072
-1.92,0.48,3.9168
-1.88,0.48,3.7647999999999997
-1.84,0.48,3.616
-1.8,0.48,3.4704
-1.76,0.48,3.328
-1.72,0.48,3.1887999999999996
-1.68,0.48,3.0527999999999995
-1.6400000000000001,0.48,2.9200000000000004
-1.6,0.48,2.7904000000000004
-1.56,0.48,2.664
-1.52,0.48,2.5408
-1.48,0.48,2.4208
-1.44,0.48,2.304
-1.4,0.48,2.1904
-1.3599999999999999,0.48,2.0799999999999996
-1.3199999999999998,0.48,1.9727999999999994
-1.28,0.48,1.8688
-1.24,0.48,1.768
-1.2,0.48,1.6703999999999999
-1.1600000000000001,0.48,1.5760000000000003
-1.12,0.48,1.4848000000000001
-1.08,0.48,1.3968
-1.04,0.48,1.312
-1.0,0.48,1.2304
-0.96,0.48,1.152
-0.9199999999999999,0.48,1.0767999999999998
-0.8799999999999999,0.48,1.0048
-0.8400000000000001,0.48,0.9360000000000002
-0.8,0.48,0.8704000000000001
-0.76,0.48,0.808
-0.72,0.48,0.7487999999999999
-0.6799999999999999,0.48,0.6927999999999999
-0.6399999999999999,0.48,0.6399999999999999
-0.5999999999999999,0.48,0.5903999999999998
-0.56,0.48,0.544
-0.52,0.48,0.5008
-0.48,0.48,0.4608
-0.43999999999999995,0.48,0.42399999999999993
-0.3999999999999999,0.48,0.3903999999999999
-0.3599999999999999,0.48,0.3599999999999999
-0.32000000000000006,0.48,0.33280000000000004
-0.28,0.48,0.3088
-0.24,0.48,0.288
-0.19999999999999996,0.48,0.2704
-0.15999999999999992,0.48,0.25599999999999995
-0.11999999999999988,0.48,0.24479999999999996
-0.08000000000000007,0.48,0.2368
-0.040000000000000036,0.48,0.23199999999999998
0.0,0.48,0.2304
0.040000000000000036,0.48,0.23199999999999998
0.08000000000000007,0.48,0.2368
0.1200000000000001,0.48,0.24480000000000002
0.16000000000000014,0.48,0.25600000000000006
0.20000000000000018,0.48,0.2704000000000001
0.2400000000000002,0.48,0.2880000000000001
0.28000000000000025,0.48,0.30880000000000013
0.31999999999999984,0.48,0.3327999999999999
0.3599999999999999,0.48,0.3599999999999999
0.3999999999999999,0.48,0.3903999999999999
0.43999999999999995,0.48,0.42399999999999993
0.48,0.48,0.4608
0.52,0.48,0.5008
0.56,0.48,0.544
0.6000000000000001,0.48,0.5904
0.6400000000000001,0.48,0.6400000000000001
0.6800000000000002,0.48,0.6928000000000002
0.7200000000000002,0.48,0.7488000000000004
0.7600000000000002,0.48,0.8080000000000003
0.8000000000000003,0.48,0.8704000000000005
0.8399999999999999,0.48,0.9359999999999997
0.8799999999999999,0.48,1.0048
0.9199999999999999,0.48,1.0767999999999998
0.96,0.48,1.152
1.0,0.48,1.2304
1.04,0.48,1.312
1.08,0.48,1.3968
1.12,0.48,1.4848000000000001
1.1600000000000001,0.48,1.5760000000000003
1.2000000000000002,0.48,1.6704000000000003
1.2400000000000002,0.48,1.7680000000000005
1.2800000000000002,0.48,1.8688000000000007
1.3200000000000003,0.48,1.9728000000000008
1.3599999999999999,0.48,2.0799999999999996
1.4,0.48,2.1904
1.44,0.48,2.304
1.48,0.48,2.4208
1.52,0.48,2.5408
1.56,0.48,2.664
1.6,0.48,2.7904000000000004
1.6400000000000001,0.48,2.9200000000000004
1.6800000000000002,0.48,3.0528000000000004
1.7200000000000002,0.48,3.1888000000000005
1.7600000000000002,0.48,3.3280000000000007
1.8000000000000003,0.48,3.470400000000001
1.8399999999999999,0.48,3.615999999999999
1.88,0.48,3.7647999999999997
1.92,0.48,3.9168
1.96,0.48,4.072
2.0,0.48,4.2304
-2.0,0.52,4.2704
-1.96,0.52,4.112
-1.92,0.52,3.9568
-1.88,0.52,3.8047999999999997
-1.84,0.52,3.656
-1.8,0.52,3.5104
-1.76,0.52,3.368
-1.72,0.52,3.2287999999999997
-1.68,0.52,3.0927999999999995
-1.6400000000000001,0.52,2.9600000000000004
-1.6,0.52,2.8304000000000005
-1.56,0.52,2.704
-1.52,0.52,2.5808
-1.48,0.52,2.4608
-1.44,0.52,2.344
-1.4,0.52,2.2304
-1.3599999999999999,0.52,2.1199999999999997
-1.3199999999999998,0.52,2.0127999999999995
-1.28,0.52,1.9088
-1.24,0.52,1.808
-1.2,0.52,1.7104
-1.1600000000000001,0.52,1.6160000000000003
-1.12,0.52,1.5248000000000002
-1.08,0.52,1.4368
-1.04,0.52,1.352
-1.0,0.52,1.2704
-0.96,0.52,1.192
-0.9199999999999999,0.52,1.1167999999999998
-0.8799999999999999,0.52,1.0448
-0.8400000000000001,0.52,0.9760000000000002
-0.8,0.52,0.9104000000000001
-0.76,0.52,0.8480000000000001
-0.72,0.52,0.7888
-0.6799999999999999,0.52,0.7327999999999999
-0.6399999999999999,0.52,0.6799999999999999
-0.5999999999999999,0.52,0.6303999999999998
-0.56,0.52,0.5840000000000001
-0.52,0.52,0.5408000000000001
-0.48,0.52,0.5008
-0.43999999999999995,0.52,0.46399999999999997
-0.3999999999999999,0.52,0.43039999999999995
-0.3599999999999999,0.52,0.3999999999999999
-0.32000000000000006,0.52,0.3728000000000001
-0.28,0.52,0.34880000000000005
-0.24,0.52,0.328
-0.19999999999999996,0.52,0.3104
-0.15999999999999992,0.52,0.296
-0.11999999999999988,0.52,0.2848
-0.08000000000000007,0.52,0.27680000000000005
-0.040000000000000036,0.52,0.272
0.0,0.52,0.27040000000000003
0.040000000000000036,0.52,0.272
0.08000000000000007,0.52,0.27680000000000005
0.1200000000000001,0.52,0.28480000000000005
0.16000000000000014,0.52,0.2960000000000001
0.20000000000000018,0.52,0.3104000000000001
0.2400000000000002,0.52,0.3280000000000001
0.28000000000000025,0.52,0.34880000000000017
0.31999999999999984,0.52,0.3727999999999999
0.3599999999999999,0.52,0.3999999999999999
0.3999999999999999,0.52,0.43039999999999995
0.43999999999999995,0.52,0.46399999999999997
0.48,0.52,0.5008
0.52,0.52,0.5408000000000001
0.56,0.52,0.5840000000000001
0.6000000000000001,0.52,0.6304000000000001
0.6400000000000001,0.52,0.6800000000000002
0.6800000000000002,0.52,0.7328000000000002
0.7200000000000002,0.52,0.7888000000000004
0.7600000000000002,0.52,0.8480000000000003
0.8000000000000003,0.52,0.9104000000000005
0.8399999999999999,0.52,0.9759999999999998
0.8799999999999999,0.52,1.0448
0.9199999999999999,0.52,1.1167999999999998
0.96,0.52,1.192
1.0,0.52,1.2704
1.04,0.52,1.352
1.08,0.52,1.4368
1.12,0.52,1.5248000000000002
1.1600000000000001,0.52,1.6160000000000003
1.2000000000000002,0.52,1.7104000000000004
1.2400000000000002,0.52,1.8080000000000005
1.2800000000000002,0.52,1.9088000000000007
1.3200000000000003,0.52,2.012800000000001
1.3599999999999999,0.52,2.1199999999999997
1.4,0.52,2.2304
1.44,0.52,2.344
1.48,0.52,2.4608
1.52,0.52,2.5808
1.56,0.52,2.704
1.6,0.52,2.8304000000000005
1.6400000000000001,0.52,2.9600000000000004
1.6800000000000002,0.52,3.0928000000000004
1.7200000000000002,0.52,3.2288000000000006
1.7600000000000002,0.52,3.3680000000000008
1.8000000000000003,0.52,3.510400000000001
1.8399999999999999,0.52,3.6559999999999993
1.88,0.52,3.8047999999999997
1.92,0.52,3.9568
1.96,0.52,4.112
2.0,0.52,4.2704
-2.0,0.56,4.3136
-1.96,0.56,4.1552
-1.92,0.56,4.0
-1.88,0.56,3.848
-1.84,0.56,3.6992000000000003
-1.8,0.56,3.5536000000000003
-1.76,0.56,3.4112
-1.72,0.56,3.272
-1.68,0.56,3.1359999999999997
-1.6400000000000001,0.56,3.0032000000000005
-1.6,0.56,2.8736000000000006
-1.56,0.56,2.7472000000000003
-1.52,0.56,2.624
-1.48,0.56,2.504
-1.44,0.56,2.3872
-1.4,0.56,2.2735999999999996
-1.3599999999999999,0.56,2.1632
-1.3199999999999998,0.56,2.0559999999999996
-1.28,0.56,1.9520000000000002
-1.24,0.56,1.8512000000000002
-1.2,0.56,1.7536
-1.1600000000000001,0.56,1.6592000000000005
-1.12,0.56,1.5680000000000003
-1.08,0.56,1.4800000000000002
-1.04,0.56,1.3952000000000002
-1.0,0.56,1.3136
-0.96,0.56,1.2352
-0.9199999999999999,0.56,1.16
-0.8799999999999999,0.56,1.0879999999999999
-0.8400000000000001,0.56,1.0192
-0.8,0.56,0.9536000000000002
-0.76,0.56,0.8912
-0.72,0.56,0.8320000000000001
-0.6799999999999999,0.56,0.776
-0.6399999999999999,0.56,0.7231999999999998
-0.5999999999999999,0.56,0.6735999999999999
-0.56,0.56,0.6272000000000001
-0.52,0.56,0.5840000000000001
-0.48,0.56,0.544
-0.43999999999999995,0.56,0.5072
-0.3999999999999999,0.56,0.47359999999999997
-0.3599999999999999,0.56,0.4431999999999999
-0.32000000000000006,0.56,0.4160000000000001
-0.28,0.56,0.39200000000000007
-0.24,0.56,0.37120000000000003
-0.19999999999999996,0.56,0.3536
-0.15999999999999992,0.56,0.3392
-0.11999999999999988,0.56,0.328
-0.08000000000000007,0.56,0.32000000000000006
-0.040000000000000036,0.56,0.31520000000000004
0.0,0.56,0.31360000000000005
0.040000000000000036,0.56,0.31520000000000004
0.08000000000000007,0.56,0.32000000000000006
0.1200000000000001,0.56,0.32800000000000007
0.16000000000000014,0.56,0.3392000000000001
0.20000000000000018,0.56,0.35360000000000014
0.2400000000000002,0.56,0.37120000000000014
0.28000000000000025,0.56,0.3920000000000002
0.31999999999999984,0.56,0.4159999999999999
0.3599999999999999,0.56,0.4431999999999999
0.3999999999999999,0.56,0.47359999999999997
0.43999999999999995,0.56,0.5072
0.48,0.56,0.544
0.52,0.56,0.5840000000000001
0.56,0.56,0.6272000000000001
0.6000000000000001,0.56,0.6736000000000002
0.6400000000000001,0.56,0.7232000000000003
0.6800000000000002,0.56,0.7760000000000002
0.7200000000000002,0.56,0.8320000000000003
0.7600000000000002,0.56,0.8912000000000004
0.8000000000000003,0.56,0.9536000000000004
0.8399999999999999,0.56,1.0191999999999999
0.8799999999999999,0.56,1.0879999999999999
0.9199999999999999,0.56,1.16
0.96,0.56,1.2352
1.0,0.56,1.3136
1.04,0.56,1.3952000000000002
1.08,0.56,1.4800000000000002
1.12,0.56,1.5680000000000003
1.1600000000000001,0.56,1.6592000000000005
1.2000000000000002,0.56,1.7536000000000005
1.2400000000000002,0.56,1.8512000000000006
1.2800000000000002,0.56,1.9520000000000008
1.3200000000000003,0.56,2.056000000000001
1.3599999999999999,0.56,2.1632
1.4,0.56,2.2735999999999996
1.44,0.56,2.3872
1.48,0.56,2.504
1.52,0.56,2.624
1.56,0.56,2.7472000000000003
1.6,0.56,2.8736000000000006
1.6400000000000001,0.56,3.0032000000000005
1.6800000000000002,0.56,3.1360000000000006
1.7200000000000002,0.56,3.2720000000000007
1.7600000000000002,0.56,3.411200000000001
1.8000000000000003,0.56,3.553600000000001
1.8399999999999999,0.56,3.6991999999999994
1.88,0.56,3.848
1.92,0.56,4.0
1.96,0.56,4.1552
2.0,0.56,4.3136
-2.0,0.6000000000000001,4.36
-1.96,0.6000000000000001,4.2016
-1.92,0.6000000000000001,4.0464
-1.88,0.6000000000000001,3.8944
-1.84,0.6000000000000001,3.7456000000000005
-1.8,0.6000000000000001,3.6000000000000005
-1.76,0.6000000000000001,3.4576000000000002
-1.72,0.6000000000000001,3.3183999999999996
-1.68,0.6000000000000001,3.1823999999999995
-1.6400000000000001,0.6000000000000001,3.0496000000000008
-1.6,0.6000000000000001,2.920000000000001
-1.56,0.6000000000000001,2.7936000000000005
-1.52,0.6000000000000001,2.6704
-1.48,0.6000000000000001,2.5504
-1.44,0.6000000000000001,2.4336
-1.4,0.6000000000000001,2.32
-1.3599999999999999,0.6000000000000001,2.2096
-1.3199999999999998,0.6000000000000001,2.1023999999999994
-1.28,0.6000000000000001,1.9984000000000002
-1.24,0.6000000000000001,1.8976000000000002
-1.2,0.6000000000000001,1.8
-1.1600000000000001,0.6000000000000001,1.7056000000000004
-1.12,0.6000000000000001,1.6144000000000003
-1.08,0.6000000000000001,1.5264000000000002
-1.04,0.6000000000000001,1.4416000000000002
-1.0,0.6000000000000001,1.36
-0.96,0.6000000000000001,1.2816
-0.9199999999999999,0.6000000000000001,1.2064
-0.8799999999999999,0.6000000000000001,1.1343999999999999
-0.8400000000000001,0.6000000000000001,1.0656000000000003
-0.8,0.6000000000000001,1.0000000000000002
-0.76,0.6000000000000001,0.9376000000000001
-0.72,0.6000000000000001,0.8784000000000001
-0.6799999999999999,0.6000000000000001,0.8224
-0.6399999999999999,0.6000000000000001,0.7696
-0.5999999999999999,0.6000000000000001,0.72
-0.56,0.6000000000000001,0.6736000000000002
-0.52,0.6000000000000001,0.6304000000000001
-0.48,0.6000000000000001,0.5904
-0.43999999999999995,0.6000000000000001,0.5536000000000001
-0.3999999999999999,0.6000000000000001,0.52
-0.3599999999999999,0.6000000000000001,0.48960000000000004
-0.32000000000000006,0.6000000000000001,0.46240000000000014
-0.28,0.6000000000000001,0.4384000000000001
-0.24,0.6000000000000001,0.4176000000000001
-0.19999999999999996,0.6000000000000001,0.4000000000000001
-0.15999999999999992,0.6000000000000001,0.38560000000000005
-0.11999999999999988,0.6000000000000001,0.37440000000000007
-0.08000000000000007,0.6000000000000001,0.3664000000000001
-0.040000000000000036,0.6000000000000001,0.3616000000000001
0.0,0.6000000000000001,0.3600000000000001
0.040000000000000036,0.6000000000000001,0.3616000000000001
0.08000000000000007,0.6000000000000001,0.3664000000000001
0.1200000000000001,0.6000000000000001,0.3744000000000001
0.16000000000000014,0.6000000000000001,0.38560000000000016
0.20000000000000018,0.6000000000000001,0.4000000000000002
0.2400000000000002,0.6000000000000001,0.4176000000000002
0.28000000000000025,0.6000000000000001,0.43840000000000023
0.31999999999999984,0.6000000000000001,0.4624
0.3599999999999999,0.6000000000000001,0.48960000000000004
0.3999999999999999,0.6000000000000001,0.52
0.43999999999999995,0.6000000000000001,0.5536000000000001
0.48,0.6000000000000001,0.5904
0.52,0.6000000000000001,0.6304000000000001
0.56,0.6000000000000001,0.6736000000000002
0.6000000000000001,0.6000000000000001,0.7200000000000002
0.6400000000000001,0.6000000000000001,0.7696000000000003
0.6800000000000002,0.6000000000000001,0.8224000000000002
0.7200000000000002,0.6000000000000001,0.8784000000000004
0.7600000000000002,0.6000000000000001,0.9376000000000004
0.8000000000000003,0.6000000000000001,1.0000000000000004
0.8399999999999999,0.6000000000000001,1.0655999999999999
0.8799999999999999,0.6000000000000001,1.1343999999999999
0.9199999999999999,0.6000000000000001,1.2064
0.96,0.6000000000000001,1.2816
1.0,0.6000000000000001,1.36
1.04,0.6000000000000001,1.4416000000000002
1.08,0.6000000000000001,1.5264000000000002
1.12,0.6000000000000001,1.6144000000000003
1.1600000000000001,0.6000000000000001,1.7056000000000004
1.2000000000000002,0.6000000000000001,1.8000000000000005
1.2400000000000002,0.6000000000000001,1.8976000000000006
1.2800000000000002,0.6000000000000001,1.9984000000000008
1.3200000000000003,0.6000000000000001,2.102400000000001
1.3599999999999999,0.6000000000000001,2.2096
1.4,0.6000000000000001,2.32
1.44,0.6000000000000001,2.4336
1.48,0.6000000000000001,2.5504
1.52,0.6000000000000001,2.6704
1.56,0.6000000000000001,2.7936000000000005
1.6,0.6000000000000001,2.920000000000001
1.6400000000000001,0.6000000000000001,3.0496000000000008
1.6800000000000002,0.6000000000000001,3.1824000000000003
1.7200000000000002,0.6000000000000001,3.3184000000000005
1.7600000000000002,0.6000000000000001,3.457600000000001
1.8000000000000003,0.6000000000000001,3.6000000000000014
1.8399999999999999,0.6000000000000001,3.7455999999999996
1.88,0.6000000000000001,3.8944
1.92,0.6000000000000001,4.0464
1.96,0.6000000000000001,4.2016
2.0,0.6000000000000001,4.36
-2.0,0.6400000000000001,4.4096
-1.96,0.6400000000000001,4.2512
-1.92,0.6400000000000001,4.096
-1.88,0.6400000000000001,3.944
-1.84,0.6400000000000001,3.7952000000000004
-1.8,0.6400000000000001,3.6496000000000004
-1.76,0.6400000000000001,3.5072
-1.72,0.6400000000000001,3.368
-1.68,0.6400000000000001,3.2319999999999998
-1.6400000000000001,0.6400000000000001,3.0992000000000006
-1.6,0.6400000000000001,2.9696000000000007
-1.56,0.6400000000000001,2.8432000000000004
-1.52,0.6400000000000001,2.72
-1.48,0.6400000000000001,2.6
-1.44,0.6400000000000001,2.4832
-1.4,0.6400000000000001,2.3696
-1.3599999999999999,0.6400000000000001,2.2592
-1.3199999999999998,0.6400000000000001,2.1519999999999997
-1.28,0.6400000000000001,2.048
-1.24,0.6400000000000001,1.9472000000000003
-1.2,0.6400000000000001,1.8496000000000001
-1.1600000000000001,0.6400000000000001,1.7552000000000005
-1.12,0.6400000000000001,1.6640000000000004
-1.08,0.6400000000000001,1.5760000000000003
-1.04,0.6400000000000001,1.4912000000000003
-1.0,0.6400000000000001,1.4096000000000002
-0.96,0.6400000000000001,1.3312000000000002
-0.9199999999999999,0.6400000000000001,1.256
-0.8799999999999999,0.6400000000000001,1.1840000000000002
-0.8400000000000001,0.6400000000000001,1.1152000000000002
-0.8,0.6400000000000001,1.0496000000000003
-0.76,0.6400000000000001,0.9872000000000002
-0.72,0.6400000000000001,0.9280000000000002
-0.6799999999999999,0.6400000000000001,0.8720000000000001
-0.6399999999999999,0.6400000000000001,0.8192
-0.5999999999999999,0.6400000000000001,0.7696000000000001
-0.56,0.6400000000000001,0.7232000000000003
-0.52,0.6400000000000001,0.6800000000000002
-0.48,0.6400000000000001,0.6400000000000001
-0.43999999999999995,0.6400000000000001,0.6032000000000002
-0.3999999999999999,0.6400000000000001,0.5696000000000001
-0.3599999999999999,0.6400000000000001,0.5392000000000001
-0.32000000000000006,0.6400000000000001,0.5120000000000002
-0.28,0.6400000000000001,0.4880000000000002
-0.24,0.6400000000000001,0.46720000000000017
-0.19999999999999996,0.6400000000000001,0.44960000000000017
-0.15999999999999992,0.6400000000000001,0.43520000000000014
-0.11999999999999988,0.6400000000000001,0.42400000000000015
-0.08000000000000007,0.6400000000000001,0.4160000000000002
-0.040000000000000036,0.6400000000000001,0.4112000000000002
0.0,0.6400000000000001,0.4096000000000002
0.040000000000000036,0.6400000000000001,0.4112000000000002
0.08000000000000007,0.6400000000000001,0.4160000000000002
0.1200000000000001,0.6400000000000001,0.4240000000000002
0.16000000000000014,0.6400000000000001,0.43520000000000025
0.20000000000000018,0.6400000000000001,0.4496000000000003
0.2400000000000002,0.6400000000000001,0.4672000000000003
0.28000000000000025,0.6400000000000001,0.4880000000000003
0.31999999999999984,0.6400000000000001,0.5120000000000001
0.3599999999999999,0.6400000000000001,0.5392000000000001
0.3999999999999999,0.6400000000000001,0.5696000000000001
0.43999999999999995,0.6400000000000001,0.6032000000000002
0.48,0.6400000000000001,0.6400000000000001
0.52,0.6400000000000001,0.6800000000000002
0.56,0.6400000000000001,0.7232000000000003
0.6000000000000001,0.6400000000000001,0.7696000000000003
0.6400000000000001,0.6400000000000001,0.8192000000000004
0.6800000000000002,0.6400000000000001,0.8720000000000003
0.7200000000000002,0.6400000000000001,0.9280000000000005
0.7600000000000002,0.6400000000000001,0.9872000000000005
0.8000000000000003,0.6400000000000001,1.0496000000000008
0.8399999999999999,0.6400000000000001,1.1152
0.8799999999999999,0.6400000000000001,1.1840000000000002
0.9199999999999999,0.6400000000000001,1.256
0.96,0.6400000000000001,1.3312000000000002
1.0,0.6400000000000001,1.4096000000000002
1.04,0.6400000000000001,1.4912000000000003
1.08,0.6400000000000001,1.5760000000000003
1.12,0.6400000000000001,1.6640000000000004
1.1600000000000001,0.6400000000000001,1.7552000000000005
1.2000000000000002,0.6400000000000001,1.8496000000000006
1.2400000000000002,0.6400000000000001,1.9472000000000007
1.2800000000000002,0.6400000000000001,2.048000000000001
1.3200000000000003,0.6400000000000001,2.152000000000001
1.3599999999999999,0.6400000000000001,2.2592
1.4,0.6400000000000001,2.3696
1.44,0.6400000000000001,2.4832
1.48,0.6400000000000001,2.6
1.52,0.6400000000000001,2.72
1.56,0.6400000000000001,2.8432000000000004
1.6,0.6400000000000001,2.9696000000000007
1.6400000000000001,0.6400000000000001,3.0992000000000006
1.6800000000000002,0.6400000000000001,3.2320000000000007
1.7200000000000002,0.6400000000000001,3.3680000000000008
1.7600000000000002,0.6400000000000001,3.507200000000001
1.8000000000000003,0.6400000000000001,3.6496000000000013
1.8399999999999999,0.6400000000000001,3.7951999999999995
1.88,0.6400000000000001,3.944
1.92,0.6400000000000001,4.096
1.96,0.6400000000000001,4.2512
2.0,0.6400000000000001,4.4096
-2.0,0.6800000000000002,4.462400000000001
-1.96,0.6800000000000002,4.304
-1.92,0.6800000000000002,4.1488000000000005
-1.88,0.6800000000000002,3.9968
-1.84,0.6800000000000002,3.8480000000000003
-1.8,0.6800000000000002,3.7024000000000004
-1.76,0.6800000000000002,3.56
-1.72,0.6800000000000002,3.4208
-1.68,0.6800000000000002,3.2847999999999997
-1.6400000000000001,0.6800000000000002,3.1520000000000006
-1.6,0.6800000000000002,3.0224000000000006
-1.56,0.6800000000000002,2.8960000000000004
-1.52,0.6800000000000002,2.7728
-1.48,0.6800000000000002,2.6528
-1.44,0.6800000000000002,2.536
-1.4,0.6800000000000002,2.4224
-1.3599999999999999,0.6800000000000002,2.312
-1.3199999999999998,0.6800000000000002,2.2047999999999996
-1.28,0.6800000000000002,2.1008000000000004
-1.24,0.6800000000000002,2.0000000000000004
-1.2,0.6800000000000002,1.9024
-1.1600000000000001,0.6800000000000002,1.8080000000000005
-1.12,0.6800000000000002,1.7168000000000003
-1.08,0.6800000000000002,1.6288000000000002
-1.04,0.6800000000000002,1.5440000000000003
-1.0,0.6800000000000002,1.4624000000000001
-0.96,0.6800000000000002,1.3840000000000001
-0.9199999999999999,0.6800000000000002,1.3088
-0.8799999999999999,0.6800000000000002,1.2368000000000001
-0.8400000000000001,0.6800000000000002,1.1680000000000004
-0.8,0.6800000000000002,1.1024000000000003
-0.76,0.6800000000000002,1.0400000000000003
-0.72,0.6800000000000002,0.9808000000000001
-0.6799999999999999,0.6800000000000002,0.9248000000000001
-0.6399999999999999,0.6800000000000002,0.8720000000000001
-0.5999999999999999,0.6800000000000002,0.8224
-0.56,0.6800000000000002,0.7760000000000002
-0.52,0.6800000000000002,0.7328000000000002
-0.48,0.6800000000000002,0.6928000000000002
-0.43999999999999995,0.6800000000000002,0.6560000000000001
-0.3999999999999999,0.6800000000000002,0.6224000000000001
-0.3599999999999999,0.6800000000000002,0.5920000000000001
-0.32000000000000006,0.6800000000000002,0.5648000000000002
-0.28,0.6800000000000002,0.5408000000000002
-0.24,0.6800000000000002,0.5200000000000002
-0.19999999999999996,0.6800000000000002,0.5024000000000002
-0.15999999999999992,0.6800000000000002,0.48800000000000016
-0.11999999999999988,0.6800000000000002,0.47680000000000017
-0.08000000000000007,0.6800000000000002,0.4688000000000002
-0.040000000000000036,0.6800000000000002,0.4640000000000002
0.0,0.6800000000000002,0.4624000000000002
0.040000000000000036,0.6800000000000002,0.4640000000000002
0.08000000000000007,0.6800000000000002,0.4688000000000002
0.1200000000000001,0.6800000000000002,0.4768000000000002
0.16000000000000014,0.6800000000000002,0.48800000000000027
0.20000000000000018,0.6800000000000002,0.5024000000000003
0.2400000000000002,0.6800000000000002,0.5200000000000004
0.28000000000000025,0.6800000000000002,0.5408000000000004
0.31999999999999984,0.6800000000000002,0.5648000000000001
0.3599999999999999,0.6800000000000002,0.5920000000000001
0.3999999999999999,0.6800000000000002,0.6224000000000001
0.43999999999999995,0.6800000000000002,0.6560000000000001
0.48,0.6800000000000002,0.6928000000000002
0.52,0.6800000000000002,0.7328000000000002
0.56,0.6800000000000002,0.7760000000000002
0.6000000000000001,0.6800000000000002,0.8224000000000002
0.6400000000000001,0.6800000000000002,0.8720000000000003
0.6800000000000002,0.6800000000000002,0.9248000000000004
0.7200000000000002,0.6800000000000002,0.9808000000000006
0.7600000000000002,0.6800000000000002,1.0400000000000005
0.8000000000000003,0.6800000000000002,1.1024000000000007
0.8399999999999999,0.6800000000000002,1.168
0.8799999999999999,0.6800000000000002,1.2368000000000001
0.9199999999999999,0.6800000000000002,1.3088
0.96,0.6800000000000002,1.3840000000000001
1.0,0.6800000000000002,1.4624000000000001
1.04,0.6800000000000002,1.5440000000000003
1.08,0.6800000000000002,1.6288000000000002
1.12,0.6800000000000002,1.7168000000000003
1.1600000000000001,0.6800000000000002,1.8080000000000005
1.2000000000000002,0.6800000000000002,1.9024000000000005
1.2400000000000002,0.6800000000000002,2.000000000000001
1.2800000000000002,0.6800000000000002,2.100800000000001
1.3200000000000003,0.6800000000000002,2.204800000000001
1.3599999999999999,0.6800000000000002,2.312
1.4,0.6800000000000002,2.4224
1.44,0.6800000000000002,2.536
1.48,0.6800000000000002,2.6528
1.52,0.6800000000000002,2.7728
1.56,0.6800000000000002,2.8960000000000004
1.6,0.6800000000000002,3.0224000000000006
1.6400000000000001,0.6800000000000002,3.1520000000000006
1.6800000000000002,0.6800000000000002,3.2848000000000006
1.7200000000000002,0.6800000000000002,3.4208000000000007
1.7600000000000002,0.6800000000000002,3.560000000000001
1.8000000000000003,0.6800000000000002,3.7024000000000012
1.8399999999999999,0.6800000000000002,3.8479999999999994
1.88,0.6800000000000002,3.9968
1.92,0.6800000000000002,4.1488000000000005
1.96,0.6800000000000002,4.304
2.0,0.6800000000000002,4.462400000000001
-2.0,0.7200000000000002,4.518400000000001
-1.96,0.7200000000000002,4.36
-1.92,0.7200000000000002,4.2048000000000005
-1.88,0.7200000000000002,4.0528
-1.84,0.7200000000000002,3.9040000000000004
-1.8,0.7200000000000002,3.7584000000000004
-1.76,0.7200000000000002,3.616
-1.72,0.7200000000000002,3.4768
-1.68,0.7200000000000002,3.3407999999999998
-1.6400000000000001,0.7200000000000002,3.2080000000000006
-1.6,0.7200000000000002,3.0784000000000007
-1.56,0.7200000000000002,2.9520000000000004
-1.52,0.7200000000000002,2.8288
-1.48,0.7200000000000002,2.7088
-1.44,0.7200000000000002,2.592
-1.4,0.7200000000000002,2.4784
-1.3599999999999999,0.7200000000000002,2.368
-1.3199999999999998,0.7200000000000002,2.2607999999999997
-1.28,0.7200000000000002,2.1568000000000005
-1.24,0.7200000000000002,2.0560000000000005
-1.2,0.7200000000000002,1.9584000000000001
-1.1600000000000001,0.7200000000000002,1.8640000000000008
-1.12,0.7200000000000002,1.7728000000000006
-1.08,0.7200000000000002,1.6848000000000005
-1.04,0.7200000000000002,1.6000000000000005
-1.0,0.7200000000000002,1.5184000000000002
-0.96,0.7200000000000002,1.4400000000000004
-0.9199999999999999,0.7200000000000002,1.3648000000000002
-0.8799999999999999,0.7200000000000002,1.2928000000000002
-0.8400000000000001,0.7200000000000002,1.2240000000000004
-0.8,0.7200000000000002,1.1584000000000003
-0.76,0.7200000000000002,1.0960000000000003
-0.72,0.7200000000000002,1.0368000000000004
-0.6799999999999999,0.7200000000000002,0.9808000000000002
-0.6399999999999999,0.7200000000000002,0.9280000000000002
-0.5999999999999999,0.7200000000000002,0.8784000000000001
-0.56,0.7200000000000002,0.8320000000000003
-0.52,0.7200000000000002,0.7888000000000004
-0.48,0.7200000000000002,0.7488000000000004
-0.43999999999999995,0.7200000000000002,0.7120000000000003
-0.3999999999999999,0.7200000000000002,0.6784000000000002
-0.3599999999999999,0.7200000000000002,0.6480000000000002
-0.32000000000000006,0.7200000000000002,0.6208000000000004
-0.28,0.7200000000000002,0.5968000000000003
-0.24,0.7200000000000002,0.5760000000000003
-0.19999999999999996,0.7200000000000002,0.5584000000000002
-0.15999999999999992,0.7200000000000002,0.5440000000000003
-0.11999999999999988,0.7200000000000002,0.5328000000000003
-0.08000000000000007,0.7200000000000002,0.5248000000000003
-0.040000000000000036,0.7200000000000002,0.5200000000000004
0.0,0.7200000000000002,0.5184000000000003
0.040000000000000036,0.7200000000000002,0.5200000000000004
0.08000000000000007,0.7200000000000002,0.5248000000000003
0.1200000000000001,0.7200000000000002,0.5328000000000004
0.16000000000000014,0.7200000000000002,0.5440000000000004
0.20000000000000018,0.7200000000000002,0.5584000000000003
0.2400000000000002,0.7200000000000002,0.5760000000000004
0.28000000000000025,0.7200000000000002,0.5968000000000004
0.31999999999999984,0.7200000000000002,0.6208000000000002
0.3599999999999999,0.7200000000000002,0.6480000000000002
0.3999999999999999,0.7200000000000002,0.6784000000000002
0.43999999999999995,0.7200000000000002,0.7120000000000003
0.48,0.7200000000000002,0.7488000000000004
0.52,0.7200000000000002,0.7888000000000004
0.56,0.7200000000000002,0.8320000000000003
0.6000000000000001,0.7200000000000002,0.8784000000000004
0.6400000000000001,0.7200000000000002,0.9280000000000005
0.6800000000000002,0.7200000000000002,0.9808000000000006
0.7200000000000002,0.7200000000000002,1.0368000000000006
0.7600000000000002,0.7200000000000002,1.0960000000000005
0.8000000000000003,0.7200000000000002,1.1584000000000008
0.8399999999999999,0.7200000000000002,1.2240000000000002
0.8799999999999999,0.7200000000000002,1.2928000000000002
0.9199999999999999,0.7200000000000002,1.3648000000000002
0.96,0.7200000000000002,1.4400000000000004
1.0,0.7200000000000002,1.5184000000000002
1.04,0.7200000000000002,1.6000000000000005
1.08,0.7200000000000002,1.6848000000000005
1.12,0.7200000000000002,1.7728000000000006
1.1600000000000001,0.7200000000000002,1.8640000000000008
1.2000000000000002,0.7200000000000002,1.9584000000000006
1.2400000000000002,0.7200000000000002,2.056000000000001
1.2800000000000002,0.7200000000000002,2.156800000000001
1.3200000000000003,0.7200000000000002,2.260800000000001
1.3599999999999999,0.7200000000000002,2.368
1.4,0.7200000000000002,2.4784
1.44,0.7200000000000002,2.592
1.48,0.7200000000000002,2.7088
1.52,0.7200000000000002,2.8288
1.56,0.7200000000000002,2.9520000000000004
1.6,0.7200000000000002,3.0784000000000007
1.6400000000000001,0.7200000000000002,3.2080000000000006
1.6800000000000002,0.7200000000000002,3.3408000000000007
1.7200000000000002,0.7200000000000002,3.476800000000001
1.7600000000000002,0.7200000000000002,3.616000000000001
1.8000000000000003,0.7200000000000002,3.7584000000000013
1.8399999999999999,0.7200000000000002,3.9039999999999995
1.88,0.7200000000000002,4.0528
1.92,0.7200000000000002,4.2048000000000005
1.96,0.7200000000000002,4.36
2.0,0.7200000000000002,4.518400000000001
-2.0,0.7600000000000002,4.5776
-1.96,0.7600000000000002,4.4192
-1.92,0.7600000000000002,4.264
-1.88,0.7600000000000002,4.112
-1.84,0.7600000000000002,3.9632000000000005
-1.8,0.7600000000000002,3.8176000000000005
-1.76,0.7600000000000002,3.6752000000000002
-1.72,0.7600000000000002,3.536
-1.68,0.7600000000000002,3.4
-1.6400000000000001,0.7600000000000002,3.2672000000000008
-1.6,0.7600000000000002,3.137600000000001
-1.56,0.7600000000000002,3.0112000000000005
-1.52,0.7600000000000002,2.8880000000000003
-1.48,0.7600000000000002,2.7680000000000002
-1.44,0.7600000000000002,2.6512000000000002
-1.4,0.7600000000000002,2.5376000000000003
-1.3599999999999999,0.7600000000000002,2.4272
-1.3199999999999998,0.7600000000000002,2.32
-1.28,0.7600000000000002,2.216
-1.24,0.7600000000000002,2.1152000000000006
-1.2,0.7600000000000002,2.0176000000000003
-1.1600000000000001,0.7600000000000002,1.9232000000000007
-1.12,0.7600000000000002,1.8320000000000005
-1.08,0.7600000000000002,1.7440000000000004
-1.04,0.7600000000000002,1.6592000000000005
-1.0,0.7600000000000002,1.5776000000000003
-0.96,0.7600000000000002,1.4992000000000003
-0.9199999999999999,0.7600000000000002,1.4240000000000002
-0.8799999999999999,0.7600000000000002,1.3520000000000003
-0.8400000000000001,0.7600000000000002,1.2832000000000003
-0.8,0.7600000000000002,1.2176000000000005
-0.76,0.7600000000000002,1.1552000000000002
-0.72,0.7600000000000002,1.0960000000000003
-0.6799999999999999,0.7600000000000002,1.0400000000000003
-0.6399999999999999,0.7600000000000002,0.9872000000000002
-0.5999999999999999,0.7600000000000002,0.9376000000000002
-0.56,0.7600000000000002,0.8912000000000004
-0.52,0.7600000000000002,0.8480000000000003
-0.48,0.7600000000000002,0.8080000000000003
-0.43999999999999995,0.7600000000000002,0.7712000000000003
-0.3999999999999999,0.7600000000000002,0.7376000000000003
-0.3599999999999999,0.7600000000000002,0.7072000000000003
-0.32000000000000006,0.7600000000000002,0.6800000000000004
-0.28,0.7600000000000002,0.6560000000000004
-0.24,0.7600000000000002,0.6352000000000003
-0.19999999999999996,0.7600000000000002,0.6176000000000004
-0.15999999999999992,0.7600000000000002,0.6032000000000003
-0.11999999999999988,0.7600000000000002,0.5920000000000003
-0.08000000000000007,0.7600000000000002,0.5840000000000003
-0.040000000000000036,0.7600000000000002,0.5792000000000004
0.0,0.7600000000000002,0.5776000000000003
0.040000000000000036,0.7600000000000002,0.5792000000000004
0.08000000000000007,0.7600000000000002,0.5840000000000003
0.1200000000000001,0.7600000000000002,0.5920000000000004
0.16000000000000014,0.7600000000000002,0.6032000000000004
0.20000000000000018,0.7600000000000002,0.6176000000000004
0.2400000000000002,0.7600000000000002,0.6352000000000004
0.28000000000000025,0.7600000000000002,0.6560000000000005
0.31999999999999984,0.7600000000000002,0.6800000000000003
0.3599999999999999,0.7600000000000002,0.7072000000000003
0.3999999999999999,0.7600000000000002,0.7376000000000003
0.43999999999999995,0.7600000000000002,0.7712000000000003
0.48,0.7600000000000002,0.8080000000000003
0.52,0.7600000000000002,0.8480000000000003
0.56,0.7600000000000002,0.8912000000000004
0.6000000000000001,0.7600000000000002,0.9376000000000004
0.6400000000000001,0.7600000000000002,0.9872000000000005
0.6800000000000002,0.7600000000000002,1.0400000000000005
0.7200000000000002,0.7600000000000002,1.0960000000000005
0.7600000000000002,0.7600000000000002,1.1552000000000007
0.8000000000000003,0.7600000000000002,1.217600000000001
0.8399999999999999,0.7600000000000002,1.2832000000000001
0.8799999999999999,0.7600000000000002,1.3520000000000003
0.9199999999999999,0.7600000000000002,1.4240000000000002
0.96,0.7600000000000002,1.4992000000000003
1.0,0.7600000000000002,1.5776000000000003
1.04,0.7600000000000002,1.6592000000000005
1.08,0.7600000000000002,1.7440000000000004
1.12,0.7600000000000002,1.8320000000000005
1.1600000000000001,0.7600000000000002,1.9232000000000007
1.2000000000000002,0.7600000000000002,2.0176000000000007
1.2400000000000002,0.7600000000000002,2.1152000000000006
1.2800000000000002,0.7600000000000002,2.216000000000001
1.3200000000000003,0.7600000000000002,2.320000000000001
1.3599999999999999,0.7600000000000002,2.4272
1.4,0.7600000000000002,2.5376000000000003
1.44,0.7600000000000002,2.6512000000000002
1.48,0.7600000000000002,2.7680000000000002
1.52,0.7600000000000002,2.8880000000000003
1.56,0.7600000000000002,3.0112000000000005
1.6,0.7600000000000002,3.137600000000001
1.6400000000000001,0.7600000000000002,3.2672000000000008
1.6800000000000002,0.7600000000000002,3.400000000000001
1.7200000000000002,0.7600000000000002,3.536000000000001
1.7600000000000002,0.7600000000000002,3.675200000000001
1.8000000000000003,0.7600000000000002,3.8176000000000014
1.8399999999999999,0.7600000000000002,3.9631999999999996
1.88,0.7600000000000002,4.112
1.92,0.7600000000000002,4.264
1.96,0.7600000000000002,4.4192
2.0,0.7600000000000002,4.5776
-2.0,0.8000000000000003,4.640000000000001
-1.96,0.8000000000000003,4.4816
-1.92,0.8000000000000003,4.3264000000000005
-1.88,0.8000000000000003,4.1744
-1.84,0.8000000000000003,4.025600000000001
-1.8,0.8000000000000003,3.880000000000001
-1.76,0.8000000000000003,3.7376000000000005
-1.72,0.8000000000000003,3.5984000000000003
-1.68,0.8000000000000003,3.4624
-1.6400000000000001,0.8000000000000003,3.329600000000001
-1.6,0.8000000000000003,3.200000000000001
-1.56,0.8000000000000003,3.0736000000000008
-1.52,0.8000000000000003,2.9504000000000006
-1.48,0.8000000000000003,2.8304000000000005
-1.44,0.8000000000000003,2.7136000000000005
-1.4,0.8000000000000003,2.6
-1.3599999999999999,0.8000000000000003,2.4896000000000003
-1.3199999999999998,0.8000000000000003,2.3824
-1.28,0.8000000000000003,2.2784000000000004
-1.24,0.8000000000000003,2.1776000000000004
-1.2,0.8000000000000003,2.0800000000000005
-1.1600000000000001,0.8000000000000003,1.9856000000000007
-1.12,0.8000000000000003,1.8944000000000005
-1.08,0.8000000000000003,1.8064000000000004
-1.04,0.8000000000000003,1.7216000000000005
-1.0,0.8000000000000003,1.6400000000000006
-0.96,0.8000000000000003,1.5616000000000003
-0.9199999999999999,0.8000000000000003,1.4864000000000002
-0.8799999999999999,0.8000000000000003,1.4144000000000003
-0.8400000000000001,0.8000000000000003,1.3456000000000006
-0.8,0.8000000000000003,1.2800000000000007
-0.76,0.8000000000000003,1.2176000000000005
-0.72,0.8000000000000003,1.1584000000000003
-0.6799999999999999,0.8000000000000003,1.1024000000000003
-0.6399999999999999,0.8000000000000003,1.0496000000000003
-0.5999999999999999,0.8000000000000003,1.0000000000000002
-0.56,0.8000000000000003,0.9536000000000004
-0.52,0.8000000000000003,0.9104000000000005
-0.48,0.8000000000000003,0.8704000000000005
-0.43999999999999995,0.8000000000000003,0.8336000000000005
-0.3999999999999999,0.8000000000000003,0.8000000000000004
-0.3599999999999999,0.8000000000000003,0.7696000000000004
-0.32000000000000006,0.8000000000000003,0.7424000000000005
-0.28,0.8000000000000003,0.7184000000000005
-0.24,0.8000000000000003,0.6976000000000004
-0.19999999999999996,0.8000000000000003,0.6800000000000004
-0.15999999999999992,0.8000000000000003,0.6656000000000004
-0.11999999999999988,0.8000000000000003,0.6544000000000004
-0.08000000000000007,0.8000000000000003,0.6464000000000004
-0.040000000000000036,0.8000000000000003,0.6416000000000005
0.0,0.8000000000000003,0.6400000000000005
0.040000000000000036,0.8000000000000003,0.6416000000000005
0.08000000000000007,0.8000000000000003,0.6464000000000004
0.1200000000000001,0.8000000000000003,0.6544000000000005
0.16000000000000014,0.8000000000000003,0.6656000000000005
0.20000000000000018,0.8000000000000003,0.6800000000000005
0.2400000000000002,0.8000000000000003,0.6976000000000006
0.28000000000000025,0.8000000000000003,0.7184000000000006
0.31999999999999984,0.8000000000000003,0.7424000000000004
0.3599999999999999,0.8000000000000003,0.7696000000000004
0.3999999999999999,0.8000000000000003,0.8000000000000004
0.43999999999999995,0.8000000000000003,0.8336000000000005
0.48,0.8000000000000003,0.8704000000000005
0.52,0.8000000000000003,0.9104000000000005
0.56,0.8000000000000003,0.9536000000000004
0.6000000000000001,0.8000000000000003,1.0000000000000004
0.6400000000000001,0.8000000000000003,1.0496000000000008
0.6800000000000002,0.8000000000000003,1.1024000000000007
0.7200000000000002,0.8000000000000003,1.1584000000000008
0.7600000000000002,0.8000000000000003,1.217600000000001
0.8000000000000003,0.8000000000000003,1.280000000000001
0.8399999999999999,0.8000000000000003,1.3456000000000001
0.8799999999999999,0.8000000000000003,1.4144000000000003
0.9199999999999999,0.8000000000000003,1.4864000000000002
0.96,0.8000000000000003,1.5616000000000003
1.0,0.8000000000000003,1.6400000000000006
1.04,0.8000000000000003,1.7216000000000005
1.08,0.8000000000000003,1.8064000000000004
1.12,0.8000000000000003,1.8944000000000005
1.1600000000000001,0.8000000000000003,1.9856000000000007
1.2000000000000002,0.8000000000000003,2.080000000000001
1.2400000000000002,0.8000000000000003,2.177600000000001
1.2800000000000002,0.8000000000000003,2.2784000000000013
1.3200000000000003,0.8000000000000003,2.3824000000000014
1.3599999999999999,0.8000000000000003,2.4896000000000003
1.4,0.8000000000000003,2.6
1.44,0.8000000000000003,2.7136000000000005
1.48,0.8000000000000003,2.8304000000000005
1.52,0.8000000000000003,2.9504000000000006
1.56,0.8000000000000003,3.0736000000000008
1.6,0.8000000000000003,3.200000000000001
1.6400000000000001,0.8000000000000003,3.329600000000001
1.6800000000000002,0.8000000000000003,3.462400000000001
1.7200000000000002,0.8000000000000003,3.598400000000001
1.7600000000000002,0.8000000000000003,3.7376000000000014
1.8000000000000003,0.8000000000000003,3.8800000000000017
1.8399999999999999,0.8000000000000003,4.0256
1.88,0.8000000000000003,4.1744
1.92,0.8000000000000003,4.3264000000000005
1.96,0.8000000000000003,4.4816
2.0,0.8000000000000003,4.640000000000001
-2.0,0.8399999999999999,4.7056
-1.96,0.8399999999999999,4.547199999999999
-1.92,0.8399999999999999,4.3919999999999995
-1.88,0.8399999999999999,4.239999999999999
-1.84,0.8399999999999999,4.0912
-1.8,0.8399999999999999,3.9455999999999998
-1.76,0.8399999999999999,3.8031999999999995
-1.72,0.8399999999999999,3.6639999999999997
-1.68,0.8399999999999999,3.5279999999999996
-1.6400000000000001,0.8399999999999999,3.3952
-1.6,0.8399999999999999,3.2656
-1.56,0.8399999999999999,3.1391999999999998
-1.52,0.8399999999999999,3.016
-1.48,0.8399999999999999,2.896
-1.44,0.8399999999999999,2.7791999999999994
-1.4,0.8399999999999999,2.6655999999999995
-1.3599999999999999,0.8399999999999999,2.5551999999999992
-1.3199999999999998,0.8399999999999999,2.4479999999999995
-1.28,0.8399999999999999,2.344
-1.24,0.8399999999999999,2.2432
-1.2,0.8399999999999999,2.1456
-1.1600000000000001,0.8399999999999999,2.0512
-1.12,0.8399999999999999,1.96
-1.08,0.8399999999999999,1.8719999999999999
-1.04,0.8399999999999999,1.7872
-1.0,0.8399999999999999,1.7055999999999998
-0.96,0.8399999999999999,1.6271999999999998
-0.9199999999999999,0.8399999999999999,1.5519999999999996
-0.8799999999999999,0.8399999999999999,1.4799999999999995
-0.8400000000000001,0.8399999999999999,1.4112
-0.8,0.8399999999999999,1.3456
-0.76,0.8399999999999999,1.2832
-0.72,0.8399999999999999,1.2239999999999998
-0.6799999999999999,0.8399999999999999,1.1679999999999997
-0.6399999999999999,0.8399999999999999,1.1151999999999997
-0.5999999999999999,0.8399999999999999,1.0655999999999997
-0.56,0.8399999999999999,1.0191999999999999
-0.52,0.8399999999999999,0.9759999999999998
-0.48,0.8399999999999999,0.9359999999999997
-0.43999999999999995,0.8399999999999999,0.8991999999999998
-0.3999999999999999,0.8399999999999999,0.8655999999999997
-0.3599999999999999,0.8399999999999999,0.8351999999999997
-0.32000000000000006,0.8399999999999999,0.8079999999999998
-0.28,0.8399999999999999,0.7839999999999998
-0.24,0.8399999999999999,0.7631999999999998
-0.19999999999999996,0.8399999999999999,0.7455999999999998
-0.15999999999999992,0.8399999999999999,0.7311999999999997
-0.11999999999999988,0.8399999999999999,0.7199999999999998
-0.08000000000000007,0.8399999999999999,0.7119999999999997
-0.040000000000000036,0.8399999999999999,0.7071999999999998
0.0,0.8399999999999999,0.7055999999999998
0.040000000000000036,0.8399999999999999,0.7071999999999998
0.08000000000000007,0.8399999999999999,0.7119999999999997
0.1200000000000001,0.8399999999999999,0.7199999999999999
0.16000000000000014,0.8399999999999999,0.7311999999999999
0.20000000000000018,0.8399999999999999,0.7455999999999998
0.2400000000000002,0.8399999999999999,0.7631999999999999
0.28000000000000025,0.8399999999999999,0.7839999999999999
0.31999999999999984,0.8399999999999999,0.8079999999999997
0.3599999999999999,0.8399999999999999,0.8351999999999997
0.3999999999999999,0.8399999999999999,0.8655999999999997
0.43999999999999995,0.8399999999999999,0.8991999999999998
0.48,0.8399999999999999,0.9359999999999997
0.52,0.8399999999999999,0.9759999999999998
0.56,0.8399999999999999,1.0191999999999999
0.6000000000000001,0.8399999999999999,1.0655999999999999
0.6400000000000001,0.8399999999999999,1.1152
0.6800000000000002,0.8399999999999999,1.168
0.7200000000000002,0.8399999999999999,1.2240000000000002
0.7600000000000002,0.8399999999999999,1.2832000000000001
0.8000000000000003,0.8399999999999999,1.3456000000000001
0.8399999999999999,0.8399999999999999,1.4111999999999996
0.8799999999999999,0.8399999999999999,1.4799999999999995
0.9199999999999999,0.8399999999999999,1.5519999999999996
0.96,0.8399999999999999,1.6271999999999998
1.0,0.8399999999999999,1.7055999999999998
1.04,0.8399999999999999,1.7872
1.08,0.8399999999999999,1.8719999999999999
1.12,0.8399999999999999,1.96
1.1600000000000001,0.8399999999999999,2.0512
1.2000000000000002,0.8399999999999999,2.1456
1.2400000000000002,0.8399999999999999,2.2432000000000003
1.2800000000000002,0.8399999999999999,2.3440000000000003
1.3200000000000003,0.8399999999999999,2.4480000000000004
1.3599999999999999,0.8399999999999999,2.5551999999999992
1.4,0.8399999999999999,2.6655999999999995
1.44,0.8399999999999999,2.7791999999999994
1.48,0.8399999999999999,2.896
1.52,0.8399999999999999,3.016
1.56,0.8399999999999999,3.1391999999999998
1.6,0.8399999999999999,3.2656
1.6400000000000001,0.8399999999999999,3.3952
1.6800000000000002,0.8399999999999999,3.5280000000000005
1.7200000000000002,0.8399999999999999,3.6640000000000006
1.7600000000000002,0.8399999999999999,3.8032000000000004
1.8000000000000003,0.8399999999999999,3.9456000000000007
1.8399999999999999,0.8399999999999999,4.091199999999999
1.88,0.8399999999999999,4.239999999999999
1.92,0.8399999999999999,4.3919999999999995
1.96,0.8399999999999999,4.547199999999999
2.0,0.8399999999999999,4.7056
-2.0,0.8799999999999999,4.7744
-1.96,0.8799999999999999,4.616
-1.92,0.8799999999999999,4.4608
-1.88,0.8799999999999999,4.3088
-1.84,0.8799999999999999,4.16
-1.8,0.8799999999999999,4.0144
-1.76,0.8799999999999999,3.872
-1.72,0.8799999999999999,3.7327999999999997
-1.68,0.8799999999999999,3.5967999999999996
-1.6400000000000001,0.8799999999999999,3.4640000000000004
-1.6,0.8799999999999999,3.3344000000000005
-1.56,0.8799999999999999,3.208
-1.52,0.8799999999999999,3.0848
-1.48,0.8799999999999999,2.9648
-1.44,0.8799999999999999,2.848
-1.4,0.8799999999999999,2.7343999999999995
-1.3599999999999999,0.8799999999999999,2.6239999999999997
-1.3199999999999998,0.8799999999999999,2.5167999999999995
-1.28,0.8799999999999999,2.4128
-1.24,0.8799999999999999,2.312
-1.2,0.8799999999999999,2.2144
-1.1600000000000001,0.8799999999999999,2.12
-1.12,0.8799999999999999,2.0288
-1.08,0.8799999999999999,1.9407999999999999
-1.04,0.8799999999999999,1.8559999999999999
-1.0,0.8799999999999999,1.7744
-0.96,0.8799999999999999,1.6959999999999997
-0.9199999999999999,0.8799999999999999,1.6207999999999996
-0.8799999999999999,0.8799999999999999,1.5487999999999997
-0.8400000000000001,0.8799999999999999,1.48
-0.8,0.8799999999999999,1.4144
-0.76,0.8799999999999999,1.3519999999999999
-0.72,0.8799999999999999,1.2927999999999997
-0.6799999999999999,0.8799999999999999,1.2367999999999997
-0.6399999999999999,0.8799999999999999,1.1839999999999997
-0.5999999999999999,0.8799999999999999,1.1343999999999996
-0.56,0.8799999999999999,1.0879999999999999
-0.52,0.8799999999999999,1.0448
-0.48,0.8799999999999999,1.0048
-0.43999999999999995,0.8799999999999999,0.9679999999999999
-0.3999999999999999,0.8799999999999999,0.9343999999999998
-0.3599999999999999,0.8799999999999999,0.9039999999999998
-0.32000000000000006,0.8799999999999999,0.8767999999999999
-0.28,0.8799999999999999,0.8527999999999999
-0.24,0.8799999999999999,0.8319999999999999
-0.19999999999999996,0.8799999999999999,0.8143999999999998
-0.15999999999999992,0.8799999999999999,0.7999999999999998
-0.11999999999999988,0.8799999999999999,0.7887999999999998
-0.08000000000000007,0.8799999999999999,0.7807999999999998
-0.040000000000000036,0.8799999999999999,0.7759999999999999
0.0,0.8799999999999999,0.7743999999999999
0.040000000000000036,0.8799999999999999,0.7759999999999999
0.08000000000000007,0.8799999999999999,0.7807999999999998
0.1200000000000001,0.8799999999999999,0.7888
0.16000000000000014,0.8799999999999999,0.7999999999999999
0.20000000000000018,0.8799999999999999,0.8143999999999999
0.2400000000000002,0.8799999999999999,0.832
0.28000000000000025,0.8799999999999999,0.8528
0.31999999999999984,0.8799999999999999,0.8767999999999998
0.3599999999999999,0.8799999999999999,0.9039999999999998
0.3999999999999999,0.8799999999999999,0.9343999999999998
0.43999999999999995,0.8799999999999999,0.9679999999999999
0.48,0.8799999999999999,1.0048
0.52,0.8799999999999999,1.0448
0.56,0.8799999999999999,1.0879999999999999
0.6000000000000001,0.8799999999999999,1.1343999999999999
0.6400000000000001,0.8799999999999999,1.1840000000000002
0.6800000000000002,0.8799999999999999,1.2368000000000001
0.7200000000000002,0.8799999999999999,1.2928000000000002
0.7600000000000002,0.8799999999999999,1.3520000000000003
0.8000000000000003,0.8799999999999999,1.4144000000000003
0.8399999999999999,0.8799999999999999,1.4799999999999995
0.8799999999999999,0.8799999999999999,1.5487999999999997
0.9199999999999999,0.8799999999999999,1.6207999999999996
0.96,0.8799999999999999,1.6959999999999997
1.0,0.8799999999999999,1.7744
1.04,0.8799999999999999,1.8559999999999999
1.08,0.8799999999999999,1.9407999999999999
1.12,0.8799999999999999,2.0288
1.1600000000000001,0.8799999999999999,2.12
1.2000000000000002,0.8799999999999999,2.2144000000000004
1.2400000000000002,0.8799999999999999,2.3120000000000003
1.2800000000000002,0.8799999999999999,2.4128000000000007
1.3200000000000003,0.8799999999999999,2.516800000000001
1.3599999999999999,0.8799999999999999,2.6239999999999997
1.4,0.8799999999999999,2.7343999999999995
1.44,0.8799999999999999,2.848
1.48,0.8799999999999999,2.9648
1.52,0.8799999999999999,3.0848
1.56,0.8799999999999999,3.208
1.6,0.8799999999999999,3.3344000000000005
1.6400000000000001,0.8799999999999999,3.4640000000000004
1.6800000000000002,0.8799999999999999,3.5968000000000004
1.7200000000000002,0.8799999999999999,3.7328000000000006
1.7600000000000002,0.8799999999999999,3.8720000000000008
1.8000000000000003,0.8799999999999999,4.014400000000001
1.8399999999999999,0.8799999999999999,4.159999999999999
1.88,0.8799999999999999,4.3088
1.92,0.8799999999999999,4.4608
1.96,0.8799999999999999,4.616
2.0,0.8799999999999999,4.7744
-2.0,0.9199999999999999,4.8464
-1.96,0.9199999999999999,4.688
-1.92,0.9199999999999999,4.5328
-1.88,0.9199999999999999,4.3808
-1.84,0.9199999999999999,4.232
-1.8,0.9199999999999999,4.0864
-1.76,0.9199999999999999,3.944
-1.72,0.9199999999999999,3.8047999999999993
-1.68,0.9199999999999999,3.668799999999999
-1.6400000000000001,0.9199999999999999,3.5360000000000005
-1.6,0.9199999999999999,3.4064000000000005
-1.56,0.9199999999999999,3.2800000000000002
-1.52,0.9199999999999999,3.1567999999999996
-1.48,0.9199999999999999,3.0367999999999995
-1.44,0.9199999999999999,2.92
-1.4,0.9199999999999999,2.8063999999999996
-1.3599999999999999,0.9199999999999999,2.6959999999999997
-1.3199999999999998,0.9199999999999999,2.588799999999999
-1.28,0.9199999999999999,2.4848
-1.24,0.9199999999999999,2.384
-1.2,0.9199999999999999,2.2863999999999995
-1.1600000000000001,0.9199999999999999,2.192
-1.12,0.9199999999999999,2.1008
-1.08,0.9199999999999999,2.0128
-1.04,0.9199999999999999,1.928
-1.0,0.9199999999999999,1.8463999999999998
-0.96,0.9199999999999999,1.7679999999999998
-0.9199999999999999,0.9199999999999999,1.6927999999999996
-0.8799999999999999,0.9199999999999999,1.6207999999999996
-0.8400000000000001,0.9199999999999999,1.552
-0.8,0.9199999999999999,1.4864
-0.76,0.9199999999999999,1.424
-0.72,0.9199999999999999,1.3647999999999998
-0.6799999999999999,0.9199999999999999,1.3087999999999997
-0.6399999999999999,0.9199999999999999,1.2559999999999998
-0.5999999999999999,0.9199999999999999,1.2063999999999997
-0.56,0.9199999999999999,1.16
-0.52,0.9199999999999999,1.1167999999999998
-0.48,0.9199999999999999,1.0767999999999998
-0.43999999999999995,0.9199999999999999,1.0399999999999998
-0.3999999999999999,0.9199999999999999,1.0063999999999997
-0.3599999999999999,0.9199999999999999,0.9759999999999998
-0.32000000000000006,0.9199999999999999,0.9487999999999999
-0.28,0.9199999999999999,0.9247999999999998
-0.24,0.9199999999999999,0.9039999999999998
-0.19999999999999996,0.9199999999999999,0.8863999999999999
-0.15999999999999992,0.9199999999999999,0.8719999999999998
-0.11999999999999988,0.9199999999999999,0.8607999999999998
-0.08000000000000007,0.9199999999999999,0.8527999999999998
-0.040000000000000036,0.9199999999999999,0.8479999999999999
0.0,0.9199999999999999,0.8463999999999998
0.040000000000000036,0.9199999999999999,0.8479999999999999
0.08000000000000007,0.9199999999999999,0.8527999999999998
0.1200000000000001,0.9199999999999999,0.8607999999999999
0.16000000000000014,0.9199999999999999,0.8719999999999999
0.20000000000000018,0.9199999999999999,0.8863999999999999
0.2400000000000002,0.9199999999999999,0.9039999999999999
0.28000000000000025,0.9199999999999999,0.9248
0.31999999999999984,0.9199999999999999,0.9487999999999998
0.3599999999999999,0.9199999999999999,0.9759999999999998
0.3999999999999999,0.9199999999999999,1.0063999999999997
0.43999999999999995,0.9199999999999999,1.0399999999999998
0.48,0.9199999999999999,1.0767999999999998
0.52,0.9199999999999999,1.1167999999999998
0.56,0.9199999999999999,1.16
0.6000000000000001,0.9199999999999999,1.2064
0.6400000000000001,0.9199999999999999,1.256
0.6800000000000002,0.9199999999999999,1.3088
0.7200000000000002,0.9199999999999999,1.3648000000000002
0.7600000000000002,0.9199999999999999,1.4240000000000002
0.8000000000000003,0.9199999999999999,1.4864000000000002
0.8399999999999999,0.9199999999999999,1.5519999999999996
0.8799999999999999,0.9199999999999999,1.6207999999999996
0.9199999999999999,0.9199999999999999,1.6927999999999996
0.96,0.9199999999999999,1.7679999999999998
1.0,0.9199999999999999,1.8463999999999998
1.04,0.9199999999999999,1.928
1.08,0.9199999999999999,2.0128
1.12,0.9199999999999999,2.1008
1.1600000000000001,0.9199999999999999,2.192
1.2000000000000002,0.9199999999999999,2.2864000000000004
1.2400000000000002,0.9199999999999999,2.3840000000000003
1.2800000000000002,0.9199999999999999,2.484800000000001
1.3200000000000003,0.9199999999999999,2.588800000000001
1.3599999999999999,0.9199999999999999,2.6959999999999997
1.4,0.9199999999999999,2.8063999999999996
1.44,0.9199999999999999,2.92
1.48,0.9199999999999999,3.0367999999999995
1.52,0.9199999999999999,3.1567999999999996
1.56,0.9199999999999999,3.2800000000000002
1.6,0.9199999999999999,3.4064000000000005
1.6400000000000001,0.9199999999999999,3.5360000000000005
1.6800000000000002,0.9199999999999999,3.6688
1.7200000000000002,0.9199999999999999,3.8048
1.7600000000000002,0.9199999999999999,3.944000000000001
1.8000000000000003,0.9199999999999999,4.086400000000001
1.8399999999999999,0.9199999999999999,4.231999999999999
1.88,0.9199999999999999,4.3808
1.92,0.9199999999999999,4.5328
1.96,0.9199999999999999,4.688
2.0,0.9199999999999999,4.8464
-2.0,0.96,4.9216
-1.96,0.96,4.763199999999999
-1.92,0.96,4.608
-1.88,0.96,4.4559999999999995
-1.84,0.96,4.3072
-1.8,0.96,4.1616
-1.76,0.96,4.0192
-1.72,0.96,3.88
-1.68,0.96,3.7439999999999998
-1.6400000000000001,0.96,3.6112
-1.6,0.96,3.4816000000000003
-1.56,0.96,3.3552
-1.52,0.96,3.232
-1.48,0.96,3.112
-1.44,0.96,2.9951999999999996
-1.4,0.96,2.8815999999999997
-1.3599999999999999,0.96,2.7711999999999994
-1.3199999999999998,0.96,2.6639999999999997
-1.28,0.96,2.56
-1.24,0.96,2.4592
-1.2,0.96,2.3616
-1.1600000000000001,0.96,2.2672000000000003
-1.12,0.96,2.176
-1.08,0.96,2.088
-1.04,0.96,2.0032
-1.0,0.96,1.9216
-0.96,0.96,1.8432
-0.9199999999999999,0.96,1.7679999999999998
-0.8799999999999999,0.96,1.6959999999999997
-0.8400000000000001,0.96,1.6272000000000002
-0.8,0.96,1.5616
-0.76,0.96,1.4992
-0.72,0.96,1.44
-0.6799999999999999,0.96,1.384
-0.6399999999999999,0.96,1.3312
-0.5999999999999999,0.96,1.2815999999999999
-0.56,0.96,1.2352
-0.52,0.96,1.192
-0.48,0.96,1.152
-0.43999999999999995,0.96,1.1152
-0.3999999999999999,0.96,1.0816
-0.3599999999999999,0.96,1.0512
-0.32000000000000006,0.96,1.024
-0.28,0.96,1.0
-0.24,0.96,0.9792
-0.19999999999999996,0.96,0.9616
-0.15999999999999992,0.96,0.9471999999999999
-0.11999999999999988,0.96,0.9359999999999999
-0.08000000000000007,0.96,0.9279999999999999
-0.040000000000000036,0.96,0.9232
0.0,0.96,0.9216
0.040000000000000036,0.96,0.9232
0.08000000000000007,0.96,0.9279999999999999
0.1200000000000001,0.96,0.936
0.16000000000000014,0.96,0.9472
0.20000000000000018,0.96,0.9616
0.2400000000000002,0.96,0.9792000000000001
0.28000000000000025,0.96,1.0
0.31999999999999984,0.96,1.0239999999999998
0.3599999999999999,0.96,1.0512
0.3999999999999999,0.96,1.0816
0.43999999999999995,0.96,1.1152
0.48,0.96,1.152
0.52,0.96,1.192
0.56,0.96,1.2352
0.6000000000000001,0.96,1.2816
0.6400000000000001,0.96,1.3312000000000002
0.6800000000000002,0.96,1.3840000000000001
0.7200000000000002,0.96,1.4400000000000004
0.7600000000000002,0.96,1.4992000000000003
0.8000000000000003,0.96,1.5616000000000003
0.8399999999999999,0.96,1.6271999999999998
0.8799999999999999,0.96,1.6959999999999997
0.9199999999999999,0.96,1.7679999999999998
0.96,0.96,1.8432
1.0,0.96,1.9216
1.04,0.96,2.0032
1.08,0.96,2.088
1.12,0.96,2.176
1.1600000000000001,0.96,2.2672000000000003
1.2000000000000002,0.96,2.3616
1.2400000000000002,0.96,2.4592000000000005
1.2800000000000002,0.96,2.5600000000000005
1.3200000000000003,0.96,2.6640000000000006
1.3599999999999999,0.96,2.7711999999999994
1.4,0.96,2.8815999999999997
1.44,0.96,2.9951999999999996
1.48,0.96,3.112
1.52,0.96,3.232
1.56,0.96,3.3552
1.6,0.96,3.4816000000000003
1.6400000000000001,0.96,3.6112
1.6800000000000002,0.96,3.7440000000000007
1.7200000000000002,0.96,3.880000000000001
1.7600000000000002,0.96,4.0192000000000005
1.8000000000000003,0.96,4.161600000000001
1.8399999999999999,0.96,4.307199999999999
1.88,0.96,4.4559999999999995
1.92,0.96,4.608
1.96,0.96,4.763199999999999
2.0,0.96,4.9216
-2.0,1.0,5.0
-1.96,1.0,4.8416
-1.92,1.0,4.6864
-1.88,1.0,4.5344
-1.84,1.0,4.3856
-1.8,1.0,4.24
-1.76,1.0,4.0976
-1.72,1.0,3.9583999999999997
-1.68,1.0,3.8223999999999996
-1.6400000000000001,1.0,3.6896000000000004
-1.6,1.0,3.5600000000000005
-1.56,1.0,3.4336
-1.52,1.0,3.3104
-1.48,1.0,3.1904
-1.44,1.0,3.0736
-1.4,1.0,2.96
-1.3599999999999999,1.0,2.8495999999999997
-1.3199999999999998,1.0,2.7423999999999995
-1.28,1.0,2.6384
-1.24,1.0,2.5376000000000003
-1.2,1.0,2.44
-1.1600000000000001,1.0,2.3456
-1.12,1.0,2.2544000000000004
-1.08,1.0,2.1664000000000003
-1.04,1.0,2.0816
-1.0,1.0,2.0
-0.96,1.0,1.9216
-0.9199999999999999,1.0,1.8463999999999998
-0.8799999999999999,1.0,1.7744
-0.8400000000000001,1.0,1.7056
-0.8,1.0,1.6400000000000001
-0.76,1.0,1.5776
-0.72,1.0,1.5184
-0.6799999999999999,1.0,1.4624
-0.6399999999999999,1.0,1.4095999999999997
-0.5999999999999999,1.0,1.3599999999999999
-0.56,1.0,1.3136
-0.52,1.0,1.2704
-0.48,1.0,1.2304
-0.43999999999999995,1.0,1.1936
-0.3999999999999999,1.0,1.16
-0.3599999999999999,1.0,1.1296
-0.32000000000000006,1.0,1.1024
-0.28,1.0,1.0784
-0.24,1.0,1.0576
-0.19999999999999996,1.0,1.04
-0.15999999999999992,1.0,1.0256
-0.11999999999999988,1.0,1.0144
-0.08000000000000007,1.0,1.0064
-0.040000000000000036,1.0,1.0016
0.0,1.0,1.0
0.040000000000000036,1.0,1.0016
0.08000000000000007,1.0,1.0064
0.1200000000000001,1.0,1.0144
0.16000000000000014,1.0,1.0256
0.20000000000000018,1.0,1.04
0.2400000000000002,1.0,1.0576
0.28000000000000025,1.0,1.0784000000000002
0.31999999999999984,1.0,1.1023999999999998
0.3599999999999999,1.0,1.1296
0.3999999999999999,1.0,1.16
0.43999999999999995,1.0,1.1936
0.48,1.0,1.2304
0.52,1.0,1.2704
0.56,1.0,1.3136
0.6000000000000001,1.0,1.36
0.6400000000000001,1.0,1.4096000000000002
0.6800000000000002,1.0,1.4624000000000001
0.7200000000000002,1.0,1.5184000000000002
0.7600000000000002,1.0,1.5776000000000003
0.8000000000000003,1.0,1.6400000000000006
0.8399999999999999,1.0,1.7055999999999998
0.8799999999999999,1.0,1.7744
0.9199999999999999,1.0,1.8463999999999998
0.96,1.0,1.9216
1.0,1.0,2.0
1.04,1.0,2.0816
1.08,1.0,2.1664000000000003
1.12,1.0,2.2544000000000004
1.1600000000000001,1.0,2.3456
1.2000000000000002,1.0,2.4400000000000004
1.2400000000000002,1.0,2.5376000000000003
1.2800000000000002,1.0,2.6384000000000007
1.3200000000000003,1.0,2.742400000000001
1.3599999999999999,1.0,2.8495999999999997
1.4,1.0,2.96
1.44,1.0,3.0736
1.48,1.0,3.1904
1.52,1.0,3.3104
1.56,1.0,3.4336
1.6,1.0,3.5600000000000005
1.6400000000000001,1.0,3.6896000000000004
1.6800000000000002,1.0,3.8224000000000005
1.7200000000000002,1.0,3.9584000000000006
1.7600000000000002,1.0,4.097600000000001
1.8000000000000003,1.0,4.240000000000001
1.8399999999999999,1.0,4.385599999999999
1.88,1.0,4.5344
1.92,1.0,4.6864
1.96,1.0,4.8416
2.0,1.0,5.0
-2.0,1.04,5.0816
-1.96,1.04,4.9232
-1.92,1.04,4.768
-1.88,1.04,4.616
-1.84,1.04,4.4672
-1.8,1.04,4.3216
-1.76,1.04,4.1792
-1.72,1.04,4.04
-1.68,1.04,3.904
-1.6400000000000001,1.04,3.7712000000000003
-1.6,1.04,3.6416000000000004
-1.56,1.04,3.5152
-1.52,1.04,3.3920000000000003
-1.48,1.04,3.2720000000000002
-1.44,1.04,3.1552
-1.4,1.04,3.0416
-1.3599999999999999,1.04,2.9311999999999996
-1.3199999999999998,1.04,2.824
-1.28,1.04,2.72
-1.24,1.04,2.6192
-1.2,1.04,2.5216000000000003
-1.1600000000000001,1.04,2.4272000000000005
-1.12,1.04,2.3360000000000003
-1.08,1.04,2.248
-1.04,1.04,2.1632000000000002
-1.0,1.04,2.0816
-0.96,1.04,2.0032
-0.9199999999999999,1.04,1.928
-0.8799999999999999,1.04,1.8559999999999999
-0.8400000000000001,1.04,1.7872000000000003
-0.8,1.04,1.7216000000000002
-0.76,1.04,1.6592000000000002
-0.72,1.04,1.6
-0.6799999999999999,1.04,1.544
-0.6399999999999999,1.04,1.4912
-0.5999999999999999,1.04,1.4416
-0.56,1.04,1.3952000000000002
-0.52,1.04,1.352
-0.48,1.04,1.312
-0.43999999999999995,1.04,1.2752000000000001
-0.3999999999999999,1.04,1.2416
-0.3599999999999999,1.04,1.2112
-0.32000000000000006,1.04,1.1840000000000002
-0.28,1.04,1.1600000000000001
-0.24,1.04,1.1392000000000002
-0.19999999999999996,1.04,1.1216000000000002
-0.15999999999999992,1.04,1.1072000000000002
-0.11999999999999988,1.04,1.096
-0.08000000000000007,1.04,1.088
-0.040000000000000036,1.04,1.0832000000000002
0.0,1.04,1.0816000000000001
0.040000000000000036,1.04,1.0832000000000002
0.08000000000000007,1.04,1.088
0.1200000000000001,1.04,1.096
0.16000000000000014,1.04,1.1072000000000002
0.20000000000000018,1.04,1.1216000000000002
0.2400000000000002,1.04,1.1392000000000002
0.28000000000000025,1.04,1.1600000000000001
0.31999999999999984,1.04,1.184
0.3599999999999999,1.04,1.2112
0.3999999999999999,1.04,1.2416
0.43999999999999995,1.04,1.2752000000000001
0.48,1.04,1.312
0.52,1.04,1.352
0.56,1.04,1.3952000000000002
0.6000000000000001,1.04,1.4416000000000002
0.6400000000000001,1.04,1.4912000000000003
0.6800000000000002,1.04,1.5440000000000003
0.7200000000000002,1.04,1.6000000000000005
0.7600000000000002,1.04,1.6592000000000005
0.8000000000000003,1.04,1.7216000000000005
0.8399999999999999,1.04,1.7872
0.8799999999999999,1.04,1.8559999999999999
0.9199999999999999,1.04,1.928
0.96,1.04,2.0032
1.0,1.04,2.0816
1.04,1.04,2.1632000000000002
1.08,1.04,2.248
1.12,1.04,2.3360000000000003
1.1600000000000001,1.04,2.4272000000000005
1.2000000000000002,1.04,2.5216000000000003
1.2400000000000002,1.04,2.6192000000000006
1.2800000000000002,1.04,2.7200000000000006
1.3200000000000003,1.04,2.8240000000000007
1.3599999999999999,1.04,2.9311999999999996
1.4,1.04,3.0416
1.44,1.04,3.1552
1.48,1.04,3.2720000000000002
1.52,1.04,3.3920000000000003
1.56,1.04,3.5152
1.6,1.04,3.6416000000000004
1.6400000000000001,1.04,3.7712000000000003
1.6800000000000002,1.04,3.904000000000001
1.7200000000000002,1.04,4.040000000000001
1.7600000000000002,1.04,4.179200000000001
1.8000000000000003,1.04,4.321600000000001
1.8399999999999999,1.04,4.467199999999999
1.88,1.04,4.616
1.92,1.04,4.768
1.96,1.04,4.9232
2.0,1.04,5.0816
-2.0,1.08,5.1664
-1.96,1.08,5.008
-1.92,1.08,4.8528
-1.88,1.08,4.7008
-1.84,1.08,4.5520000000000005
-1.8,1.08,4.4064000000000005
-1.76,1.08,4.264
-1.72,1.08,4.1248
-1.68,1.08,3.9887999999999995
-1.6400000000000001,1.08,3.8560000000000008
-1.6,1.08,3.726400000000001
-1.56,1.08,3.6000000000000005
-1.52,1.08,3.4768
-1.48,1.08,3.3568
-1.44,1.08,3.24
-1.4,1.08,3.1264
-1.3599999999999999,1.08,3.016
-1.3199999999999998,1.08,2.9087999999999994
-1.28,1.08,2.8048
-1.24,1.08,2.704
-1.2,1.08,2.6064
-1.1600000000000001,1.08,2.5120000000000005
-1.12,1.08,2.4208000000000003
-1.08,1.08,2.3328
-1.04,1.08,2.248
-1.0,1.08,2.1664000000000003
-0.96,1.08,2.088
-0.9199999999999999,1.08,2.0128
-0.8799999999999999,1.08,1.9407999999999999
-0.8400000000000001,1.08,1.8720000000000003
-0.8,1.08,1.8064000000000002
-0.76,1.08,1.7440000000000002
-0.72,1.08,1.6848
-0.6799999999999999,1.08,1.6288
-0.6399999999999999,1.08,1.576
-0.5999999999999999,1.08,1.5264
-0.56,1.08,1.4800000000000002
-0.52,1.08,1.4368
-0.48,1.08,1.3968
-0.43999999999999995,1.08,1.36
-0.3999999999999999,1.08,1.3264
-0.3599999999999999,1.08,1.296
-0.32000000000000006,1.08,1.2688000000000001
-0.28,1.08,1.2448000000000001
-0.24,1.08,1.2240000000000002
-0.19999999999999996,1.08,1.2064000000000001
-0.15999999999999992,1.08,1.1920000000000002
-0.11999999999999988,1.08,1.1808
-0.08000000000000007,1.08,1.1728
-0.040000000000000036,1.08,1.1680000000000001
0.0,1.08,1.1664
0.040000000000000036,1.08,1.1680000000000001
0.08000000000000007,1.08,1.1728
0.1200000000000001,1.08,1.1808
0.16000000000000014,1.08,1.1920000000000002
0.20000000000000018,1.08,1.2064000000000001
0.2400000000000002,1.08,1.2240000000000002
0.28000000000000025,1.08,1.2448000000000001
0.31999999999999984,1.08,1.2688
0.3599999999999999,1.08,1.296
0.3999999999999999,1.08,1.3264
0.43999999999999995,1.08,1.36
0.48,1.08,1.3968
0.52,1.08,1.4368
0.56,1.08,1.4800000000000002
0.6000000000000001,1.08,1.5264000000000002
0.6400000000000001,1.08,1.5760000000000003
0.6800000000000002,1.08,1.6288000000000002
0.7200000000000002,1.08,1.6848000000000005
0.7600000000000002,1.08,1.7440000000000004
0.8000000000000003,1.08,1.8064000000000004
0.8399999999999999,1.08,1.8719999999999999
0.8799999999999999,1.08,1.9407999999999999
0.9199999999999999,1.08,2.0128
0.96,1.08,2.088
1.0,1.08,2.1664000000000003
1.04,1.08,2.248
1.08,1.08,2.3328
1.12,1.08,2.4208000000000003
1.1600000000000001,1.08,2.5120000000000005
1.2000000000000002,1.08,2.6064000000000007
1.2400000000000002,1.08,2.7040000000000006
1.2800000000000002,1.08,2.804800000000001
1.3200000000000003,1.08,2.908800000000001
1.3599999999999999,1.08,3.016
1.4,1.08,3.1264
1.44,1.08,3.24
1.48,1.08,3.3568
1.52,1.08,3.4768
1.56,1.08,3.6000000000000005
1.6,1.08,3.726400000000001
1.6400000000000001,1.08,3.8560000000000008
1.6800000000000002,1.08,3.9888000000000003
1.7200000000000002,1.08,4.1248000000000005
1.7600000000000002,1.08,4.264000000000001
1.8000000000000003,1.08,4.406400000000001
1.8399999999999999,1.08,4.552
1.88,1.08,4.7008
1.92,1.08,4.8528
1.96,1.08,5.008
2.0,1.08,5.1664
-2.0,1.12,5.2544
-1.96,1.12,5.096
-1.92,1.12,4.9408
-1.88,1.12,4.7888
-1.84,1.12,4.640000000000001
-1.8,1.12,4.494400000000001
-1.76,1.12,4.352
-1.72,1.12,4.2128
-1.68,1.12,4.0767999999999995
-1.6400000000000001,1.12,3.944000000000001
-1.6,1.12,3.814400000000001
-1.56,1.12,3.6880000000000006
-1.52,1.12,3.5648
-1.48,1.12,3.4448
-1.44,1.12,3.3280000000000003
-1.4,1.12,3.2144
-1.3599999999999999,1.12,3.104
-1.3199999999999998,1.12,2.9967999999999995
-1.28,1.12,2.8928000000000003
-1.24,1.12,2.7920000000000003
-1.2,1.12,2.6944
-1.1600000000000001,1.12,2.6000000000000005
-1.12,1.12,2.5088000000000004
-1.08,1.12,2.4208000000000003
-1.04,1.12,2.3360000000000003
-1.0,1.12,2.2544000000000004
-0.96,1.12,2.176
-0.9199999999999999,1.12,2.1008
-0.8799999999999999,1.12,2.0288
-0.8400000000000001,1.12,1.9600000000000004
-0.8,1.12,1.8944000000000003
-0.76,1.12,1.8320000000000003
-0.72,1.12,1.7728000000000002
-0.6799999999999999,1.12,1.7168
-0.6399999999999999,1.12,1.6640000000000001
-0.5999999999999999,1.12,1.6144
-0.56,1.12,1.5680000000000003
-0.52,1.12,1.5248000000000002
-0.48,1.12,1.4848000000000001
-0.43999999999999995,1.12,1.4480000000000002
-0.3999999999999999,1.12,1.4144
-0.3599999999999999,1.12,1.3840000000000001
-0.32000000000000006,1.12,1.3568000000000002
-0.28,1.12,1.3328000000000002
-0.24,1.12,1.3120000000000003
-0.19999999999999996,1.12,1.2944000000000002
-0.15999999999999992,1.12,1.2800000000000002
-0.11999999999999988,1.12,1.2688000000000001
-0.08000000000000007,1.12,1.2608000000000001
-0.040000000000000036,1.12,1.2560000000000002
0.0,1.12,1.2544000000000002
0.040000000000000036,1.12,1.2560000000000002
0.08000000000000007,1.12,1.2608000000000001
0.1200000000000001,1.12,1.2688000000000001
0.16000000000000014,1.12,1.2800000000000002
0.20000000000000018,1.12,1.2944000000000002
0.2400000000000002,1.12,1.3120000000000003
0.28000000000000025,1.12,1.3328000000000002
0.31999999999999984,1.12,1.3568
0.3599999999999999,1.12,1.3840000000000001
0.3999999999999999,1.12,1.4144
0.43999999999999995,1.12,1.4480000000000002
0.48,1.12,1.4848000000000001
0.52,1.12,1.5248000000000002
0.56,1.12,1.5680000000000003
0.6000000000000001,1.12,1.6144000000000003
0.6400000000000001,1.12,1.6640000000000004
0.6800000000000002,1.12,1.7168000000000003
0.7200000000000002,1.12,1.7728000000000006
0.7600000000000002,1.12,1.8320000000000005
0.8000000000000003,1.12,1.8944000000000005
0.8399999999999999,1.12,1.96
0.8799999999999999,1.12,2.0288
0.9199999999999999,1.12,2.1008
0.96,1.12,2.176
1.0,1.12,2.2544000000000004
1.04,1.12,2.3360000000000003
1.08,1.12,2.4208000000000003
1.12,1.12,2.5088000000000004
1.1600000000000001,1.12,2.6000000000000005
1.2000000000000002,1.12,2.694400000000001
1.2400000000000002,1.12,2.7920000000000007
1.2800000000000002,1.12,2.892800000000001
1.3200000000000003,1.12,2.9968000000000012
1.3599999999999999,1.12,3.104
1.4,1.12,3.2144
1.44,1.12,3.3280000000000003
1.48,1.12,3.4448
1.52,1.12,3.5648
1.56,1.12,3.6880000000000006
1.6,1.12,3.814400000000001
1.6400000000000001,1.12,3.944000000000001
1.6800000000000002,1.12,4.0768
1.7200000000000002,1.12,4.2128000000000005
1.7600000000000002,1.12,4.352000000000001
1.8000000000000003,1.12,4.4944000000000015
1.8399999999999999,1.12,4.64
1.88,1.12,4.7888
1.92,1.12,4.9408
1.96,1.12,5.096
2.0,1.12,5.2544
-2.0,1.1600000000000001,5.3456
-1.96,1.1600000000000001,5.1872
-1.92,1.1600000000000001,5.032
-1.88,1.1600000000000001,4.88
-1.84,1.1600000000000001,4.7312
-1.8,1.1600000000000001,4.5856
-1.76,1.1600000000000001,4.4432
-1.72,1.1600000000000001,4.304
-1.68,1.1600000000000001,4.168
-1.6400000000000001,1.1600000000000001,4.035200000000001
-1.6,1.1600000000000001,3.9056000000000006
-1.56,1.1600000000000001,3.7792000000000003
-1.52,1.1600000000000001,3.6560000000000006
-1.48,1.1600000000000001,3.5360000000000005
-1.44,1.1600000000000001,3.4192
-1.4,1.1600000000000001,3.3056
-1.3599999999999999,1.1600000000000001,3.1952
-1.3199999999999998,1.1600000000000001,3.088
-1.28,1.1600000000000001,2.9840000000000004
-1.24,1.1600000000000001,2.8832000000000004
-1.2,1.1600000000000001,2.7856000000000005
-1.1600000000000001,1.1600000000000001,2.6912000000000007
-1.12,1.1600000000000001,2.6000000000000005
-1.08,1.1600000000000001,2.5120000000000005
-1.04,1.1600000000000001,2.4272000000000005
-1.0,1.1600000000000001,2.3456
-0.96,1.1600000000000001,2.2672000000000003
-0.9199999999999999,1.1600000000000001,2.192
-0.8799999999999999,1.1600000000000001,2.12
-0.8400000000000001,1.1600000000000001,2.0512000000000006
-0.8,1.1600000000000001,1.9856000000000005
-0.76,1.1600000000000001,1.9232000000000005
-0.72,1.1600000000000001,1.8640000000000003
-0.6799999999999999,1.1600000000000001,1.8080000000000003
-0.6399999999999999,1.1600000000000001,1.7552000000000003
-0.5999999999999999,1.1600000000000001,1.7056000000000002
-0.56,1.1600000000000001,1.6592000000000005
-0.52,1.1600000000000001,1.6160000000000003
-0.48,1.1600000000000001,1.5760000000000003
-0.43999999999999995,1.1600000000000001,1.5392000000000003
-0.3999999999999999,1.1600000000000001,1.5056000000000003
-0.3599999999999999,1.1600000000000001,1.4752000000000003
-0.32000000000000006,1.1600000000000001,1.4480000000000004
-0.28,1.1600000000000001,1.4240000000000004
-0.24,1.1600000000000001,1.4032000000000004
-0.19999999999999996,1.1600000000000001,1.3856000000000004
-0.15999999999999992,1.1600000000000001,1.3712000000000004
-0.11999999999999988,1.1600000000000001,1.3600000000000003
-0.08000000000000007,1.1600000000000001,1.3520000000000003
-0.040000000000000036,1.1600000000000001,1.3472000000000004
0.0,1.1600000000000001,1.3456000000000004
0.040000000000000036,1.1600000000000001,1.3472000000000004
0.08000000000000007,1.1600000000000001,1.3520000000000003
0.1200000000000001,1.1600000000000001,1.3600000000000003
0.16000000000000014,1.1600000000000001,1.3712000000000004
0.20000000000000018,1.1600000000000001,1.3856000000000004
0.2400000000000002,1.1600000000000001,1.4032000000000004
0.28000000000000025,1.1600000000000001,1.4240000000000004
0.31999999999999984,1.1600000000000001,1.4480000000000002
0.3599999999999999,1.1600000000000001,1.4752000000000003
0.3999999999999999,1.1600000000000001,1.5056000000000003
0.43999999999999995,1.1600000000000001,1.5392000000000003
0.48,1.1600000000000001,1.5760000000000003
0.52,1.1600000000000001,1.6160000000000003
0.56,1.1600000000000001,1.6592000000000005
0.6000000000000001,1.1600000000000001,1.7056000000000004
0.6400000000000001,1.1600000000000001,1.7552000000000005
0.6800000000000002,1.1600000000000001,1.8080000000000005
0.7200000000000002,1.1600000000000001,1.8640000000000008
0.7600000000000002,1.1600000000000001,1.9232000000000007
0.8000000000000003,1.1600000000000001,1.9856000000000007
0.8399999999999999,1.1600000000000001,2.0512
0.8799999999999999,1.1600000000000001,2.12
0.9199999999999999,1.1600000000000001,2.192
0.96,1.1600000000000001,2.2672000000000003
1.0,1.1600000000000001,2.3456
1.04,1.1600000000000001,2.4272000000000005
1.08,1.1600000000000001,2.5120000000000005
1.12,1.1600000000000001,2.6000000000000005
1.1600000000000001,1.1600000000000001,2.6912000000000007
1.2000000000000002,1.1600000000000001,2.7856000000000005
1.2400000000000002,1.1600000000000001,2.883200000000001
1.2800000000000002,1.1600000000000001,2.984000000000001
1.3200000000000003,1.1600000000000001,3.088000000000001
1.3599999999999999,1.1600000000000001,3.1952
1.4,1.1600000000000001,3.3056
1.44,1.1600000000000001,3.4192
1.48,1.1600000000000001,3.5360000000000005
1.52,1.1600000000000001,3.6560000000000006
1.56,1.1600000000000001,3.7792000000000003
1.6,1.1600000000000001,3.9056000000000006
1.6400000000000001,1.1600000000000001,4.035200000000001
1.6800000000000002,1.1600000000000001,4.168000000000001
1.7200000000000002,1.1600000000000001,4.304000000000001
1.7600000000000002,1.1600000000000001,4.443200000000001
1.8000000000000003,1.1600000000000001,4.585600000000001
1.8399999999999999,1.1600000000000001,4.731199999999999
1.88,1.1600000000000001,4.88
1.92,1.1600000000000001,5.032
1.96,1.1600000000000001,5.1872
2.0,1.1600000000000001,5.3456
-2.0,1.2000000000000002,5.44
-1.96,1.2000000000000002,5.2816
-1.92,1.2000000000000002,5.1264
-1.88,1.2000000000000002,4.9744
-1.84,1.2000000000000002,4.8256000000000006
-1.8,1.2000000000000002,4.680000000000001
-1.76,1.2000000000000002,4.5376
-1.72,1.2000000000000002,4.3984000000000005
-1.68,1.2000000000000002,4.2623999999999995
-1.6400000000000001,1.2000000000000002,4.129600000000001
-1.6,1.2000000000000002,4.000000000000001
-1.56,1.2000000000000002,3.8736000000000006
-1.52,1.2000000000000002,3.7504000000000004
-1.48,1.2000000000000002,3.6304000000000003
-1.44,1.2000000000000002,3.5136000000000003
-1.4,1.2000000000000002,3.4000000000000004
-1.3599999999999999,1.2000000000000002,3.2896
-1.3199999999999998,1.2000000000000002,3.1824
-1.28,1.2000000000000002,3.0784000000000002
-1.24,1.2000000000000002,2.9776000000000007
-1.2,1.2000000000000002,2.8800000000000003
-1.1600000000000001,1.2000000000000002,2.7856000000000005
-1.12,1.2000000000000002,2.694400000000001
-1.08,1.2000000000000002,2.6064000000000007
-1.04,1.2000000000000002,2.5216000000000003
-1.0,1.2000000000000002,2.4400000000000004
-0.96,1.2000000000000002,2.3616
-0.9199999999999999,1.2000000000000002,2.2864000000000004
-0.8799999999999999,1.2000000000000002,2.2144000000000004
-0.8400000000000001,1.2000000000000002,2.1456000000000004
-0.8,1.2000000000000002,2.0800000000000005
-0.76,1.2000000000000002,2.0176000000000003
-0.72,1.2000000000000002,1.9584000000000004
-0.6799999999999999,1.2000000000000002,1.9024000000000003
-0.6399999999999999,1.2000000000000002,1.8496000000000001
-0.5999999999999999,1.2000000000000002,1.8000000000000003
-0.56,1.2000000000000002,1.7536000000000005
-0.52,1.2000000000000002,1.7104000000000004
-0.48,1.2000000000000002,1.6704000000000003
-0.43999999999999995,1.2000000000000002,1.6336000000000004
-0.3999999999999999,1.2000000000000002,1.6000000000000003
-0.3599999999999999,1.2000000000000002,1.5696000000000003
-0.32000000000000006,1.2000000000000002,1.5424000000000004
-0.28,1.2000000000000002,1.5184000000000004
-0.24,1.2000000000000002,1.4976000000000005
-0.19999999999999996,1.2000000000000002,1.4800000000000004
-0.15999999999999992,1.2000000000000002,1.4656000000000005
-0.11999999999999988,1.2000000000000002,1.4544000000000004
-0.08000000000000007,1.2000000000000002,1.4464000000000004
-0.040000000000000036,1.2000000000000002,1.4416000000000004
0.0,1.2000000000000002,1.4400000000000004
0.040000000000000036,1.2000000000000002,1.4416000000000004
0.08000000000000007,1.2000000000000002,1.4464000000000004
0.1200000000000001,1.2000000000000002,1.4544000000000004
0.16000000000000014,1.2000000000000002,1.4656000000000005
0.20000000000000018,1.2000000000000002,1.4800000000000004
0.2400000000000002,1.2000000000000002,1.4976000000000005
0.28000000000000025,1.2000000000000002,1.5184000000000006
0.31999999999999984,1.2000000000000002,1.5424000000000002
0.3599999999999999,1.2000000000000002,1.5696000000000003
0.3999999999999999,1.2000000000000002,1.6000000000000003
0.43999999999999995,1.2000000000000002,1.6336000000000004
0.48,1.2000000000000002,1.6704000000000003
0.52,1.2000000000000002,1.7104000000000004
0.56,1.2000000000000002,1.7536000000000005
0.6000000000000001,1.2000000000000002,1.8000000000000005
0.6400000000000001,1.2000000000000002,1.8496000000000006
0.6800000000000002,1.2000000000000002,1.9024000000000005
0.7200000000000002,1.2000000000000002,1.9584000000000006
0.7600000000000002,1.2000000000000002,2.0176000000000007
0.8000000000000003,1.2000000000000002,2.080000000000001
0.8399999999999999,1.2000000000000002,2.1456
0.8799999999999999,1.2000000000000002,2.2144000000000004
0.9199999999999999,1.2000000000000002,2.2864000000000004
0.96,1.2000000000000002,2.3616
1.0,1.2000000000000002,2.4400000000000004
1.04,1.2000000000000002,2.5216000000000003
1.08,1.2000000000000002,2.6064000000000007
1.12,1.2000000000000002,2.694400000000001
1.1600000000000001,1.2000000000000002,2.7856000000000005
1.2000000000000002,1.2000000000000002,2.880000000000001
1.2400000000000002,1.2000000000000002,2.9776000000000007
1.2800000000000002,1.2000000000000002,3.078400000000001
1.3200000000000003,1.2000000000000002,3.1824000000000012
1.3599999999999999,1.2000000000000002,3.2896
1.4,1.2000000000000002,3.4000000000000004
1.44,1.2000000000000002,3.5136000000000003
1.48,1.2000000000000002,3.6304000000000003
1.52,1.2000000000000002,3.7504000000000004
1.56,1.2000000000000002,3.8736000000000006
1.6,1.2000000000000002,4.000000000000001
1.6400000000000001,1.2000000000000002,4.129600000000001
1.6800000000000002,1.2000000000000002,4.262400000000001
1.7200000000000002,1.2000000000000002,4.3984000000000005
1.7600000000000002,1.2000000000000002,4.537600000000001
1.8000000000000003,1.2000000000000002,4.6800000000000015
1.8399999999999999,1.2000000000000002,4.8256
1.88,1.2000000000000002,4.9744
1.92,1.2000000000000002,5.1264
1.96,1.2000000000000002,5.2816
2.0,1.2000000000000002,5.44
-2.0,1.2400000000000002,5.5376
-1.96,1.2400000000000002,5.3792
-1.92,1.2400000000000002,5.224
-1.88,1.2400000000000002,5.072
-1.84,1.2400000000000002,4.9232000000000005
-1.8,1.2400000000000002,4.7776000000000005
-1.76,1.2400000000000002,4.6352
-1.72,1.2400000000000002,4.496
-1.68,1.2400000000000002,4.36
-1.6400000000000001,1.2400000000000002,4.227200000000001
-1.6,1.2400000000000002,4.097600000000001
-1.56,1.2400000000000002,3.9712000000000005
-1.52,1.2400000000000002,3.8480000000000008
-1.48,1.2400000000000002,3.7280000000000006
-1.44,1.2400000000000002,3.6112
-1.4,1.2400000000000002,3.4976000000000003
-1.3599999999999999,1.2400000000000002,3.3872
-1.3199999999999998,1.2400000000000002,3.2800000000000002
-1.28,1.2400000000000002,3.1760000000000006
-1.24,1.2400000000000002,3.0752000000000006
-1.2,1.2400000000000002,2.9776000000000007
-1.1600000000000001,1.2400000000000002,2.883200000000001
-1.12,1.2400000000000002,2.7920000000000007
-1.08,1.2400000000000002,2.7040000000000006
-1.04,1.2400000000000002,2.6192000000000006
-1.0,1.2400000000000002,2.5376000000000003
-0.96,1.2400000000000002,2.4592000000000005
-0.9199999999999999,1.2400000000000002,2.3840000000000003
-0.8799999999999999,1.2400000000000002,2.3120000000000003
-0.8400000000000001,1.2400000000000002,2.2432000000000007
-0.8,1.2400000000000002,2.177600000000001
-0.76,1.2400000000000002,2.1152000000000006
-0.72,1.2400000000000002,2.0560000000000005
-0.6799999999999999,1.2400000000000002,2.0000000000000004
-0.6399999999999999,1.2400000000000002,1.9472000000000005
-0.5999999999999999,1.2400000000000002,1.8976000000000004
-0.56,1.2400000000000002,1.8512000000000006
-0.52,1.2400000000000002,1.8080000000000005
-0.48,1.2400000000000002,1.7680000000000005
-0.43999999999999995,1.2400000000000002,1.7312000000000005
-0.3999999999999999,1.2400000000000002,1.6976000000000004
-0.3599999999999999,1.2400000000000002,1.6672000000000005
-0.32000000000000006,1.2400000000000002,1.6400000000000006
-0.28,1.2400000000000002,1.6160000000000005
-0.24,1.2400000000000002,1.5952000000000006
-0.19999999999999996,1.2400000000000002,1.5776000000000006
-0.15999999999999992,1.2400000000000002,1.5632000000000006
-0.11999999999999988,1.2400000000000002,1.5520000000000005
-0.08000000000000007,1.2400000000000002,1.5440000000000005
-0.040000000000000036,1.2400000000000002,1.5392000000000006
0.0,1.2400000000000002,1.5376000000000005
0.040000000000000036,1.2400000000000002,1.5392000000000006
0.08000000000000007,1.2400000000000002,1.5440000000000005
0.1200000000000001,1.2400000000000002,1.5520000000000005
0.16000000000000014,1.2400000000000002,1.5632000000000006
0.20000000000000018,1.2400000000000002,1.5776000000000006
0.2400000000000002,1.2400000000000002,1.5952000000000006
0.28000000000000025,1.2400000000000002,1.6160000000000005
0.31999999999999984,1.2400000000000002,1.6400000000000003
0.3599999999999999,1.2400000000000002,1.6672000000000005
0.3999999999999999,1.2400000000000002,1.6976000000000004
0.43999999999999995,1.2400000000000002,1.7312000000000005
0.48,1.2400000000000002,1.7680000000000005
0.52,1.2400000000000002,1.8080000000000005
0.56,1.2400000000000002,1.8512000000000006
0.6000000000000001,1.2400000000000002,1.8976000000000006
0.6400000000000001,1.2400000000000002,1.9472000000000007
0.6800000000000002,1.2400000000000002,2.000000000000001
0.7200000000000002,1.2400000000000002,2.056000000000001
0.7600000000000002,1.2400000000000002,2.1152000000000006
0.8000000000000003,1.2400000000000002,2.177600000000001
0.8399999999999999,1.2400000000000002,2.2432000000000003
0.8799999999999999,1.2400000000000002,2.3120000000000003
0.9199999999999999,1.2400000000000002,2.3840000000000003
0.96,1.2400000000000002,2.4592000000000005
1.0,1.2400000000000002,2.5376000000000003
1.04,1.2400000000000002,2.6192000000000006
1.08,1.2400000000000002,2.7040000000000006
1.12,1.2400000000000002,2.7920000000000007
1.1600000000000001,1.2400000000000002,2.883200000000001
1.2000000000000002,1.2400000000000002,2.9776000000000007
1.2400000000000002,1.2400000000000002,3.075200000000001
1.2800000000000002,1.2400000000000002,3.176000000000001
1.3200000000000003,1.2400000000000002,3.280000000000001
1.3599999999999999,1.2400000000000002,3.3872
1.4,1.2400000000000002,3.4976000000000003
1.44,1.2400000000000002,3.6112
1.48,1.2400000000000002,3.7280000000000006
1.52,1.2400000000000002,3.8480000000000008
1.56,1.2400000000000002,3.9712000000000005
1.6,1.2400000000000002,4.097600000000001
1.6400000000000001,1.2400000000000002,4.227200000000001
1.6800000000000002,1.2400000000000002,4.360000000000001
1.7200000000000002,1.2400000000000002,4.496000000000001
1.7600000000000002,1.2400000000000002,4.635200000000001
1.8000000000000003,1.2400000000000002,4.777600000000001
1.8399999999999999,1.2400000000000002,4.9232
1.88,1.2400000000000002,5.072
1.92,1.2400000000000002,5.224
1.96,1.2400000000000002,5.3792
2.0,1.2400000000000002,5.5376
-2.0,1.2800000000000002,5.638400000000001
-1.96,1.2800000000000002,5.48
-1.92,1.2800000000000002,5.324800000000001
-1.88,1.2800000000000002,5.1728000000000005
-1.84,1.2800000000000002,5.024000000000001
-1.8,1.2800000000000002,4.878400000000001
-1.76,1.2800000000000002,4.736000000000001
-1.72,1.2800000000000002,4.5968
-1.68,1.2800000000000002,4.460800000000001
-1.6400000000000001,1.2800000000000002,4.328000000000001
-1.6,1.2800000000000002,4.198400000000001
-1.56,1.2800000000000002,4.072000000000001
-1.52,1.2800000000000002,3.9488000000000008
-1.48,1.2800000000000002,3.8288000000000006
-1.44,1.2800000000000002,3.7120000000000006
-1.4,1.2800000000000002,3.5984000000000007
-1.3599999999999999,1.2800000000000002,3.4880000000000004
-1.3199999999999998,1.2800000000000002,3.3808000000000002
-1.28,1.2800000000000002,3.2768000000000006
-1.24,1.2800000000000002,3.176000000000001
-1.2,1.2800000000000002,3.0784000000000007
-1.1600000000000001,1.2800000000000002,2.984000000000001
-1.12,1.2800000000000002,2.892800000000001
-1.08,1.2800000000000002,2.804800000000001
-1.04,1.2800000000000002,2.7200000000000006
-1.0,1.2800000000000002,2.6384000000000007
-0.96,1.2800000000000002,2.5600000000000005
-0.9199999999999999,1.2800000000000002,2.484800000000001
-0.8799999999999999,1.2800000000000002,2.4128000000000007
-0.8400000000000001,1.2800000000000002,2.3440000000000007
-0.8,1.2800000000000002,2.278400000000001
-0.76,1.2800000000000002,2.2160000000000006
-0.72,1.2800000000000002,2.1568000000000005
-0.6799999999999999,1.2800000000000002,2.1008000000000004
-0.6399999999999999,1.2800000000000002,2.0480000000000005
-0.5999999999999999,1.2800000000000002,1.9984000000000006
-0.56,1.2800000000000002,1.9520000000000008
-0.52,1.2800000000000002,1.9088000000000007
-0.48,1.2800000000000002,1.8688000000000007
-0.43999999999999995,1.2800000000000002,1.8320000000000007
-0.3999999999999999,1.2800000000000002,1.7984000000000007
-0.3599999999999999,1.2800000000000002,1.7680000000000007
-0.32000000000000006,1.2800000000000002,1.7408000000000008
-0.28,1.2800000000000002,1.7168000000000008
-0.24,1.2800000000000002,1.6960000000000008
-0.19999999999999996,1.2800000000000002,1.6784000000000008
-0.15999999999999992,1.2800000000000002,1.6640000000000008
-0.11999999999999988,1.2800000000000002,1.6528000000000007
-0.08000000000000007,1.2800000000000002,1.6448000000000007
-0.040000000000000036,1.2800000000000002,1.6400000000000008
0.0,1.2800000000000002,1.6384000000000007
0.040000000000000036,1.2800000000000002,1.6400000000000008
0.08000000000000007,1.2800000000000002,1.6448000000000007
0.1200000000000001,1.2800000000000002,1.6528000000000007
0.16000000000000014,1.2800000000000002,1.6640000000000008
0.20000000000000018,1.2800000000000002,1.6784000000000008
0.2400000000000002,1.2800000000000002,1.6960000000000008
0.28000000000000025,1.2800000000000002,1.716800000000001
0.31999999999999984,1.2800000000000002,1.7408000000000006
0.3599999999999999,1.2800000000000002,1.7680000000000007
0.3999999999999999,1.2800000000000002,1.7984000000000007
0.43999999999999995,1.2800000000000002,1.8320000000000007
0.48,1.2800000000000002,1.8688000000000007
0.52,1.2800000000000002,1.9088000000000007
0.56,1.2800000000000002,1.9520000000000008
0.6000000000000001,1.2800000000000002,1.9984000000000008
0.6400000000000001,1.2800000000000002,2.048000000000001
0.6800000000000002,1.2800000000000002,2.100800000000001
0.7200000000000002,1.2800000000000002,2.156800000000001
0.7600000000000002,1.2800000000000002,2.216000000000001
0.8000000000000003,1.2800000000000002,2.2784000000000013
0.8399999999999999,1.2800000000000002,2.3440000000000003
0.8799999999999999,1.2800000000000002,2.4128000000000007
0.9199999999999999,1.2800000000000002,2.484800000000001
0.96,1.2800000000000002,2.5600000000000005
1.0,1.2800000000000002,2.6384000000000007
1.04,1.2800000000000002,2.7200000000000006
1.08,1.2800000000000002,2.804800000000001
1.12,1.2800000000000002,2.892800000000001
1.1600000000000001,1.2800000000000002,2.984000000000001
1.2000000000000002,1.2800000000000002,3.078400000000001
1.2400000000000002,1.2800000000000002,3.176000000000001
1.2800000000000002,1.2800000000000002,3.2768000000000015
1.3200000000000003,1.2800000000000002,3.3808000000000016
1.3599999999999999,1.2800000000000002,3.4880000000000004
1.4,1.2800000000000002,3.5984000000000007
1.44,1.2800000000000002,3.7120000000000006
1.48,1.2800000000000002,3.8288000000000006
1.52,1.2800000000000002,3.9488000000000008
1.56,1.2800000000000002,4.072000000000001
1.6,1.2800000000000002,4.198400000000001
1.6400000000000001,1.2800000000000002,4.328000000000001
1.6800000000000002,1.2800000000000002,4.460800000000001
1.7200000000000002,1.2800000000000002,4.596800000000002
1.7600000000000002,1.2800000000000002,4.7360000000000015
1.8000000000000003,1.2800000000000002,4.878400000000002
1.8399999999999999,1.2800000000000002,5.024
1.88,1.2800000000000002,5.1728000000000005
1.92,1.2800000000000002,5.324800000000001
1.96,1.2800000000000002,5.48
2.0,1.2800000000000002,5.638400000000001
-2.0,1.3200000000000003,5.742400000000001
-1.96,1.3200000000000003,5.5840000000000005
-1.92,1.3200000000000003,5.428800000000001
-1.88,1.3200000000000003,5.276800000000001
-1.84,1.3200000000000003,5.128000000000001
-1.8,1.3200000000000003,4.982400000000001
-1.76,1.3200000000000003,4.840000000000001
-1.72,1.3200000000000003,4.700800000000001
-1.68,1.3200000000000003,4.5648
-1.6400000000000001,1.3200000000000003,4.432000000000001
-1.6,1.3200000000000003,4.302400000000001
-1.56,1.3200000000000003,4.176000000000001
-1.52,1.3200000000000003,4.052800000000001
-1.48,1.3200000000000003,3.9328000000000007
-1.44,1.3200000000000003,3.8160000000000007
-1.4,1.3200000000000003,3.702400000000001
-1.3599999999999999,1.3200000000000003,3.5920000000000005
-1.3199999999999998,1.3200000000000003,3.4848000000000003
-1.28,1.3200000000000003,3.3808000000000007
-1.24,1.3200000000000003,3.280000000000001
-1.2,1.3200000000000003,3.182400000000001
-1.1600000000000001,1.3200000000000003,3.088000000000001
-1.12,1.3200000000000003,2.9968000000000012
-1.08,1.3200000000000003,2.908800000000001
-1.04,1.3200000000000003,2.8240000000000007
-1.0,1.3200000000000003,2.742400000000001
-0.96,1.3200000000000003,2.6640000000000006
-0.9199999999999999,1.3200000000000003,2.588800000000001
-0.8799999999999999,1.3200000000000003,2.516800000000001
-0.8400000000000001,1.3200000000000003,2.448000000000001
-0.8,1.3200000000000003,2.382400000000001
-0.76,1.3200000000000003,2.3200000000000007
-0.72,1.3200000000000003,2.2608000000000006
-0.6799999999999999,1.3200000000000003,2.2048000000000005
-0.6399999999999999,1.3200000000000003,2.1520000000000006
-0.5999999999999999,1.3200000000000003,2.1024000000000007
-0.56,1.3200000000000003,2.056000000000001
-0.52,1.3200000000000003,2.012800000000001
-0.48,1.3200000000000003,1.9728000000000008
-0.43999999999999995,1.3200000000000003,1.9360000000000008
-0.3999999999999999,1.3200000000000003,1.9024000000000008
-0.3599999999999999,1.3200000000000003,1.8720000000000008
-0.32000000000000006,1.3200000000000003,1.8448000000000009
-0.28,1.3200000000000003,1.8208000000000009
-0.24,1.3200000000000003,1.800000000000001
-0.19999999999999996,1.3200000000000003,1.7824000000000009
-0.15999999999999992,1.3200000000000003,1.768000000000001
-0.11999999999999988,1.3200000000000003,1.7568000000000008
-0.08000000000000007,1.3200000000000003,1.7488000000000008
-0.040000000000000036,1.3200000000000003,1.7440000000000009
0.0,1.3200000000000003,1.7424000000000008
0.040000000000000036,1.3200000000000003,1.7440000000000009
0.08000000000000007,1.3200000000000003,1.7488000000000008
0.1200000000000001,1.3200000000000003,1.7568000000000008
0.16000000000000014,1.3200000000000003,1.768000000000001
0.20000000000000018,1.3200000000000003,1.7824000000000009
0.2400000000000002,1.3200000000000003,1.800000000000001
0.28000000000000025,1.3200000000000003,1.820800000000001
0.31999999999999984,1.3200000000000003,1.8448000000000007
0.3599999999999999,1.3200000000000003,1.8720000000000008
0.3999999999999999,1.3200000000000003,1.9024000000000008
0.43999999999999995,1.3200000000000003,1.9360000000000008
0.48,1.3200000000000003,1.9728000000000008
0.52,1.3200000000000003,2.012800000000001
0.56,1.3200000000000003,2.056000000000001
0.6000000000000001,1.3200000000000003,2.102400000000001
0.6400000000000001,1.3200000000000003,2.152000000000001
0.6800000000000002,1.3200000000000003,2.204800000000001
0.7200000000000002,1.3200000000000003,2.260800000000001
0.7600000000000002,1.3200000000000003,2.320000000000001
0.8000000000000003,1.3200000000000003,2.3824000000000014
0.8399999999999999,1.3200000000000003,2.4480000000000004
0.8799999999999999,1.3200000000000003,2.516800000000001
0.9199999999999999,1.3200000000000003,2.588800000000001
0.96,1.3200000000000003,2.6640000000000006
1.0,1.3200000000000003,2.742400000000001
1.04,1.3200000000000003,2.8240000000000007
1.08,1.3200000000000003,2.908800000000001
1.12,1.3200000000000003,2.9968000000000012
1.1600000000000001,1.3200000000000003,3.088000000000001
1.2000000000000002,1.3200000000000003,3.1824000000000012
1.2400000000000002,1.3200000000000003,3.280000000000001
1.2800000000000002,1.3200000000000003,3.3808000000000016
1.3200000000000003,1.3200000000000003,3.4848000000000017
1.3599999999999999,1.3200000000000003,3.5920000000000005
1.4,1.3200000000000003,3.702400000000001
1.44,1.3200000000000003,3.8160000000000007
1.48,1.3200000000000003,3.9328000000000007
1.52,1.3200000000000003,4.052800000000001
1.56,1.3200000000000003,4.176000000000001
1.6,1.3200000000000003,4.302400000000001
1.6400000000000001,1.3200000000000003,4.432000000000001
1.6800000000000002,1.3200000000000003,4.564800000000002
1.7200000000000002,1.3200000000000003,4.700800000000001
1.7600000000000002,1.3200000000000003,4.840000000000002
1.8000000000000003,1.3200000000000003,4.982400000000002
1.8399999999999999,1.3200000000000003,5.128
1.88,1.3200000000000003,5.276800000000001
1.92,1.3200000000000003,5.428800000000001
1.96,1.3200000000000003,5.5840000000000005
2.0,1.3200000000000003,5.742400000000001
-2.0,1.3599999999999999,5.8496
-1.96,1.3599999999999999,5.691199999999999
-1.92,1.3599999999999999,5.536
-1.88,1.3599999999999999,5.3839999999999995
-1.84,1.3599999999999999,5.2352
-1.8,1.3599999999999999,5.0896
-1.76,1.3599999999999999,4.9472
-1.72,1.3599999999999999,4.808
-1.68,1.3599999999999999,4.671999999999999
-1.6400000000000001,1.3599999999999999,4.5392
-1.6,1.3599999999999999,4.4096
-1.56,1.3599999999999999,4.2832
-1.52,1.3599999999999999,4.16
-1.48,1.3599999999999999,4.039999999999999
-1.44,1.3599999999999999,3.9231999999999996
-1.4,1.3599999999999999,3.8095999999999997
-1.3599999999999999,1.3599999999999999,3.6991999999999994
-1.3199999999999998,1.3599999999999999,3.591999999999999
-1.28,1.3599999999999999,3.4879999999999995
-1.24,1.3599999999999999,3.3872
-1.2,1.3599999999999999,3.2895999999999996
-1.1600000000000001,1.3599999999999999,3.1952
-1.12,1.3599999999999999,3.104
-1.08,1.3599999999999999,3.016
-1.04,1.3599999999999999,2.9311999999999996
-1.0,1.3599999999999999,2.8495999999999997
-0.96,1.3599999999999999,2.7711999999999994
-0.9199999999999999,1.3599999999999999,2.6959999999999997
-0.8799999999999999,1.3599999999999999,2.6239999999999997
-0.8400000000000001,1.3599999999999999,2.5551999999999997
-0.8,1.3599999999999999,2.4896
-0.76,1.3599999999999999,2.4271999999999996
-0.72,1.3599999999999999,2.3679999999999994
-0.6799999999999999,1.3599999999999999,2.3119999999999994
-0.6399999999999999,1.3599999999999999,2.2591999999999994
-0.5999999999999999,1.3599999999999999,2.2095999999999996
-0.56,1.3599999999999999,2.1632
-0.52,1.3599999999999999,2.1199999999999997
-0.48,1.3599999999999999,2.0799999999999996
-0.43999999999999995,1.3599999999999999,2.0431999999999997
-0.3999999999999999,1.3599999999999999,2.0096
-0.3599999999999999,1.3599999999999999,1.9791999999999996
-0.32000000000000006,1.3599999999999999,1.9519999999999997
-0.28,1.3599999999999999,1.9279999999999997
-0.24,1.3599999999999999,1.9071999999999998
-0.19999999999999996,1.3599999999999999,1.8895999999999997
-0.15999999999999992,1.3599999999999999,1.8751999999999998
-0.11999999999999988,1.3599999999999999,1.8639999999999997
-0.08000000000000007,1.3599999999999999,1.8559999999999997
-0.040000000000000036,1.3599999999999999,1.8511999999999997
0.0,1.3599999999999999,1.8495999999999997
0.040000000000000036,1.3599999999999999,1.8511999999999997
0.08000000000000007,1.3599999999999999,1.8559999999999997
0.1200000000000001,1.3599999999999999,1.8639999999999997
0.16000000000000014,1.3599999999999999,1.8751999999999998
0.20000000000000018,1.3599999999999999,1.8895999999999997
0.2400000000000002,1.3599999999999999,1.9071999999999998
0.28000000000000025,1.3599999999999999,1.928
0.31999999999999984,1.3599999999999999,1.9519999999999995
0.3599999999999999,1.3599999999999999,1.9791999999999996
0.3999999999999999,1.3599999999999999,2.0096
0.43999999999999995,1.3599999999999999,2.0431999999999997
0.48,1.3599999999999999,2.0799999999999996
0.52,1.3599999999999999,2.1199999999999997
0.56,1.3599999999999999,2.1632
0.6000000000000001,1.3599999999999999,2.2096
0.6400000000000001,1.3599999999999999,2.2592
0.6800000000000002,1.3599999999999999,2.312
0.7200000000000002,1.3599999999999999,2.368
0.7600000000000002,1.3599999999999999,2.4272
0.8000000000000003,1.3599999999999999,2.4896000000000003
0.8399999999999999,1.3599999999999999,2.5551999999999992
0.8799999999999999,1.3599999999999999,2.6239999999999997
0.9199999999999999,1.3599999999999999,2.6959999999999997
0.96,1.3599999999999999,2.7711999999999994
1.0,1.3599999999999999,2.8495999999999997
1.04,1.3599999999999999,2.9311999999999996
1.08,1.3599999999999999,3.016
1.12,1.3599999999999999,3.104
1.1600000000000001,1.3599999999999999,3.1952
1.2000000000000002,1.3599999999999999,3.2896
1.2400000000000002,1.3599999999999999,3.3872
1.2800000000000002,1.3599999999999999,3.4880000000000004
1.3200000000000003,1.3599999999999999,3.5920000000000005
1.3599999999999999,1.3599999999999999,3.6991999999999994
1.4,1.3599999999999999,3.8095999999999997
1.44,1.3599999999999999,3.9231999999999996
1.48,1.3599999999999999,4.039999999999999
1.52,1.3599999999999999,4.16
1.56,1.3599999999999999,4.2832
1.6,1.3599999999999999,4.4096
1.6400000000000001,1.3599999999999999,4.5392
1.6800000000000002,1.3599999999999999,4.672000000000001
1.7200000000000002,1.3599999999999999,4.808
1.7600000000000002,1.3599999999999999,4.9472000000000005
1.8000000000000003,1.3599999999999999,5.089600000000001
1.8399999999999999,1.3599999999999999,5.235199999999999
1.88,1.3599999999999999,5.3839999999999995
1.92,1.3599999999999999,5.536
1.96,1.3599999999999999,5.691199999999999
2.0,1.3599999999999999,5.8496
-2.0,1.4,5.96
-1.96,1.4,5.8016
-1.92,1.4,5.6464
-1.88,1.4,5.4944
-1.84,1.4,5.3456
-1.8,1.4,5.2
-1.76,1.4,5.0576
-1.72,1.4,4.918399999999999
-1.68,1.4,4.782399999999999
-1.6400000000000001,1.4,4.6496
-1.6,1.4,4.5200000000000005
-1.56,1.4,4.3936
-1.52,1.4,4.2703999999999995
-1.48,1.4,4.150399999999999
-1.44,1.4,4.0336
-1.4,1.4,3.9199999999999995
-1.3599999999999999,1.4,3.8095999999999997
-1.3199999999999998,1.4,3.702399999999999
-1.28,1.4,3.5984
-1.24,1.4,3.4976
-1.2,1.4,3.3999999999999995
-1.1600000000000001,1.4,3.3056
-1.12,1.4,3.2144
-1.08,1.4,3.1264
-1.04,1.4,3.0416
-1.0,1.4,2.96
-0.96,1.4,2.8815999999999997
-0.9199999999999999,1.4,2.8063999999999996
-0.8799999999999999,1.4,2.7343999999999995
-0.8400000000000001,1.4,2.6656
-0.8,1.4,2.5999999999999996
-0.76,1.4,2.5376
-0.72,1.4,2.4783999999999997
-0.6799999999999999,1.4,2.4223999999999997
-0.6399999999999999,1.4,2.3695999999999997
-0.5999999999999999,1.4,2.3199999999999994
-0.56,1.4,2.2735999999999996
-0.52,1.4,2.2304
-0.48,1.4,2.1904
-0.43999999999999995,1.4,2.1535999999999995
-0.3999999999999999,1.4,2.1199999999999997
-0.3599999999999999,1.4,2.0895999999999995
-0.32000000000000006,1.4,2.0624
-0.28,1.4,2.0383999999999998
-0.24,1.4,2.0176
-0.19999999999999996,1.4,1.9999999999999998
-0.15999999999999992,1.4,1.9855999999999998
-0.11999999999999988,1.4,1.9743999999999997
-0.08000000000000007,1.4,1.9663999999999997
-0.040000000000000036,1.4,1.9615999999999998
0.0,1.4,1.9599999999999997
0.040000000000000036,1.4,1.9615999999999998
0.08000000000000007,1.4,1.9663999999999997
0.1200000000000001,1.4,1.9743999999999997
0.16000000000000014,1.4,1.9855999999999998
0.20000000000000018,1.4,1.9999999999999998
0.2400000000000002,1.4,2.0176
0.28000000000000025,1.4,2.0383999999999998
0.31999999999999984,1.4,2.0624
0.3599999999999999,1.4,2.0895999999999995
0.3999999999999999,1.4,2.1199999999999997
0.43999999999999995,1.4,2.1535999999999995
0.48,1.4,2.1904
0.52,1.4,2.2304
0.56,1.4,2.2735999999999996
0.6000000000000001,1.4,2.32
0.6400000000000001,1.4,2.3696
0.6800000000000002,1.4,2.4224
0.7200000000000002,1.4,2.4784
0.7600000000000002,1.4,2.5376000000000003
0.8000000000000003,1.4,2.6
0.8399999999999999,1.4,2.6655999999999995
0.8799999999999999,1.4,2.7343999999999995
0.9199999999999999,1.4,2.8063999999999996
0.96,1.4,2.8815999999999997
1.0,1.4,2.96
1.04,1.4,3.0416
1.08,1.4,3.1264
1.12,1.4,3.2144
1.1600000000000001,1.4,3.3056
1.2000000000000002,1.4,3.4000000000000004
1.2400000000000002,1.4,3.4976000000000003
1.2800000000000002,1.4,3.5984000000000007
1.3200000000000003,1.4,3.702400000000001
1.3599999999999999,1.4,3.8095999999999997
1.4,1.4,3.9199999999999995
1.44,1.4,4.0336
1.48,1.4,4.150399999999999
1.52,1.4,4.2703999999999995
1.56,1.4,4.3936
1.6,1.4,4.5200000000000005
1.6400000000000001,1.4,4.6496
1.6800000000000002,1.4,4.7824
1.7200000000000002,1.4,4.9184
1.7600000000000002,1.4,5.057600000000001
1.8000000000000003,1.4,5.200000000000001
1.8399999999999999,1.4,5.345599999999999
1.88,1.4,5.4944
1.92,1.4,5.6464
1.96,1.4,5.8016
2.0,1.4,5.96
-2.0,1.44,6.0736
-1.96,1.44,5.9152
-1.92,1.44,5.76
-1.88,1.44,5.608
-1.84,1.44,5.4592
-1.8,1.44,5.3136
-1.76,1.44,5.1712
-1.72,1.44,5.032
-1.68,1.44,4.895999999999999
-1.6400000000000001,1.44,4.7632
-1.6,1.44,4.6336
-1.56,1.44,4.5072
-1.52,1.44,4.384
-1.48,1.44,4.263999999999999
-1.44,1.44,4.1472
-1.4,1.44,4.0336
-1.3599999999999999,1.44,3.9231999999999996
-1.3199999999999998,1.44,3.8159999999999994
-1.28,1.44,3.7119999999999997
-1.24,1.44,3.6112
-1.2,1.44,3.5136
-1.1600000000000001,1.44,3.4192
-1.12,1.44,3.3280000000000003
-1.08,1.44,3.24
-1.04,1.44,3.1552
-1.0,1.44,3.0736
-0.96,1.44,2.9951999999999996
-0.9199999999999999,1.44,2.92
-0.8799999999999999,1.44,2.848
-0.8400000000000001,1.44,2.7792
-0.8,1.44,2.7136
-0.76,1.44,2.6512
-0.72,1.44,2.5919999999999996
-0.6799999999999999,1.44,2.5359999999999996
-0.6399999999999999,1.44,2.4831999999999996
-0.5999999999999999,1.44,2.4335999999999998
-0.56,1.44,2.3872
-0.52,1.44,2.344
-0.48,1.44,2.304
-0.43999999999999995,1.44,2.2672
-0.3999999999999999,1.44,2.2336
-0.3599999999999999,1.44,2.2032
-0.32000000000000006,1.44,2.176
-0.28,1.44,2.1519999999999997
-0.24,1.44,2.1311999999999998
-0.19999999999999996,1.44,2.1136
-0.15999999999999992,1.44,2.0991999999999997
-0.11999999999999988,1.44,2.088
-0.08000000000000007,1.44,2.08
-0.040000000000000036,1.44,2.0751999999999997
0.0,1.44,2.0736
0.040000000000000036,1.44,2.0751999999999997
0.08000000000000007,1.44,2.08
0.1200000000000001,1.44,2.088
0.16000000000000014,1.44,2.0991999999999997
0.20000000000000018,1.44,2.1136
0.2400000000000002,1.44,2.1312
0.28000000000000025,1.44,2.152
0.31999999999999984,1.44,2.1759999999999997
0.3599999999999999,1.44,2.2032
0.3999999999999999,1.44,2.2336
0.43999999999999995,1.44,2.2672
0.48,1.44,2.304
0.52,1.44,2.344
0.56,1.44,2.3872
0.6000000000000001,1.44,2.4336
0.6400000000000001,1.44,2.4832
0.6800000000000002,1.44,2.536
0.7200000000000002,1.44,2.592
0.7600000000000002,1.44,2.6512000000000002
0.8000000000000003,1.44,2.7136000000000005
0.8399999999999999,1.44,2.7791999999999994
0.8799999999999999,1.44,2.848
0.9199999999999999,1.44,2.92
0.96,1.44,2.9951999999999996
1.0,1.44,3.0736
1.04,1.44,3.1552
1.08,1.44,3.24
1.12,1.44,3.3280000000000003
1.1600000000000001,1.44,3.4192
1.2000000000000002,1.44,3.5136000000000003
1.2400000000000002,1.44,3.6112
1.2800000000000002,1.44,3.7120000000000006
1.3200000000000003,1.44,3.8160000000000007
1.3599999999999999,1.44,3.9231999999999996
1.4,1.44,4.0336
1.44,1.44,4.1472
1.48,1.44,4.263999999999999
1.52,1.44,4.384
1.56,1.44,4.5072
1.6,1.44,4.6336
1.6400000000000001,1.44,4.7632
1.6800000000000002,1.44,4.896000000000001
1.7200000000000002,1.44,5.032
1.7600000000000002,1.44,5.171200000000001
1.8000000000000003,1.44,5.313600000000001
1.8399999999999999,1.44,5.459199999999999
1.88,1.44,5.608
1.92,1.44,5.76
1.96,1.44,5.9152
2.0,1.44,6.0736
-2.0,1.48,6.1904
-1.96,1.48,6.032
-1.92,1.48,5.876799999999999
-1.88,1.48,5.7248
-1.84,1.48,5.5760000000000005
-1.8,1.48,5.430400000000001
-1.76,1.48,5.288
-1.72,1.48,5.1488
-1.68,1.48,5.0127999999999995
-1.6400000000000001,1.48,4.880000000000001
-1.6,1.48,4.750400000000001
-1.56,1.48,4.6240000000000006
-1.52,1.48,4.5008
-1.48,1.48,4.3808
-1.44,1.48,4.263999999999999
-1.4,1.48,4.150399999999999
-1.3599999999999999,1.48,4.039999999999999
-1.3199999999999998,1.48,3.9327999999999994
-1.28,1.48,3.8288
-1.24,1.48,3.7279999999999998
-1.2,1.48,3.6304
-1.1600000000000001,1.48,3.5360000000000005
-1.12,1.48,3.4448
-1.08,1.48,3.3568
-1.04,1.48,3.2720000000000002
-1.0,1.48,3.1904
-0.96,1.48,3.112
-0.9199999999999999,1.48,3.0367999999999995
-0.8799999999999999,1.48,2.9648
-0.8400000000000001,1.48,2.896
-0.8,1.48,2.8304
-0.76,1.48,2.768
-0.72,1.48,2.7088
-0.6799999999999999,1.48,2.6528
-0.6399999999999999,1.48,2.5999999999999996
-0.5999999999999999,1.48,2.5504
-0.56,1.48,2.504
-0.52,1.48,2.4608
-0.48,1.48,2.4208
-0.43999999999999995,1.48,2.384
-0.3999999999999999,1.48,2.3503999999999996
-0.3599999999999999,1.48,2.32
-0.32000000000000006,1.48,2.2927999999999997
-0.28,1.48,2.2687999999999997
-0.24,1.48,2.2479999999999998
-0.19999999999999996,1.48,2.2304
-0.15999999999999992,1.48,2.2159999999999997
-0.11999999999999988,1.48,2.2048
-0.08000000000000007,1.48,2.1968
-0.040000000000000036,1.48,2.1919999999999997
0.0,1.48,2.1904
0.040000000000000036,1.48,2.1919999999999997
0.08000000000000007,1.48,2.1968
0.1200000000000001,1.48,2.2048
0.16000000000000014,1.48,2.2159999999999997
0.20000000000000018,1.48,2.2304
0.2400000000000002,1.48,2.248
0.28000000000000025,1.48,2.2688
0.31999999999999984,1.48,2.2927999999999997
0.3599999999999999,1.48,2.32
0.3999999999999999,1.48,2.3503999999999996
0.43999999999999995,1.48,2.384
0.48,1.48,2.4208
0.52,1.48,2.4608
0.56,1.48,2.504
0.6000000000000001,1.48,2.5504
0.6400000000000001,1.48,2.6
0.6800000000000002,1.48,2.6528
0.7200000000000002,1.48,2.7088
0.7600000000000002,1.48,2.7680000000000002
0.8000000000000003,1.48,2.8304000000000005
0.8399999999999999,1.48,2.896
0.8799999999999999,1.48,2.9648
0.9199999999999999,1.48,3.0367999999999995
0.96,1.48,3.112
1.0,1.48,3.1904
1.04,1.48,3.2720000000000002
1.08,1.48,3.3568
1.12,1.48,3.4448
1.1600000000000001,1.48,3.5360000000000005
1.2000000000000002,1.48,3.6304000000000003
1.2400000000000002,1.48,3.7280000000000006
1.2800000000000002,1.48,3.8288000000000006
1.3200000000000003,1.48,3.9328000000000007
1.3599999999999999,1.48,4.039999999999999
1.4,1.48,4.150399999999999
1.44,1.48,4.263999999999999
1.48,1.48,4.3808
1.52,1.48,4.5008
1.56,1.48,4.6240000000000006
1.6,1.48,4.750400000000001
1.6400000000000001,1.48,4.880000000000001
1.6800000000000002,1.48,5.0128
1.7200000000000002,1.48,5.1488000000000005
1.7600000000000002,1.48,5.288
1.8000000000000003,1.48,5.430400000000001
1.8399999999999999,1.48,5.575999999999999
1.88,1.48,5.7248
1.92,1.48,5.876799999999999
1.96,1.48,6.032
2.0,1.48,6.1904
-2.0,1.52,6.3104
-1.96,1.52,6.151999999999999
-1.92,1.52,5.9968
-1.88,1.52,5.844799999999999
-1.84,1.52,5.696
-1.8,1.52,5.5504
-1.76,1.52,5.4079999999999995
-1.72,1.52,5.2688
-1.68,1.52,5.1328
-1.6400000000000001,1.52,5.0
-1.6,1.52,4.8704
-1.56,1.52,4.744
-1.52,1.52,4.6208
-1.48,1.52,4.5008
-1.44,1.52,4.384
-1.4,1.52,4.2703999999999995
-1.3599999999999999,1.52,4.16
-1.3199999999999998,1.52,4.0527999999999995
-1.28,1.52,3.9488000000000003
-1.24,1.52,3.848
-1.2,1.52,3.7504
-1.1600000000000001,1.52,3.6560000000000006
-1.12,1.52,3.5648
-1.08,1.52,3.4768
-1.04,1.52,3.3920000000000003
-1.0,1.52,3.3104
-0.96,1.52,3.232
-0.9199999999999999,1.52,3.1567999999999996
-0.8799999999999999,1.52,3.0848
-0.8400000000000001,1.52,3.016
-0.8,1.52,2.9504
-0.76,1.52,2.888
-0.72,1.52,2.8288
-0.6799999999999999,1.52,2.7728
-0.6399999999999999,1.52,2.7199999999999998
-0.5999999999999999,1.52,2.6704
-0.56,1.52,2.624
-0.52,1.52,2.5808
-0.48,1.52,2.5408
-0.43999999999999995,1.52,2.504
-0.3999999999999999,1.52,2.4703999999999997
-0.3599999999999999,1.52,2.44
-0.32000000000000006,1.52,2.4128
-0.28,1.52,2.3888
-0.24,1.52,2.368
-0.19999999999999996,1.52,2.3504
-0.15999999999999992,1.52,2.336
-0.11999999999999988,1.52,2.3248
-0.08000000000000007,1.52,2.3168
-0.040000000000000036,1.52,2.312
0.0,1.52,2.3104
0.040000000000000036,1.52,2.312
0.08000000000000007,1.52,2.3168
0.1200000000000001,1.52,2.3248
0.16000000000000014,1.52,2.336
0.20000000000000018,1.52,2.3504
0.2400000000000002,1.52,2.3680000000000003
0.28000000000000025,1.52,2.3888000000000003
0.31999999999999984,1.52,2.4128
0.3599999999999999,1.52,2.44
0.3999999999999999,1.52,2.4703999999999997
0.43999999999999995,1.52,2.504
0.48,1.52,2.5408
0.52,1.52,2.5808
0.56,1.52,2.624
0.6000000000000001,1.52,2.6704
0.6400000000000001,1.52,2.72
0.6800000000000002,1.52,2.7728
0.7200000000000002,1.52,2.8288
0.7600000000000002,1.52,2.8880000000000003
0.8000000000000003,1.52,2.9504000000000006
0.8399999999999999,1.52,3.016
0.8799999999999999,1.52,3.0848
0.9199999999999999,1.52,3.1567999999999996
0.96,1.52,3.232
1.0,1.52,3.3104
1.04,1.52,3.3920000000000003
1.08,1.52,3.4768
1.12,1.52,3.5648
1.1600000000000001,1.52,3.6560000000000006
1.2000000000000002,1.52,3.7504000000000004
1.2400000000000002,1.52,3.8480000000000008
1.2800000000000002,1.52,3.9488000000000008
1.3200000000000003,1.52,4.052800000000001
1.3599999999999999,1.52,4.16
1.4,1.52,4.2703999999999995
1.44,1.52,4.384
1.48,1.52,4.5008
1.52,1.52,4.6208
1.56,1.52,4.744
1.6,1.52,4.8704
1.6400000000000001,1.52,5.0
1.6800000000000002,1.52,5.1328000000000005
1.7200000000000002,1.52,5.268800000000001
1.7600000000000002,1.52,5.408000000000001
1.8000000000000003,1.52,5.5504000000000016
1.8399999999999999,1.52,5.696
1.88,1.52,5.844799999999999
1.92,1.52,5.9968
1.96,1.52,6.151999999999999
2.0,1.52,6.3104
-2.0,1.56,6.4336
-1.96,1.56,6.2752
-1.92,1.56,6.12
-1.88,1.56,5.968
-1.84,1.56,5.8192
-1.8,1.56,5.6736
-1.76,1.56,5.5312
-1.72,1.56,5.3919999999999995
-1.68,1.56,5.256
-1.6400000000000001,1.56,5.123200000000001
-1.6,1.56,4.993600000000001
-1.56,1.56,4.8672
-1.52,1.56,4.744
-1.48,1.56,4.6240000000000006
-1.44,1.56,4.5072
-1.4,1.56,4.3936
-1.3599999999999999,1.56,4.2832
-1.3199999999999998,1.56,4.176
-1.28,1.56,4.072
-1.24,1.56,3.9712000000000005
-1.2,1.56,3.8736
-1.1600000000000001,1.56,3.7792000000000003
-1.12,1.56,3.6880000000000006
-1.08,1.56,3.6000000000000005
-1.04,1.56,3.5152
-1.0,1.56,3.4336
-0.96,1.56,3.3552
-0.9199999999999999,1.56,3.2800000000000002
-0.8799999999999999,1.56,3.208
-0.8400000000000001,1.56,3.1392
-0.8,1.56,3.0736000000000003
-0.76,1.56,3.0112
-0.72,1.56,2.952
-0.6799999999999999,1.56,2.896
-0.6399999999999999,1.56,2.8432
-0.5999999999999999,1.56,2.7936
-0.56,1.56,2.7472000000000003
-0.52,1.56,2.704
-0.48,1.56,2.664
-0.43999999999999995,1.56,2.6272
-0.3999999999999999,1.56,2.5936000000000003
-0.3599999999999999,1.56,2.5632
-0.32000000000000006,1.56,2.5360000000000005
-0.28,1.56,2.512
-0.24,1.56,2.4912
-0.19999999999999996,1.56,2.4736000000000002
-0.15999999999999992,1.56,2.4592
-0.11999999999999988,1.56,2.4480000000000004
-0.08000000000000007,1.56,2.4400000000000004
-0.040000000000000036,1.56,2.4352
0.0,1.56,2.4336
0.040000000000000036,1.56,2.4352
0.08000000000000007,1.56,2.4400000000000004
0.1200000000000001,1.56,2.4480000000000004
0.16000000000000014,1.56,2.4592
0.20000000000000018,1.56,2.4736000000000002
0.2400000000000002,1.56,2.4912000000000005
0.28000000000000025,1.56,2.5120000000000005
0.31999999999999984,1.56,2.536
0.3599999999999999,1.56,2.5632
0.3999999999999999,1.56,2.5936000000000003
0.43999999999999995,1.56,2.6272
0.48,1.56,2.664
0.52,1.56,2.704
0.56,1.56,2.7472000000000003
0.6000000000000001,1.56,2.7936000000000005
0.6400000000000001,1.56,2.8432000000000004
0.6800000000000002,1.56,2.8960000000000004
0.7200000000000002,1.56,2.9520000000000004
0.7600000000000002,1.56,3.0112000000000005
0.8000000000000003,1.56,3.0736000000000008
0.8399999999999999,1.56,3.1391999999999998
0.8799999999999999,1.56,3.208
0.9199999999999999,1.56,3.2800000000000002
0.96,1.56,3.3552
1.0,1.56,3.4336
1.04,1.56,3.5152
1.08,1.56,3.6000000000000005
1.12,1.56,3.6880000000000006
1.1600000000000001,1.56,3.7792000000000003
1.2000000000000002,1.56,3.8736000000000006
1.2400000000000002,1.56,3.9712000000000005
1.2800000000000002,1.56,4.072000000000001
1.3200000000000003,1.56,4.176000000000001
1.3599999999999999,1.56,4.2832
1.4,1.56,4.3936
1.44,1.56,4.5072
1.48,1.56,4.6240000000000006
1.52,1.56,4.744
1.56,1.56,4.8672
1.6,1.56,4.993600000000001
1.6400000000000001,1.56,5.123200000000001
1.6800000000000002,1.56,5.256
1.7200000000000002,1.56,5.392000000000001
1.7600000000000002,1.56,5.531200000000001
1.8000000000000003,1.56,5.673600000000001
1.8399999999999999,1.56,5.8191999999999995
1.88,1.56,5.968
1.92,1.56,6.12
1.96,1.56,6.2752
2.0,1.56,6.4336
-2.0,1.6,6.5600000000000005
-1.96,1.6,6.4016
-1.92,1.6,6.2464
-1.88,1.6,6.0944
-1.84,1.6,5.945600000000001
-1.8,1.6,5.800000000000001
-1.76,1.6,5.6576
-1.72,1.6,5.5184
-1.68,1.6,5.3824000000000005
-1.6400000000000001,1.6,5.249600000000001
-1.6,1.6,5.120000000000001
-1.56,1.6,4.993600000000001
-1.52,1.6,4.8704
-1.48,1.6,4.750400000000001
-1.44,1.6,4.6336
-1.4,1.6,4.5200000000000005
-1.3599999999999999,1.6,4.4096
-1.3199999999999998,1.6,4.3024000000000004
-1.28,1.6,4.1984
-1.24,1.6,4.097600000000001
-1.2,1.6,4.0
-1.1600000000000001,1.6,3.9056000000000006
-1.12,1.6,3.814400000000001
-1.08,1.6,3.726400000000001
-1.04,1.6,3.6416000000000004
-1.0,1.6,3.5600000000000005
-0.96,1.6,3.4816000000000003
-0.9199999999999999,1.6,3.4064000000000005
-0.8799999999999999,1.6,3.3344000000000005
-0.8400000000000001,1.6,3.2656000000000005
-0.8,1.6,3.2000000000000006
-0.76,1.6,3.1376000000000004
-0.72,1.6,3.0784000000000002
-0.6799999999999999,1.6,3.0224
-0.6399999999999999,1.6,2.9696000000000002
-0.5999999999999999,1.6,2.9200000000000004
-0.56,1.6,2.8736000000000006
-0.52,1.6,2.8304000000000005
-0.48,1.6,2.7904000000000004
-0.43999999999999995,1.6,2.7536000000000005
-0.3999999999999999,1.6,2.7200000000000006
-0.3599999999999999,1.6,2.6896000000000004
-0.32000000000000006,1.6,2.6624000000000008
-0.28,1.6,2.6384000000000003
-0.24,1.6,2.6176000000000004
-0.19999999999999996,1.6,2.6000000000000005
-0.15999999999999992,1.6,2.5856000000000003
-0.11999999999999988,1.6,2.5744000000000007
-0.08000000000000007,1.6,2.5664000000000007
-0.040000000000000036,1.6,2.5616000000000003
0.0,1.6,2.5600000000000005
0.040000000000000036,1.6,2.5616000000000003
0.08000000000000007,1.6,2.5664000000000007
0.1200000000000001,1.6,2.5744000000000007
0.16000000000000014,1.6,2.5856000000000003
0.20000000000000018,1.6,2.6000000000000005
0.2400000000000002,1.6,2.617600000000001
0.28000000000000025,1.6,2.6384000000000007
0.31999999999999984,1.6,2.6624000000000003
0.3599999999999999,1.6,2.6896000000000004
0.3999999999999999,1.6,2.7200000000000006
0.43999999999999995,1.6,2.7536000000000005
0.48,1.6,2.7904000000000004
0.52,1.6,2.8304000000000005
0.56,1.6,2.8736000000000006
0.6000000000000001,1.6,2.920000000000001
0.6400000000000001,1.6,2.9696000000000007
0.6800000000000002,1.6,3.0224000000000006
0.7200000000000002,1.6,3.0784000000000007
0.7600000000000002,1.6,3.137600000000001
0.8000000000000003,1.6,3.200000000000001
0.8399999999999999,1.6,3.2656
0.8799999999999999,1.6,3.3344000000000005
0.9199999999999999,1.6,3.4064000000000005
0.96,1.6,3.4816000000000003
1.0,1.6,3.5600000000000005
1.04,1.6,3.6416000000000004
1.08,1.6,3.726400000000001
1.12,1.6,3.814400000000001
1.1600000000000001,1.6,3.9056000000000006
1.2000000000000002,1.6,4.000000000000001
1.2400000000000002,1.6,4.097600000000001
1.2800000000000002,1.6,4.198400000000001
1.3200000000000003,1.6,4.302400000000001
1.3599999999999999,1.6,4.4096
1.4,1.6,4.5200000000000005
1.44,1.6,4.6336
1.48,1.6,4.750400000000001
1.52,1.6,4.8704
1.56,1.6,4.993600000000001
1.6,1.6,5.120000000000001
1.6400000000000001,1.6,5.249600000000001
1.6800000000000002,1.6,5.3824000000000005
1.7200000000000002,1.6,5.5184000000000015
1.7600000000000002,1.6,5.657600000000001
1.8000000000000003,1.6,5.800000000000002
1.8399999999999999,1.6,5.9456
1.88,1.6,6.0944
1.92,1.6,6.2464
1.96,1.6,6.4016
2.0,1.6,6.5600000000000005
-2.0,1.6400000000000001,6.6896
-1.96,1.6400000000000001,6.5312
-1.92,1.6400000000000001,6.376
-1.88,1.6400000000000001,6.224
-1.84,1.6400000000000001,6.075200000000001
-1.8,1.6400000000000001,5.929600000000001
-1.76,1.6400000000000001,5.7872
-1.72,1.6400000000000001,5.648
-1.68,1.6400000000000001,5.5120000000000005
-1.6400000000000001,1.6400000000000001,5.379200000000001
-1.6,1.6400000000000001,5.249600000000001
-1.56,1.6400000000000001,5.123200000000001
-1.52,1.6400000000000001,5.0
-1.48,1.6400000000000001,4.880000000000001
-1.44,1.6400000000000001,4.7632
-1.4,1.6400000000000001,4.6496
-1.3599999999999999,1.6400000000000001,4.5392
-1.3199999999999998,1.6400000000000001,4.432
-1.28,1.6400000000000001,4.328
-1.24,1.6400000000000001,4.227200000000001
-1.2,1.6400000000000001,4.1296
-1.1600000000000001,1.6400000000000001,4.035200000000001
-1.12,1.6400000000000001,3.944000000000001
-1.08,1.6400000000000001,3.8560000000000008
-1.04,1.6400000000000001,3.7712000000000003
-1.0,1.6400000000000001,3.6896000000000004
-0.96,1.6400000000000001,3.6112
-0.9199999999999999,1.6400000000000001,3.5360000000000005
-0.8799999999999999,1.6400000000000001,3.4640000000000004
-0.8400000000000001,1.6400000000000001,3.3952000000000004
-0.8,1.6400000000000001,3.3296000000000006
-0.76,1.6400000000000001,3.2672000000000003
-0.72,1.6400000000000001,3.208
-0.6799999999999999,1.6400000000000001,3.152
-0.6399999999999999,1.6400000000000001,3.0992
-0.5999999999999999,1.6400000000000001,3.0496000000000003
-0.56,1.6400000000000001,3.0032000000000005
-0.52,1.6400000000000001,2.9600000000000004
-0.48,1.6400000000000001,2.9200000000000004
-0.43999999999999995,1.6400000000000001,2.8832000000000004
-0.3999999999999999,1.6400000000000001,2.8496000000000006
-0.3599999999999999,1.6400000000000001,2.8192000000000004
-0.32000000000000006,1.6400000000000001,2.7920000000000007
-0.28,1.6400000000000001,2.7680000000000002
-0.24,1.6400000000000001,2.7472000000000003
-0.19999999999999996,1.6400000000000001,2.7296000000000005
-0.15999999999999992,1.6400000000000001,2.7152000000000003
-0.11999999999999988,1.6400000000000001,2.7040000000000006
-0.08000000000000007,1.6400000000000001,2.6960000000000006
-0.040000000000000036,1.6400000000000001,2.6912000000000003
0.0,1.6400000000000001,2.6896000000000004
0.040000000000000036,1.6400000000000001,2.6912000000000003
0.08000000000000007,1.6400000000000001,2.6960000000000006
0.1200000000000001,1.6400000000000001,2.7040000000000006
0.16000000000000014,1.6400000000000001,2.7152000000000003
0.20000000000000018,1.6400000000000001,2.7296000000000005
0.2400000000000002,1.6400000000000001,2.7472000000000008
0.28000000000000025,1.6400000000000001,2.7680000000000007
0.31999999999999984,1.6400000000000001,2.7920000000000003
0.3599999999999999,1.6400000000000001,2.8192000000000004
0.3999999999999999,1.6400000000000001,2.8496000000000006
0.43999999999999995,1.6400000000000001,2.8832000000000004
0.48,1.6400000000000001,2.9200000000000004
0.52,1.6400000000000001,2.9600000000000004
0.56,1.6400000000000001,3.0032000000000005
0.6000000000000001,1.6400000000000001,3.0496000000000008
0.6400000000000001,1.6400000000000001,3.0992000000000006
0.6800000000000002,1.6400000000000001,3.1520000000000006
0.7200000000000002,1.6400000000000001,3.2080000000000006
0.7600000000000002,1.6400000000000001,3.2672000000000008
0.8000000000000003,1.6400000000000001,3.329600000000001
0.8399999999999999,1.6400000000000001,3.3952
0.8799999999999999,1.6400000000000001,3.4640000000000004
0.9199999999999999,1.6400000000000001,3.5360000000000005
0.96,1.6400000000000001,3.6112
1.0,1.6400000000000001,3.6896000000000004
1.04,1.6400000000000001,3.7712000000000003
1.08,1.6400000000000001,3.8560000000000008
1.12,1.6400000000000001,3.944000000000001
1.1600000000000001,1.6400000000000001,4.035200000000001
1.2000000000000002,1.6400000000000001,4.129600000000001
1.2400000000000002,1.6400000000000001,4.227200000000001
1.2800000000000002,1.6400000000000001,4.328000000000001
1.3200000000000003,1.6400000000000001,4.432000000000001
1.3599999999999999,1.6400000000000001,4.5392
1.4,1.6400000000000001,4.6496
1.44,1.6400000000000001,4.7632
1.48,1.6400000000000001,4.880000000000001
1.52,1.6400000000000001,5.0
1.56,1.6400000000000001,5.123200000000001
1.6,1.6400000000000001,5.249600000000001
1.6400000000000001,1.6400000000000001,5.379200000000001
1.6800000000000002,1.6400000000000001,5.5120000000000005
1.7200000000000002,1.6400000000000001,5.6480000000000015
1.7600000000000002,1.6400000000000001,5.787200000000001
1.8000000000000003,1.6400000000000001,5.9296000000000015
1.8399999999999999,1.6400000000000001,6.0752
1.88,1.6400000000000001,6.224
1.92,1.6400000000000001,6.376
1.96,1.6400000000000001,6.5312
2.0,1.6400000000000001,6.6896
-2.0,1.6800000000000002,6.8224
-1.96,1.6800000000000002,6.664
-1.92,1.6800000000000002,6.508800000000001
-1.88,1.6800000000000002,6.3568
-1.84,1.6800000000000002,6.208
-1.8,1.6800000000000002,6.0624
-1.76,1.6800000000000002,5.92
-1.72,1.6800000000000002,5.7808
-1.68,1.6800000000000002,5.6448
-1.6400000000000001,1.6800000000000002,5.5120000000000005
-1.6,1.6800000000000002,5.3824000000000005
-1.56,1.6800000000000002,5.256
-1.52,1.6800000000000002,5.1328000000000005
-1.48,1.6800000000000002,5.0128
-1.44,1.6800000000000002,4.896000000000001
-1.4,1.6800000000000002,4.7824
-1.3599999999999999,1.6800000000000002,4.672000000000001
-1.3199999999999998,1.6800000000000002,4.5648
-1.28,1.6800000000000002,4.460800000000001
-1.24,1.6800000000000002,4.36
-1.2,1.6800000000000002,4.2624
-1.1600000000000001,1.6800000000000002,4.168000000000001
-1.12,1.6800000000000002,4.0768
-1.08,1.6800000000000002,3.9888000000000003
-1.04,1.6800000000000002,3.904000000000001
-1.0,1.6800000000000002,3.8224000000000005
-0.96,1.6800000000000002,3.7440000000000007
-0.9199999999999999,1.6800000000000002,3.6688
-0.8799999999999999,1.6800000000000002,3.5968000000000004
-0.8400000000000001,1.6800000000000002,3.5280000000000005
-0.8,1.6800000000000002,3.4624000000000006
-0.76,1.6800000000000002,3.4000000000000004
-0.72,1.6800000000000002,3.3408000000000007
-0.6799999999999999,1.6800000000000002,3.2848000000000006
-0.6399999999999999,1.6800000000000002,3.232
-0.5999999999999999,1.6800000000000002,3.1824000000000003
-0.56,1.6800000000000002,3.1360000000000006
-0.52,1.6800000000000002,3.0928000000000004
-0.48,1.6800000000000002,3.0528000000000004
-0.43999999999999995,1.6800000000000002,3.0160000000000005
-0.3999999999999999,1.6800000000000002,2.9824
-0.3599999999999999,1.6800000000000002,2.9520000000000004
-0.32000000000000006,1.6800000000000002,2.9248000000000003
-0.28,1.6800000000000002,2.9008000000000003
-0.24,1.6800000000000002,2.8800000000000003
-0.19999999999999996,1.6800000000000002,2.8624000000000005
-0.15999999999999992,1.6800000000000002,2.8480000000000003
-0.11999999999999988,1.6800000000000002,2.8368000000000007
-0.08000000000000007,1.6800000000000002,2.8288000000000006
-0.040000000000000036,1.6800000000000002,2.8240000000000003
0.0,1.6800000000000002,2.8224000000000005
0.040000000000000036,1.6800000000000002,2.8240000000000003
0.08000000000000007,1.6800000000000002,2.8288000000000006
0.1200000000000001,1.6800000000000002,2.8368000000000007
0.16000000000000014,1.6800000000000002,2.8480000000000003
0.20000000000000018,1.6800000000000002,2.8624000000000005
0.2400000000000002,1.6800000000000002,2.880000000000001
0.28000000000000025,1.6800000000000002,2.9008000000000007
0.31999999999999984,1.6800000000000002,2.9248000000000003
0.3599999999999999,1.6800000000000002,2.9520000000000004
0.3999999999999999,1.6800000000000002,2.9824
0.43999999999999995,1.6800000000000002,3.0160000000000005
0.48,1.6800000000000002,3.0528000000000004
0.52,1.6800000000000002,3.0928000000000004
0.56,1.6800000000000002,3.1360000000000006
0.6000000000000001,1.6800000000000002,3.1824000000000003
0.6400000000000001,1.6800000000000002,3.2320000000000007
0.6800000000000002,1.6800000000000002,3.2848000000000006
0.7200000000000002,1.6800000000000002,3.3408000000000007
0.7600000000000002,1.6800000000000002,3.400000000000001
0.8000000000000003,1.6800000000000002,3.462400000000001
0.8399999999999999,1.6800000000000002,3.5280000000000005
0.8799999999999999,1.6800000000000002,3.5968000000000004
0.9199999999999999,1.6800000000000002,3.6688
0.96,1.6800000000000002,3.7440000000000007
1.0,1.6800000000000002,3.8224000000000005
1.04,1.6800000000000002,3.904000000000001
1.08,1.6800000000000002,3.9888000000000003
1.12,1.6800000000000002,4.0768
1.1600000000000001,1.6800000000000002,4.168000000000001
1.2000000000000002,1.6800000000000002,4.262400000000001
1.2400000000000002,1.6800000000000002,4.360000000000001
1.2800000000000002,1.6800000000000002,4.460800000000001
1.3200000000000003,1.6800000000000002,4.564800000000002
1.3599999999999999,1.6800000000000002,4.672000000000001
1.4,1.6800000000000002,4.7824
1.44,1.6800000000000002,4.896000000000001
1.48,1.6800000000000002,5.0128
1.52,1.6800000000000002,5.1328000000000005
1.56,1.6800000000000002,5.256
1.6,1.6800000000000002,5.3824000000000005
1.6400000000000001,1.6800000000000002,5.5120000000000005
1.6800000000000002,1.6800000000000002,5.644800000000001
1.7200000000000002,1.6800000000000002,5.780800000000001
1.7600000000000002,1.6800000000000002,5.920000000000002
1.8000000000000003,1.6800000000000002,6.062400000000002
1.8399999999999999,1.6800000000000002,6.208
1.88,1.6800000000000002,6.3568
1.92,1.6800000000000002,6.508800000000001
1.96,1.6800000000000002,6.664
2.0,1.6800000000000002,6.8224
-2.0,1.7200000000000002,6.958400000000001
-1.96,1.7200000000000002,6.800000000000001
-1.92,1.7200000000000002,6.6448
-1.88,1.7200000000000002,6.492800000000001
-1.84,1.7200000000000002,6.344000000000001
-1.8,1.7200000000000002,6.198400000000001
-1.76,1.7200000000000002,6.056000000000001
-1.72,1.7200000000000002,5.9168
-1.68,1.7200000000000002,5.7808
-1.6400000000000001,1.7200000000000002,5.6480000000000015
-1.6,1.7200000000000002,5.5184000000000015
-1.56,1.7200000000000002,5.392000000000001
-1.52,1.7200000000000002,5.268800000000001
-1.48,1.7200000000000002,5.1488000000000005
-1.44,1.7200000000000002,5.032
-1.4,1.7200000000000002,4.9184
-1.3599999999999999,1.7200000000000002,4.808
-1.3199999999999998,1.7200000000000002,4.7008
-1.28,1.7200000000000002,4.596800000000001
-1.24,1.7200000000000002,4.496
-1.2,1.7200000000000002,4.3984000000000005
-1.1600000000000001,1.7200000000000002,4.304000000000001
-1.12,1.7200000000000002,4.2128000000000005
-1.08,1.7200000000000002,4.1248000000000005
-1.04,1.7200000000000002,4.040000000000001
-1.0,1.7200000000000002,3.9584000000000006
-0.96,1.7200000000000002,3.880000000000001
-0.9199999999999999,1.7200000000000002,3.8048
-0.8799999999999999,1.7200000000000002,3.7328000000000006
-0.8400000000000001,1.7200000000000002,3.6640000000000006
-0.8,1.7200000000000002,3.5984000000000007
-0.76,1.7200000000000002,3.5360000000000005
-0.72,1.7200000000000002,3.476800000000001
-0.6799999999999999,1.7200000000000002,3.4208000000000007
-0.6399999999999999,1.7200000000000002,3.3680000000000003
-0.5999999999999999,1.7200000000000002,3.3184000000000005
-0.56,1.7200000000000002,3.2720000000000007
-0.52,1.7200000000000002,3.2288000000000006
-0.48,1.7200000000000002,3.1888000000000005
-0.43999999999999995,1.7200000000000002,3.1520000000000006
-0.3999999999999999,1.7200000000000002,3.1184000000000003
-0.3599999999999999,1.7200000000000002,3.0880000000000005
-0.32000000000000006,1.7200000000000002,3.0608000000000004
-0.28,1.7200000000000002,3.0368000000000004
-0.24,1.7200000000000002,3.0160000000000005
-0.19999999999999996,1.7200000000000002,2.9984000000000006
-0.15999999999999992,1.7200000000000002,2.9840000000000004
-0.11999999999999988,1.7200000000000002,2.9728000000000008
-0.08000000000000007,1.7200000000000002,2.9648000000000008
-0.040000000000000036,1.7200000000000002,2.9600000000000004
0.0,1.7200000000000002,2.9584000000000006
0.040000000000000036,1.7200000000000002,2.9600000000000004
0.08000000000000007,1.7200000000000002,2.9648000000000008
0.1200000000000001,1.7200000000000002,2.9728000000000008
0.16000000000000014,1.7200000000000002,2.9840000000000004
0.20000000000000018,1.7200000000000002,2.9984000000000006
0.2400000000000002,1.7200000000000002,3.016000000000001
0.28000000000000025,1.7200000000000002,3.036800000000001
0.31999999999999984,1.7200000000000002,3.0608000000000004
0.3599999999999999,1.7200000000000002,3.0880000000000005
0.3999999999999999,1.7200000000000002,3.1184000000000003
0.43999999999999995,1.7200000000000002,3.1520000000000006
0.48,1.7200000000000002,3.1888000000000005
0.52,1.7200000000000002,3.2288000000000006
0.56,1.7200000000000002,3.2720000000000007
0.6000000000000001,1.7200000000000002,3.3184000000000005
0.6400000000000001,1.7200000000000002,3.3680000000000008
0.6800000000000002,1.7200000000000002,3.4208000000000007
0.7200000000000002,1.7200000000000002,3.476800000000001
0.7600000000000002,1.7200000000000002,3.536000000000001
0.8000000000000003,1.7200000000000002,3.598400000000001
0.8399999999999999,1.7200000000000002,3.6640000000000006
0.8799999999999999,1.7200000000000002,3.7328000000000006
0.9199999999999999,1.7200000000000002,3.8048
0.96,1.7200000000000002,3.880000000000001
1.0,1.7200000000000002,3.9584000000000006
1.04,1.7200000000000002,4.040000000000001
1.08,1.7200000000000002,4.1248000000000005
1.12,1.7200000000000002,4.2128000000000005
1.1600000000000001,1.7200000000000002,4.304000000000001
1.2000000000000002,1.7200000000000002,4.3984000000000005
1.2400000000000002,1.7200000000000002,4.496000000000001
1.2800000000000002,1.7200000000000002,4.596800000000002
1.3200000000000003,1.7200000000000002,4.700800000000001
1.3599999999999999,1.7200000000000002,4.808
1.4,1.7200000000000002,4.9184
1.44,1.7200000000000002,5.032
1.48,1.7200000000000002,5.1488000000000005
1.52,1.7200000000000002,5.268800000000001
1.56,1.7200000000000002,5.392000000000001
1.6,1.7200000000000002,5.5184000000000015
1.6400000000000001,1.7200000000000002,5.6480000000000015
1.6800000000000002,1.7200000000000002,5.780800000000001
1.7200000000000002,1.7200000000000002,5.916800000000001
1.7600000000000002,1.7200000000000002,6.056000000000001
1.8000000000000003,1.7200000000000002,6.198400000000001
1.8399999999999999,1.7200000000000002,6.343999999999999
1.88,1.7200000000000002,6.492800000000001
1.92,1.7200000000000002,6.6448
1.96,1.7200000000000002,6.800000000000001
2.0,1.7200000000000002,6.958400000000001
-2.0,1.7600000000000002,7.097600000000001
-1.96,1.7600000000000002,6.9392000000000005
-1.92,1.7600000000000002,6.784000000000001
-1.88,1.7600000000000002,6.632000000000001
-1.84,1.7600000000000002,6.483200000000001
-1.8,1.7600000000000002,6.337600000000001
-1.76,1.7600000000000002,6.195200000000001
-1.72,1.7600000000000002,6.056000000000001
-1.68,1.7600000000000002,5.92
-1.6400000000000001,1.7600000000000002,5.787200000000001
-1.6,1.7600000000000002,5.657600000000001
-1.56,1.7600000000000002,5.531200000000001
-1.52,1.7600000000000002,5.408000000000001
-1.48,1.7600000000000002,5.288
-1.44,1.7600000000000002,5.171200000000001
-1.4,1.7600000000000002,5.057600000000001
-1.3599999999999999,1.7600000000000002,4.9472000000000005
-1.3199999999999998,1.7600000000000002,4.84
-1.28,1.7600000000000002,4.736000000000001
-1.24,1.7600000000000002,4.635200000000001
-1.2,1.7600000000000002,4.537600000000001
-1.1600000000000001,1.7600000000000002,4.443200000000001
-1.12,1.7600000000000002,4.352000000000001
-1.08,1.7600000000000002,4.264000000000001
-1.04,1.7600000000000002,4.179200000000001
-1.0,1.7600000000000002,4.097600000000001
-0.96,1.7600000000000002,4.0192000000000005
-0.9199999999999999,1.7600000000000002,3.944000000000001
-0.8799999999999999,1.7600000000000002,3.8720000000000008
-0.8400000000000001,1.7600000000000002,3.803200000000001
-0.8,1.7600000000000002,3.737600000000001
-0.76,1.7600000000000002,3.6752000000000007
-0.72,1.7600000000000002,3.6160000000000005
-0.6799999999999999,1.7600000000000002,3.5600000000000005
-0.6399999999999999,1.7600000000000002,3.5072000000000005
-0.5999999999999999,1.7600000000000002,3.4576000000000007
-0.56,1.7600000000000002,3.411200000000001
-0.52,1.7600000000000002,3.3680000000000008
-0.48,1.7600000000000002,3.3280000000000007
-0.43999999999999995,1.7600000000000002,3.291200000000001
-0.3999999999999999,1.7600000000000002,3.257600000000001
-0.3599999999999999,1.7600000000000002,3.2272000000000007
-0.32000000000000006,1.7600000000000002,3.200000000000001
-0.28,1.7600000000000002,3.1760000000000006
-0.24,1.7600000000000002,3.1552000000000007
-0.19999999999999996,1.7600000000000002,3.137600000000001
-0.15999999999999992,1.7600000000000002,3.1232000000000006
-0.11999999999999988,1.7600000000000002,3.112000000000001
-0.08000000000000007,1.7600000000000002,3.104000000000001
-0.040000000000000036,1.7600000000000002,3.0992000000000006
0.0,1.7600000000000002,3.097600000000001
0.040000000000000036,1.7600000000000002,3.0992000000000006
0.08000000000000007,1.7600000000000002,3.104000000000001
0.1200000000000001,1.7600000000000002,3.112000000000001
0.16000000000000014,1.7600000000000002,3.1232000000000006
0.20000000000000018,1.7600000000000002,3.137600000000001
0.2400000000000002,1.7600000000000002,3.155200000000001
0.28000000000000025,1.7600000000000002,3.176000000000001
0.31999999999999984,1.7600000000000002,3.2000000000000006
0.3599999999999999,1.7600000000000002,3.2272000000000007
0.3999999999999999,1.7600000000000002,3.257600000000001
0.43999999999999995,1.7600000000000002,3.291200000000001
0.48,1.7600000000000002,3.3280000000000007
0.52,1.7600000000000002,3.3680000000000008
0.56,1.7600000000000002,3.411200000000001
0.6000000000000001,1.7600000000000002,3.457600000000001
0.6400000000000001,1.7600000000000002,3.507200000000001
0.6800000000000002,1.7600000000000002,3.560000000000001
0.7200000000000002,1.7600000000000002,3.616000000000001
0.7600000000000002,1.7600000000000002,3.675200000000001
0.8000000000000003,1.7600000000000002,3.7376000000000014
0.8399999999999999,1.7600000000000002,3.8032000000000004
0.8799999999999999,1.7600000000000002,3.8720000000000008
0.9199999999999999,1.7600000000000002,3.944000000000001
0.96,1.7600000000000002,4.0192000000000005
1.0,1.7600000000000002,4.097600000000001
1.04,1.7600000000000002,4.179200000000001
1.08,1.7600000000000002,4.264000000000001
1.12,1.7600000000000002,4.352000000000001
1.1600000000000001,1.7600000000000002,4.443200000000001
1.2000000000000002,1.7600000000000002,4.537600000000001
1.2400000000000002,1.7600000000000002,4.635200000000001
1.2800000000000002,1.7600000000000002,4.7360000000000015
1.3200000000000003,1.7600000000000002,4.840000000000002
1.3599999999999999,1.7600000000000002,4.9472000000000005
1.4,1.7600000000000002,5.057600000000001
1.44,1.7600000000000002,5.171200000000001
1.48,1.7600000000000002,5.288
1.52,1.7600000000000002,5.408000000000001
1.56,1.7600000000000002,5.531200000000001
1.6,1.7600000000000002,5.657600000000001
1.6400000000000001,1.7600000000000002,5.787200000000001
1.6800000000000002,1.7600000000000002,5.920000000000002
1.7200000000000002,1.7600000000000002,6.056000000000001
1.7600000000000002,1.7600000000000002,6.195200000000002
1.8000000000000003,1.7600000000000002,6.337600000000002
1.8399999999999999,1.7600000000000002,6.4832
1.88,1.7600000000000002,6.632000000000001
1.92,1.7600000000000002,6.784000000000001
1.96,1.7600000000000002,6.9392000000000005
2.0,1.7600000000000002,7.097600000000001
-2.0,1.8000000000000003,7.240000000000001
-1.96,1.8000000000000003,7.081600000000001
-1.92,1.8000000000000003,6.926400000000001
-1.88,1.8000000000000003,6.774400000000001
-1.84,1.8000000000000003,6.625600000000001
-1.8,1.8000000000000003,6.480000000000001
-1.76,1.8000000000000003,6.337600000000001
-1.72,1.8000000000000003,6.198400000000001
-1.68,1.8000000000000003,6.0624
-1.6400000000000001,1.8000000000000003,5.9296000000000015
-1.6,1.8000000000000003,5.800000000000002
-1.56,1.8000000000000003,5.673600000000001
-1.52,1.8000000000000003,5.5504000000000016
-1.48,1.8000000000000003,5.430400000000001
-1.44,1.8000000000000003,5.313600000000001
-1.4,1.8000000000000003,5.200000000000001
-1.3599999999999999,1.8000000000000003,5.089600000000001
-1.3199999999999998,1.8000000000000003,4.9824
-1.28,1.8000000000000003,4.878400000000001
-1.24,1.8000000000000003,4.777600000000001
-1.2,1.8000000000000003,4.6800000000000015
-1.1600000000000001,1.8000000000000003,4.585600000000001
-1.12,1.8000000000000003,4.4944000000000015
-1.08,1.8000000000000003,4.406400000000001
-1.04,1.8000000000000003,4.321600000000001
-1.0,1.8000000000000003,4.240000000000001
-0.96,1.8000000000000003,4.161600000000001
-0.9199999999999999,1.8000000000000003,4.086400000000001
-0.8799999999999999,1.8000000000000003,4.014400000000001
-0.8400000000000001,1.8000000000000003,3.945600000000001
-0.8,1.8000000000000003,3.8800000000000012
-0.76,1.8000000000000003,3.817600000000001
-0.72,1.8000000000000003,3.758400000000001
-0.6799999999999999,1.8000000000000003,3.702400000000001
-0.6399999999999999,1.8000000000000003,3.649600000000001
-0.5999999999999999,1.8000000000000003,3.600000000000001
-0.56,1.8000000000000003,3.553600000000001
-0.52,1.8000000000000003,3.510400000000001
-0.48,1.8000000000000003,3.470400000000001
-0.43999999999999995,1.8000000000000003,3.433600000000001
-0.3999999999999999,1.8000000000000003,3.4000000000000012
-0.3599999999999999,1.8000000000000003,3.369600000000001
-0.32000000000000006,1.8000000000000003,3.3424000000000014
-0.28,1.8000000000000003,3.318400000000001
-0.24,1.8000000000000003,3.297600000000001
-0.19999999999999996,1.8000000000000003,3.280000000000001
-0.15999999999999992,1.8000000000000003,3.265600000000001
-0.11999999999999988,1.8000000000000003,3.2544000000000013
-0.08000000000000007,1.8000000000000003,3.2464000000000013
-0.040000000000000036,1.8000000000000003,3.241600000000001
0.0,1.8000000000000003,3.240000000000001
0.040000000000000036,1.8000000000000003,3.241600000000001
0.08000000000000007,1.8000000000000003,3.2464000000000013
0.1200000000000001,1.8000000000000003,3.2544000000000013
0.16000000000000014,1.8000000000000003,3.265600000000001
0.20000000000000018,1.8000000000000003,3.280000000000001
0.2400000000000002,1.8000000000000003,3.2976000000000014
0.28000000000000025,1.8000000000000003,3.3184000000000013
0.31999999999999984,1.8000000000000003,3.342400000000001
0.3599999999999999,1.8000000000000003,3.369600000000001
0.3999999999999999,1.8000000000000003,3.4000000000000012
0.43999999999999995,1.8000000000000003,3.433600000000001
0.48,1.8000000000000003,3.470400000000001
0.52,1.8000000000000003,3.510400000000001
0.56,1.8000000000000003,3.553600000000001
0.6000000000000001,1.8000000000000003,3.6000000000000014
0.6400000000000001,1.8000000000000003,3.6496000000000013
0.6800000000000002,1.8000000000000003,3.7024000000000012
0.7200000000000002,1.8000000000000003,3.7584000000000013
0.7600000000000002,1.8000000000000003,3.8176000000000014
0.8000000000000003,1.8000000000000003,3.8800000000000017
0.8399999999999999,1.8000000000000003,3.9456000000000007
0.8799999999999999,1.8000000000000003,4.014400000000001
0.9199999999999999,1.8000000000000003,4.086400000000001
0.96,1.8000000000000003,4.161600000000001
1.0,1.8000000000000003,4.240000000000001
1.04,1.8000000000000003,4.321600000000001
1.08,1.8000000000000003,4.406400000000001
1.12,1.8000000000000003,4.4944000000000015
1.1600000000000001,1.8000000000000003,4.585600000000001
1.2000000000000002,1.8000000000000003,4.6800000000000015
1.2400000000000002,1.8000000000000003,4.777600000000001
1.2800000000000002,1.8000000000000003,4.878400000000002
1.3200000000000003,1.8000000000000003,4.982400000000002
1.3599999999999999,1.8000000000000003,5.089600000000001
1.4,1.8000000000000003,5.200000000000001
1.44,1.8000000000000003,5.313600000000001
1.48,1.8000000000000003,5.430400000000001
1.52,1.8000000000000003,5.5504000000000016
1.56,1.8000000000000003,5.673600000000001
1.6,1.8000000000000003,5.800000000000002
1.6400000000000001,1.8000000000000003,5.9296000000000015
1.6800000000000002,1.8000000000000003,6.062400000000002
1.7200000000000002,1.8000000000000003,6.198400000000001
1.7600000000000002,1.8000000000000003,6.337600000000002
1.8000000000000003,1.8000000000000003,6.480000000000002
1.8399999999999999,1.8000000000000003,6.6256
1.88,1.8000000000000003,6.774400000000001
1.92,1.8000000000000003,6.926400000000001
1.96,1.8000000000000003,7.081600000000001
2.0,1.8000000000000003,7.240000000000001
-2.0,1.8399999999999999,7.385599999999999
-1.96,1.8399999999999999,7.227199999999999
-1.92,1.8399999999999999,7.071999999999999
-1.88,1.8399999999999999,6.919999999999999
-1.84,1.8399999999999999,6.771199999999999
-1.8,1.8399999999999999,6.6255999999999995
-1.76,1.8399999999999999,6.483199999999999
-1.72,1.8399999999999999,6.343999999999999
-1.68,1.8399999999999999,6.207999999999998
-1.6400000000000001,1.8399999999999999,6.0752
-1.6,1.8399999999999999,5.9456
-1.56,1.8399999999999999,5.8191999999999995
-1.52,1.8399999999999999,5.696
-1.48,1.8399999999999999,5.575999999999999
-1.44,1.8399999999999999,5.459199999999999
-1.4,1.8399999999999999,5.345599999999999
-1.3599999999999999,1.8399999999999999,5.235199999999999
-1.3199999999999998,1.8399999999999999,5.127999999999998
-1.28,1.8399999999999999,5.023999999999999
-1.24,1.8399999999999999,4.9232
-1.2,1.8399999999999999,4.8256
-1.1600000000000001,1.8399999999999999,4.731199999999999
-1.12,1.8399999999999999,4.64
-1.08,1.8399999999999999,4.552
-1.04,1.8399999999999999,4.467199999999999
-1.0,1.8399999999999999,4.385599999999999
-0.96,1.8399999999999999,4.307199999999999
-0.9199999999999999,1.8399999999999999,4.231999999999999
-0.8799999999999999,1.8399999999999999,4.159999999999999
-0.8400000000000001,1.8399999999999999,4.0912
-0.8,1.8399999999999999,4.025599999999999
-0.76,1.8399999999999999,3.963199999999999
-0.72,1.8399999999999999,3.903999999999999
-0.6799999999999999,1.8399999999999999,3.847999999999999
-0.6399999999999999,1.8399999999999999,3.795199999999999
-0.5999999999999999,1.8399999999999999,3.745599999999999
-0.56,1.8399999999999999,3.6991999999999994
-0.52,1.8399999999999999,3.6559999999999993
-0.48,1.8399999999999999,3.615999999999999
-0.43999999999999995,1.8399999999999999,3.5791999999999993
-0.3999999999999999,1.8399999999999999,3.5455999999999994
-0.3599999999999999,1.8399999999999999,3.515199999999999
-0.32000000000000006,1.8399999999999999,3.4879999999999995
-0.28,1.8399999999999999,3.463999999999999
-0.24,1.8399999999999999,3.443199999999999
-0.19999999999999996,1.8399999999999999,3.4255999999999993
-0.15999999999999992,1.8399999999999999,3.411199999999999
-0.11999999999999988,1.8399999999999999,3.3999999999999995
-0.08000000000000007,1.8399999999999999,3.3919999999999995
-0.040000000000000036,1.8399999999999999,3.387199999999999
0.0,1.8399999999999999,3.3855999999999993
0.040000000000000036,1.8399999999999999,3.387199999999999
0.08000000000000007,1.8399999999999999,3.3919999999999995
0.1200000000000001,1.8399999999999999,3.3999999999999995
0.16000000000000014,1.8399999999999999,3.411199999999999
0.20000000000000018,1.8399999999999999,3.4255999999999993
0.2400000000000002,1.8399999999999999,3.4431999999999996
0.28000000000000025,1.8399999999999999,3.4639999999999995
0.31999999999999984,1.8399999999999999,3.487999999999999
0.3599999999999999,1.8399999999999999,3.515199999999999
0.3999999999999999,1.8399999999999999,3.5455999999999994
0.43999999999999995,1.8399999999999999,3.5791999999999993
0.48,1.8399999999999999,3.615999999999999
0.52,1.8399999999999999,3.6559999999999993
0.56,1.8399999999999999,3.6991999999999994
0.6000000000000001,1.8399999999999999,3.7455999999999996
0.6400000000000001,1.8399999999999999,3.7951999999999995
0.6800000000000002,1.8399999999999999,3.8479999999999994
0.7200000000000002,1.8399999999999999,3.9039999999999995
0.7600000000000002,1.8399999999999999,3.9631999999999996
0.8000000000000003,1.8399999999999999,4.0256
0.8399999999999999,1.8399999999999999,4.091199999999999
0.8799999999999999,1.8399999999999999,4.159999999999999
0.9199999999999999,1.8399999999999999,4.231999999999999
0.96,1.8399999999999999,4.307199999999999
1.0,1.8399999999999999,4.385599999999999
1.04,1.8399999999999999,4.467199999999999
1.08,1.8399999999999999,4.552
1.12,1.8399999999999999,4.64
1.1600000000000001,1.8399999999999999,4.731199999999999
1.2000000000000002,1.8399999999999999,4.8256
1.2400000000000002,1.8399999999999999,4.9232
1.2800000000000002,1.8399999999999999,5.024
1.3200000000000003,1.8399999999999999,5.128
1.3599999999999999,1.8399999999999999,5.235199999999999
1.4,1.8399999999999999,5.345599999999999
1.44,1.8399999999999999,5.459199999999999
1.48,1.8399999999999999,5.575999999999999
1.52,1.8399999999999999,5.696
1.56,1.8399999999999999,5.8191999999999995
1.6,1.8399999999999999,5.9456
1.6400000000000001,1.8399999999999999,6.0752
1.6800000000000002,1.8399999999999999,6.208
1.7200000000000002,1.8399999999999999,6.343999999999999
1.7600000000000002,1.8399999999999999,6.4832
1.8000000000000003,1.8399999999999999,6.6256
1.8399999999999999,1.8399999999999999,6.7711999999999986
1.88,1.8399999999999999,6.919999999999999
1.92,1.8399999999999999,7.071999999999999
1.96,1.8399999999999999,7.227199999999999
2.0,1.8399999999999999,7.385599999999999
-2.0,1.88,7.5344
-1.96,1.88,7.3759999999999994
-1.92,1.88,7.2208
-1.88,1.88,7.0687999999999995
-1.84,1.88,6.92
-1.8,1.88,6.7744
-1.76,1.88,6.632
-1.72,1.88,6.492799999999999
-1.68,1.88,6.3568
-1.6400000000000001,1.88,6.224
-1.6,1.88,6.0944
-1.56,1.88,5.968
-1.52,1.88,5.844799999999999
-1.48,1.88,5.7248
-1.44,1.88,5.608
-1.4,1.88,5.4944
-1.3599999999999999,1.88,5.3839999999999995
-1.3199999999999998,1.88,5.2768
-1.28,1.88,5.1728
-1.24,1.88,5.072
-1.2,1.88,4.974399999999999
-1.1600000000000001,1.88,4.88
-1.12,1.88,4.7888
-1.08,1.88,4.7008
-1.04,1.88,4.616
-1.0,1.88,4.5344
-0.96,1.88,4.4559999999999995
-0.9199999999999999,1.88,4.3808
-0.8799999999999999,1.88,4.3088
-0.8400000000000001,1.88,4.24
-0.8,1.88,4.1744
-0.76,1.88,4.112
-0.72,1.88,4.0527999999999995
-0.6799999999999999,1.88,3.9967999999999995
-0.6399999999999999,1.88,3.9439999999999995
-0.5999999999999999,1.88,3.8943999999999996
-0.56,1.88,3.848
-0.52,1.88,3.8047999999999997
-0.48,1.88,3.7647999999999997
-0.43999999999999995,1.88,3.7279999999999998
-0.3999999999999999,1.88,3.6944
-0.3599999999999999,1.88,3.6639999999999997
-0.32000000000000006,1.88,3.6368
-0.28,1.88,3.6127999999999996
-0.24,1.88,3.5919999999999996
-0.19999999999999996,1.88,3.5744
-0.15999999999999992,1.88,3.5599999999999996
-0.11999999999999988,1.88,3.5488
-0.08000000000000007,1.88,3.5408
-0.040000000000000036,1.88,3.5359999999999996
0.0,1.88,3.5343999999999998
0.040000000000000036,1.88,3.5359999999999996
0.08000000000000007,1.88,3.5408
0.1200000000000001,1.88,3.5488
0.16000000000000014,1.88,3.5599999999999996
0.20000000000000018,1.88,3.5744
0.2400000000000002,1.88,3.592
0.28000000000000025,1.88,3.6128
0.31999999999999984,1.88,3.6367999999999996
0.3599999999999999,1.88,3.6639999999999997
0.3999999999999999,1.88,3.6944
0.43999999999999995,1.88,3.7279999999999998
0.48,1.88,3.7647999999999997
0.52,1.88,3.8047999999999997
0.56,1.88,3.848
0.6000000000000001,1.88,3.8944
0.6400000000000001,1.88,3.944
0.6800000000000002,1.88,3.9968
0.7200000000000002,1.88,4.0528
0.7600000000000002,1.88,4.112
0.8000000000000003,1.88,4.1744
0.8399999999999999,1.88,4.239999999999999
0.8799999999999999,1.88,4.3088
0.9199999999999999,1.88,4.3808
0.96,1.88,4.4559999999999995
1.0,1.88,4.5344
1.04,1.88,4.616
1.08,1.88,4.7008
1.12,1.88,4.7888
1.1600000000000001,1.88,4.88
1.2000000000000002,1.88,4.9744
1.2400000000000002,1.88,5.072
1.2800000000000002,1.88,5.1728000000000005
1.3200000000000003,1.88,5.276800000000001
1.3599999999999999,1.88,5.3839999999999995
1.4,1.88,5.4944
1.44,1.88,5.608
1.48,1.88,5.7248
1.52,1.88,5.844799999999999
1.56,1.88,5.968
1.6,1.88,6.0944
1.6400000000000001,1.88,6.224
1.6800000000000002,1.88,6.3568
1.7200000000000002,1.88,6.492800000000001
1.7600000000000002,1.88,6.632000000000001
1.8000000000000003,1.88,6.774400000000001
1.8399999999999999,1.88,6.919999999999999
1.88,1.88,7.0687999999999995
1.92,1.88,7.2208
1.96,1.88,7.3759999999999994
2.0,1.88,7.5344
-2.0,1.92,7.6864
-1.96,1.92,7.528
-1.92,1.92,7.3728
-1.88,1.92,7.2208
-1.84,1.92,7.072
-1.8,1.92,6.9264
-1.76,1.92,6.784
-1.72,1.92,6.6448
-1.68,1.92,6.508799999999999
-1.6400000000000001,1.92,6.376
-1.6,1.92,6.2464
-1.56,1.92,6.12
-1.52,1.92,5.9968
-1.48,1.92,5.876799999999999
-1.44,1.92,5.76
-1.4,1.92,5.6464
-1.3599999999999999,1.92,5.536
-1.3199999999999998,1.92,5.428799999999999
-1.28,1.92,5.3248
-1.24,1.92,5.224
-1.2,1.92,5.1264
-1.1600000000000001,1.92,5.032
-1.12,1.92,4.9408
-1.08,1.92,4.8528
-1.04,1.92,4.768
-1.0,1.92,4.6864
-0.96,1.92,4.608
-0.9199999999999999,1.92,4.5328
-0.8799999999999999,1.92,4.4608
-0.8400000000000001,1.92,4.392
-0.8,1.92,4.3264
-0.76,1.92,4.264
-0.72,1.92,4.2048
-0.6799999999999999,1.92,4.1488
-0.6399999999999999,1.92,4.096
-0.5999999999999999,1.92,4.046399999999999
-0.56,1.92,4.0
-0.52,1.92,3.9568
-0.48,1.92,3.9168
-0.43999999999999995,1.92,3.88
-0.3999999999999999,1.92,3.8464
-0.3599999999999999,1.92,3.816
-0.32000000000000006,1.92,3.7888
-0.28,1.92,3.7647999999999997
-0.24,1.92,3.7439999999999998
-0.19999999999999996,1.92,3.7264
-0.15999999999999992,1.92,3.7119999999999997
-0.11999999999999988,1.92,3.7008
-0.08000000000000007,1.92,3.6928
-0.040000000000000036,1.92,3.6879999999999997
0.0,1.92,3.6864
0.040000000000000036,1.92,3.6879999999999997
0.08000000000000007,1.92,3.6928
0.1200000000000001,1.92,3.7008
0.16000000000000014,1.92,3.7119999999999997
0.20000000000000018,1.92,3.7264
0.2400000000000002,1.92,3.744
0.28000000000000025,1.92,3.7648
0.31999999999999984,1.92,3.7887999999999997
0.3599999999999999,1.92,3.816
0.3999999999999999,1.92,3.8464
0.43999999999999995,1.92,3.88
0.48,1.92,3.9168
0.52,1.92,3.9568
0.56,1.92,4.0
0.6000000000000001,1.92,4.0464
0.6400000000000001,1.92,4.096
0.6800000000000002,1.92,4.1488000000000005
0.7200000000000002,1.92,4.2048000000000005
0.7600000000000002,1.92,4.264
0.8000000000000003,1.92,4.3264000000000005
0.8399999999999999,1.92,4.3919999999999995
0.8799999999999999,1.92,4.4608
0.9199999999999999,1.92,4.5328
0.96,1.92,4.608
1.0,1.92,4.6864
1.04,1.92,4.768
1.08,1.92,4.8528
1.12,1.92,4.9408
1.1600000000000001,1.92,5.032
1.2000000000000002,1.92,5.1264
1.2400000000000002,1.92,5.224
1.2800000000000002,1.92,5.324800000000001
1.3200000000000003,1.92,5.428800000000001
1.3599999999999999,1.92,5.536
1.4,1.92,5.6464
1.44,1.92,5.76
1.48,1.92,5.876799999999999
1.52,1.92,5.9968
1.56,1.92,6.12
1.6,1.92,6.2464
1.6400000000000001,1.92,6.376
1.6800000000000002,1.92,6.508800000000001
1.7200000000000002,1.92,6.6448
1.7600000000000002,1.92,6.784000000000001
1.8000000000000003,1.92,6.926400000000001
1.8399999999999999,1.92,7.071999999999999
1.88,1.92,7.2208
1.92,1.92,7.3728
1.96,1.92,7.528
2.0,1.92,7.6864
-2.0,1.96,7.8416
-1.96,1.96,7.683199999999999
-1.92,1.96,7.528
-1.88,1.96,7.3759999999999994
-1.84,1.96,7.2272
-1.8,1.96,7.0816
-1.76,1.96,6.9392
-1.72,1.96,6.799999999999999
-1.68,1.96,6.664
-1.6400000000000001,1.96,6.5312
-1.6,1.96,6.4016
-1.56,1.96,6.2752
-1.52,1.96,6.151999999999999
-1.48,1.96,6.032
-1.44,1.96,5.9152
-1.4,1.96,5.8016
-1.3599999999999999,1.96,5.691199999999999
-1.3199999999999998,1.96,5.584
-1.28,1.96,5.4799999999999995
-1.24,1.96,5.3792
-1.2,1.96,5.281599999999999
-1.1600000000000001,1.96,5.1872
-1.12,1.96,5.096
-1.08,1.96,5.008
-1.04,1.96,4.9232
-1.0,1.96,4.8416
-0.96,1.96,4.763199999999999
-0.9199999999999999,1.96,4.688
-0.8799999999999999,1.96,4.616
-0.8400000000000001,1.96,4.5472
-0.8,1.96,4.4816
-0.76,1.96,4.4192
-0.72,1.96,4.359999999999999
-0.6799999999999999,1.96,4.303999999999999
-0.6399999999999999,1.96,4.2512
-0.5999999999999999,1.96,4.201599999999999
-0.56,1.96,4.1552
-0.52,1.96,4.112
-0.48,1.96,4.072
-0.43999999999999995,1.96,4.0352
-0.3999999999999999,1.96,4.0016
-0.3599999999999999,1.96,3.9711999999999996
-0.32000000000000006,1.96,3.944
-0.28,1.96,3.9199999999999995
-0.24,1.96,3.8991999999999996
-0.19999999999999996,1.96,3.8815999999999997
-0.15999999999999992,1.96,3.8671999999999995
-0.11999999999999988,1.96,3.856
-0.08000000000000007,1.96,3.848
-0.040000000000000036,1.96,3.8431999999999995
0.0,1.96,3.8415999999999997
0.040000000000000036,1.96,3.8431999999999995
0.08000000000000007,1.96,3.848
0.1200000000000001,1.96,3.856
0.16000000000000014,1.96,3.8671999999999995
0.20000000000000018,1.96,3.8815999999999997
0.2400000000000002,1.96,3.8992
0.28000000000000025,1.96,3.92
0.31999999999999984,1.96,3.9439999999999995
0.3599999999999999,1.96,3.9711999999999996
0.3999999999999999,1.96,4.0016
0.43999999999999995,1.96,4.0352
0.48,1.96,4.072
0.52,1.96,4.112
0.56,1.96,4.1552
0.6000000000000001,1.96,4.2016
0.6400000000000001,1.96,4.2512
0.6800000000000002,1.96,4.304
0.7200000000000002,1.96,4.36
0.7600000000000002,1.96,4.4192
0.8000000000000003,1.96,4.4816
0.8399999999999999,1.96,4.547199999999999
0.8799999999999999,1.96,4.616
0.9199999999999999,1.96,4.688
0.96,1.96,4.763199999999999
1.0,1.96,4.8416
1.04,1.96,4.9232
1.08,1.96,5.008
1.12,1.96,5.096
1.1600000000000001,1.96,5.1872
1.2000000000000002,1.96,5.2816
1.2400000000000002,1.96,5.3792
1.2800000000000002,1.96,5.48
1.3200000000000003,1.96,5.5840000000000005
1.3599999999999999,1.96,5.691199999999999
1.4,1.96,5.8016
1.44,1.96,5.9152
1.48,1.96,6.032
1.52,1.96,6.151999999999999
1.56,1.96,6.2752
1.6,1.96,6.4016
1.6400000000000001,1.96,6.5312
1.6800000000000002,1.96,6.664
1.7200000000000002,1.96,6.800000000000001
1.7600000000000002,1.96,6.9392000000000005
1.8000000000000003,1.96,7.081600000000001
1.8399999999999999,1.96,7.227199999999999
1.88,1.96,7.3759999999999994
1.92,1.96,7.528
1.96,1.96,7.683199999999999
2.0,1.96,7.8416
-2.0,2.0,8.0
-1.96,2.0,7.8416
-1.92,2.0,7.6864
-1.88,2.0,7.5344
-1.84,2.0,7.3856
-1.8,2.0,7.24
-1.76,2.0,7.0976
-1.72,2.0,6.958399999999999
-1.68,2.0,6.8224
-1.6400000000000001,2.0,6.6896
-1.6,2.0,6.5600000000000005
-1.56,2.0,6.4336
-1.52,2.0,6.3104
-1.48,2.0,6.1904
-1.44,2.0,6.0736
-1.4,2.0,5.96
-1.3599999999999999,2.0,5.8496
-1.3199999999999998,2.0,5.7424
-1.28,2.0,5.6384
-1.24,2.0,5.5376
-1.2,2.0,5.4399999999999995
-1.1600000000000001,2.0,5.3456
-1.12,2.0,5.2544
-1.08,2.0,5.1664
-1.04,2.0,5.0816
-1.0,2.0,5.0
-0.96,2.0,4.9216
-0.9199999999999999,2.0,4.8464
-0.8799999999999999,2.0,4.7744
-0.8400000000000001,2.0,4.7056000000000004
-0.8,2.0,4.640000000000001
-0.76,2.0,4.5776
-0.72,2.0,4.5184
-0.6799999999999999,2.0,4.4624
-0.6399999999999999,2.0,4.4096
-0.5999999999999999,2.0,4.359999999999999
-0.56,2.0,4.3136
-0.52,2.0,4.2704
-0.48,2.0,4.2304
-0.43999999999999995,2.0,4.1936
-0.3999999999999999,2.0,4.16
-0.3599999999999999,2.0,4.1296
-0.32000000000000006,2.0,4.1024
-0.28,2.0,4.0784
-0.24,2.0,4.0576
-0.19999999999999996,2.0,4.04
-0.15999999999999992,2.0,4.0256
-0.11999999999999988,2.0,4.0144
-0.08000000000000007,2.0,4.0064
-0.040000000000000036,2.0,4.0016
0.0,2.0,4.0
0.040000000000000036,2.0,4.0016
0.08000000000000007,2.0,4.0064
0.1200000000000001,2.0,4.0144
0.16000000000000014,2.0,4.0256
0.20000000000000018,2.0,4.04
0.2400000000000002,2.0,4.0576
0.28000000000000025,2.0,4.0784
0.31999999999999984,2.0,4.1024
0.3599999999999999,2.0,4.1296
0.3999999999999999,2.0,4.16
0.43999999999999995,2.0,4.1936
0.48,2.0,4.2304
0.52,2.0,4.2704
0.56,2.0,4.3136
0.6000000000000001,2.0,4.36
0.6400000000000001,2.0,4.4096
0.6800000000000002,2.0,4.462400000000001
0.7200000000000002,2.0,4.518400000000001
0.7600000000000002,2.0,4.5776
0.8000000000000003,2.0,4.640000000000001
0.8399999999999999,2.0,4.7056
0.8799999999999999,2.0,4.7744
0.9199999999999999,2.0,4.8464
0.96,2.0,4.9216
1.0,2.0,5.0
1.04,2.0,5.0816
1.08,2.0,5.1664
1.12,2.0,5.2544
1.1600000000000001,2.0,5.3456
1.2000000000000002,2.0,5.44
1.2400000000000002,2.0,5.5376
1.2800000000000002,2.0,5.638400000000001
1.3200000000000003,2.0,5.742400000000001
1.3599999999999999,2.0,5.8496
1.4,2.0,5.96
1.44,2.0,6.0736
1.48,2.0,6.1904
1.52,2.0,6.3104
1.56,2.0,6.4336
1.6,2.0,6.5600000000000005
1.6400000000000001,2.0,6.6896
1.6800000000000002,2.0,6.8224
1.7200000000000002,2.0,6.958400000000001
1.7600000000000002,2.0,7.097600000000001
1.8000000000000003,2.0,7.240000000000001
1.8399999999999999,2.0,7.385599999999999
1.88,2.0,7.5344
1.92,2.0,7.6864
1.96,2.0,7.8416
2.0,2.0,8.0
